1	{'task_type': 'regular', 'locomotive': 22550, 'train_section': 23515, 'section': 22413, 'departure_time': 1536676320, 'arrival_time': 1536680160}
2	{'task_type': 'regular', 'locomotive': 22550, 'train_section': 23035, 'section': 22251, 'departure_time': 1536726540, 'arrival_time': 1536730260}
3	{'task_type': 'deadhead', 'locomotive': 22550, 'first_train_section': 23035, 'first_section': 22251, 'first_departure_time': 1536726540, 'first_arrival_time': 1536730260, 'second_train_section': 23097, 'second_section': 22338, 'second_departure_time': 1536762240, 'second_arrival_time': 1536774360}
4	{'task_type': 'regular', 'locomotive': 22550, 'train_section': 23097, 'section': 22338, 'departure_time': 1536762240, 'arrival_time': 1536774360}
5	{'task_type': 'deadhead', 'locomotive': 22550, 'first_train_section': 23097, 'first_section': 22338, 'first_departure_time': 1536762240, 'first_arrival_time': 1536774360, 'second_train_section': 23858, 'second_section': 22431, 'second_departure_time': 1536775380, 'second_arrival_time': 1536779340}
6	{'task_type': 'regular', 'locomotive': 22550, 'train_section': 23858, 'section': 22431, 'departure_time': 1536775380, 'arrival_time': 1536779340}
7	{'task_type': 'regular', 'locomotive': 22550, 'train_section': 22653, 'section': 22496, 'departure_time': 1536780540, 'arrival_time': 1536784860}
8	{'task_type': 'deadhead', 'locomotive': 22550, 'first_train_section': 22653, 'first_section': 22496, 'first_departure_time': 1536780540, 'first_arrival_time': 1536784860, 'second_train_section': 23109, 'second_section': 22385, 'second_departure_time': 1536786540, 'second_arrival_time': 1536787440}
9	{'task_type': 'regular', 'locomotive': 22550, 'train_section': 23109, 'section': 22385, 'departure_time': 1536786540, 'arrival_time': 1536787440}
10	{'task_type': 'deadhead', 'locomotive': 22550, 'first_train_section': 23109, 'first_section': 22385, 'first_departure_time': 1536786540, 'first_arrival_time': 1536787440, 'second_train_section': 24519, 'second_section': 22431, 'second_departure_time': 1536790740, 'second_arrival_time': 1536794940}
11	{'task_type': 'regular', 'locomotive': 22550, 'train_section': 24519, 'section': 22431, 'departure_time': 1536790740, 'arrival_time': 1536794940}
12	{'task_type': 'regular', 'locomotive': 22550, 'train_section': 24521, 'section': 22495, 'departure_time': 1536795840, 'arrival_time': 1536798720}
13	{'task_type': 'regular', 'locomotive': 22550, 'train_section': 24523, 'section': 22309, 'departure_time': 1536799380, 'arrival_time': 1536804000}
14	{'task_type': 'deadhead', 'locomotive': 22550, 'first_train_section': 24523, 'first_section': 22309, 'first_departure_time': 1536799380, 'first_arrival_time': 1536804000, 'second_train_section': 24431, 'second_section': 22249, 'second_departure_time': 1536831360, 'second_arrival_time': 1536838800}
15	{'task_type': 'regular', 'locomotive': 22550, 'train_section': 24431, 'section': 22249, 'departure_time': 1536831360, 'arrival_time': 1536838800}
16	{'task_type': 'deadhead', 'locomotive': 22550, 'first_train_section': 24431, 'first_section': 22249, 'first_departure_time': 1536831360, 'first_arrival_time': 1536838800, 'second_train_section': 24019, 'second_section': 22479, 'second_departure_time': 1536844560, 'second_arrival_time': 1536846180}
17	{'task_type': 'regular', 'locomotive': 22550, 'train_section': 24019, 'section': 22479, 'departure_time': 1536844560, 'arrival_time': 1536846180}
18	{'task_type': 'regular', 'locomotive': 22550, 'train_section': 24032, 'section': 22261, 'departure_time': 1536867900, 'arrival_time': 1536869460}
19	{'task_type': 'deadhead', 'locomotive': 22550, 'first_train_section': 24032, 'first_section': 22261, 'first_departure_time': 1536867900, 'first_arrival_time': 1536869460, 'second_train_section': 24673, 'second_section': 22495, 'second_departure_time': 1536882240, 'second_arrival_time': 1536885120}
20	{'task_type': 'regular', 'locomotive': 22550, 'train_section': 24673, 'section': 22495, 'departure_time': 1536882240, 'arrival_time': 1536885120}
21	{'task_type': 'regular', 'locomotive': 22550, 'train_section': 24675, 'section': 22309, 'departure_time': 1536885780, 'arrival_time': 1536890400}
22	{'task_type': 'regular', 'locomotive': 22550, 'train_section': 24598, 'section': 22506, 'departure_time': 1536906840, 'arrival_time': 1536907620}
23	{'task_type': 'deadhead', 'locomotive': 22550, 'first_train_section': 24598, 'first_section': 22506, 'first_departure_time': 1536906840, 'first_arrival_time': 1536907620, 'second_train_section': 23325, 'second_section': 22362, 'second_departure_time': 1536922860, 'second_arrival_time': 1536925500}
24	{'task_type': 'regular', 'locomotive': 22550, 'train_section': 23325, 'section': 22362, 'departure_time': 1536922860, 'arrival_time': 1536925500}
25	{'task_type': 'deadhead', 'locomotive': 22550, 'first_train_section': 23325, 'first_section': 22362, 'first_departure_time': 1536922860, 'first_arrival_time': 1536925500, 'second_train_section': 23674, 'second_section': 22499, 'second_departure_time': 1536932700, 'second_arrival_time': 1536937860}
26	{'task_type': 'regular', 'locomotive': 22550, 'train_section': 23674, 'section': 22499, 'departure_time': 1536932700, 'arrival_time': 1536937860}
27	{'task_type': 'regular', 'locomotive': 22550, 'train_section': 23677, 'section': 22347, 'departure_time': 1536938340, 'arrival_time': 1536943680}
28	{'task_type': 'regular', 'locomotive': 22550, 'train_section': 23679, 'section': 22471, 'departure_time': 1536944220, 'arrival_time': 1536947040}
29	{'task_type': 'regular', 'locomotive': 22550, 'train_section': 22837, 'section': 22332, 'departure_time': 1536957000, 'arrival_time': 1536961140}
30	{'task_type': 'deadhead', 'locomotive': 22550, 'first_train_section': 22837, 'first_section': 22332, 'first_departure_time': 1536957000, 'first_arrival_time': 1536961140, 'second_train_section': 23682, 'second_section': 22256, 'second_departure_time': 1536986520, 'second_arrival_time': 1536989460}
31	{'task_type': 'regular', 'locomotive': 22550, 'train_section': 23682, 'section': 22256, 'departure_time': 1536986520, 'arrival_time': 1536989460}
32	{'task_type': 'deadhead', 'locomotive': 22550, 'first_train_section': 23682, 'first_section': 22256, 'first_departure_time': 1536986520, 'first_arrival_time': 1536989460, 'second_train_section': 24016, 'second_section': 22447, 'second_departure_time': 1536994380, 'second_arrival_time': 1536997440}
33	{'task_type': 'regular', 'locomotive': 22550, 'train_section': 24016, 'section': 22447, 'departure_time': 1536994380, 'arrival_time': 1536997440}
34	{'task_type': 'deadhead', 'locomotive': 22550, 'first_train_section': 24016, 'first_section': 22447, 'first_departure_time': 1536994380, 'first_arrival_time': 1536997440, 'second_train_section': 23607, 'second_section': 22313, 'second_departure_time': 1537008480, 'second_arrival_time': 1537013400}
35	{'task_type': 'regular', 'locomotive': 22550, 'train_section': 23607, 'section': 22313, 'departure_time': 1537008480, 'arrival_time': 1537013400}
36	{'task_type': 'regular', 'locomotive': 22550, 'train_section': 23354, 'section': 22279, 'departure_time': 1537095000, 'arrival_time': 1537100580}
37	{'task_type': 'regular', 'locomotive': 22550, 'train_section': 23126, 'section': 22313, 'departure_time': 1537105020, 'arrival_time': 1537110480}
38	{'task_type': 'regular', 'locomotive': 22554, 'train_section': 22728, 'section': 22400, 'departure_time': 1536670200, 'arrival_time': 1536673620}
39	{'task_type': 'regular', 'locomotive': 22554, 'train_section': 24489, 'section': 22383, 'departure_time': 1536750720, 'arrival_time': 1536754140}
40	{'task_type': 'regular', 'locomotive': 22554, 'train_section': 23539, 'section': 22396, 'departure_time': 1536756960, 'arrival_time': 1536758820}
41	{'task_type': 'regular', 'locomotive': 22554, 'train_section': 23883, 'section': 22318, 'departure_time': 1536759300, 'arrival_time': 1536763800}
42	{'task_type': 'deadhead', 'locomotive': 22554, 'first_train_section': 23883, 'first_section': 22318, 'first_departure_time': 1536759300, 'first_arrival_time': 1536763800, 'second_train_section': 23967, 'second_section': 22398, 'second_departure_time': 1536787200, 'second_arrival_time': 1536793080}
43	{'task_type': 'regular', 'locomotive': 22554, 'train_section': 23967, 'section': 22398, 'departure_time': 1536787200, 'arrival_time': 1536793080}
44	{'task_type': 'deadhead', 'locomotive': 22554, 'first_train_section': 23967, 'first_section': 22398, 'first_departure_time': 1536787200, 'first_arrival_time': 1536793080, 'second_train_section': 23334, 'second_section': 22273, 'second_departure_time': 1536809040, 'second_arrival_time': 1536814560}
45	{'task_type': 'regular', 'locomotive': 22554, 'train_section': 23334, 'section': 22273, 'departure_time': 1536809040, 'arrival_time': 1536814560}
46	{'task_type': 'regular', 'locomotive': 22554, 'train_section': 23336, 'section': 22393, 'departure_time': 1536814740, 'arrival_time': 1536816480}
47	{'task_type': 'regular', 'locomotive': 22554, 'train_section': 23252, 'section': 22242, 'departure_time': 1536844860, 'arrival_time': 1536847620}
48	{'task_type': 'deadhead', 'locomotive': 22554, 'first_train_section': 23252, 'first_section': 22242, 'first_departure_time': 1536844860, 'first_arrival_time': 1536847620, 'second_train_section': 22695, 'second_section': 22394, 'second_departure_time': 1536850320, 'second_arrival_time': 1536854760}
49	{'task_type': 'regular', 'locomotive': 22554, 'train_section': 22695, 'section': 22394, 'departure_time': 1536850320, 'arrival_time': 1536854760}
50	{'task_type': 'deadhead', 'locomotive': 22554, 'first_train_section': 22695, 'first_section': 22394, 'first_departure_time': 1536850320, 'first_arrival_time': 1536854760, 'second_train_section': 23283, 'second_section': 22365, 'second_departure_time': 1536863820, 'second_arrival_time': 1536867360}
51	{'task_type': 'regular', 'locomotive': 22554, 'train_section': 23283, 'section': 22365, 'departure_time': 1536863820, 'arrival_time': 1536867360}
52	{'task_type': 'regular', 'locomotive': 22554, 'train_section': 23623, 'section': 22273, 'departure_time': 1536895440, 'arrival_time': 1536900960}
53	{'task_type': 'regular', 'locomotive': 22554, 'train_section': 23625, 'section': 22393, 'departure_time': 1536901140, 'arrival_time': 1536902880}
54	{'task_type': 'deadhead', 'locomotive': 22554, 'first_train_section': 23625, 'first_section': 22393, 'first_departure_time': 1536901140, 'first_arrival_time': 1536902880, 'second_train_section': 23602, 'second_section': 22404, 'second_departure_time': 1536920400, 'second_arrival_time': 1536929160}
55	{'task_type': 'regular', 'locomotive': 22554, 'train_section': 23602, 'section': 22404, 'departure_time': 1536920400, 'arrival_time': 1536929160}
56	{'task_type': 'regular', 'locomotive': 22554, 'train_section': 23604, 'section': 22248, 'departure_time': 1536929760, 'arrival_time': 1536932400}
57	{'task_type': 'deadhead', 'locomotive': 22554, 'first_train_section': 23604, 'first_section': 22248, 'first_departure_time': 1536929760, 'first_arrival_time': 1536932400, 'second_train_section': 23010, 'second_section': 22500, 'second_departure_time': 1536946680, 'second_arrival_time': 1536949800}
58	{'task_type': 'regular', 'locomotive': 22554, 'train_section': 23010, 'section': 22500, 'departure_time': 1536946680, 'arrival_time': 1536949800}
59	{'task_type': 'regular', 'locomotive': 22554, 'train_section': 23263, 'section': 22356, 'departure_time': 1536956160, 'arrival_time': 1536964200}
60	{'task_type': 'deadhead', 'locomotive': 22554, 'first_train_section': 23263, 'first_section': 22356, 'first_departure_time': 1536956160, 'first_arrival_time': 1536964200, 'second_train_section': 22870, 'second_section': 22372, 'second_departure_time': 1536977340, 'second_arrival_time': 1536981300}
61	{'task_type': 'regular', 'locomotive': 22554, 'train_section': 22870, 'section': 22372, 'departure_time': 1536977340, 'arrival_time': 1536981300}
62	{'task_type': 'deadhead', 'locomotive': 22554, 'first_train_section': 22870, 'first_section': 22372, 'first_departure_time': 1536977340, 'first_arrival_time': 1536981300, 'second_train_section': 23408, 'second_section': 22357, 'second_departure_time': 1536988560, 'second_arrival_time': 1536992040}
63	{'task_type': 'regular', 'locomotive': 22554, 'train_section': 23408, 'section': 22357, 'departure_time': 1536988560, 'arrival_time': 1536992040}
64	{'task_type': 'regular', 'locomotive': 22555, 'train_section': 22717, 'section': 22499, 'departure_time': 1536673500, 'arrival_time': 1536678660}
65	{'task_type': 'regular', 'locomotive': 22555, 'train_section': 22720, 'section': 22347, 'departure_time': 1536679140, 'arrival_time': 1536684480}
66	{'task_type': 'regular', 'locomotive': 22555, 'train_section': 24029, 'section': 22239, 'departure_time': 1536723420, 'arrival_time': 1536723660}
67	{'task_type': 'deadhead', 'locomotive': 22555, 'first_train_section': 24029, 'first_section': 22239, 'first_departure_time': 1536723420, 'first_arrival_time': 1536723660, 'second_train_section': 24455, 'second_section': 22310, 'second_departure_time': 1536733560, 'second_arrival_time': 1536735300}
68	{'task_type': 'regular', 'locomotive': 22555, 'train_section': 24455, 'section': 22310, 'departure_time': 1536733560, 'arrival_time': 1536735300}
69	{'task_type': 'deadhead', 'locomotive': 22555, 'first_train_section': 24455, 'first_section': 22310, 'first_departure_time': 1536733560, 'first_arrival_time': 1536735300, 'second_train_section': 24426, 'second_section': 22292, 'second_departure_time': 1536744000, 'second_arrival_time': 1536748080}
70	{'task_type': 'regular', 'locomotive': 22555, 'train_section': 24426, 'section': 22292, 'departure_time': 1536744000, 'arrival_time': 1536748080}
71	{'task_type': 'deadhead', 'locomotive': 22555, 'first_train_section': 24426, 'first_section': 22292, 'first_departure_time': 1536744000, 'first_arrival_time': 1536748080, 'second_train_section': 22969, 'second_section': 22389, 'second_departure_time': 1536759000, 'second_arrival_time': 1536765720}
72	{'task_type': 'regular', 'locomotive': 22555, 'train_section': 22969, 'section': 22389, 'departure_time': 1536759000, 'arrival_time': 1536765720}
73	{'task_type': 'deadhead', 'locomotive': 22555, 'first_train_section': 22969, 'first_section': 22389, 'first_departure_time': 1536759000, 'first_arrival_time': 1536765720, 'second_train_section': 24402, 'second_section': 22284, 'second_departure_time': 1536771120, 'second_arrival_time': 1536774780}
74	{'task_type': 'regular', 'locomotive': 22555, 'train_section': 24402, 'section': 22284, 'departure_time': 1536771120, 'arrival_time': 1536774780}
75	{'task_type': 'regular', 'locomotive': 22555, 'train_section': 24467, 'section': 22463, 'departure_time': 1536811980, 'arrival_time': 1536820860}
76	{'task_type': 'regular', 'locomotive': 22555, 'train_section': 23120, 'section': 22314, 'departure_time': 1536824040, 'arrival_time': 1536826740}
77	{'task_type': 'deadhead', 'locomotive': 22555, 'first_train_section': 23120, 'first_section': 22314, 'first_departure_time': 1536824040, 'first_arrival_time': 1536826740, 'second_train_section': 23304, 'second_section': 22285, 'second_departure_time': 1536840120, 'second_arrival_time': 1536849240}
78	{'task_type': 'regular', 'locomotive': 22555, 'train_section': 23304, 'section': 22285, 'departure_time': 1536840120, 'arrival_time': 1536849240}
79	{'task_type': 'deadhead', 'locomotive': 22555, 'first_train_section': 23304, 'first_section': 22285, 'first_departure_time': 1536840120, 'first_arrival_time': 1536849240, 'second_train_section': 24302, 'second_section': 22438, 'second_departure_time': 1536896520, 'second_arrival_time': 1536907860}
80	{'task_type': 'regular', 'locomotive': 22555, 'train_section': 24302, 'section': 22438, 'departure_time': 1536896520, 'arrival_time': 1536907860}
81	{'task_type': 'regular', 'locomotive': 22555, 'train_section': 23729, 'section': 22331, 'departure_time': 1536908880, 'arrival_time': 1536919680}
82	{'task_type': 'regular', 'locomotive': 22555, 'train_section': 23084, 'section': 22320, 'departure_time': 1537002300, 'arrival_time': 1537008660}
83	{'task_type': 'regular', 'locomotive': 22555, 'train_section': 24216, 'section': 22329, 'departure_time': 1537009080, 'arrival_time': 1537010520}
84	{'task_type': 'regular', 'locomotive': 22555, 'train_section': 24047, 'section': 22387, 'departure_time': 1537018680, 'arrival_time': 1537020120}
85	{'task_type': 'regular', 'locomotive': 22555, 'train_section': 24010, 'section': 22330, 'departure_time': 1537054800, 'arrival_time': 1537063020}
86	{'task_type': 'regular', 'locomotive': 22556, 'train_section': 23642, 'section': 22331, 'departure_time': 1536671280, 'arrival_time': 1536682080}
87	{'task_type': 'deadhead', 'locomotive': 22556, 'first_train_section': 23642, 'first_section': 22331, 'first_departure_time': 1536671280, 'first_arrival_time': 1536682080, 'second_train_section': 23142, 'second_section': 22235, 'second_departure_time': 1536721140, 'second_arrival_time': 1536721620}
88	{'task_type': 'regular', 'locomotive': 22556, 'train_section': 23142, 'section': 22235, 'departure_time': 1536721140, 'arrival_time': 1536721620}
89	{'task_type': 'deadhead', 'locomotive': 22556, 'first_train_section': 23142, 'first_section': 22235, 'first_departure_time': 1536721140, 'first_arrival_time': 1536721620, 'second_train_section': 22961, 'second_section': 22233, 'second_departure_time': 1536819660, 'second_arrival_time': 1536835140}
90	{'task_type': 'regular', 'locomotive': 22556, 'train_section': 22961, 'section': 22233, 'departure_time': 1536819660, 'arrival_time': 1536835140}
91	{'task_type': 'regular', 'locomotive': 22556, 'train_section': 22963, 'section': 22351, 'departure_time': 1536835680, 'arrival_time': 1536840840}
92	{'task_type': 'regular', 'locomotive': 22556, 'train_section': 23357, 'section': 22499, 'departure_time': 1536846300, 'arrival_time': 1536851460}
93	{'task_type': 'regular', 'locomotive': 22556, 'train_section': 24118, 'section': 22342, 'departure_time': 1536851940, 'arrival_time': 1536857220}
94	{'task_type': 'regular', 'locomotive': 22556, 'train_section': 24087, 'section': 22277, 'departure_time': 1536860100, 'arrival_time': 1536863580}
95	{'task_type': 'deadhead', 'locomotive': 22556, 'first_train_section': 23024, 'first_section': 22237, 'first_departure_time': 1536863580, 'first_arrival_time': 1536875940, 'second_train_section': 23562, 'second_section': 22256, 'second_departure_time': 1536900120, 'second_arrival_time': 1536903060}
96	{'task_type': 'regular', 'locomotive': 22556, 'train_section': 23562, 'section': 22256, 'departure_time': 1536900120, 'arrival_time': 1536903060}
97	{'task_type': 'deadhead', 'locomotive': 22556, 'first_train_section': 23562, 'first_section': 22256, 'first_departure_time': 1536900120, 'first_arrival_time': 1536903060, 'second_train_section': 23651, 'second_section': 22314, 'second_departure_time': 1536910440, 'second_arrival_time': 1536913140}
98	{'task_type': 'regular', 'locomotive': 22556, 'train_section': 23651, 'section': 22314, 'departure_time': 1536910440, 'arrival_time': 1536913140}
99	{'task_type': 'deadhead', 'locomotive': 22556, 'first_train_section': 23651, 'first_section': 22314, 'first_departure_time': 1536910440, 'first_arrival_time': 1536913140, 'second_train_section': 23273, 'second_section': 22313, 'second_departure_time': 1536922080, 'second_arrival_time': 1536927000}
100	{'task_type': 'regular', 'locomotive': 22556, 'train_section': 23273, 'section': 22313, 'departure_time': 1536922080, 'arrival_time': 1536927000}
101	{'task_type': 'regular', 'locomotive': 22556, 'train_section': 24690, 'section': 22278, 'departure_time': 1536929880, 'arrival_time': 1536936480}
102	{'task_type': 'deadhead', 'locomotive': 22556, 'first_train_section': 24690, 'first_section': 22278, 'first_departure_time': 1536929880, 'first_arrival_time': 1536936480, 'second_train_section': 22625, 'second_section': 22342, 'second_departure_time': 1536938340, 'second_arrival_time': 1536943620}
103	{'task_type': 'regular', 'locomotive': 22556, 'train_section': 22625, 'section': 22342, 'departure_time': 1536938340, 'arrival_time': 1536943620}
104	{'task_type': 'deadhead', 'locomotive': 22556, 'first_train_section': 22625, 'first_section': 22342, 'first_departure_time': 1536938340, 'first_arrival_time': 1536943620, 'second_train_section': 22853, 'second_section': 22448, 'second_departure_time': 1536969360, 'second_arrival_time': 1536970620}
105	{'task_type': 'regular', 'locomotive': 22556, 'train_section': 22853, 'section': 22448, 'departure_time': 1536969360, 'arrival_time': 1536970620}
106	{'task_type': 'regular', 'locomotive': 22556, 'train_section': 22855, 'section': 22284, 'departure_time': 1536970980, 'arrival_time': 1536975900}
107	{'task_type': 'deadhead', 'locomotive': 22556, 'first_train_section': 22855, 'first_section': 22284, 'first_departure_time': 1536970980, 'first_arrival_time': 1536975900, 'second_train_section': 24081, 'second_section': 22279, 'second_departure_time': 1536989760, 'second_arrival_time': 1536995220}
108	{'task_type': 'regular', 'locomotive': 22556, 'train_section': 24081, 'section': 22279, 'departure_time': 1536989760, 'arrival_time': 1536995220}
109	{'task_type': 'regular', 'locomotive': 22556, 'train_section': 22803, 'section': 22313, 'departure_time': 1537001280, 'arrival_time': 1537006200}
110	{'task_type': 'regular', 'locomotive': 22556, 'train_section': 23947, 'section': 22284, 'departure_time': 1537116720, 'arrival_time': 1537120380}
111	{'task_type': 'regular', 'locomotive': 22557, 'train_section': 23452, 'section': 22342, 'departure_time': 1536679140, 'arrival_time': 1536684420}
112	{'task_type': 'deadhead', 'locomotive': 22557, 'first_train_section': 23559, 'first_section': 22411, 'first_departure_time': 1536703200, 'first_arrival_time': 1536722820, 'second_train_section': 23313, 'second_section': 22256, 'second_departure_time': 1536727320, 'second_arrival_time': 1536730260}
113	{'task_type': 'regular', 'locomotive': 22557, 'train_section': 23313, 'section': 22256, 'departure_time': 1536727320, 'arrival_time': 1536730260}
114	{'task_type': 'deadhead', 'locomotive': 22557, 'first_train_section': 23313, 'first_section': 22256, 'first_departure_time': 1536727320, 'first_arrival_time': 1536730260, 'second_train_section': 24022, 'second_section': 22290, 'second_departure_time': 1536732360, 'second_arrival_time': 1536739500}
115	{'task_type': 'regular', 'locomotive': 22557, 'train_section': 24022, 'section': 22290, 'departure_time': 1536732360, 'arrival_time': 1536739500}
116	{'task_type': 'regular', 'locomotive': 22557, 'train_section': 24025, 'section': 22349, 'departure_time': 1536741120, 'arrival_time': 1536746700}
117	{'task_type': 'deadhead', 'locomotive': 22557, 'first_train_section': 24025, 'first_section': 22349, 'first_departure_time': 1536741120, 'first_arrival_time': 1536746700, 'second_train_section': 23637, 'second_section': 22383, 'second_departure_time': 1536761520, 'second_arrival_time': 1536764940}
118	{'task_type': 'regular', 'locomotive': 22557, 'train_section': 23637, 'section': 22383, 'departure_time': 1536761520, 'arrival_time': 1536764940}
119	{'task_type': 'regular', 'locomotive': 22557, 'train_section': 23639, 'section': 22399, 'departure_time': 1536765000, 'arrival_time': 1536766440}
120	{'task_type': 'deadhead', 'locomotive': 22557, 'first_train_section': 23639, 'first_section': 22399, 'first_departure_time': 1536765000, 'first_arrival_time': 1536766440, 'second_train_section': 23216, 'second_section': 22355, 'second_departure_time': 1536825960, 'second_arrival_time': 1536827820}
121	{'task_type': 'regular', 'locomotive': 22557, 'train_section': 23216, 'section': 22355, 'departure_time': 1536825960, 'arrival_time': 1536827820}
122	{'task_type': 'deadhead', 'locomotive': 22557, 'first_train_section': 23216, 'first_section': 22355, 'first_departure_time': 1536825960, 'first_arrival_time': 1536827820, 'second_train_section': 24112, 'second_section': 22401, 'second_departure_time': 1536838500, 'second_arrival_time': 1536839880}
123	{'task_type': 'regular', 'locomotive': 22557, 'train_section': 24112, 'section': 22401, 'departure_time': 1536838500, 'arrival_time': 1536839880}
124	{'task_type': 'regular', 'locomotive': 22557, 'train_section': 23402, 'section': 22466, 'departure_time': 1536840300, 'arrival_time': 1536841440}
125	{'task_type': 'deadhead', 'locomotive': 22557, 'first_train_section': 23402, 'first_section': 22466, 'first_departure_time': 1536840300, 'first_arrival_time': 1536841440, 'second_train_section': 23799, 'second_section': 22404, 'second_departure_time': 1536846960, 'second_arrival_time': 1536856500}
126	{'task_type': 'regular', 'locomotive': 22557, 'train_section': 23799, 'section': 22404, 'departure_time': 1536846960, 'arrival_time': 1536856500}
127	{'task_type': 'regular', 'locomotive': 22557, 'train_section': 23801, 'section': 22245, 'departure_time': 1536856740, 'arrival_time': 1536861780}
128	{'task_type': 'regular', 'locomotive': 22557, 'train_section': 23803, 'section': 22308, 'departure_time': 1536862800, 'arrival_time': 1536865560}
129	{'task_type': 'regular', 'locomotive': 22557, 'train_section': 23805, 'section': 22496, 'departure_time': 1536866940, 'arrival_time': 1536871260}
130	{'task_type': 'deadhead', 'locomotive': 22557, 'first_train_section': 23805, 'first_section': 22496, 'first_departure_time': 1536866940, 'first_arrival_time': 1536871260, 'second_train_section': 24589, 'second_section': 22386, 'second_departure_time': 1536890280, 'second_arrival_time': 1536895080}
131	{'task_type': 'regular', 'locomotive': 22557, 'train_section': 24589, 'section': 22386, 'departure_time': 1536890280, 'arrival_time': 1536895080}
132	{'task_type': 'regular', 'locomotive': 22557, 'train_section': 23764, 'section': 22495, 'departure_time': 1536895320, 'arrival_time': 1536898260}
133	{'task_type': 'regular', 'locomotive': 22557, 'train_section': 24595, 'section': 22309, 'departure_time': 1536900960, 'arrival_time': 1536906480}
134	{'task_type': 'deadhead', 'locomotive': 22557, 'first_train_section': 24595, 'first_section': 22309, 'first_departure_time': 1536900960, 'first_arrival_time': 1536906480, 'second_train_section': 23446, 'second_section': 22499, 'second_departure_time': 1536911100, 'second_arrival_time': 1536916260}
135	{'task_type': 'regular', 'locomotive': 22557, 'train_section': 23446, 'section': 22499, 'departure_time': 1536911100, 'arrival_time': 1536916260}
136	{'task_type': 'regular', 'locomotive': 22557, 'train_section': 23076, 'section': 22350, 'departure_time': 1536922140, 'arrival_time': 1536925800}
137	{'task_type': 'deadhead', 'locomotive': 22557, 'first_train_section': 23076, 'first_section': 22350, 'first_departure_time': 1536922140, 'first_arrival_time': 1536925800, 'second_train_section': 24705, 'second_section': 22261, 'second_departure_time': 1536935880, 'second_arrival_time': 1536937500}
138	{'task_type': 'regular', 'locomotive': 22557, 'train_section': 24705, 'section': 22261, 'departure_time': 1536935880, 'arrival_time': 1536937500}
139	{'task_type': 'deadhead', 'locomotive': 22557, 'first_train_section': 24705, 'first_section': 22261, 'first_departure_time': 1536935880, 'first_arrival_time': 1536937500, 'second_train_section': 23568, 'second_section': 22505, 'second_departure_time': 1536957300, 'second_arrival_time': 1536962700}
140	{'task_type': 'regular', 'locomotive': 22557, 'train_section': 23568, 'section': 22505, 'departure_time': 1536957300, 'arrival_time': 1536962700}
141	{'task_type': 'regular', 'locomotive': 22557, 'train_section': 23570, 'section': 22308, 'departure_time': 1536963720, 'arrival_time': 1536966420}
142	{'task_type': 'regular', 'locomotive': 22557, 'train_section': 23572, 'section': 22496, 'departure_time': 1536967260, 'arrival_time': 1536971160}
143	{'task_type': 'deadhead', 'locomotive': 22557, 'first_train_section': 23572, 'first_section': 22496, 'first_departure_time': 1536967260, 'first_arrival_time': 1536971160, 'second_train_section': 24142, 'second_section': 22431, 'second_departure_time': 1536999480, 'second_arrival_time': 1537003440}
144	{'task_type': 'regular', 'locomotive': 22557, 'train_section': 24142, 'section': 22431, 'departure_time': 1536999480, 'arrival_time': 1537003440}
145	{'task_type': 'regular', 'locomotive': 22557, 'train_section': 24169, 'section': 22496, 'departure_time': 1537005480, 'arrival_time': 1537010460}
146	{'task_type': 'deadhead', 'locomotive': 22557, 'first_train_section': 24169, 'first_section': 22496, 'first_departure_time': 1537005480, 'first_arrival_time': 1537010460, 'second_train_section': 24210, 'second_section': 22428, 'second_departure_time': 1537111320, 'second_arrival_time': 1537119540}
147	{'task_type': 'regular', 'locomotive': 22557, 'train_section': 24210, 'section': 22428, 'departure_time': 1537111320, 'arrival_time': 1537119540}
148	{'task_type': 'regular', 'locomotive': 22558, 'train_section': 24410, 'section': 22416, 'departure_time': 1536666840, 'arrival_time': 1536670500}
149	{'task_type': 'regular', 'locomotive': 22558, 'train_section': 23301, 'section': 22354, 'departure_time': 1536723540, 'arrival_time': 1536728160}
150	{'task_type': 'deadhead', 'locomotive': 22558, 'first_train_section': 23301, 'first_section': 22354, 'first_departure_time': 1536723540, 'first_arrival_time': 1536728160, 'second_train_section': 22892, 'second_section': 22416, 'second_departure_time': 1536744240, 'second_arrival_time': 1536747900}
151	{'task_type': 'regular', 'locomotive': 22558, 'train_section': 22892, 'section': 22416, 'departure_time': 1536744240, 'arrival_time': 1536747900}
152	{'task_type': 'regular', 'locomotive': 22558, 'train_section': 24687, 'section': 22378, 'departure_time': 1536755700, 'arrival_time': 1536759360}
153	{'task_type': 'deadhead', 'locomotive': 22558, 'first_train_section': 24687, 'first_section': 22378, 'first_departure_time': 1536755700, 'first_arrival_time': 1536759360, 'second_train_section': 23044, 'second_section': 22414, 'second_departure_time': 1536762480, 'second_arrival_time': 1536766860}
154	{'task_type': 'regular', 'locomotive': 22558, 'train_section': 23044, 'section': 22414, 'departure_time': 1536762480, 'arrival_time': 1536766860}
155	{'task_type': 'deadhead', 'locomotive': 22558, 'first_train_section': 23044, 'first_section': 22414, 'first_departure_time': 1536762480, 'first_arrival_time': 1536766860, 'second_train_section': 23087, 'second_section': 22378, 'second_departure_time': 1536773700, 'second_arrival_time': 1536777360}
156	{'task_type': 'regular', 'locomotive': 22558, 'train_section': 23087, 'section': 22378, 'departure_time': 1536773700, 'arrival_time': 1536777360}
157	{'task_type': 'deadhead', 'locomotive': 22558, 'first_train_section': 22858, 'first_section': 22417, 'first_departure_time': 1536777360, 'first_arrival_time': 1536789540, 'second_train_section': 22924, 'second_section': 22428, 'second_departure_time': 1536797460, 'second_arrival_time': 1536803220}
158	{'task_type': 'regular', 'locomotive': 22558, 'train_section': 22924, 'section': 22428, 'departure_time': 1536797460, 'arrival_time': 1536803220}
159	{'task_type': 'deadhead', 'locomotive': 22558, 'first_train_section': 22924, 'first_section': 22428, 'first_departure_time': 1536797460, 'first_arrival_time': 1536803220, 'second_train_section': 22600, 'second_section': 22251, 'second_departure_time': 1536810660, 'second_arrival_time': 1536814800}
160	{'task_type': 'regular', 'locomotive': 22558, 'train_section': 22600, 'section': 22251, 'departure_time': 1536810660, 'arrival_time': 1536814800}
161	{'task_type': 'deadhead', 'locomotive': 22558, 'first_train_section': 22600, 'first_section': 22251, 'first_departure_time': 1536810660, 'first_arrival_time': 1536814800, 'second_train_section': 23610, 'second_section': 22386, 'second_departure_time': 1536866520, 'second_arrival_time': 1536871560}
162	{'task_type': 'regular', 'locomotive': 22558, 'train_section': 23610, 'section': 22386, 'departure_time': 1536866520, 'arrival_time': 1536871560}
163	{'task_type': 'regular', 'locomotive': 22558, 'train_section': 23613, 'section': 22495, 'departure_time': 1536873120, 'arrival_time': 1536876060}
164	{'task_type': 'regular', 'locomotive': 22558, 'train_section': 23616, 'section': 22309, 'departure_time': 1536876540, 'arrival_time': 1536881400}
165	{'task_type': 'deadhead', 'locomotive': 22558, 'first_train_section': 23616, 'first_section': 22309, 'first_departure_time': 1536876540, 'first_arrival_time': 1536881400, 'second_train_section': 24644, 'second_section': 22356, 'second_departure_time': 1536886920, 'second_arrival_time': 1536894660}
166	{'task_type': 'regular', 'locomotive': 22558, 'train_section': 24644, 'section': 22356, 'departure_time': 1536886920, 'arrival_time': 1536894660}
167	{'task_type': 'regular', 'locomotive': 22558, 'train_section': 23529, 'section': 22258, 'departure_time': 1536907860, 'arrival_time': 1536910260}
168	{'task_type': 'deadhead', 'locomotive': 22558, 'first_train_section': 24720, 'first_section': 22302, 'first_departure_time': 1536947100, 'first_arrival_time': 1536962340, 'second_train_section': 23631, 'second_section': 22435, 'second_departure_time': 1537006980, 'second_arrival_time': 1537012320}
169	{'task_type': 'regular', 'locomotive': 22558, 'train_section': 23631, 'section': 22435, 'departure_time': 1537006980, 'arrival_time': 1537012320}
170	{'task_type': 'deadhead', 'locomotive': 22558, 'first_train_section': 23631, 'first_section': 22435, 'first_departure_time': 1537006980, 'first_arrival_time': 1537012320, 'second_train_section': 23133, 'second_section': 22431, 'second_departure_time': 1537013160, 'second_arrival_time': 1537018200}
171	{'task_type': 'regular', 'locomotive': 22558, 'train_section': 23133, 'section': 22431, 'departure_time': 1537013160, 'arrival_time': 1537018200}
172	{'task_type': 'regular', 'locomotive': 22558, 'train_section': 23135, 'section': 22495, 'departure_time': 1537019280, 'arrival_time': 1537022040}
173	{'task_type': 'regular', 'locomotive': 22558, 'train_section': 23137, 'section': 22304, 'departure_time': 1537022640, 'arrival_time': 1537027200}
174	{'task_type': 'regular', 'locomotive': 22558, 'train_section': 23139, 'section': 22247, 'departure_time': 1537027380, 'arrival_time': 1537036620}
175	{'task_type': 'regular', 'locomotive': 22560, 'train_section': 22707, 'section': 22416, 'departure_time': 1536672240, 'arrival_time': 1536675900}
176	{'task_type': 'regular', 'locomotive': 22560, 'train_section': 23431, 'section': 22378, 'departure_time': 1536689100, 'arrival_time': 1536692760}
177	{'task_type': 'regular', 'locomotive': 22560, 'train_section': 23207, 'section': 22416, 'departure_time': 1536747840, 'arrival_time': 1536751500}
178	{'task_type': 'deadhead', 'locomotive': 22560, 'first_train_section': 23207, 'first_section': 22416, 'first_departure_time': 1536747840, 'first_arrival_time': 1536751500, 'second_train_section': 22698, 'second_section': 22445, 'second_departure_time': 1536754320, 'second_arrival_time': 1536760440}
179	{'task_type': 'regular', 'locomotive': 22560, 'train_section': 22698, 'section': 22445, 'departure_time': 1536754320, 'arrival_time': 1536760440}
180	{'task_type': 'deadhead', 'locomotive': 22560, 'first_train_section': 22698, 'first_section': 22445, 'first_departure_time': 1536754320, 'first_arrival_time': 1536760440, 'second_train_section': 23328, 'second_section': 22454, 'second_departure_time': 1536765900, 'second_arrival_time': 1536771720}
181	{'task_type': 'regular', 'locomotive': 22560, 'train_section': 23328, 'section': 22454, 'departure_time': 1536765900, 'arrival_time': 1536771720}
182	{'task_type': 'deadhead', 'locomotive': 22560, 'first_train_section': 23328, 'first_section': 22454, 'first_departure_time': 1536765900, 'first_arrival_time': 1536771720, 'second_train_section': 24668, 'second_section': 22496, 'second_departure_time': 1536774540, 'second_arrival_time': 1536779160}
183	{'task_type': 'regular', 'locomotive': 22560, 'train_section': 24668, 'section': 22496, 'departure_time': 1536774540, 'arrival_time': 1536779160}
184	{'task_type': 'deadhead', 'locomotive': 22560, 'first_train_section': 24668, 'first_section': 22496, 'first_departure_time': 1536774540, 'first_arrival_time': 1536779160, 'second_train_section': 24249, 'second_section': 22386, 'second_departure_time': 1536780120, 'second_arrival_time': 1536785160}
185	{'task_type': 'regular', 'locomotive': 22560, 'train_section': 24249, 'section': 22386, 'departure_time': 1536780120, 'arrival_time': 1536785160}
186	{'task_type': 'deadhead', 'locomotive': 22560, 'first_train_section': 24249, 'first_section': 22386, 'first_departure_time': 1536780120, 'first_arrival_time': 1536785160, 'second_train_section': 24071, 'second_section': 22442, 'second_departure_time': 1536854160, 'second_arrival_time': 1536856920}
187	{'task_type': 'regular', 'locomotive': 22560, 'train_section': 24071, 'section': 22442, 'departure_time': 1536854160, 'arrival_time': 1536856920}
188	{'task_type': 'regular', 'locomotive': 22560, 'train_section': 24073, 'section': 22433, 'departure_time': 1536857760, 'arrival_time': 1536858240}
189	{'task_type': 'regular', 'locomotive': 22560, 'train_section': 24075, 'section': 22432, 'departure_time': 1536859680, 'arrival_time': 1536861300}
190	{'task_type': 'regular', 'locomotive': 22560, 'train_section': 23064, 'section': 22460, 'departure_time': 1536862860, 'arrival_time': 1536865200}
191	{'task_type': 'deadhead', 'locomotive': 22560, 'first_train_section': 23064, 'first_section': 22460, 'first_departure_time': 1536862860, 'first_arrival_time': 1536865200, 'second_train_section': 24637, 'second_section': 22431, 'second_departure_time': 1536865440, 'second_arrival_time': 1536869280}
192	{'task_type': 'regular', 'locomotive': 22560, 'train_section': 24637, 'section': 22431, 'departure_time': 1536865440, 'arrival_time': 1536869280}
193	{'task_type': 'regular', 'locomotive': 22560, 'train_section': 24639, 'section': 22495, 'departure_time': 1536870420, 'arrival_time': 1536873180}
194	{'task_type': 'regular', 'locomotive': 22560, 'train_section': 24641, 'section': 22306, 'departure_time': 1536874740, 'arrival_time': 1536878280}
195	{'task_type': 'regular', 'locomotive': 22560, 'train_section': 24392, 'section': 22368, 'departure_time': 1536882480, 'arrival_time': 1536886200}
196	{'task_type': 'regular', 'locomotive': 22560, 'train_section': 24394, 'section': 22308, 'departure_time': 1536886800, 'arrival_time': 1536889560}
197	{'task_type': 'regular', 'locomotive': 22560, 'train_section': 24396, 'section': 22496, 'departure_time': 1536890400, 'arrival_time': 1536895200}
198	{'task_type': 'deadhead', 'locomotive': 22560, 'first_train_section': 24396, 'first_section': 22496, 'first_departure_time': 1536890400, 'first_arrival_time': 1536895200, 'second_train_section': 23228, 'second_section': 22378, 'second_departure_time': 1536899700, 'second_arrival_time': 1536903360}
199	{'task_type': 'regular', 'locomotive': 22560, 'train_section': 23228, 'section': 22378, 'departure_time': 1536899700, 'arrival_time': 1536903360}
200	{'task_type': 'regular', 'locomotive': 22560, 'train_section': 24623, 'section': 22418, 'departure_time': 1536931800, 'arrival_time': 1536933300}
201	{'task_type': 'deadhead', 'locomotive': 22560, 'first_train_section': 24623, 'first_section': 22418, 'first_departure_time': 1536931800, 'first_arrival_time': 1536933300, 'second_train_section': 24369, 'second_section': 22460, 'second_departure_time': 1536949260, 'second_arrival_time': 1536951600}
202	{'task_type': 'regular', 'locomotive': 22560, 'train_section': 24369, 'section': 22460, 'departure_time': 1536949260, 'arrival_time': 1536951600}
203	{'task_type': 'deadhead', 'locomotive': 22560, 'first_train_section': 24369, 'first_section': 22460, 'first_departure_time': 1536949260, 'first_arrival_time': 1536951600, 'second_train_section': 24650, 'second_section': 22427, 'second_departure_time': 1536956700, 'second_arrival_time': 1536959580}
204	{'task_type': 'regular', 'locomotive': 22560, 'train_section': 24650, 'section': 22427, 'departure_time': 1536956700, 'arrival_time': 1536959580}
205	{'task_type': 'regular', 'locomotive': 22560, 'train_section': 24652, 'section': 22443, 'departure_time': 1536960660, 'arrival_time': 1536962460}
206	{'task_type': 'regular', 'locomotive': 22560, 'train_section': 24654, 'section': 22495, 'departure_time': 1536963900, 'arrival_time': 1536966840}
207	{'task_type': 'regular', 'locomotive': 22560, 'train_section': 24656, 'section': 22304, 'departure_time': 1536967500, 'arrival_time': 1536971880}
208	{'task_type': 'regular', 'locomotive': 22560, 'train_section': 24658, 'section': 22247, 'departure_time': 1536973980, 'arrival_time': 1536983460}
209	{'task_type': 'deadhead', 'locomotive': 22560, 'first_train_section': 24658, 'first_section': 22247, 'first_departure_time': 1536973980, 'first_arrival_time': 1536983460, 'second_train_section': 24163, 'second_section': 22404, 'second_departure_time': 1536986220, 'second_arrival_time': 1536996420}
210	{'task_type': 'regular', 'locomotive': 22560, 'train_section': 24163, 'section': 22404, 'departure_time': 1536986220, 'arrival_time': 1536996420}
211	{'task_type': 'regular', 'locomotive': 22560, 'train_section': 24165, 'section': 22245, 'departure_time': 1536996780, 'arrival_time': 1537001760}
212	{'task_type': 'regular', 'locomotive': 22560, 'train_section': 24167, 'section': 22308, 'departure_time': 1537002240, 'arrival_time': 1537004880}
213	{'task_type': 'regular', 'locomotive': 22560, 'train_section': 24144, 'section': 22495, 'departure_time': 1537005000, 'arrival_time': 1537007820}
214	{'task_type': 'regular', 'locomotive': 22560, 'train_section': 24146, 'section': 22304, 'departure_time': 1537009320, 'arrival_time': 1537014480}
215	{'task_type': 'regular', 'locomotive': 22560, 'train_section': 24148, 'section': 22247, 'departure_time': 1537014720, 'arrival_time': 1537025820}
216	{'task_type': 'regular', 'locomotive': 22561, 'train_section': 23461, 'section': 22416, 'departure_time': 1536679440, 'arrival_time': 1536683100}
217	{'task_type': 'regular', 'locomotive': 22561, 'train_section': 23061, 'section': 22378, 'departure_time': 1536753900, 'arrival_time': 1536757560}
218	{'task_type': 'regular', 'locomotive': 22561, 'train_section': 22756, 'section': 22416, 'departure_time': 1536758640, 'arrival_time': 1536762300}
219	{'task_type': 'regular', 'locomotive': 22561, 'train_section': 23694, 'section': 22378, 'departure_time': 1536766500, 'arrival_time': 1536770160}
220	{'task_type': 'deadhead', 'locomotive': 22561, 'first_train_section': 24187, 'first_section': 22377, 'first_departure_time': 1536789300, 'first_arrival_time': 1536789540, 'second_train_section': 24308, 'second_section': 22373, 'second_departure_time': 1536810840, 'second_arrival_time': 1536816120}
221	{'task_type': 'regular', 'locomotive': 22561, 'train_section': 24308, 'section': 22373, 'departure_time': 1536810840, 'arrival_time': 1536816120}
222	{'task_type': 'deadhead', 'locomotive': 22561, 'first_train_section': 24308, 'first_section': 22373, 'first_departure_time': 1536810840, 'first_arrival_time': 1536816120, 'second_train_section': 23160, 'second_section': 22416, 'second_departure_time': 1536843240, 'second_arrival_time': 1536846900}
223	{'task_type': 'regular', 'locomotive': 22561, 'train_section': 23160, 'section': 22416, 'departure_time': 1536843240, 'arrival_time': 1536846900}
224	{'task_type': 'regular', 'locomotive': 22561, 'train_section': 24053, 'section': 22378, 'departure_time': 1536847500, 'arrival_time': 1536851160}
225	{'task_type': 'deadhead', 'locomotive': 22561, 'first_train_section': 24383, 'first_section': 22417, 'first_departure_time': 1536865620, 'first_arrival_time': 1536870480, 'second_train_section': 24311, 'second_section': 22378, 'second_departure_time': 1536894540, 'second_arrival_time': 1536898200}
226	{'task_type': 'regular', 'locomotive': 22561, 'train_section': 24311, 'section': 22378, 'departure_time': 1536894540, 'arrival_time': 1536898200}
227	{'task_type': 'regular', 'locomotive': 22561, 'train_section': 23796, 'section': 22416, 'departure_time': 1536899040, 'arrival_time': 1536902700}
228	{'task_type': 'regular', 'locomotive': 22561, 'train_section': 23668, 'section': 22378, 'departure_time': 1536908700, 'arrival_time': 1536912360}
229	{'task_type': 'regular', 'locomotive': 22561, 'train_section': 24127, 'section': 22416, 'departure_time': 1536920640, 'arrival_time': 1536924300}
230	{'task_type': 'regular', 'locomotive': 22561, 'train_section': 23781, 'section': 22378, 'departure_time': 1536948300, 'arrival_time': 1536951960}
231	{'task_type': 'deadhead', 'locomotive': 22561, 'first_train_section': 24124, 'first_section': 22417, 'first_departure_time': 1537038420, 'first_arrival_time': 1537043280, 'second_train_section': 23961, 'second_section': 22455, 'second_departure_time': 1537077480, 'second_arrival_time': 1537088880}
232	{'task_type': 'regular', 'locomotive': 22561, 'train_section': 23961, 'section': 22455, 'departure_time': 1537077480, 'arrival_time': 1537088880}
233	{'task_type': 'regular', 'locomotive': 22561, 'train_section': 23654, 'section': 22356, 'departure_time': 1537090080, 'arrival_time': 1537097340}
234	{'task_type': 'regular', 'locomotive': 22561, 'train_section': 23213, 'section': 22260, 'departure_time': 1537132500, 'arrival_time': 1537135199}
235	{'task_type': 'regular', 'locomotive': 22562, 'train_section': 24702, 'section': 22331, 'departure_time': 1536664080, 'arrival_time': 1536674880}
236	{'task_type': 'regular', 'locomotive': 22562, 'train_section': 23685, 'section': 22438, 'departure_time': 1536738720, 'arrival_time': 1536749460}
237	{'task_type': 'deadhead', 'locomotive': 22562, 'first_train_section': 24423, 'first_section': 22470, 'first_departure_time': 1536761520, 'first_arrival_time': 1536765420, 'second_train_section': 23936, 'second_section': 22255, 'second_departure_time': 1536775500, 'second_arrival_time': 1536776400}
238	{'task_type': 'regular', 'locomotive': 22562, 'train_section': 23936, 'section': 22255, 'departure_time': 1536775500, 'arrival_time': 1536776400}
239	{'task_type': 'regular', 'locomotive': 22562, 'train_section': 23938, 'section': 22468, 'departure_time': 1536779460, 'arrival_time': 1536783600}
240	{'task_type': 'deadhead', 'locomotive': 22562, 'first_train_section': 23938, 'first_section': 22468, 'first_departure_time': 1536779460, 'first_arrival_time': 1536783600, 'second_train_section': 24483, 'second_section': 22438, 'second_departure_time': 1536810120, 'second_arrival_time': 1536821460}
241	{'task_type': 'regular', 'locomotive': 22562, 'train_section': 24483, 'section': 22438, 'departure_time': 1536810120, 'arrival_time': 1536821460}
242	{'task_type': 'regular', 'locomotive': 22562, 'train_section': 23811, 'section': 22325, 'departure_time': 1536892500, 'arrival_time': 1536906780}
243	{'task_type': 'deadhead', 'locomotive': 22562, 'first_train_section': 23811, 'first_section': 22325, 'first_departure_time': 1536892500, 'first_arrival_time': 1536906780, 'second_train_section': 23428, 'second_section': 22438, 'second_departure_time': 1536911520, 'second_arrival_time': 1536922260}
244	{'task_type': 'regular', 'locomotive': 22562, 'train_section': 23428, 'section': 22438, 'departure_time': 1536911520, 'arrival_time': 1536922260}
245	{'task_type': 'regular', 'locomotive': 22562, 'train_section': 24334, 'section': 22331, 'departure_time': 1536937680, 'arrival_time': 1536948540}
246	{'task_type': 'regular', 'locomotive': 22562, 'train_section': 23665, 'section': 22437, 'departure_time': 1536964620, 'arrival_time': 1536969420}
247	{'task_type': 'deadhead', 'locomotive': 22562, 'first_train_section': 23899, 'first_section': 22319, 'first_departure_time': 1537008840, 'first_arrival_time': 1537048740, 'second_train_section': 22886, 'second_section': 22336, 'second_departure_time': 1537064580, 'second_arrival_time': 1537070700}
248	{'task_type': 'regular', 'locomotive': 22562, 'train_section': 22886, 'section': 22336, 'departure_time': 1537064580, 'arrival_time': 1537070700}
249	{'task_type': 'regular', 'locomotive': 22563, 'train_section': 23500, 'section': 22512, 'departure_time': 1536726540, 'arrival_time': 1536729900}
250	{'task_type': 'deadhead', 'locomotive': 22563, 'first_train_section': 23500, 'first_section': 22512, 'first_departure_time': 1536726540, 'first_arrival_time': 1536729900, 'second_train_section': 24316, 'second_section': 22495, 'second_departure_time': 1536738480, 'second_arrival_time': 1536741360}
251	{'task_type': 'regular', 'locomotive': 22563, 'train_section': 24316, 'section': 22495, 'departure_time': 1536738480, 'arrival_time': 1536741360}
252	{'task_type': 'regular', 'locomotive': 22563, 'train_section': 24318, 'section': 22309, 'departure_time': 1536741960, 'arrival_time': 1536746520}
253	{'task_type': 'deadhead', 'locomotive': 22563, 'first_train_section': 24318, 'first_section': 22309, 'first_departure_time': 1536741960, 'first_arrival_time': 1536746520, 'second_train_section': 24617, 'second_section': 22500, 'second_departure_time': 1536766680, 'second_arrival_time': 1536769800}
254	{'task_type': 'regular', 'locomotive': 22563, 'train_section': 24617, 'section': 22500, 'departure_time': 1536766680, 'arrival_time': 1536769800}
255	{'task_type': 'regular', 'locomotive': 22563, 'train_section': 24001, 'section': 22356, 'departure_time': 1536869760, 'arrival_time': 1536877800}
256	{'task_type': 'deadhead', 'locomotive': 22563, 'first_train_section': 24001, 'first_section': 22356, 'first_departure_time': 1536869760, 'first_arrival_time': 1536877800, 'second_train_section': 23787, 'second_section': 22320, 'second_departure_time': 1536893880, 'second_arrival_time': 1536900300}
257	{'task_type': 'regular', 'locomotive': 22563, 'train_section': 23787, 'section': 22320, 'departure_time': 1536893880, 'arrival_time': 1536900300}
258	{'task_type': 'deadhead', 'locomotive': 22563, 'first_train_section': 23787, 'first_section': 22320, 'first_departure_time': 1536893880, 'first_arrival_time': 1536900300, 'second_train_section': 23070, 'second_section': 22494, 'second_departure_time': 1536903900, 'second_arrival_time': 1536906120}
259	{'task_type': 'regular', 'locomotive': 22563, 'train_section': 23070, 'section': 22494, 'departure_time': 1536903900, 'arrival_time': 1536906120}
260	{'task_type': 'regular', 'locomotive': 22563, 'train_section': 23376, 'section': 22387, 'departure_time': 1536907920, 'arrival_time': 1536909720}
261	{'task_type': 'deadhead', 'locomotive': 22563, 'first_train_section': 23376, 'first_section': 22387, 'first_departure_time': 1536907920, 'first_arrival_time': 1536909720, 'second_train_section': 24357, 'second_section': 22256, 'second_departure_time': 1536916680, 'second_arrival_time': 1536919380}
262	{'task_type': 'regular', 'locomotive': 22563, 'train_section': 24357, 'section': 22256, 'departure_time': 1536916680, 'arrival_time': 1536919380}
263	{'task_type': 'deadhead', 'locomotive': 22563, 'first_train_section': 24357, 'first_section': 22256, 'first_departure_time': 1536916680, 'first_arrival_time': 1536919380, 'second_train_section': 22831, 'second_section': 22447, 'second_departure_time': 1536923520, 'second_arrival_time': 1536926400}
264	{'task_type': 'regular', 'locomotive': 22563, 'train_section': 22831, 'section': 22447, 'departure_time': 1536923520, 'arrival_time': 1536926400}
265	{'task_type': 'deadhead', 'locomotive': 22563, 'first_train_section': 22831, 'first_section': 22447, 'first_departure_time': 1536923520, 'first_arrival_time': 1536926400, 'second_train_section': 23267, 'second_section': 22254, 'second_departure_time': 1536943680, 'second_arrival_time': 1536944340}
266	{'task_type': 'regular', 'locomotive': 22563, 'train_section': 23267, 'section': 22254, 'departure_time': 1536943680, 'arrival_time': 1536944340}
267	{'task_type': 'deadhead', 'locomotive': 22563, 'first_train_section': 23267, 'first_section': 22254, 'first_departure_time': 1536943680, 'first_arrival_time': 1536944340, 'second_train_section': 22864, 'second_section': 22451, 'second_departure_time': 1536965820, 'second_arrival_time': 1536972720}
268	{'task_type': 'regular', 'locomotive': 22563, 'train_section': 22864, 'section': 22451, 'departure_time': 1536965820, 'arrival_time': 1536972720}
269	{'task_type': 'regular', 'locomotive': 22563, 'train_section': 22867, 'section': 22345, 'departure_time': 1536973560, 'arrival_time': 1536976500}
270	{'task_type': 'regular', 'locomotive': 22563, 'train_section': 23526, 'section': 22369, 'departure_time': 1536978240, 'arrival_time': 1536981120}
271	{'task_type': 'regular', 'locomotive': 22563, 'train_section': 23482, 'section': 22348, 'departure_time': 1536981180, 'arrival_time': 1536984720}
272	{'task_type': 'regular', 'locomotive': 22563, 'train_section': 23484, 'section': 22477, 'departure_time': 1536985200, 'arrival_time': 1536987600}
273	{'task_type': 'regular', 'locomotive': 22563, 'train_section': 23231, 'section': 22499, 'departure_time': 1536990300, 'arrival_time': 1536995460}
274	{'task_type': 'regular', 'locomotive': 22563, 'train_section': 23234, 'section': 22347, 'departure_time': 1536995940, 'arrival_time': 1537001280}
275	{'task_type': 'regular', 'locomotive': 22563, 'train_section': 23236, 'section': 22471, 'departure_time': 1537001820, 'arrival_time': 1537004640}
276	{'task_type': 'regular', 'locomotive': 22563, 'train_section': 22753, 'section': 22332, 'departure_time': 1537129800, 'arrival_time': 1537133940}
277	{'task_type': 'regular', 'locomotive': 22564, 'train_section': 24449, 'section': 22298, 'departure_time': 1536748920, 'arrival_time': 1536751620}
278	{'task_type': 'deadhead', 'locomotive': 22564, 'first_train_section': 24449, 'first_section': 22298, 'first_departure_time': 1536748920, 'first_arrival_time': 1536751620, 'second_train_section': 24446, 'second_section': 22401, 'second_departure_time': 1536752100, 'second_arrival_time': 1536753480}
279	{'task_type': 'regular', 'locomotive': 22564, 'train_section': 24446, 'section': 22401, 'departure_time': 1536752100, 'arrival_time': 1536753480}
280	{'task_type': 'regular', 'locomotive': 22564, 'train_section': 23173, 'section': 22465, 'departure_time': 1536817260, 'arrival_time': 1536818460}
281	{'task_type': 'deadhead', 'locomotive': 22564, 'first_train_section': 23173, 'first_section': 22465, 'first_departure_time': 1536817260, 'first_arrival_time': 1536818460, 'second_train_section': 24429, 'second_section': 22404, 'second_departure_time': 1536821220, 'second_arrival_time': 1536831120}
282	{'task_type': 'regular', 'locomotive': 22564, 'train_section': 24429, 'section': 22404, 'departure_time': 1536821220, 'arrival_time': 1536831120}
283	{'task_type': 'deadhead', 'locomotive': 22564, 'first_train_section': 24429, 'first_section': 22404, 'first_departure_time': 1536821220, 'first_arrival_time': 1536831120, 'second_train_section': 22800, 'second_section': 22240, 'second_departure_time': 1536851820, 'second_arrival_time': 1536854100}
284	{'task_type': 'regular', 'locomotive': 22564, 'train_section': 22800, 'section': 22240, 'departure_time': 1536851820, 'arrival_time': 1536854100}
285	{'task_type': 'regular', 'locomotive': 22564, 'train_section': 23648, 'section': 22400, 'departure_time': 1536857400, 'arrival_time': 1536860820}
286	{'task_type': 'deadhead', 'locomotive': 22564, 'first_train_section': 23648, 'first_section': 22400, 'first_departure_time': 1536857400, 'first_arrival_time': 1536860820, 'second_train_section': 23886, 'second_section': 22400, 'second_departure_time': 1536900180, 'second_arrival_time': 1536904080}
287	{'task_type': 'regular', 'locomotive': 22564, 'train_section': 23886, 'section': 22400, 'departure_time': 1536900180, 'arrival_time': 1536904080}
288	{'task_type': 'deadhead', 'locomotive': 22564, 'first_train_section': 23886, 'first_section': 22400, 'first_departure_time': 1536900180, 'first_arrival_time': 1536904080, 'second_train_section': 24005, 'second_section': 22392, 'second_departure_time': 1536920700, 'second_arrival_time': 1536922080}
289	{'task_type': 'regular', 'locomotive': 22564, 'train_section': 24005, 'section': 22392, 'departure_time': 1536920700, 'arrival_time': 1536922080}
290	{'task_type': 'regular', 'locomotive': 22564, 'train_section': 24007, 'section': 22384, 'departure_time': 1536927900, 'arrival_time': 1536933300}
291	{'task_type': 'deadhead', 'locomotive': 22564, 'first_train_section': 24007, 'first_section': 22384, 'first_departure_time': 1536927900, 'first_arrival_time': 1536933300, 'second_train_section': 23219, 'second_section': 22404, 'second_departure_time': 1536960780, 'second_arrival_time': 1536969720}
292	{'task_type': 'regular', 'locomotive': 22564, 'train_section': 23219, 'section': 22404, 'departure_time': 1536960780, 'arrival_time': 1536969720}
293	{'task_type': 'regular', 'locomotive': 22564, 'train_section': 23221, 'section': 22245, 'departure_time': 1536969960, 'arrival_time': 1536974640}
294	{'task_type': 'regular', 'locomotive': 22564, 'train_section': 23223, 'section': 22308, 'departure_time': 1536975360, 'arrival_time': 1536978000}
295	{'task_type': 'regular', 'locomotive': 22564, 'train_section': 23225, 'section': 22496, 'departure_time': 1536978660, 'arrival_time': 1536982980}
296	{'task_type': 'deadhead', 'locomotive': 22564, 'first_train_section': 23225, 'first_section': 22496, 'first_departure_time': 1536978660, 'first_arrival_time': 1536982980, 'second_train_section': 22778, 'second_section': 22431, 'second_departure_time': 1536991800, 'second_arrival_time': 1536996420}
297	{'task_type': 'regular', 'locomotive': 22564, 'train_section': 22778, 'section': 22431, 'departure_time': 1536991800, 'arrival_time': 1536996420}
298	{'task_type': 'regular', 'locomotive': 22564, 'train_section': 22780, 'section': 22495, 'departure_time': 1536997680, 'arrival_time': 1537000560}
299	{'task_type': 'regular', 'locomotive': 22564, 'train_section': 22782, 'section': 22309, 'departure_time': 1537001160, 'arrival_time': 1537005720}
300	{'task_type': 'regular', 'locomotive': 22565, 'train_section': 23549, 'section': 22496, 'departure_time': 1536688140, 'arrival_time': 1536692760}
301	{'task_type': 'deadhead', 'locomotive': 22565, 'first_train_section': 23549, 'first_section': 22496, 'first_departure_time': 1536688140, 'first_arrival_time': 1536692760, 'second_train_section': 23871, 'second_section': 22385, 'second_departure_time': 1536700140, 'second_arrival_time': 1536701040}
302	{'task_type': 'regular', 'locomotive': 22565, 'train_section': 23871, 'section': 22385, 'departure_time': 1536700140, 'arrival_time': 1536701040}
303	{'task_type': 'deadhead', 'locomotive': 22565, 'first_train_section': 23871, 'first_section': 22385, 'first_departure_time': 1536700140, 'first_arrival_time': 1536701040, 'second_train_section': 23310, 'second_section': 22489, 'second_departure_time': 1536745620, 'second_arrival_time': 1536748620}
304	{'task_type': 'regular', 'locomotive': 22565, 'train_section': 23310, 'section': 22489, 'departure_time': 1536745620, 'arrival_time': 1536748620}
305	{'task_type': 'deadhead', 'locomotive': 22565, 'first_train_section': 23310, 'first_section': 22489, 'first_departure_time': 1536745620, 'first_arrival_time': 1536748620, 'second_train_section': 22647, 'second_section': 22404, 'second_departure_time': 1536760560, 'second_arrival_time': 1536770100}
306	{'task_type': 'regular', 'locomotive': 22565, 'train_section': 22647, 'section': 22404, 'departure_time': 1536760560, 'arrival_time': 1536770100}
307	{'task_type': 'regular', 'locomotive': 22565, 'train_section': 22649, 'section': 22245, 'departure_time': 1536770340, 'arrival_time': 1536775380}
308	{'task_type': 'regular', 'locomotive': 22565, 'train_section': 22651, 'section': 22308, 'departure_time': 1536776400, 'arrival_time': 1536779160}
309	{'task_type': 'regular', 'locomotive': 22565, 'train_section': 23860, 'section': 22495, 'departure_time': 1536780480, 'arrival_time': 1536783420}
310	{'task_type': 'regular', 'locomotive': 22565, 'train_section': 23862, 'section': 22307, 'departure_time': 1536784260, 'arrival_time': 1536786300}
311	{'task_type': 'deadhead', 'locomotive': 22565, 'first_train_section': 23862, 'first_section': 22307, 'first_departure_time': 1536784260, 'first_arrival_time': 1536786300, 'second_train_section': 24377, 'second_section': 22266, 'second_departure_time': 1536787500, 'second_arrival_time': 1536794040}
312	{'task_type': 'regular', 'locomotive': 22565, 'train_section': 24377, 'section': 22266, 'departure_time': 1536787500, 'arrival_time': 1536794040}
313	{'task_type': 'regular', 'locomotive': 22565, 'train_section': 22958, 'section': 22361, 'departure_time': 1536814080, 'arrival_time': 1536816540}
314	{'task_type': 'deadhead', 'locomotive': 22565, 'first_train_section': 22958, 'first_section': 22361, 'first_departure_time': 1536814080, 'first_arrival_time': 1536816540, 'second_train_section': 24305, 'second_section': 22356, 'second_departure_time': 1536830880, 'second_arrival_time': 1536838140}
315	{'task_type': 'regular', 'locomotive': 22565, 'train_section': 24305, 'section': 22356, 'departure_time': 1536830880, 'arrival_time': 1536838140}
316	{'task_type': 'deadhead', 'locomotive': 22565, 'first_train_section': 24305, 'first_section': 22356, 'first_departure_time': 1536830880, 'first_arrival_time': 1536838140, 'second_train_section': 22603, 'second_section': 22383, 'second_departure_time': 1536847920, 'second_arrival_time': 1536851340}
317	{'task_type': 'regular', 'locomotive': 22565, 'train_section': 22603, 'section': 22383, 'departure_time': 1536847920, 'arrival_time': 1536851340}
318	{'task_type': 'regular', 'locomotive': 22565, 'train_section': 22605, 'section': 22399, 'departure_time': 1536851400, 'arrival_time': 1536852840}
319	{'task_type': 'deadhead', 'locomotive': 22565, 'first_train_section': 22605, 'first_section': 22399, 'first_departure_time': 1536851400, 'first_arrival_time': 1536852840, 'second_train_section': 23756, 'second_section': 22242, 'second_departure_time': 1536859440, 'second_arrival_time': 1536862620}
320	{'task_type': 'regular', 'locomotive': 22565, 'train_section': 23756, 'section': 22242, 'departure_time': 1536859440, 'arrival_time': 1536862620}
321	{'task_type': 'deadhead', 'locomotive': 22565, 'first_train_section': 23756, 'first_section': 22242, 'first_departure_time': 1536859440, 'first_arrival_time': 1536862620, 'second_train_section': 23151, 'second_section': 22404, 'second_departure_time': 1536891660, 'second_arrival_time': 1536900900}
322	{'task_type': 'regular', 'locomotive': 22565, 'train_section': 23151, 'section': 22404, 'departure_time': 1536891660, 'arrival_time': 1536900900}
323	{'task_type': 'regular', 'locomotive': 22565, 'train_section': 23153, 'section': 22245, 'departure_time': 1536901080, 'arrival_time': 1536906540}
324	{'task_type': 'regular', 'locomotive': 22565, 'train_section': 23155, 'section': 22308, 'departure_time': 1536907260, 'arrival_time': 1536909960}
325	{'task_type': 'regular', 'locomotive': 22565, 'train_section': 23092, 'section': 22495, 'departure_time': 1536911280, 'arrival_time': 1536914160}
326	{'task_type': 'regular', 'locomotive': 22565, 'train_section': 23094, 'section': 22309, 'departure_time': 1536914760, 'arrival_time': 1536919320}
327	{'task_type': 'deadhead', 'locomotive': 22565, 'first_train_section': 23094, 'first_section': 22309, 'first_departure_time': 1536914760, 'first_arrival_time': 1536919320, 'second_train_section': 24262, 'second_section': 22501, 'second_departure_time': 1536956640, 'second_arrival_time': 1536958860}
328	{'task_type': 'regular', 'locomotive': 22565, 'train_section': 24262, 'section': 22501, 'departure_time': 1536956640, 'arrival_time': 1536958860}
329	{'task_type': 'regular', 'locomotive': 22565, 'train_section': 24264, 'section': 22476, 'departure_time': 1536959820, 'arrival_time': 1536963420}
330	{'task_type': 'regular', 'locomotive': 22565, 'train_section': 23831, 'section': 22344, 'departure_time': 1537120980, 'arrival_time': 1537122000}
331	{'task_type': 'regular', 'locomotive': 22566, 'train_section': 24084, 'section': 22257, 'departure_time': 1536674400, 'arrival_time': 1536675120}
332	{'task_type': 'deadhead', 'locomotive': 22566, 'first_train_section': 24084, 'first_section': 22257, 'first_departure_time': 1536674400, 'first_arrival_time': 1536675120, 'second_train_section': 22722, 'second_section': 22471, 'second_departure_time': 1536685020, 'second_arrival_time': 1536687840}
333	{'task_type': 'regular', 'locomotive': 22566, 'train_section': 22722, 'section': 22471, 'departure_time': 1536685020, 'arrival_time': 1536687840}
334	{'task_type': 'deadhead', 'locomotive': 22566, 'first_train_section': 22722, 'first_section': 22471, 'first_departure_time': 1536685020, 'first_arrival_time': 1536687840, 'second_train_section': 23784, 'second_section': 22494, 'second_departure_time': 1536731100, 'second_arrival_time': 1536733320}
335	{'task_type': 'regular', 'locomotive': 22566, 'train_section': 23784, 'section': 22494, 'departure_time': 1536731100, 'arrival_time': 1536733320}
336	{'task_type': 'regular', 'locomotive': 22566, 'train_section': 23188, 'section': 22387, 'departure_time': 1536735120, 'arrival_time': 1536736920}
337	{'task_type': 'deadhead', 'locomotive': 22566, 'first_train_section': 23188, 'first_section': 22387, 'first_departure_time': 1536735120, 'first_arrival_time': 1536736920, 'second_train_section': 24337, 'second_section': 22313, 'second_departure_time': 1536759420, 'second_arrival_time': 1536764880}
338	{'task_type': 'regular', 'locomotive': 22566, 'train_section': 24337, 'section': 22313, 'departure_time': 1536759420, 'arrival_time': 1536764880}
339	{'task_type': 'regular', 'locomotive': 22566, 'train_section': 22998, 'section': 22277, 'departure_time': 1536780900, 'arrival_time': 1536784380}
340	{'task_type': 'deadhead', 'locomotive': 22566, 'first_train_section': 22998, 'first_section': 22277, 'first_departure_time': 1536780900, 'first_arrival_time': 1536784380, 'second_train_section': 23405, 'second_section': 22344, 'second_departure_time': 1536796500, 'second_arrival_time': 1536797520}
341	{'task_type': 'regular', 'locomotive': 22566, 'train_section': 23405, 'section': 22344, 'departure_time': 1536796500, 'arrival_time': 1536797520}
342	{'task_type': 'deadhead', 'locomotive': 22566, 'first_train_section': 23405, 'first_section': 22344, 'first_departure_time': 1536796500, 'first_arrival_time': 1536797520, 'second_train_section': 24464, 'second_section': 22342, 'second_departure_time': 1536810420, 'second_arrival_time': 1536816900}
343	{'task_type': 'regular', 'locomotive': 22566, 'train_section': 24464, 'section': 22342, 'departure_time': 1536810420, 'arrival_time': 1536816900}
344	{'task_type': 'regular', 'locomotive': 22566, 'train_section': 22608, 'section': 22281, 'departure_time': 1536822840, 'arrival_time': 1536828000}
345	{'task_type': 'regular', 'locomotive': 22566, 'train_section': 22643, 'section': 22351, 'departure_time': 1536828480, 'arrival_time': 1536833640}
346	{'task_type': 'deadhead', 'locomotive': 22566, 'first_train_section': 22643, 'first_section': 22351, 'first_departure_time': 1536828480, 'first_arrival_time': 1536833640, 'second_train_section': 23793, 'second_section': 22360, 'second_departure_time': 1536857280, 'second_arrival_time': 1536868920}
347	{'task_type': 'regular', 'locomotive': 22566, 'train_section': 23793, 'section': 22360, 'departure_time': 1536857280, 'arrival_time': 1536868920}
348	{'task_type': 'deadhead', 'locomotive': 22566, 'first_train_section': 24372, 'first_section': 22353, 'first_departure_time': 1536876000, 'first_arrival_time': 1536896340, 'second_train_section': 23902, 'second_section': 22252, 'second_departure_time': 1536942840, 'second_arrival_time': 1536948360}
349	{'task_type': 'regular', 'locomotive': 22566, 'train_section': 23902, 'section': 22252, 'departure_time': 1536942840, 'arrival_time': 1536948360}
350	{'task_type': 'regular', 'locomotive': 22566, 'train_section': 23904, 'section': 22385, 'departure_time': 1536950820, 'arrival_time': 1536951600}
351	{'task_type': 'deadhead', 'locomotive': 22566, 'first_train_section': 23904, 'first_section': 22385, 'first_departure_time': 1536950820, 'first_arrival_time': 1536951600, 'second_train_section': 24267, 'second_section': 22458, 'second_departure_time': 1537019880, 'second_arrival_time': 1537029180}
352	{'task_type': 'regular', 'locomotive': 22566, 'train_section': 24267, 'section': 22458, 'departure_time': 1537019880, 'arrival_time': 1537029180}
353	{'task_type': 'regular', 'locomotive': 22567, 'train_section': 23889, 'section': 22262, 'departure_time': 1536671280, 'arrival_time': 1536671580}
354	{'task_type': 'deadhead', 'locomotive': 22567, 'first_train_section': 23889, 'first_section': 22262, 'first_departure_time': 1536671280, 'first_arrival_time': 1536671580, 'second_train_section': 23998, 'second_section': 22247, 'second_departure_time': 1536735720, 'second_arrival_time': 1536744960}
355	{'task_type': 'regular', 'locomotive': 22567, 'train_section': 23998, 'section': 22247, 'departure_time': 1536735720, 'arrival_time': 1536744960}
356	{'task_type': 'deadhead', 'locomotive': 22567, 'first_train_section': 23998, 'first_section': 22247, 'first_departure_time': 1536735720, 'first_arrival_time': 1536744960, 'second_train_section': 23518, 'second_section': 22404, 'second_departure_time': 1536747600, 'second_arrival_time': 1536756360}
357	{'task_type': 'regular', 'locomotive': 22567, 'train_section': 23518, 'section': 22404, 'departure_time': 1536747600, 'arrival_time': 1536756360}
358	{'task_type': 'regular', 'locomotive': 22567, 'train_section': 23520, 'section': 22248, 'departure_time': 1536756960, 'arrival_time': 1536759600}
359	{'task_type': 'regular', 'locomotive': 22567, 'train_section': 23145, 'section': 22479, 'departure_time': 1536781860, 'arrival_time': 1536783720}
360	{'task_type': 'regular', 'locomotive': 22567, 'train_section': 24375, 'section': 22259, 'departure_time': 1536786900, 'arrival_time': 1536787320}
361	{'task_type': 'deadhead', 'locomotive': 22567, 'first_train_section': 24375, 'first_section': 22259, 'first_departure_time': 1536786900, 'first_arrival_time': 1536787320, 'second_train_section': 24557, 'second_section': 22368, 'second_departure_time': 1536796080, 'second_arrival_time': 1536799800}
362	{'task_type': 'regular', 'locomotive': 22567, 'train_section': 24557, 'section': 22368, 'departure_time': 1536796080, 'arrival_time': 1536799800}
363	{'task_type': 'regular', 'locomotive': 22567, 'train_section': 24559, 'section': 22308, 'departure_time': 1536800400, 'arrival_time': 1536803160}
364	{'task_type': 'regular', 'locomotive': 22567, 'train_section': 24561, 'section': 22496, 'departure_time': 1536804000, 'arrival_time': 1536808800}
365	{'task_type': 'deadhead', 'locomotive': 22567, 'first_train_section': 24561, 'first_section': 22496, 'first_departure_time': 1536804000, 'first_arrival_time': 1536808800, 'second_train_section': 24154, 'second_section': 22416, 'second_departure_time': 1536810840, 'second_arrival_time': 1536814500}
366	{'task_type': 'regular', 'locomotive': 22567, 'train_section': 24154, 'section': 22416, 'departure_time': 1536810840, 'arrival_time': 1536814500}
367	{'task_type': 'deadhead', 'locomotive': 22567, 'first_train_section': 24154, 'first_section': 22416, 'first_departure_time': 1536810840, 'first_arrival_time': 1536814500, 'second_train_section': 23414, 'second_section': 22441, 'second_departure_time': 1536832440, 'second_arrival_time': 1536836400}
368	{'task_type': 'regular', 'locomotive': 22567, 'train_section': 23414, 'section': 22441, 'departure_time': 1536832440, 'arrival_time': 1536836400}
369	{'task_type': 'deadhead', 'locomotive': 22567, 'first_train_section': 23414, 'first_section': 22441, 'first_departure_time': 1536832440, 'first_arrival_time': 1536836400, 'second_train_section': 22636, 'second_section': 22475, 'second_departure_time': 1536849060, 'second_arrival_time': 1536853080}
370	{'task_type': 'regular', 'locomotive': 22567, 'train_section': 22636, 'section': 22475, 'departure_time': 1536849060, 'arrival_time': 1536853080}
371	{'task_type': 'deadhead', 'locomotive': 22567, 'first_train_section': 22636, 'first_section': 22475, 'first_departure_time': 1536849060, 'first_arrival_time': 1536853080, 'second_train_section': 22734, 'second_section': 22431, 'second_departure_time': 1536861780, 'second_arrival_time': 1536865740}
372	{'task_type': 'regular', 'locomotive': 22567, 'train_section': 22734, 'section': 22431, 'departure_time': 1536861780, 'arrival_time': 1536865740}
373	{'task_type': 'regular', 'locomotive': 22567, 'train_section': 22736, 'section': 22495, 'departure_time': 1536866880, 'arrival_time': 1536869820}
374	{'task_type': 'regular', 'locomotive': 22567, 'train_section': 22738, 'section': 22307, 'departure_time': 1536870660, 'arrival_time': 1536872700}
375	{'task_type': 'regular', 'locomotive': 22567, 'train_section': 23775, 'section': 22483, 'departure_time': 1536886320, 'arrival_time': 1536889380}
376	{'task_type': 'deadhead', 'locomotive': 22567, 'first_train_section': 23775, 'first_section': 22483, 'first_departure_time': 1536886320, 'first_arrival_time': 1536889380, 'second_train_section': 22978, 'second_section': 22303, 'second_departure_time': 1536895440, 'second_arrival_time': 1536901320}
377	{'task_type': 'regular', 'locomotive': 22567, 'train_section': 22978, 'section': 22303, 'departure_time': 1536895440, 'arrival_time': 1536901320}
378	{'task_type': 'regular', 'locomotive': 22567, 'train_section': 22825, 'section': 22457, 'departure_time': 1536922320, 'arrival_time': 1536924300}
379	{'task_type': 'deadhead', 'locomotive': 22567, 'first_train_section': 22825, 'first_section': 22457, 'first_departure_time': 1536922320, 'first_arrival_time': 1536924300, 'second_train_section': 24684, 'second_section': 22441, 'second_departure_time': 1536949860, 'second_arrival_time': 1536952980}
380	{'task_type': 'regular', 'locomotive': 22567, 'train_section': 24684, 'section': 22441, 'departure_time': 1536949860, 'arrival_time': 1536952980}
381	{'task_type': 'deadhead', 'locomotive': 22567, 'first_train_section': 24684, 'first_section': 22441, 'first_departure_time': 1536949860, 'first_arrival_time': 1536952980, 'second_train_section': 23417, 'second_section': 22427, 'second_departure_time': 1536961740, 'second_arrival_time': 1536964680}
382	{'task_type': 'regular', 'locomotive': 22567, 'train_section': 23417, 'section': 22427, 'departure_time': 1536961740, 'arrival_time': 1536964680}
383	{'task_type': 'regular', 'locomotive': 22567, 'train_section': 23419, 'section': 22443, 'departure_time': 1536965700, 'arrival_time': 1536967380}
384	{'task_type': 'regular', 'locomotive': 22567, 'train_section': 23421, 'section': 22495, 'departure_time': 1536968040, 'arrival_time': 1536970920}
385	{'task_type': 'regular', 'locomotive': 22567, 'train_section': 23423, 'section': 22304, 'departure_time': 1536971580, 'arrival_time': 1536976020}
386	{'task_type': 'regular', 'locomotive': 22567, 'train_section': 23425, 'section': 22247, 'departure_time': 1536976200, 'arrival_time': 1536986760}
387	{'task_type': 'deadhead', 'locomotive': 22567, 'first_train_section': 23425, 'first_section': 22247, 'first_departure_time': 1536976200, 'first_arrival_time': 1536986760, 'second_train_section': 23719, 'second_section': 22403, 'second_departure_time': 1536999540, 'second_arrival_time': 1537002060}
388	{'task_type': 'regular', 'locomotive': 22567, 'train_section': 23719, 'section': 22403, 'departure_time': 1536999540, 'arrival_time': 1537002060}
389	{'task_type': 'regular', 'locomotive': 22568, 'train_section': 22692, 'section': 22242, 'departure_time': 1536773040, 'arrival_time': 1536776220}
390	{'task_type': 'deadhead', 'locomotive': 22568, 'first_train_section': 22692, 'first_section': 22242, 'first_departure_time': 1536773040, 'first_arrival_time': 1536776220, 'second_train_section': 24399, 'second_section': 22402, 'second_departure_time': 1536807840, 'second_arrival_time': 1536810360}
391	{'task_type': 'regular', 'locomotive': 22568, 'train_section': 24399, 'section': 22402, 'departure_time': 1536807840, 'arrival_time': 1536810360}
392	{'task_type': 'deadhead', 'locomotive': 22568, 'first_train_section': 24399, 'first_section': 22402, 'first_departure_time': 1536807840, 'first_arrival_time': 1536810360, 'second_train_section': 23772, 'second_section': 22318, 'second_departure_time': 1536845700, 'second_arrival_time': 1536850200}
393	{'task_type': 'regular', 'locomotive': 22568, 'train_section': 23772, 'section': 22318, 'departure_time': 1536845700, 'arrival_time': 1536850200}
394	{'task_type': 'regular', 'locomotive': 22568, 'train_section': 23373, 'section': 22488, 'departure_time': 1536851640, 'arrival_time': 1536856020}
395	{'task_type': 'deadhead', 'locomotive': 22568, 'first_train_section': 23373, 'first_section': 22488, 'first_departure_time': 1536851640, 'first_arrival_time': 1536856020, 'second_train_section': 23658, 'second_section': 22407, 'second_departure_time': 1536862680, 'second_arrival_time': 1536869340}
396	{'task_type': 'regular', 'locomotive': 22568, 'train_section': 23658, 'section': 22407, 'departure_time': 1536862680, 'arrival_time': 1536869340}
397	{'task_type': 'regular', 'locomotive': 22568, 'train_section': 23660, 'section': 22334, 'departure_time': 1536869820, 'arrival_time': 1536873000}
398	{'task_type': 'regular', 'locomotive': 22568, 'train_section': 23662, 'section': 22322, 'departure_time': 1536873180, 'arrival_time': 1536881400}
399	{'task_type': 'deadhead', 'locomotive': 22568, 'first_train_section': 23662, 'first_section': 22322, 'first_departure_time': 1536873180, 'first_arrival_time': 1536881400, 'second_train_section': 24343, 'second_section': 22293, 'second_departure_time': 1536891480, 'second_arrival_time': 1536899940}
400	{'task_type': 'regular', 'locomotive': 22568, 'train_section': 24343, 'section': 22293, 'departure_time': 1536891480, 'arrival_time': 1536899940}
401	{'task_type': 'deadhead', 'locomotive': 22568, 'first_train_section': 24343, 'first_section': 22293, 'first_departure_time': 1536891480, 'first_arrival_time': 1536899940, 'second_train_section': 24699, 'second_section': 22285, 'second_departure_time': 1536926520, 'second_arrival_time': 1536935640}
402	{'task_type': 'regular', 'locomotive': 22568, 'train_section': 24699, 'section': 22285, 'departure_time': 1536926520, 'arrival_time': 1536935640}
403	{'task_type': 'regular', 'locomotive': 22568, 'train_section': 23204, 'section': 22492, 'departure_time': 1536992640, 'arrival_time': 1537001880}
404	{'task_type': 'deadhead', 'locomotive': 22568, 'first_train_section': 23204, 'first_section': 22492, 'first_departure_time': 1536992640, 'first_arrival_time': 1537001880, 'second_train_section': 23081, 'second_section': 22351, 'second_departure_time': 1537008480, 'second_arrival_time': 1537013640}
405	{'task_type': 'regular', 'locomotive': 22568, 'train_section': 23081, 'section': 22351, 'departure_time': 1537008480, 'arrival_time': 1537013640}
406	{'task_type': 'regular', 'locomotive': 22568, 'train_section': 24269, 'section': 22500, 'departure_time': 1537029540, 'arrival_time': 1537031280}
407	{'task_type': 'regular', 'locomotive': 22568, 'train_section': 23868, 'section': 22360, 'departure_time': 1537116480, 'arrival_time': 1537128120}
408	{'task_type': 'regular', 'locomotive': 22569, 'train_section': 24544, 'section': 22262, 'departure_time': 1536757680, 'arrival_time': 1536757980}
409	{'task_type': 'regular', 'locomotive': 22569, 'train_section': 24546, 'section': 22263, 'departure_time': 1536759480, 'arrival_time': 1536761280}
410	{'task_type': 'regular', 'locomotive': 22569, 'train_section': 24548, 'section': 22247, 'departure_time': 1536761520, 'arrival_time': 1536772620}
411	{'task_type': 'deadhead', 'locomotive': 22569, 'first_train_section': 24548, 'first_section': 22247, 'first_departure_time': 1536761520, 'first_arrival_time': 1536772620, 'second_train_section': 23434, 'second_section': 22404, 'second_departure_time': 1536772740, 'second_arrival_time': 1536781620}
412	{'task_type': 'regular', 'locomotive': 22569, 'train_section': 23434, 'section': 22404, 'departure_time': 1536772740, 'arrival_time': 1536781620}
413	{'task_type': 'regular', 'locomotive': 22569, 'train_section': 23436, 'section': 22245, 'departure_time': 1536782220, 'arrival_time': 1536786900}
414	{'task_type': 'regular', 'locomotive': 22569, 'train_section': 23438, 'section': 22308, 'departure_time': 1536787440, 'arrival_time': 1536790140}
415	{'task_type': 'regular', 'locomotive': 22569, 'train_section': 23440, 'section': 22496, 'departure_time': 1536790980, 'arrival_time': 1536795000}
416	{'task_type': 'deadhead', 'locomotive': 22569, 'first_train_section': 23440, 'first_section': 22496, 'first_departure_time': 1536790980, 'first_arrival_time': 1536795000, 'second_train_section': 22704, 'second_section': 22423, 'second_departure_time': 1536799380, 'second_arrival_time': 1536810480}
417	{'task_type': 'regular', 'locomotive': 22569, 'train_section': 22704, 'section': 22423, 'departure_time': 1536799380, 'arrival_time': 1536810480}
418	{'task_type': 'deadhead', 'locomotive': 22569, 'first_train_section': 22704, 'first_section': 22423, 'first_departure_time': 1536799380, 'first_arrival_time': 1536810480, 'second_train_section': 24078, 'second_section': 22497, 'second_departure_time': 1536818160, 'second_arrival_time': 1536819540}
419	{'task_type': 'regular', 'locomotive': 22569, 'train_section': 24078, 'section': 22497, 'departure_time': 1536818160, 'arrival_time': 1536819540}
420	{'task_type': 'regular', 'locomotive': 22569, 'train_section': 24620, 'section': 22339, 'departure_time': 1536898440, 'arrival_time': 1536900000}
421	{'task_type': 'regular', 'locomotive': 22569, 'train_section': 23697, 'section': 22497, 'departure_time': 1536904560, 'arrival_time': 1536905940}
422	{'task_type': 'regular', 'locomotive': 22569, 'train_section': 23348, 'section': 22338, 'departure_time': 1536935040, 'arrival_time': 1536947160}
423	{'task_type': 'deadhead', 'locomotive': 22569, 'first_train_section': 23348, 'first_section': 22338, 'first_departure_time': 1536935040, 'first_arrival_time': 1536947160, 'second_train_section': 23276, 'second_section': 22431, 'second_departure_time': 1536948180, 'second_arrival_time': 1536952140}
424	{'task_type': 'regular', 'locomotive': 22569, 'train_section': 23276, 'section': 22431, 'departure_time': 1536948180, 'arrival_time': 1536952140}
425	{'task_type': 'regular', 'locomotive': 22569, 'train_section': 23278, 'section': 22495, 'departure_time': 1536953280, 'arrival_time': 1536956220}
426	{'task_type': 'regular', 'locomotive': 22569, 'train_section': 23280, 'section': 22307, 'departure_time': 1536957060, 'arrival_time': 1536959100}
427	{'task_type': 'regular', 'locomotive': 22569, 'train_section': 23103, 'section': 22483, 'departure_time': 1536972720, 'arrival_time': 1536975780}
428	{'task_type': 'deadhead', 'locomotive': 22569, 'first_train_section': 23103, 'first_section': 22483, 'first_departure_time': 1536972720, 'first_arrival_time': 1536975780, 'second_train_section': 23492, 'second_section': 22499, 'second_departure_time': 1537011900, 'second_arrival_time': 1537017060}
429	{'task_type': 'regular', 'locomotive': 22569, 'train_section': 23492, 'section': 22499, 'departure_time': 1537011900, 'arrival_time': 1537017060}
430	{'task_type': 'regular', 'locomotive': 22569, 'train_section': 23494, 'section': 22340, 'departure_time': 1537017540, 'arrival_time': 1537033200}
431	{'task_type': 'regular', 'locomotive': 22569, 'train_section': 23112, 'section': 22233, 'departure_time': 1537078860, 'arrival_time': 1537094340}
432	{'task_type': 'regular', 'locomotive': 22569, 'train_section': 23114, 'section': 22351, 'departure_time': 1537094880, 'arrival_time': 1537100040}
433	{'task_type': 'regular', 'locomotive': 22570, 'train_section': 24121, 'section': 22438, 'departure_time': 1536673920, 'arrival_time': 1536684660}
434	{'task_type': 'deadhead', 'locomotive': 22570, 'first_train_section': 24121, 'first_section': 22438, 'first_departure_time': 1536673920, 'first_arrival_time': 1536684660, 'second_train_section': 24340, 'second_section': 22313, 'second_departure_time': 1536742080, 'second_arrival_time': 1536747000}
435	{'task_type': 'regular', 'locomotive': 22570, 'train_section': 24340, 'section': 22313, 'departure_time': 1536742080, 'arrival_time': 1536747000}
436	{'task_type': 'regular', 'locomotive': 22570, 'train_section': 23896, 'section': 22285, 'departure_time': 1536753720, 'arrival_time': 1536762840}
437	{'task_type': 'regular', 'locomotive': 22570, 'train_section': 24056, 'section': 22492, 'departure_time': 1536819840, 'arrival_time': 1536829080}
438	{'task_type': 'deadhead', 'locomotive': 22570, 'first_train_section': 24056, 'first_section': 22492, 'first_departure_time': 1536819840, 'first_arrival_time': 1536829080, 'second_train_section': 23565, 'second_section': 22381, 'second_departure_time': 1536838320, 'second_arrival_time': 1536840240}
439	{'task_type': 'regular', 'locomotive': 22570, 'train_section': 23565, 'section': 22381, 'departure_time': 1536838320, 'arrival_time': 1536840240}
440	{'task_type': 'regular', 'locomotive': 22570, 'train_section': 24290, 'section': 22287, 'departure_time': 1536840480, 'arrival_time': 1536841860}
441	{'task_type': 'deadhead', 'locomotive': 22570, 'first_train_section': 24290, 'first_section': 22287, 'first_departure_time': 1536840480, 'first_arrival_time': 1536841860, 'second_train_section': 22952, 'second_section': 22351, 'second_departure_time': 1536850080, 'second_arrival_time': 1536855240}
442	{'task_type': 'regular', 'locomotive': 22570, 'train_section': 22952, 'section': 22351, 'departure_time': 1536850080, 'arrival_time': 1536855240}
443	{'task_type': 'deadhead', 'locomotive': 22570, 'first_train_section': 24661, 'first_section': 22502, 'first_departure_time': 1536865500, 'first_arrival_time': 1536875940, 'second_train_section': 24197, 'second_section': 22505, 'second_departure_time': 1536880500, 'second_arrival_time': 1536885240}
444	{'task_type': 'regular', 'locomotive': 22570, 'train_section': 24197, 'section': 22505, 'departure_time': 1536880500, 'arrival_time': 1536885240}
445	{'task_type': 'regular', 'locomotive': 22570, 'train_section': 24199, 'section': 22308, 'departure_time': 1536885960, 'arrival_time': 1536888720}
446	{'task_type': 'regular', 'locomotive': 22570, 'train_section': 24201, 'section': 22496, 'departure_time': 1536890700, 'arrival_time': 1536895500}
447	{'task_type': 'deadhead', 'locomotive': 22570, 'first_train_section': 24201, 'first_section': 22496, 'first_departure_time': 1536890700, 'first_arrival_time': 1536895500, 'second_train_section': 23090, 'second_section': 22431, 'second_departure_time': 1536905400, 'second_arrival_time': 1536910020}
448	{'task_type': 'regular', 'locomotive': 22570, 'train_section': 23090, 'section': 22431, 'departure_time': 1536905400, 'arrival_time': 1536910020}
449	{'task_type': 'regular', 'locomotive': 22570, 'train_section': 23157, 'section': 22496, 'departure_time': 1536910860, 'arrival_time': 1536915660}
450	{'task_type': 'deadhead', 'locomotive': 22570, 'first_train_section': 23157, 'first_section': 22496, 'first_departure_time': 1536910860, 'first_arrival_time': 1536915660, 'second_train_section': 22656, 'second_section': 22427, 'second_departure_time': 1536950700, 'second_arrival_time': 1536953940}
451	{'task_type': 'regular', 'locomotive': 22570, 'train_section': 22656, 'section': 22427, 'departure_time': 1536950700, 'arrival_time': 1536953940}
452	{'task_type': 'regular', 'locomotive': 22570, 'train_section': 22658, 'section': 22443, 'departure_time': 1536954840, 'arrival_time': 1536956520}
453	{'task_type': 'regular', 'locomotive': 22570, 'train_section': 22660, 'section': 22495, 'departure_time': 1536957240, 'arrival_time': 1536959940}
454	{'task_type': 'regular', 'locomotive': 22570, 'train_section': 22662, 'section': 22304, 'departure_time': 1536960720, 'arrival_time': 1536965280}
455	{'task_type': 'regular', 'locomotive': 22570, 'train_section': 22664, 'section': 22247, 'departure_time': 1536965940, 'arrival_time': 1536974760}
456	{'task_type': 'regular', 'locomotive': 22572, 'train_section': 23709, 'section': 22505, 'departure_time': 1536754740, 'arrival_time': 1536760620}
457	{'task_type': 'regular', 'locomotive': 22572, 'train_section': 23711, 'section': 22308, 'departure_time': 1536762000, 'arrival_time': 1536764820}
458	{'task_type': 'regular', 'locomotive': 22572, 'train_section': 23713, 'section': 22496, 'departure_time': 1536766680, 'arrival_time': 1536771600}
459	{'task_type': 'regular', 'locomotive': 22572, 'train_section': 23628, 'section': 22474, 'departure_time': 1536808800, 'arrival_time': 1536810480}
460	{'task_type': 'regular', 'locomotive': 22572, 'train_section': 23716, 'section': 22512, 'departure_time': 1536812940, 'arrival_time': 1536816300}
461	{'task_type': 'deadhead', 'locomotive': 22572, 'first_train_section': 23716, 'first_section': 22512, 'first_departure_time': 1536812940, 'first_arrival_time': 1536816300, 'second_train_section': 24296, 'second_section': 22513, 'second_departure_time': 1536853080, 'second_arrival_time': 1536854700}
462	{'task_type': 'regular', 'locomotive': 22572, 'train_section': 24296, 'section': 22513, 'departure_time': 1536853080, 'arrival_time': 1536854700}
463	{'task_type': 'deadhead', 'locomotive': 22572, 'first_train_section': 23458, 'first_section': 22473, 'first_departure_time': 1536854700, 'first_arrival_time': 1536875940, 'second_train_section': 23179, 'second_section': 22512, 'second_departure_time': 1536899340, 'second_arrival_time': 1536902700}
464	{'task_type': 'regular', 'locomotive': 22572, 'train_section': 23179, 'section': 22512, 'departure_time': 1536899340, 'arrival_time': 1536902700}
465	{'task_type': 'regular', 'locomotive': 22572, 'train_section': 22883, 'section': 22457, 'departure_time': 1536929520, 'arrival_time': 1536931620}
466	{'task_type': 'regular', 'locomotive': 22572, 'train_section': 24157, 'section': 22436, 'departure_time': 1536933840, 'arrival_time': 1536935820}
467	{'task_type': 'deadhead', 'locomotive': 22572, 'first_train_section': 24157, 'first_section': 22436, 'first_departure_time': 1536933840, 'first_arrival_time': 1536935820, 'second_train_section': 24354, 'second_section': 22413, 'second_departure_time': 1536939120, 'second_arrival_time': 1536942960}
468	{'task_type': 'regular', 'locomotive': 22572, 'train_section': 24354, 'section': 22413, 'departure_time': 1536939120, 'arrival_time': 1536942960}
469	{'task_type': 'deadhead', 'locomotive': 22572, 'first_train_section': 22775, 'first_section': 22300, 'first_departure_time': 1536980760, 'first_arrival_time': 1536982500, 'second_train_section': 22731, 'second_section': 22378, 'second_departure_time': 1536989700, 'second_arrival_time': 1536993360}
470	{'task_type': 'regular', 'locomotive': 22572, 'train_section': 22731, 'section': 22378, 'departure_time': 1536989700, 'arrival_time': 1536993360}
471	{'task_type': 'regular', 'locomotive': 22572, 'train_section': 24386, 'section': 22416, 'departure_time': 1537001640, 'arrival_time': 1537005300}
472	{'task_type': 'deadhead', 'locomotive': 22572, 'first_train_section': 24386, 'first_section': 22416, 'first_departure_time': 1537001640, 'first_arrival_time': 1537005300, 'second_train_section': 23117, 'second_section': 22416, 'second_departure_time': 1537026840, 'second_arrival_time': 1537030500}
473	{'task_type': 'regular', 'locomotive': 22572, 'train_section': 23117, 'section': 22416, 'departure_time': 1537026840, 'arrival_time': 1537030500}
474	{'task_type': 'regular', 'locomotive': 22572, 'train_section': 23910, 'section': 22378, 'departure_time': 1537074300, 'arrival_time': 1537077960}
475	{'task_type': 'regular', 'locomotive': 22572, 'train_section': 23345, 'section': 22416, 'departure_time': 1537088040, 'arrival_time': 1537091700}
476	{'task_type': 'regular', 'locomotive': 22572, 'train_section': 24458, 'section': 22378, 'departure_time': 1537113900, 'arrival_time': 1537117560}
477	{'task_type': 'regular', 'locomotive': 22572, 'train_section': 24507, 'section': 22416, 'departure_time': 1537120440, 'arrival_time': 1537124100}
478	{'task_type': 'regular', 'locomotive': 22576, 'train_section': 23944, 'section': 22279, 'departure_time': 1536673800, 'arrival_time': 1536678720}
479	{'task_type': 'regular', 'locomotive': 22576, 'train_section': 24328, 'section': 22315, 'departure_time': 1536684480, 'arrival_time': 1536688980}
480	{'task_type': 'deadhead', 'locomotive': 22576, 'first_train_section': 24328, 'first_section': 22315, 'first_departure_time': 1536684480, 'first_arrival_time': 1536688980, 'second_train_section': 23722, 'second_section': 22290, 'second_departure_time': 1536699060, 'second_arrival_time': 1536705900}
481	{'task_type': 'regular', 'locomotive': 22576, 'train_section': 23722, 'section': 22290, 'departure_time': 1536699060, 'arrival_time': 1536705900}
482	{'task_type': 'regular', 'locomotive': 22576, 'train_section': 22984, 'section': 22342, 'departure_time': 1536736740, 'arrival_time': 1536742020}
483	{'task_type': 'regular', 'locomotive': 22576, 'train_section': 23738, 'section': 22279, 'departure_time': 1536760200, 'arrival_time': 1536765120}
484	{'task_type': 'deadhead', 'locomotive': 22576, 'first_train_section': 23738, 'first_section': 22279, 'first_departure_time': 1536760200, 'first_arrival_time': 1536765120, 'second_train_section': 23934, 'second_section': 22446, 'second_departure_time': 1536772860, 'second_arrival_time': 1536773940}
485	{'task_type': 'regular', 'locomotive': 22576, 'train_section': 23934, 'section': 22446, 'departure_time': 1536772860, 'arrival_time': 1536773940}
486	{'task_type': 'deadhead', 'locomotive': 22576, 'first_train_section': 23934, 'first_section': 22446, 'first_departure_time': 1536772860, 'first_arrival_time': 1536773940, 'second_train_section': 23512, 'second_section': 22280, 'second_departure_time': 1536778920, 'second_arrival_time': 1536787320}
487	{'task_type': 'regular', 'locomotive': 22576, 'train_section': 23512, 'section': 22280, 'departure_time': 1536778920, 'arrival_time': 1536787320}
488	{'task_type': 'regular', 'locomotive': 22576, 'train_section': 23316, 'section': 22330, 'departure_time': 1536795600, 'arrival_time': 1536803820}
489	{'task_type': 'deadhead', 'locomotive': 22576, 'first_train_section': 23316, 'first_section': 22330, 'first_departure_time': 1536795600, 'first_arrival_time': 1536803820, 'second_train_section': 22955, 'second_section': 22273, 'second_departure_time': 1536810480, 'second_arrival_time': 1536814860}
490	{'task_type': 'regular', 'locomotive': 22576, 'train_section': 22955, 'section': 22273, 'departure_time': 1536810480, 'arrival_time': 1536814860}
491	{'task_type': 'deadhead', 'locomotive': 22576, 'first_train_section': 22955, 'first_section': 22273, 'first_departure_time': 1536810480, 'first_arrival_time': 1536814860, 'second_train_section': 23365, 'second_section': 22409, 'second_departure_time': 1536818340, 'second_arrival_time': 1536825840}
492	{'task_type': 'regular', 'locomotive': 22576, 'train_section': 23365, 'section': 22409, 'departure_time': 1536818340, 'arrival_time': 1536825840}
493	{'task_type': 'deadhead', 'locomotive': 22576, 'first_train_section': 23365, 'first_section': 22409, 'first_departure_time': 1536818340, 'first_arrival_time': 1536825840, 'second_train_section': 24284, 'second_section': 22383, 'second_departure_time': 1536837120, 'second_arrival_time': 1536840540}
494	{'task_type': 'regular', 'locomotive': 22576, 'train_section': 24284, 'section': 22383, 'departure_time': 1536837120, 'arrival_time': 1536840540}
495	{'task_type': 'deadhead', 'locomotive': 22576, 'first_train_section': 24284, 'first_section': 22383, 'first_departure_time': 1536837120, 'first_arrival_time': 1536840540, 'second_train_section': 23552, 'second_section': 22404, 'second_departure_time': 1536841380, 'second_arrival_time': 1536849900}
496	{'task_type': 'regular', 'locomotive': 22576, 'train_section': 23552, 'section': 22404, 'departure_time': 1536841380, 'arrival_time': 1536849900}
497	{'task_type': 'regular', 'locomotive': 22576, 'train_section': 23555, 'section': 22249, 'departure_time': 1536850080, 'arrival_time': 1536856080}
498	{'task_type': 'regular', 'locomotive': 22576, 'train_section': 24321, 'section': 22504, 'departure_time': 1536868020, 'arrival_time': 1536873060}
499	{'task_type': 'regular', 'locomotive': 22576, 'train_section': 24324, 'section': 22247, 'departure_time': 1536873240, 'arrival_time': 1536884100}
500	{'task_type': 'deadhead', 'locomotive': 22576, 'first_train_section': 24324, 'first_section': 22247, 'first_departure_time': 1536873240, 'first_arrival_time': 1536884100, 'second_train_section': 24035, 'second_section': 22404, 'second_departure_time': 1536899820, 'second_arrival_time': 1536910020}
501	{'task_type': 'regular', 'locomotive': 22576, 'train_section': 24035, 'section': 22404, 'departure_time': 1536899820, 'arrival_time': 1536910020}
502	{'task_type': 'regular', 'locomotive': 22576, 'train_section': 24037, 'section': 22245, 'departure_time': 1536910380, 'arrival_time': 1536915360}
503	{'task_type': 'regular', 'locomotive': 22576, 'train_section': 24039, 'section': 22308, 'departure_time': 1536915840, 'arrival_time': 1536918480}
504	{'task_type': 'regular', 'locomotive': 22576, 'train_section': 24041, 'section': 22496, 'departure_time': 1536919080, 'arrival_time': 1536924060}
505	{'task_type': 'deadhead', 'locomotive': 22576, 'first_train_section': 24041, 'first_section': 22496, 'first_departure_time': 1536919080, 'first_arrival_time': 1536924060, 'second_train_section': 24190, 'second_section': 22431, 'second_departure_time': 1536945540, 'second_arrival_time': 1536950400}
506	{'task_type': 'regular', 'locomotive': 22576, 'train_section': 24190, 'section': 22431, 'departure_time': 1536945540, 'arrival_time': 1536950400}
507	{'task_type': 'regular', 'locomotive': 22576, 'train_section': 24192, 'section': 22495, 'departure_time': 1536951840, 'arrival_time': 1536954660}
508	{'task_type': 'regular', 'locomotive': 22576, 'train_section': 24194, 'section': 22309, 'departure_time': 1536955740, 'arrival_time': 1536960480}
509	{'task_type': 'regular', 'locomotive': 22577, 'train_section': 23032, 'section': 22280, 'departure_time': 1536724440, 'arrival_time': 1536731040}
510	{'task_type': 'regular', 'locomotive': 22577, 'train_section': 23582, 'section': 22333, 'departure_time': 1536732900, 'arrival_time': 1536735720}
511	{'task_type': 'regular', 'locomotive': 22577, 'train_section': 23584, 'section': 22472, 'departure_time': 1536736380, 'arrival_time': 1536741540}
512	{'task_type': 'regular', 'locomotive': 22577, 'train_section': 23586, 'section': 22351, 'departure_time': 1536742080, 'arrival_time': 1536747240}
513	{'task_type': 'regular', 'locomotive': 22577, 'train_section': 24501, 'section': 22500, 'departure_time': 1536853080, 'arrival_time': 1536856200}
514	{'task_type': 'regular', 'locomotive': 22577, 'train_section': 23007, 'section': 22360, 'departure_time': 1536943680, 'arrival_time': 1536955320}
515	{'task_type': 'regular', 'locomotive': 22577, 'train_section': 23255, 'section': 22458, 'departure_time': 1537106280, 'arrival_time': 1537115580}
516	{'task_type': 'regular', 'locomotive': 22577, 'train_section': 23257, 'section': 22500, 'departure_time': 1537115940, 'arrival_time': 1537117680}
517	{'task_type': 'regular', 'locomotive': 22579, 'train_section': 24477, 'section': 22331, 'departure_time': 1536678480, 'arrival_time': 1536689340}
518	{'task_type': 'regular', 'locomotive': 22579, 'train_section': 24133, 'section': 22438, 'departure_time': 1536760320, 'arrival_time': 1536771060}
519	{'task_type': 'deadhead', 'locomotive': 22579, 'first_train_section': 24133, 'first_section': 22438, 'first_departure_time': 1536760320, 'first_arrival_time': 1536771060, 'second_train_section': 23931, 'second_section': 22322, 'second_departure_time': 1536786780, 'second_arrival_time': 1536795000}
520	{'task_type': 'regular', 'locomotive': 22579, 'train_section': 23931, 'section': 22322, 'departure_time': 1536786780, 'arrival_time': 1536795000}
521	{'task_type': 'deadhead', 'locomotive': 22579, 'first_train_section': 23931, 'first_section': 22322, 'first_departure_time': 1536786780, 'first_arrival_time': 1536795000, 'second_train_section': 22904, 'second_section': 22292, 'second_departure_time': 1536800100, 'second_arrival_time': 1536802380}
522	{'task_type': 'regular', 'locomotive': 22579, 'train_section': 22904, 'section': 22292, 'departure_time': 1536800100, 'arrival_time': 1536802380}
523	{'task_type': 'deadhead', 'locomotive': 22579, 'first_train_section': 22904, 'first_section': 22292, 'first_departure_time': 1536800100, 'first_arrival_time': 1536802380, 'second_train_section': 24647, 'second_section': 22281, 'second_departure_time': 1536807960, 'second_arrival_time': 1536814920}
524	{'task_type': 'regular', 'locomotive': 22579, 'train_section': 24647, 'section': 22281, 'departure_time': 1536807960, 'arrival_time': 1536814920}
525	{'task_type': 'deadhead', 'locomotive': 22579, 'first_train_section': 24647, 'first_section': 22281, 'first_departure_time': 1536807960, 'first_arrival_time': 1536814920, 'second_train_section': 24693, 'second_section': 22275, 'second_departure_time': 1536843900, 'second_arrival_time': 1536850980}
526	{'task_type': 'regular', 'locomotive': 22579, 'train_section': 24693, 'section': 22275, 'departure_time': 1536843900, 'arrival_time': 1536850980}
527	{'task_type': 'regular', 'locomotive': 22579, 'train_section': 24529, 'section': 22281, 'departure_time': 1536851640, 'arrival_time': 1536856800}
528	{'task_type': 'regular', 'locomotive': 22579, 'train_section': 24065, 'section': 22344, 'departure_time': 1536865080, 'arrival_time': 1536866100}
529	{'task_type': 'deadhead', 'locomotive': 22579, 'first_train_section': 24065, 'first_section': 22344, 'first_departure_time': 1536865080, 'first_arrival_time': 1536866100, 'second_train_section': 22987, 'second_section': 22343, 'second_departure_time': 1536870000, 'second_arrival_time': 1536880740}
530	{'task_type': 'regular', 'locomotive': 22579, 'train_section': 22987, 'section': 22343, 'departure_time': 1536870000, 'arrival_time': 1536880740}
531	{'task_type': 'deadhead', 'locomotive': 22579, 'first_train_section': 22987, 'first_section': 22343, 'first_departure_time': 1536870000, 'first_arrival_time': 1536880740, 'second_train_section': 22622, 'second_section': 22292, 'second_departure_time': 1536886500, 'second_arrival_time': 1536888780}
532	{'task_type': 'regular', 'locomotive': 22579, 'train_section': 22622, 'section': 22292, 'departure_time': 1536886500, 'arrival_time': 1536888780}
533	{'task_type': 'deadhead', 'locomotive': 22579, 'first_train_section': 22622, 'first_section': 22292, 'first_departure_time': 1536886500, 'first_arrival_time': 1536888780, 'second_train_section': 24678, 'second_section': 22461, 'second_departure_time': 1536899040, 'second_arrival_time': 1536902400}
534	{'task_type': 'regular', 'locomotive': 22579, 'train_section': 24678, 'section': 22461, 'departure_time': 1536899040, 'arrival_time': 1536902400}
535	{'task_type': 'regular', 'locomotive': 22579, 'train_section': 23907, 'section': 22281, 'departure_time': 1536909240, 'arrival_time': 1536914400}
536	{'task_type': 'deadhead', 'locomotive': 22579, 'first_train_section': 23907, 'first_section': 22281, 'first_departure_time': 1536909240, 'first_arrival_time': 1536914400, 'second_train_section': 22797, 'second_section': 22472, 'second_departure_time': 1536923580, 'second_arrival_time': 1536928740}
537	{'task_type': 'regular', 'locomotive': 22579, 'train_section': 22797, 'section': 22472, 'departure_time': 1536923580, 'arrival_time': 1536928740}
538	{'task_type': 'regular', 'locomotive': 22579, 'train_section': 22772, 'section': 22343, 'departure_time': 1536956400, 'arrival_time': 1536967140}
539	{'task_type': 'deadhead', 'locomotive': 22579, 'first_train_section': 22772, 'first_section': 22343, 'first_departure_time': 1536956400, 'first_arrival_time': 1536967140, 'second_train_section': 22846, 'second_section': 22288, 'second_departure_time': 1536973620, 'second_arrival_time': 1536980160}
540	{'task_type': 'regular', 'locomotive': 22579, 'train_section': 22846, 'section': 22288, 'departure_time': 1536973620, 'arrival_time': 1536980160}
541	{'task_type': 'deadhead', 'locomotive': 22579, 'first_train_section': 22846, 'first_section': 22288, 'first_departure_time': 1536973620, 'first_arrival_time': 1536980160, 'second_train_section': 23533, 'second_section': 22329, 'second_departure_time': 1536987480, 'second_arrival_time': 1536988920}
542	{'task_type': 'regular', 'locomotive': 22579, 'train_section': 23533, 'section': 22329, 'departure_time': 1536987480, 'arrival_time': 1536988920}
543	{'task_type': 'regular', 'locomotive': 22579, 'train_section': 23596, 'section': 22387, 'departure_time': 1536997080, 'arrival_time': 1536998520}
544	{'task_type': 'regular', 'locomotive': 22579, 'train_section': 23970, 'section': 22329, 'departure_time': 1537001880, 'arrival_time': 1537003320}
545	{'task_type': 'regular', 'locomotive': 22579, 'train_section': 23497, 'section': 22387, 'departure_time': 1537004280, 'arrival_time': 1537005720}
546	{'task_type': 'regular', 'locomotive': 22579, 'train_section': 24440, 'section': 22327, 'departure_time': 1537009680, 'arrival_time': 1537016040}
547	{'task_type': 'regular', 'locomotive': 22579, 'train_section': 22834, 'section': 22320, 'departure_time': 1537031100, 'arrival_time': 1537037460}
548	{'task_type': 'regular', 'locomotive': 22579, 'train_section': 23691, 'section': 22327, 'departure_time': 1537103280, 'arrival_time': 1537109640}
549	{'task_type': 'deadhead', 'locomotive': 22579, 'first_train_section': 23691, 'first_section': 22327, 'first_departure_time': 1537103280, 'first_arrival_time': 1537109640, 'second_train_section': 24723, 'second_section': 22322, 'second_departure_time': 1537116720, 'second_arrival_time': 1537126620}
550	{'task_type': 'regular', 'locomotive': 22579, 'train_section': 24723, 'section': 22322, 'departure_time': 1537116720, 'arrival_time': 1537126620}
551	{'task_type': 'regular', 'locomotive': 22581, 'train_section': 23245, 'section': 22258, 'departure_time': 1536735060, 'arrival_time': 1536737460}
552	{'task_type': 'deadhead', 'locomotive': 22581, 'first_train_section': 23245, 'first_section': 22258, 'first_departure_time': 1536735060, 'first_arrival_time': 1536737460, 'second_train_section': 24664, 'second_section': 22480, 'second_departure_time': 1536767700, 'second_arrival_time': 1536769860}
553	{'task_type': 'regular', 'locomotive': 22581, 'train_section': 24664, 'section': 22480, 'departure_time': 1536767700, 'arrival_time': 1536769860}
554	{'task_type': 'regular', 'locomotive': 22581, 'train_section': 24666, 'section': 22308, 'departure_time': 1536770880, 'arrival_time': 1536773820}
555	{'task_type': 'regular', 'locomotive': 22581, 'train_section': 24252, 'section': 22495, 'departure_time': 1536786720, 'arrival_time': 1536789660}
556	{'task_type': 'regular', 'locomotive': 22581, 'train_section': 24255, 'section': 22309, 'departure_time': 1536790140, 'arrival_time': 1536795000}
557	{'task_type': 'deadhead', 'locomotive': 22581, 'first_train_section': 24255, 'first_section': 22309, 'first_departure_time': 1536790140, 'first_arrival_time': 1536795000, 'second_train_section': 23824, 'second_section': 22482, 'second_departure_time': 1536848700, 'second_arrival_time': 1536850620}
558	{'task_type': 'regular', 'locomotive': 22581, 'train_section': 23824, 'section': 22482, 'departure_time': 1536848700, 'arrival_time': 1536850620}
559	{'task_type': 'regular', 'locomotive': 22581, 'train_section': 23826, 'section': 22367, 'departure_time': 1536853980, 'arrival_time': 1536855240}
560	{'task_type': 'regular', 'locomotive': 22581, 'train_section': 23828, 'section': 22247, 'departure_time': 1536856260, 'arrival_time': 1536865260}
561	{'task_type': 'deadhead', 'locomotive': 22581, 'first_train_section': 23828, 'first_section': 22247, 'first_departure_time': 1536856260, 'first_arrival_time': 1536865260, 'second_train_section': 23467, 'second_section': 22404, 'second_departure_time': 1536874380, 'second_arrival_time': 1536883320}
562	{'task_type': 'regular', 'locomotive': 22581, 'train_section': 23467, 'section': 22404, 'departure_time': 1536874380, 'arrival_time': 1536883320}
563	{'task_type': 'regular', 'locomotive': 22581, 'train_section': 23469, 'section': 22245, 'departure_time': 1536883560, 'arrival_time': 1536888240}
564	{'task_type': 'regular', 'locomotive': 22581, 'train_section': 23471, 'section': 22308, 'departure_time': 1536888960, 'arrival_time': 1536891600}
565	{'task_type': 'regular', 'locomotive': 22581, 'train_section': 23473, 'section': 22496, 'departure_time': 1536892260, 'arrival_time': 1536898620}
566	{'task_type': 'deadhead', 'locomotive': 22581, 'first_train_section': 23473, 'first_section': 22496, 'first_departure_time': 1536892260, 'first_arrival_time': 1536898620, 'second_train_section': 23001, 'second_section': 22429, 'second_departure_time': 1536901320, 'second_arrival_time': 1536903480}
567	{'task_type': 'regular', 'locomotive': 22581, 'train_section': 23001, 'section': 22429, 'departure_time': 1536901320, 'arrival_time': 1536903480}
568	{'task_type': 'regular', 'locomotive': 22582, 'train_section': 24259, 'section': 22416, 'departure_time': 1536675840, 'arrival_time': 1536679500}
569	{'task_type': 'regular', 'locomotive': 22582, 'train_section': 22747, 'section': 22378, 'departure_time': 1536680100, 'arrival_time': 1536683760}
570	{'task_type': 'regular', 'locomotive': 22582, 'train_section': 23921, 'section': 22416, 'departure_time': 1536756840, 'arrival_time': 1536760500}
571	{'task_type': 'regular', 'locomotive': 22582, 'train_section': 23688, 'section': 22378, 'departure_time': 1536764700, 'arrival_time': 1536768360}
572	{'task_type': 'regular', 'locomotive': 22582, 'train_section': 24013, 'section': 22416, 'departure_time': 1536812640, 'arrival_time': 1536816300}
573	{'task_type': 'deadhead', 'locomotive': 22582, 'first_train_section': 24013, 'first_section': 22416, 'first_departure_time': 1536812640, 'first_arrival_time': 1536816300, 'second_train_section': 24044, 'second_section': 22416, 'second_departure_time': 1536836040, 'second_arrival_time': 1536839700}
574	{'task_type': 'regular', 'locomotive': 22582, 'train_section': 24044, 'section': 22416, 'departure_time': 1536836040, 'arrival_time': 1536839700}
575	{'task_type': 'deadhead', 'locomotive': 22582, 'first_train_section': 24044, 'first_section': 22416, 'first_departure_time': 1536836040, 'first_arrival_time': 1536839700, 'second_train_section': 24711, 'second_section': 22416, 'second_departure_time': 1536845040, 'second_arrival_time': 1536848700}
576	{'task_type': 'regular', 'locomotive': 22582, 'train_section': 24711, 'section': 22416, 'departure_time': 1536845040, 'arrival_time': 1536848700}
577	{'task_type': 'deadhead', 'locomotive': 22582, 'first_train_section': 24711, 'first_section': 22416, 'first_departure_time': 1536845040, 'first_arrival_time': 1536848700, 'second_train_section': 23973, 'second_section': 22376, 'second_departure_time': 1536867900, 'second_arrival_time': 1536873600}
578	{'task_type': 'regular', 'locomotive': 22582, 'train_section': 23973, 'section': 22376, 'departure_time': 1536867900, 'arrival_time': 1536873600}
579	{'task_type': 'deadhead', 'locomotive': 22582, 'first_train_section': 23973, 'first_section': 22376, 'first_departure_time': 1536867900, 'first_arrival_time': 1536873600, 'second_train_section': 24671, 'second_section': 22431, 'second_departure_time': 1536877140, 'second_arrival_time': 1536881340}
580	{'task_type': 'regular', 'locomotive': 22582, 'train_section': 24671, 'section': 22431, 'departure_time': 1536877140, 'arrival_time': 1536881340}
581	{'task_type': 'deadhead', 'locomotive': 22582, 'first_train_section': 24671, 'first_section': 22431, 'first_departure_time': 1536877140, 'first_arrival_time': 1536881340, 'second_train_section': 23762, 'second_section': 22431, 'second_departure_time': 1536890040, 'second_arrival_time': 1536894180}
582	{'task_type': 'regular', 'locomotive': 22582, 'train_section': 23762, 'section': 22431, 'departure_time': 1536890040, 'arrival_time': 1536894180}
583	{'task_type': 'regular', 'locomotive': 22582, 'train_section': 24592, 'section': 22495, 'departure_time': 1536896460, 'arrival_time': 1536899460}
584	{'task_type': 'regular', 'locomotive': 22582, 'train_section': 23766, 'section': 22307, 'departure_time': 1536900000, 'arrival_time': 1536902340}
585	{'task_type': 'deadhead', 'locomotive': 22582, 'first_train_section': 23766, 'first_section': 22307, 'first_departure_time': 1536900000, 'first_arrival_time': 1536902340, 'second_train_section': 24068, 'second_section': 22312, 'second_departure_time': 1536906600, 'second_arrival_time': 1536907680}
586	{'task_type': 'regular', 'locomotive': 22582, 'train_section': 24068, 'section': 22312, 'departure_time': 1536906600, 'arrival_time': 1536907680}
587	{'task_type': 'regular', 'locomotive': 22582, 'train_section': 24100, 'section': 22482, 'departure_time': 1536922080, 'arrival_time': 1536923700}
588	{'task_type': 'deadhead', 'locomotive': 22582, 'first_train_section': 24100, 'first_section': 22482, 'first_departure_time': 1536922080, 'first_arrival_time': 1536923700, 'second_train_section': 24632, 'second_section': 22383, 'second_departure_time': 1536934320, 'second_arrival_time': 1536937740}
589	{'task_type': 'regular', 'locomotive': 22582, 'train_section': 24632, 'section': 22383, 'departure_time': 1536934320, 'arrival_time': 1536937740}
590	{'task_type': 'regular', 'locomotive': 22582, 'train_section': 24634, 'section': 22399, 'departure_time': 1536937800, 'arrival_time': 1536939240}
591	{'task_type': 'deadhead', 'locomotive': 22582, 'first_train_section': 24634, 'first_section': 22399, 'first_departure_time': 1536937800, 'first_arrival_time': 1536939240, 'second_train_section': 22848, 'second_section': 22323, 'second_departure_time': 1536980820, 'second_arrival_time': 1536984180}
592	{'task_type': 'regular', 'locomotive': 22582, 'train_section': 22848, 'section': 22323, 'departure_time': 1536980820, 'arrival_time': 1536984180}
593	{'task_type': 'regular', 'locomotive': 22582, 'train_section': 22850, 'section': 22337, 'departure_time': 1536985920, 'arrival_time': 1536992760}
594	{'task_type': 'deadhead', 'locomotive': 22582, 'first_train_section': 22850, 'first_section': 22337, 'first_departure_time': 1536985920, 'first_arrival_time': 1536992760, 'second_train_section': 24470, 'second_section': 22404, 'second_departure_time': 1537014180, 'second_arrival_time': 1537022700}
595	{'task_type': 'regular', 'locomotive': 22582, 'train_section': 24470, 'section': 22404, 'departure_time': 1537014180, 'arrival_time': 1537022700}
596	{'task_type': 'regular', 'locomotive': 22582, 'train_section': 24473, 'section': 22249, 'departure_time': 1537022880, 'arrival_time': 1537028400}
597	{'task_type': 'regular', 'locomotive': 22583, 'train_section': 23073, 'section': 22378, 'departure_time': 1536667500, 'arrival_time': 1536671160}
598	{'task_type': 'deadhead', 'locomotive': 22583, 'first_train_section': 23073, 'first_section': 22378, 'first_departure_time': 1536667500, 'first_arrival_time': 1536671160, 'second_train_section': 23790, 'second_section': 22499, 'second_departure_time': 1536738300, 'second_arrival_time': 1536743460}
599	{'task_type': 'regular', 'locomotive': 22583, 'train_section': 23790, 'section': 22499, 'departure_time': 1536738300, 'arrival_time': 1536743460}
600	{'task_type': 'deadhead', 'locomotive': 22583, 'first_train_section': 23790, 'first_section': 22499, 'first_departure_time': 1536738300, 'first_arrival_time': 1536743460, 'second_train_section': 24287, 'second_section': 22472, 'second_departure_time': 1536750780, 'second_arrival_time': 1536755940}
601	{'task_type': 'regular', 'locomotive': 22583, 'train_section': 24287, 'section': 22472, 'departure_time': 1536750780, 'arrival_time': 1536755940}
602	{'task_type': 'deadhead', 'locomotive': 22583, 'first_train_section': 24287, 'first_section': 22472, 'first_departure_time': 1536750780, 'first_arrival_time': 1536755940, 'second_train_section': 24708, 'second_section': 22310, 'second_departure_time': 1536765300, 'second_arrival_time': 1536766740}
603	{'task_type': 'regular', 'locomotive': 22583, 'train_section': 24708, 'section': 22310, 'departure_time': 1536765300, 'arrival_time': 1536766740}
604	{'task_type': 'deadhead', 'locomotive': 22583, 'first_train_section': 24708, 'first_section': 22310, 'first_departure_time': 1536765300, 'first_arrival_time': 1536766740, 'second_train_section': 24492, 'second_section': 22294, 'second_departure_time': 1536782880, 'second_arrival_time': 1536786120}
605	{'task_type': 'regular', 'locomotive': 22583, 'train_section': 24492, 'section': 22294, 'departure_time': 1536782880, 'arrival_time': 1536786120}
606	{'task_type': 'deadhead', 'locomotive': 22583, 'first_train_section': 24492, 'first_section': 22294, 'first_departure_time': 1536782880, 'first_arrival_time': 1536786120, 'second_train_section': 24510, 'second_section': 22447, 'second_departure_time': 1536821580, 'second_arrival_time': 1536824640}
607	{'task_type': 'regular', 'locomotive': 22583, 'train_section': 24510, 'section': 22447, 'departure_time': 1536821580, 'arrival_time': 1536824640}
608	{'task_type': 'regular', 'locomotive': 22583, 'train_section': 22597, 'section': 22257, 'departure_time': 1536847200, 'arrival_time': 1536847920}
609	{'task_type': 'deadhead', 'locomotive': 22583, 'first_train_section': 22597, 'first_section': 22257, 'first_departure_time': 1536847200, 'first_arrival_time': 1536847920, 'second_train_section': 24207, 'second_section': 22449, 'second_departure_time': 1536862380, 'second_arrival_time': 1536864540}
610	{'task_type': 'regular', 'locomotive': 22583, 'train_section': 24207, 'section': 22449, 'departure_time': 1536862380, 'arrival_time': 1536864540}
611	{'task_type': 'deadhead', 'locomotive': 22583, 'first_train_section': 24207, 'first_section': 22449, 'first_departure_time': 1536862380, 'first_arrival_time': 1536864540, 'second_train_section': 23411, 'second_section': 22277, 'second_departure_time': 1536867300, 'second_arrival_time': 1536870780}
612	{'task_type': 'regular', 'locomotive': 22583, 'train_section': 23411, 'section': 22277, 'departure_time': 1536867300, 'arrival_time': 1536870780}
613	{'task_type': 'deadhead', 'locomotive': 22583, 'first_train_section': 22794, 'first_section': 22237, 'first_departure_time': 1536876000, 'first_arrival_time': 1536899100, 'second_train_section': 24626, 'second_section': 22310, 'second_departure_time': 1536938100, 'second_arrival_time': 1536939540}
614	{'task_type': 'regular', 'locomotive': 22583, 'train_section': 24626, 'section': 22310, 'departure_time': 1536938100, 'arrival_time': 1536939540}
615	{'task_type': 'deadhead', 'locomotive': 22583, 'first_train_section': 24626, 'first_section': 22310, 'first_departure_time': 1536938100, 'first_arrival_time': 1536939540, 'second_train_section': 23004, 'second_section': 22291, 'second_departure_time': 1536960360, 'second_arrival_time': 1536966240}
616	{'task_type': 'regular', 'locomotive': 22583, 'train_section': 23004, 'section': 22291, 'departure_time': 1536960360, 'arrival_time': 1536966240}
617	{'task_type': 'regular', 'locomotive': 22583, 'train_section': 23735, 'section': 22374, 'departure_time': 1536973080, 'arrival_time': 1536974820}
618	{'task_type': 'deadhead', 'locomotive': 22583, 'first_train_section': 23735, 'first_section': 22374, 'first_departure_time': 1536973080, 'first_arrival_time': 1536974820, 'second_train_section': 24554, 'second_section': 22281, 'second_departure_time': 1536980760, 'second_arrival_time': 1536987720}
619	{'task_type': 'regular', 'locomotive': 22583, 'train_section': 24554, 'section': 22281, 'departure_time': 1536980760, 'arrival_time': 1536987720}
620	{'task_type': 'regular', 'locomotive': 22583, 'train_section': 24405, 'section': 22348, 'departure_time': 1537067580, 'arrival_time': 1537071120}
621	{'task_type': 'regular', 'locomotive': 22583, 'train_section': 24407, 'section': 22477, 'departure_time': 1537071600, 'arrival_time': 1537074000}
622	{'task_type': 'regular', 'locomotive': 22585, 'train_section': 23509, 'section': 22331, 'departure_time': 1536728880, 'arrival_time': 1536739680}
623	{'task_type': 'regular', 'locomotive': 22585, 'train_section': 23958, 'section': 22438, 'departure_time': 1536767520, 'arrival_time': 1536778260}
624	{'task_type': 'deadhead', 'locomotive': 22585, 'first_train_section': 23958, 'first_section': 22438, 'first_departure_time': 1536767520, 'first_arrival_time': 1536778260, 'second_train_section': 22744, 'second_section': 22324, 'second_departure_time': 1536788760, 'second_arrival_time': 1536794100}
625	{'task_type': 'regular', 'locomotive': 22585, 'train_section': 22744, 'section': 22324, 'departure_time': 1536788760, 'arrival_time': 1536794100}
626	{'task_type': 'regular', 'locomotive': 22585, 'train_section': 24238, 'section': 22447, 'departure_time': 1536806700, 'arrival_time': 1536809400}
627	{'task_type': 'deadhead', 'locomotive': 22585, 'first_train_section': 24238, 'first_section': 22447, 'first_departure_time': 1536806700, 'first_arrival_time': 1536809400, 'second_train_section': 23732, 'second_section': 22387, 'second_departure_time': 1536821520, 'second_arrival_time': 1536823320}
628	{'task_type': 'regular', 'locomotive': 22585, 'train_section': 23732, 'section': 22387, 'departure_time': 1536821520, 'arrival_time': 1536823320}
629	{'task_type': 'regular', 'locomotive': 22585, 'train_section': 23047, 'section': 22331, 'departure_time': 1536829680, 'arrival_time': 1536840480}
630	{'task_type': 'regular', 'locomotive': 22585, 'train_section': 24299, 'section': 22438, 'departure_time': 1536904200, 'arrival_time': 1536915060}
631	{'task_type': 'regular', 'locomotive': 22585, 'train_section': 24681, 'section': 22331, 'departure_time': 1536944880, 'arrival_time': 1536955800}
632	{'task_type': 'deadhead', 'locomotive': 22585, 'first_train_section': 24681, 'first_section': 22331, 'first_departure_time': 1536944880, 'first_arrival_time': 1536955800, 'second_train_section': 23079, 'second_section': 22233, 'second_departure_time': 1536992460, 'second_arrival_time': 1537007940}
633	{'task_type': 'regular', 'locomotive': 22585, 'train_section': 23079, 'section': 22233, 'departure_time': 1536992460, 'arrival_time': 1537007940}
634	{'task_type': 'regular', 'locomotive': 22585, 'train_section': 24130, 'section': 22342, 'departure_time': 1537024740, 'arrival_time': 1537030020}
635	{'task_type': 'deadhead', 'locomotive': 22585, 'first_train_section': 24130, 'first_section': 22342, 'first_departure_time': 1537024740, 'first_arrival_time': 1537030020, 'second_train_section': 23249, 'second_section': 22313, 'second_departure_time': 1537087680, 'second_arrival_time': 1537092600}
636	{'task_type': 'regular', 'locomotive': 22585, 'train_section': 23249, 'section': 22313, 'departure_time': 1537087680, 'arrival_time': 1537092600}
637	{'task_type': 'regular', 'locomotive': 22587, 'train_section': 24732, 'section': 22496, 'departure_time': 1536712440, 'arrival_time': 1536716160}
638	{'task_type': 'deadhead', 'locomotive': 22587, 'first_train_section': 24732, 'first_section': 22496, 'first_departure_time': 1536712440, 'first_arrival_time': 1536716160, 'second_train_section': 22611, 'second_section': 22427, 'second_departure_time': 1536739380, 'second_arrival_time': 1536742200}
639	{'task_type': 'regular', 'locomotive': 22587, 'train_section': 22611, 'section': 22427, 'departure_time': 1536739380, 'arrival_time': 1536742200}
640	{'task_type': 'regular', 'locomotive': 22587, 'train_section': 22613, 'section': 22443, 'departure_time': 1536743340, 'arrival_time': 1536745020}
641	{'task_type': 'regular', 'locomotive': 22587, 'train_section': 22615, 'section': 22495, 'departure_time': 1536745800, 'arrival_time': 1536748620}
642	{'task_type': 'regular', 'locomotive': 22587, 'train_section': 22617, 'section': 22304, 'departure_time': 1536750120, 'arrival_time': 1536755280}
643	{'task_type': 'regular', 'locomotive': 22587, 'train_section': 22619, 'section': 22247, 'departure_time': 1536755520, 'arrival_time': 1536766620}
644	{'task_type': 'deadhead', 'locomotive': 22587, 'first_train_section': 22619, 'first_section': 22247, 'first_departure_time': 1536755520, 'first_arrival_time': 1536766620, 'second_train_section': 23927, 'second_section': 22407, 'second_departure_time': 1536776280, 'second_arrival_time': 1536782940}
645	{'task_type': 'regular', 'locomotive': 22587, 'train_section': 23927, 'section': 22407, 'departure_time': 1536776280, 'arrival_time': 1536782940}
646	{'task_type': 'regular', 'locomotive': 22587, 'train_section': 23929, 'section': 22334, 'departure_time': 1536783420, 'arrival_time': 1536786600}
647	{'task_type': 'deadhead', 'locomotive': 22587, 'first_train_section': 23929, 'first_section': 22334, 'first_departure_time': 1536783420, 'first_arrival_time': 1536786600, 'second_train_section': 24605, 'second_section': 22325, 'second_departure_time': 1536806100, 'second_arrival_time': 1536820380}
648	{'task_type': 'regular', 'locomotive': 22587, 'train_section': 24605, 'section': 22325, 'departure_time': 1536806100, 'arrival_time': 1536820380}
649	{'task_type': 'deadhead', 'locomotive': 22587, 'first_train_section': 24605, 'first_section': 22325, 'first_departure_time': 1536806100, 'first_arrival_time': 1536820380, 'second_train_section': 23671, 'second_section': 22438, 'second_departure_time': 1536832320, 'second_arrival_time': 1536843060}
650	{'task_type': 'regular', 'locomotive': 22587, 'train_section': 23671, 'section': 22438, 'departure_time': 1536832320, 'arrival_time': 1536843060}
651	{'task_type': 'regular', 'locomotive': 22587, 'train_section': 24714, 'section': 22326, 'departure_time': 1536894960, 'arrival_time': 1536901020}
652	{'task_type': 'regular', 'locomotive': 22587, 'train_section': 24486, 'section': 22278, 'departure_time': 1536922680, 'arrival_time': 1536929460}
653	{'task_type': 'regular', 'locomotive': 22587, 'train_section': 24331, 'section': 22275, 'departure_time': 1536930300, 'arrival_time': 1536937380}
654	{'task_type': 'deadhead', 'locomotive': 22587, 'first_train_section': 24331, 'first_section': 22275, 'first_departure_time': 1536930300, 'first_arrival_time': 1536937380, 'second_train_section': 24139, 'second_section': 22289, 'second_departure_time': 1536953100, 'second_arrival_time': 1536960720}
655	{'task_type': 'regular', 'locomotive': 22587, 'train_section': 24139, 'section': 22289, 'departure_time': 1536953100, 'arrival_time': 1536960720}
656	{'task_type': 'deadhead', 'locomotive': 22587, 'first_train_section': 24139, 'first_section': 22289, 'first_departure_time': 1536953100, 'first_arrival_time': 1536960720, 'second_train_section': 23865, 'second_section': 22330, 'second_departure_time': 1536968400, 'second_arrival_time': 1536976620}
657	{'task_type': 'regular', 'locomotive': 22587, 'train_section': 23865, 'section': 22330, 'departure_time': 1536968400, 'arrival_time': 1536976620}
658	{'task_type': 'regular', 'locomotive': 22587, 'train_section': 23319, 'section': 22398, 'departure_time': 1537132800, 'arrival_time': 1537135199}
659	{'task_type': 'regular', 'locomotive': 22589, 'train_section': 24172, 'section': 22342, 'departure_time': 1536729660, 'arrival_time': 1536735780}
660	{'task_type': 'deadhead', 'locomotive': 22589, 'first_train_section': 24172, 'first_section': 22342, 'first_departure_time': 1536729660, 'first_arrival_time': 1536735780, 'second_train_section': 24103, 'second_section': 22447, 'second_departure_time': 1536759600, 'second_arrival_time': 1536762480}
661	{'task_type': 'regular', 'locomotive': 22589, 'train_section': 24103, 'section': 22447, 'departure_time': 1536759600, 'arrival_time': 1536762480}
662	{'task_type': 'deadhead', 'locomotive': 22589, 'first_train_section': 24103, 'first_section': 22447, 'first_departure_time': 1536759600, 'first_arrival_time': 1536762480, 'second_train_section': 23067, 'second_section': 22387, 'second_departure_time': 1536773880, 'second_arrival_time': 1536775320}
663	{'task_type': 'regular', 'locomotive': 22589, 'train_section': 23067, 'section': 22387, 'departure_time': 1536773880, 'arrival_time': 1536775320}
664	{'task_type': 'regular', 'locomotive': 22589, 'train_section': 23464, 'section': 22329, 'departure_time': 1536814680, 'arrival_time': 1536816120}
665	{'task_type': 'deadhead', 'locomotive': 22589, 'first_train_section': 23464, 'first_section': 22329, 'first_departure_time': 1536814680, 'first_arrival_time': 1536816120, 'second_train_section': 22639, 'second_section': 22333, 'second_departure_time': 1536819300, 'second_arrival_time': 1536822120}
666	{'task_type': 'regular', 'locomotive': 22589, 'train_section': 22639, 'section': 22333, 'departure_time': 1536819300, 'arrival_time': 1536822120}
667	{'task_type': 'regular', 'locomotive': 22589, 'train_section': 22641, 'section': 22472, 'departure_time': 1536822780, 'arrival_time': 1536827940}
668	{'task_type': 'regular', 'locomotive': 22589, 'train_section': 23360, 'section': 22347, 'departure_time': 1536851940, 'arrival_time': 1536857280}
669	{'task_type': 'regular', 'locomotive': 22589, 'train_section': 23362, 'section': 22471, 'departure_time': 1536857820, 'arrival_time': 1536860640}
670	{'task_type': 'regular', 'locomotive': 22589, 'train_section': 23242, 'section': 22330, 'departure_time': 1536882000, 'arrival_time': 1536890220}
671	{'task_type': 'deadhead', 'locomotive': 22589, 'first_train_section': 23242, 'first_section': 22330, 'first_departure_time': 1536882000, 'first_arrival_time': 1536890220, 'second_train_section': 24093, 'second_section': 22335, 'second_departure_time': 1536898320, 'second_arrival_time': 1536902100}
672	{'task_type': 'regular', 'locomotive': 22589, 'train_section': 24093, 'section': 22335, 'departure_time': 1536898320, 'arrival_time': 1536902100}
673	{'task_type': 'deadhead', 'locomotive': 22589, 'first_train_section': 24093, 'first_section': 22335, 'first_departure_time': 1536898320, 'first_arrival_time': 1536902100, 'second_train_section': 22901, 'second_section': 22270, 'second_departure_time': 1536916560, 'second_arrival_time': 1536918480}
674	{'task_type': 'regular', 'locomotive': 22589, 'train_section': 22901, 'section': 22270, 'departure_time': 1536916560, 'arrival_time': 1536918480}
675	{'task_type': 'deadhead', 'locomotive': 22589, 'first_train_section': 22901, 'first_section': 22270, 'first_departure_time': 1536916560, 'first_arrival_time': 1536918480, 'second_train_section': 23163, 'second_section': 22396, 'second_departure_time': 1536929760, 'second_arrival_time': 1536931620}
676	{'task_type': 'regular', 'locomotive': 22589, 'train_section': 23163, 'section': 22396, 'departure_time': 1536929760, 'arrival_time': 1536931620}
677	{'task_type': 'deadhead', 'locomotive': 22589, 'first_train_section': 23163, 'first_section': 22396, 'first_departure_time': 1536929760, 'first_arrival_time': 1536931620, 'second_train_section': 22769, 'second_section': 22488, 'second_departure_time': 1536938040, 'second_arrival_time': 1536942420}
678	{'task_type': 'regular', 'locomotive': 22589, 'train_section': 22769, 'section': 22488, 'departure_time': 1536938040, 'arrival_time': 1536942420}
679	{'task_type': 'deadhead', 'locomotive': 22589, 'first_train_section': 22769, 'first_section': 22488, 'first_departure_time': 1536938040, 'first_arrival_time': 1536942420, 'second_train_section': 23487, 'second_section': 22259, 'second_departure_time': 1536959700, 'second_arrival_time': 1536960120}
680	{'task_type': 'regular', 'locomotive': 22589, 'train_section': 23487, 'section': 22259, 'departure_time': 1536959700, 'arrival_time': 1536960120}
681	{'task_type': 'regular', 'locomotive': 22589, 'train_section': 23489, 'section': 22266, 'departure_time': 1536960300, 'arrival_time': 1536966840}
682	{'task_type': 'regular', 'locomotive': 22589, 'train_section': 24532, 'section': 22356, 'departure_time': 1536973320, 'arrival_time': 1536981060}
683	{'task_type': 'regular', 'locomotive': 22589, 'train_section': 23382, 'section': 22260, 'departure_time': 1536992820, 'arrival_time': 1537001220}
684	{'task_type': 'regular', 'locomotive': 22592, 'train_section': 24090, 'section': 22279, 'departure_time': 1536666600, 'arrival_time': 1536671520}
685	{'task_type': 'regular', 'locomotive': 22592, 'train_section': 23769, 'section': 22313, 'departure_time': 1536673020, 'arrival_time': 1536678480}
686	{'task_type': 'deadhead', 'locomotive': 22592, 'first_train_section': 23769, 'first_section': 22313, 'first_departure_time': 1536673020, 'first_arrival_time': 1536678480, 'second_train_section': 23029, 'second_section': 22487, 'second_departure_time': 1536690420, 'second_arrival_time': 1536692820}
687	{'task_type': 'regular', 'locomotive': 22592, 'train_section': 23029, 'section': 22487, 'departure_time': 1536690420, 'arrival_time': 1536692820}
688	{'task_type': 'deadhead', 'locomotive': 22592, 'first_train_section': 24452, 'first_section': 22464, 'first_departure_time': 1536695580, 'first_arrival_time': 1536703140, 'second_train_section': 24582, 'second_section': 22378, 'second_departure_time': 1536721740, 'second_arrival_time': 1536725400}
689	{'task_type': 'regular', 'locomotive': 22592, 'train_section': 24582, 'section': 22378, 'departure_time': 1536721740, 'arrival_time': 1536725400}
690	{'task_type': 'regular', 'locomotive': 22592, 'train_section': 23964, 'section': 22416, 'departure_time': 1536765840, 'arrival_time': 1536769500}
691	{'task_type': 'regular', 'locomotive': 22592, 'train_section': 24115, 'section': 22378, 'departure_time': 1536811500, 'arrival_time': 1536815160}
692	{'task_type': 'regular', 'locomotive': 22592, 'train_section': 24437, 'section': 22416, 'departure_time': 1536818040, 'arrival_time': 1536821700}
693	{'task_type': 'regular', 'locomotive': 22592, 'train_section': 22843, 'section': 22416, 'departure_time': 1536837840, 'arrival_time': 1536841500}
694	{'task_type': 'regular', 'locomotive': 22592, 'train_section': 23924, 'section': 22378, 'departure_time': 1536865500, 'arrival_time': 1536869160}
695	{'task_type': 'deadhead', 'locomotive': 22592, 'first_train_section': 24351, 'first_section': 22417, 'first_departure_time': 1536876000, 'first_arrival_time': 1536895440, 'second_train_section': 24551, 'second_section': 22378, 'second_departure_time': 1536901500, 'second_arrival_time': 1536905160}
696	{'task_type': 'regular', 'locomotive': 22592, 'train_section': 24551, 'section': 22378, 'departure_time': 1536901500, 'arrival_time': 1536905160}
697	{'task_type': 'regular', 'locomotive': 22592, 'train_section': 24366, 'section': 22416, 'departure_time': 1536935040, 'arrival_time': 1536938700}
698	{'task_type': 'regular', 'locomotive': 22592, 'train_section': 23503, 'section': 22378, 'departure_time': 1536946500, 'arrival_time': 1536950160}
699	{'task_type': 'regular', 'locomotive': 22592, 'train_section': 23307, 'section': 22416, 'departure_time': 1536951240, 'arrival_time': 1536954900}
700	{'task_type': 'regular', 'locomotive': 22592, 'train_section': 23055, 'section': 22378, 'departure_time': 1536998700, 'arrival_time': 1537002360}
701	{'task_type': 'regular', 'locomotive': 22592, 'train_section': 24504, 'section': 22416, 'departure_time': 1537037640, 'arrival_time': 1537041300}
