1	{'task_type': 'regular', 'locomotive': 22550, 'train_section': 23094, 'section': 22294, 'departure_time': 1536610080, 'arrival_time': 1536613320}
2	{'task_type': 'deadhead', 'locomotive': 22550, 'first_train_section': 23094, 'first_section': 22294, 'first_departure_time': 1536610080, 'first_arrival_time': 1536613320, 'second_train_section': 23100, 'second_section': 22452, 'second_departure_time': 1536689760, 'second_arrival_time': 1536691560}
3	{'task_type': 'regular', 'locomotive': 22550, 'train_section': 23100, 'section': 22452, 'departure_time': 1536689760, 'arrival_time': 1536691560}
4	{'task_type': 'deadhead', 'locomotive': 22550, 'first_train_section': 23100, 'first_section': 22452, 'first_departure_time': 1536689760, 'first_arrival_time': 1536691560, 'second_train_section': 24118, 'second_section': 22352, 'second_departure_time': 1536706320, 'second_arrival_time': 1536713040}
5	{'task_type': 'regular', 'locomotive': 22550, 'train_section': 24118, 'section': 22352, 'departure_time': 1536706320, 'arrival_time': 1536713040}
6	{'task_type': 'deadhead', 'locomotive': 22550, 'first_train_section': 25388, 'first_section': 22417, 'first_departure_time': 1536732000, 'first_arrival_time': 1536759000, 'second_train_section': 24087, 'second_section': 22378, 'second_departure_time': 1536766500, 'second_arrival_time': 1536770160}
7	{'task_type': 'regular', 'locomotive': 22550, 'train_section': 24087, 'section': 22378, 'departure_time': 1536766500, 'arrival_time': 1536770160}
8	{'task_type': 'deadhead', 'locomotive': 22550, 'first_train_section': 24087, 'first_section': 22378, 'first_departure_time': 1536766500, 'first_arrival_time': 1536770160, 'second_train_section': 24343, 'second_section': 22495, 'second_departure_time': 1536780480, 'second_arrival_time': 1536783420}
9	{'task_type': 'regular', 'locomotive': 22550, 'train_section': 24343, 'section': 22495, 'departure_time': 1536780480, 'arrival_time': 1536783420}
10	{'task_type': 'deadhead', 'locomotive': 22550, 'first_train_section': 24343, 'first_section': 22495, 'first_departure_time': 1536780480, 'first_arrival_time': 1536783420, 'second_train_section': 25044, 'second_section': 22266, 'second_departure_time': 1536787500, 'second_arrival_time': 1536794040}
11	{'task_type': 'regular', 'locomotive': 22550, 'train_section': 25044, 'section': 22266, 'departure_time': 1536787500, 'arrival_time': 1536794040}
12	{'task_type': 'deadhead', 'locomotive': 22550, 'first_train_section': 25044, 'first_section': 22266, 'first_departure_time': 1536787500, 'first_arrival_time': 1536794040, 'second_train_section': 24010, 'second_section': 22474, 'second_departure_time': 1536808800, 'second_arrival_time': 1536810480}
13	{'task_type': 'regular', 'locomotive': 22550, 'train_section': 24010, 'section': 22474, 'departure_time': 1536808800, 'arrival_time': 1536810480}
14	{'task_type': 'deadhead', 'locomotive': 22550, 'first_train_section': 24010, 'first_section': 22474, 'first_departure_time': 1536808800, 'first_arrival_time': 1536810480, 'second_train_section': 25114, 'second_section': 22249, 'second_departure_time': 1536831360, 'second_arrival_time': 1536838800}
15	{'task_type': 'regular', 'locomotive': 22550, 'train_section': 25114, 'section': 22249, 'departure_time': 1536831360, 'arrival_time': 1536838800}
16	{'task_type': 'deadhead', 'locomotive': 22550, 'first_train_section': 25114, 'first_section': 22249, 'first_departure_time': 1536831360, 'first_arrival_time': 1536838800, 'second_train_section': 24175, 'second_section': 22308, 'second_departure_time': 1536848400, 'second_arrival_time': 1536851220}
17	{'task_type': 'regular', 'locomotive': 22550, 'train_section': 24175, 'section': 22308, 'departure_time': 1536848400, 'arrival_time': 1536851220}
18	{'task_type': 'deadhead', 'locomotive': 22550, 'first_train_section': 24175, 'first_section': 22308, 'first_departure_time': 1536848400, 'first_arrival_time': 1536851220, 'second_train_section': 23017, 'second_section': 22443, 'second_departure_time': 1536858000, 'second_arrival_time': 1536859800}
19	{'task_type': 'regular', 'locomotive': 22550, 'train_section': 23017, 'section': 22443, 'departure_time': 1536858000, 'arrival_time': 1536859800}
20	{'task_type': 'regular', 'locomotive': 22550, 'train_section': 23019, 'section': 22495, 'departure_time': 1536861180, 'arrival_time': 1536864060}
21	{'task_type': 'deadhead', 'locomotive': 22550, 'first_train_section': 23019, 'first_section': 22495, 'first_departure_time': 1536861180, 'first_arrival_time': 1536864060, 'second_train_section': 24960, 'second_section': 22247, 'second_departure_time': 1536873240, 'second_arrival_time': 1536884100}
22	{'task_type': 'regular', 'locomotive': 22550, 'train_section': 24960, 'section': 22247, 'departure_time': 1536873240, 'arrival_time': 1536884100}
23	{'task_type': 'deadhead', 'locomotive': 22550, 'first_train_section': 24960, 'first_section': 22247, 'first_departure_time': 1536873240, 'first_arrival_time': 1536884100, 'second_train_section': 24005, 'second_section': 22273, 'second_departure_time': 1536895440, 'second_arrival_time': 1536900960}
24	{'task_type': 'regular', 'locomotive': 22550, 'train_section': 24005, 'section': 22273, 'departure_time': 1536895440, 'arrival_time': 1536900960}
25	{'task_type': 'regular', 'locomotive': 22550, 'train_section': 24007, 'section': 22393, 'departure_time': 1536901140, 'arrival_time': 1536902880}
26	{'task_type': 'deadhead', 'locomotive': 22550, 'first_train_section': 24007, 'first_section': 22393, 'first_departure_time': 1536901140, 'first_arrival_time': 1536902880, 'second_train_section': 23285, 'second_section': 22350, 'second_departure_time': 1536922140, 'second_arrival_time': 1536925800}
27	{'task_type': 'regular', 'locomotive': 22550, 'train_section': 23285, 'section': 22350, 'departure_time': 1536922140, 'arrival_time': 1536925800}
28	{'task_type': 'deadhead', 'locomotive': 22550, 'first_train_section': 23285, 'first_section': 22350, 'first_departure_time': 1536922140, 'first_arrival_time': 1536925800, 'second_train_section': 23183, 'second_section': 22360, 'second_departure_time': 1536943680, 'second_arrival_time': 1536955320}
29	{'task_type': 'regular', 'locomotive': 22550, 'train_section': 23183, 'section': 22360, 'departure_time': 1536943680, 'arrival_time': 1536955320}
30	{'task_type': 'deadhead', 'locomotive': 22550, 'first_train_section': 23183, 'first_section': 22360, 'first_departure_time': 1536943680, 'first_arrival_time': 1536955320, 'second_train_section': 23749, 'second_section': 22427, 'second_departure_time': 1536961740, 'second_arrival_time': 1536964680}
31	{'task_type': 'regular', 'locomotive': 22550, 'train_section': 23749, 'section': 22427, 'departure_time': 1536961740, 'arrival_time': 1536964680}
32	{'task_type': 'deadhead', 'locomotive': 22550, 'first_train_section': 23749, 'first_section': 22427, 'first_departure_time': 1536961740, 'first_arrival_time': 1536964680, 'second_train_section': 24139, 'second_section': 22374, 'second_departure_time': 1536973080, 'second_arrival_time': 1536974820}
33	{'task_type': 'regular', 'locomotive': 22550, 'train_section': 24139, 'section': 22374, 'departure_time': 1536973080, 'arrival_time': 1536974820}
34	{'task_type': 'deadhead', 'locomotive': 22550, 'first_train_section': 22826, 'first_section': 22300, 'first_departure_time': 1536980760, 'first_arrival_time': 1536982500, 'second_train_section': 24532, 'second_section': 22447, 'second_departure_time': 1536994380, 'second_arrival_time': 1536997440}
35	{'task_type': 'regular', 'locomotive': 22550, 'train_section': 24532, 'section': 22447, 'departure_time': 1536994380, 'arrival_time': 1536997440}
36	{'task_type': 'deadhead', 'locomotive': 22550, 'first_train_section': 24532, 'first_section': 22447, 'first_departure_time': 1536994380, 'first_arrival_time': 1536997440, 'second_train_section': 23842, 'second_section': 22387, 'second_departure_time': 1537004280, 'second_arrival_time': 1537005720}
37	{'task_type': 'regular', 'locomotive': 22550, 'train_section': 23842, 'section': 22387, 'departure_time': 1537004280, 'arrival_time': 1537005720}
38	{'task_type': 'deadhead', 'locomotive': 22550, 'first_train_section': 22992, 'first_section': 22328, 'first_departure_time': 1537006740, 'first_arrival_time': 1537020900, 'second_train_section': 23249, 'second_section': 22247, 'second_departure_time': 1537050780, 'second_arrival_time': 1537059480}
39	{'task_type': 'regular', 'locomotive': 22550, 'train_section': 23249, 'section': 22247, 'departure_time': 1537050780, 'arrival_time': 1537059480}
40	{'task_type': 'deadhead', 'locomotive': 22550, 'first_train_section': 23249, 'first_section': 22247, 'first_departure_time': 1537050780, 'first_arrival_time': 1537059480, 'second_train_section': 23653, 'second_section': 22416, 'second_departure_time': 1537088040, 'second_arrival_time': 1537091700}
41	{'task_type': 'regular', 'locomotive': 22550, 'train_section': 23653, 'section': 22416, 'departure_time': 1537088040, 'arrival_time': 1537091700}
42	{'task_type': 'deadhead', 'locomotive': 22550, 'first_train_section': 23653, 'first_section': 22416, 'first_departure_time': 1537088040, 'first_arrival_time': 1537091700, 'second_train_section': 24354, 'second_section': 22360, 'second_departure_time': 1537116480, 'second_arrival_time': 1537128120}
43	{'task_type': 'regular', 'locomotive': 22550, 'train_section': 24354, 'section': 22360, 'departure_time': 1537116480, 'arrival_time': 1537128120}
44	{'task_type': 'regular', 'locomotive': 22555, 'train_section': 23956, 'section': 22323, 'departure_time': 1536608940, 'arrival_time': 1536612180}
45	{'task_type': 'deadhead', 'locomotive': 22555, 'first_train_section': 23956, 'first_section': 22323, 'first_departure_time': 1536608940, 'first_arrival_time': 1536612180, 'second_train_section': 22810, 'second_section': 22288, 'second_departure_time': 1536628020, 'second_arrival_time': 1536634560}
46	{'task_type': 'regular', 'locomotive': 22555, 'train_section': 22810, 'section': 22288, 'departure_time': 1536628020, 'arrival_time': 1536634560}
47	{'task_type': 'regular', 'locomotive': 22555, 'train_section': 22812, 'section': 22323, 'departure_time': 1536635220, 'arrival_time': 1536638580}
48	{'task_type': 'deadhead', 'locomotive': 22555, 'first_train_section': 22812, 'first_section': 22323, 'first_departure_time': 1536635220, 'first_arrival_time': 1536638580, 'second_train_section': 24732, 'second_section': 22313, 'second_departure_time': 1536662880, 'second_arrival_time': 1536667800}
49	{'task_type': 'regular', 'locomotive': 22555, 'train_section': 24732, 'section': 22313, 'departure_time': 1536662880, 'arrival_time': 1536667800}
50	{'task_type': 'regular', 'locomotive': 22555, 'train_section': 24157, 'section': 22281, 'departure_time': 1536674280, 'arrival_time': 1536680580}
51	{'task_type': 'deadhead', 'locomotive': 22555, 'first_train_section': 24157, 'first_section': 22281, 'first_departure_time': 1536674280, 'first_arrival_time': 1536680580, 'second_train_section': 22664, 'second_section': 22259, 'second_departure_time': 1536686640, 'second_arrival_time': 1536686940}
52	{'task_type': 'regular', 'locomotive': 22555, 'train_section': 22664, 'section': 22259, 'departure_time': 1536686640, 'arrival_time': 1536686940}
53	{'task_type': 'deadhead', 'locomotive': 22555, 'first_train_section': 22664, 'first_section': 22259, 'first_departure_time': 1536686640, 'first_arrival_time': 1536686940, 'second_train_section': 25094, 'second_section': 22495, 'second_departure_time': 1536697620, 'second_arrival_time': 1536700380}
54	{'task_type': 'regular', 'locomotive': 22555, 'train_section': 25094, 'section': 22495, 'departure_time': 1536697620, 'arrival_time': 1536700380}
55	{'task_type': 'deadhead', 'locomotive': 22555, 'first_train_section': 25094, 'first_section': 22495, 'first_departure_time': 1536697620, 'first_arrival_time': 1536700380, 'second_train_section': 22710, 'second_section': 22273, 'second_departure_time': 1536722640, 'second_arrival_time': 1536728160}
56	{'task_type': 'regular', 'locomotive': 22555, 'train_section': 22710, 'section': 22273, 'departure_time': 1536722640, 'arrival_time': 1536728160}
57	{'task_type': 'deadhead', 'locomotive': 22555, 'first_train_section': 22710, 'first_section': 22273, 'first_departure_time': 1536722640, 'first_arrival_time': 1536728160, 'second_train_section': 25147, 'second_section': 22298, 'second_departure_time': 1536748920, 'second_arrival_time': 1536751620}
58	{'task_type': 'regular', 'locomotive': 22555, 'train_section': 25147, 'section': 22298, 'departure_time': 1536748920, 'arrival_time': 1536751620}
59	{'task_type': 'deadhead', 'locomotive': 22555, 'first_train_section': 25147, 'first_section': 22298, 'first_departure_time': 1536748920, 'first_arrival_time': 1536751620, 'second_train_section': 24378, 'second_section': 22318, 'second_departure_time': 1536759300, 'second_arrival_time': 1536763800}
60	{'task_type': 'regular', 'locomotive': 22555, 'train_section': 24378, 'section': 22318, 'departure_time': 1536759300, 'arrival_time': 1536763800}
61	{'task_type': 'deadhead', 'locomotive': 22555, 'first_train_section': 24378, 'first_section': 22318, 'first_departure_time': 1536759300, 'first_arrival_time': 1536763800, 'second_train_section': 23766, 'second_section': 22404, 'second_departure_time': 1536772740, 'second_arrival_time': 1536781620}
62	{'task_type': 'regular', 'locomotive': 22555, 'train_section': 23766, 'section': 22404, 'departure_time': 1536772740, 'arrival_time': 1536781620}
63	{'task_type': 'regular', 'locomotive': 22555, 'train_section': 23270, 'section': 22246, 'departure_time': 1536786720, 'arrival_time': 1536787980}
64	{'task_type': 'regular', 'locomotive': 22555, 'train_section': 25310, 'section': 22368, 'departure_time': 1536796080, 'arrival_time': 1536799800}
65	{'task_type': 'deadhead', 'locomotive': 22555, 'first_train_section': 25310, 'first_section': 22368, 'first_departure_time': 1536796080, 'first_arrival_time': 1536799800, 'second_train_section': 24930, 'second_section': 22373, 'second_departure_time': 1536810840, 'second_arrival_time': 1536816120}
66	{'task_type': 'regular', 'locomotive': 22555, 'train_section': 24930, 'section': 22373, 'departure_time': 1536810840, 'arrival_time': 1536816120}
67	{'task_type': 'deadhead', 'locomotive': 22555, 'first_train_section': 24930, 'first_section': 22373, 'first_departure_time': 1536810840, 'first_arrival_time': 1536816120, 'second_train_section': 24241, 'second_section': 22404, 'second_departure_time': 1536846960, 'second_arrival_time': 1536856500}
68	{'task_type': 'regular', 'locomotive': 22555, 'train_section': 24241, 'section': 22404, 'departure_time': 1536846960, 'arrival_time': 1536856500}
69	{'task_type': 'deadhead', 'locomotive': 22555, 'first_train_section': 24241, 'first_section': 22404, 'first_departure_time': 1536846960, 'first_arrival_time': 1536856500, 'second_train_section': 24245, 'second_section': 22308, 'second_departure_time': 1536862800, 'second_arrival_time': 1536865560}
70	{'task_type': 'regular', 'locomotive': 22555, 'train_section': 24245, 'section': 22308, 'departure_time': 1536862800, 'arrival_time': 1536865560}
71	{'task_type': 'regular', 'locomotive': 22555, 'train_section': 24247, 'section': 22496, 'departure_time': 1536866940, 'arrival_time': 1536871260}
72	{'task_type': 'deadhead', 'locomotive': 22555, 'first_train_section': 24247, 'first_section': 22496, 'first_departure_time': 1536866940, 'first_arrival_time': 1536871260, 'second_train_section': 25439, 'second_section': 22431, 'second_departure_time': 1536877140, 'second_arrival_time': 1536881340}
73	{'task_type': 'regular', 'locomotive': 22555, 'train_section': 25439, 'section': 22431, 'departure_time': 1536877140, 'arrival_time': 1536881340}
74	{'task_type': 'deadhead', 'locomotive': 22555, 'first_train_section': 25439, 'first_section': 22431, 'first_departure_time': 1536877140, 'first_arrival_time': 1536881340, 'second_train_section': 25379, 'second_section': 22339, 'second_departure_time': 1536898440, 'second_arrival_time': 1536900000}
75	{'task_type': 'regular', 'locomotive': 22555, 'train_section': 25379, 'section': 22339, 'departure_time': 1536898440, 'arrival_time': 1536900000}
76	{'task_type': 'deadhead', 'locomotive': 22555, 'first_train_section': 25379, 'first_section': 22339, 'first_departure_time': 1536898440, 'first_arrival_time': 1536900000, 'second_train_section': 24397, 'second_section': 22252, 'second_departure_time': 1536942840, 'second_arrival_time': 1536948360}
77	{'task_type': 'regular', 'locomotive': 22555, 'train_section': 24397, 'section': 22252, 'departure_time': 1536942840, 'arrival_time': 1536948360}
78	{'task_type': 'deadhead', 'locomotive': 22555, 'first_train_section': 24397, 'first_section': 22252, 'first_departure_time': 1536942840, 'first_arrival_time': 1536948360, 'second_train_section': 23555, 'second_section': 22307, 'second_departure_time': 1536957060, 'second_arrival_time': 1536959100}
79	{'task_type': 'regular', 'locomotive': 22555, 'train_section': 23555, 'section': 22307, 'departure_time': 1536957060, 'arrival_time': 1536959100}
80	{'task_type': 'deadhead', 'locomotive': 22555, 'first_train_section': 23555, 'first_section': 22307, 'first_departure_time': 1536957060, 'first_arrival_time': 1536959100, 'second_train_section': 24072, 'second_section': 22256, 'second_departure_time': 1536986520, 'second_arrival_time': 1536989460}
81	{'task_type': 'regular', 'locomotive': 22555, 'train_section': 24072, 'section': 22256, 'departure_time': 1536986520, 'arrival_time': 1536989460}
82	{'task_type': 'deadhead', 'locomotive': 22555, 'first_train_section': 24072, 'first_section': 22256, 'first_departure_time': 1536986520, 'first_arrival_time': 1536989460, 'second_train_section': 24924, 'second_section': 22327, 'second_departure_time': 1537002480, 'second_arrival_time': 1537008840}
83	{'task_type': 'regular', 'locomotive': 22555, 'train_section': 24924, 'section': 22327, 'departure_time': 1537002480, 'arrival_time': 1537008840}
84	{'task_type': 'regular', 'locomotive': 22558, 'train_section': 24467, 'section': 22346, 'departure_time': 1536620640, 'arrival_time': 1536622320}
85	{'task_type': 'deadhead', 'locomotive': 22558, 'first_train_section': 24467, 'first_section': 22346, 'first_departure_time': 1536620640, 'first_arrival_time': 1536622320, 'second_train_section': 25370, 'second_section': 22345, 'second_departure_time': 1536627960, 'second_arrival_time': 1536630900}
86	{'task_type': 'regular', 'locomotive': 22558, 'train_section': 25370, 'section': 22345, 'departure_time': 1536627960, 'arrival_time': 1536630900}
87	{'task_type': 'deadhead', 'locomotive': 22558, 'first_train_section': 25370, 'first_section': 22345, 'first_departure_time': 1536627960, 'first_arrival_time': 1536630900, 'second_train_section': 23792, 'second_section': 22303, 'second_departure_time': 1536636240, 'second_arrival_time': 1536642120}
88	{'task_type': 'regular', 'locomotive': 22558, 'train_section': 23792, 'section': 22303, 'departure_time': 1536636240, 'arrival_time': 1536642120}
89	{'task_type': 'deadhead', 'locomotive': 22558, 'first_train_section': 23792, 'first_section': 22303, 'first_departure_time': 1536636240, 'first_arrival_time': 1536642120, 'second_train_section': 22901, 'second_section': 22431, 'second_departure_time': 1536646200, 'second_arrival_time': 1536650820}
90	{'task_type': 'regular', 'locomotive': 22558, 'train_section': 22901, 'section': 22431, 'departure_time': 1536646200, 'arrival_time': 1536650820}
91	{'task_type': 'deadhead', 'locomotive': 22558, 'first_train_section': 22901, 'first_section': 22431, 'first_departure_time': 1536646200, 'first_arrival_time': 1536650820, 'second_train_section': 23690, 'second_section': 22268, 'second_departure_time': 1536664740, 'second_arrival_time': 1536671820}
92	{'task_type': 'regular', 'locomotive': 22558, 'train_section': 23690, 'section': 22268, 'departure_time': 1536664740, 'arrival_time': 1536671820}
93	{'task_type': 'deadhead', 'locomotive': 22558, 'first_train_section': 23690, 'first_section': 22268, 'first_departure_time': 1536664740, 'first_arrival_time': 1536671820, 'second_train_section': 23082, 'second_section': 22454, 'second_departure_time': 1536679500, 'second_arrival_time': 1536685320}
94	{'task_type': 'regular', 'locomotive': 22558, 'train_section': 23082, 'section': 22454, 'departure_time': 1536679500, 'arrival_time': 1536685320}
95	{'task_type': 'deadhead', 'locomotive': 22558, 'first_train_section': 23082, 'first_section': 22454, 'first_departure_time': 1536679500, 'first_arrival_time': 1536685320, 'second_train_section': 23816, 'second_section': 22261, 'second_departure_time': 1536695100, 'second_arrival_time': 1536696660}
96	{'task_type': 'regular', 'locomotive': 22558, 'train_section': 23816, 'section': 22261, 'departure_time': 1536695100, 'arrival_time': 1536696660}
97	{'task_type': 'deadhead', 'locomotive': 22558, 'first_train_section': 23816, 'first_section': 22261, 'first_departure_time': 1536695100, 'first_arrival_time': 1536696660, 'second_train_section': 25521, 'second_section': 22245, 'second_departure_time': 1536703740, 'second_arrival_time': 1536708240}
98	{'task_type': 'regular', 'locomotive': 22558, 'train_section': 25521, 'section': 22245, 'departure_time': 1536703740, 'arrival_time': 1536708240}
99	{'task_type': 'regular', 'locomotive': 22558, 'train_section': 25523, 'section': 22308, 'departure_time': 1536708960, 'arrival_time': 1536711660}
100	{'task_type': 'deadhead', 'locomotive': 22558, 'first_train_section': 25523, 'first_section': 22308, 'first_departure_time': 1536708960, 'first_arrival_time': 1536711660, 'second_train_section': 25338, 'second_section': 22378, 'second_departure_time': 1536721740, 'second_arrival_time': 1536725400}
101	{'task_type': 'regular', 'locomotive': 22558, 'train_section': 25338, 'section': 22378, 'departure_time': 1536721740, 'arrival_time': 1536725400}
102	{'task_type': 'deadhead', 'locomotive': 22558, 'first_train_section': 25338, 'first_section': 22378, 'first_departure_time': 1536721740, 'first_arrival_time': 1536725400, 'second_train_section': 22622, 'second_section': 22427, 'second_departure_time': 1536739380, 'second_arrival_time': 1536742200}
103	{'task_type': 'regular', 'locomotive': 22558, 'train_section': 22622, 'section': 22427, 'departure_time': 1536739380, 'arrival_time': 1536742200}
104	{'task_type': 'deadhead', 'locomotive': 22558, 'first_train_section': 22622, 'first_section': 22427, 'first_departure_time': 1536739380, 'first_arrival_time': 1536742200, 'second_train_section': 23132, 'second_section': 22416, 'second_departure_time': 1536749640, 'second_arrival_time': 1536753300}
105	{'task_type': 'regular', 'locomotive': 22558, 'train_section': 23132, 'section': 22416, 'departure_time': 1536749640, 'arrival_time': 1536753300}
106	{'task_type': 'regular', 'locomotive': 22558, 'train_section': 25455, 'section': 22378, 'departure_time': 1536755700, 'arrival_time': 1536759360}
107	{'task_type': 'deadhead', 'locomotive': 22558, 'first_train_section': 25455, 'first_section': 22378, 'first_departure_time': 1536755700, 'first_arrival_time': 1536759360, 'second_train_section': 23223, 'second_section': 22414, 'second_departure_time': 1536762480, 'second_arrival_time': 1536766860}
108	{'task_type': 'regular', 'locomotive': 22558, 'train_section': 23223, 'section': 22414, 'departure_time': 1536762480, 'arrival_time': 1536766860}
109	{'task_type': 'deadhead', 'locomotive': 22558, 'first_train_section': 22950, 'first_section': 22417, 'first_departure_time': 1536777360, 'first_arrival_time': 1536789540, 'second_train_section': 25252, 'second_section': 22309, 'second_departure_time': 1536799380, 'second_arrival_time': 1536804000}
110	{'task_type': 'regular', 'locomotive': 22558, 'train_section': 25252, 'section': 22309, 'departure_time': 1536799380, 'arrival_time': 1536804000}
111	{'task_type': 'deadhead', 'locomotive': 22558, 'first_train_section': 25252, 'first_section': 22309, 'first_departure_time': 1536799380, 'first_arrival_time': 1536804000, 'second_train_section': 25129, 'second_section': 22416, 'second_departure_time': 1536818040, 'second_arrival_time': 1536821700}
112	{'task_type': 'regular', 'locomotive': 22558, 'train_section': 25129, 'section': 22416, 'departure_time': 1536818040, 'arrival_time': 1536821700}
113	{'task_type': 'deadhead', 'locomotive': 22558, 'first_train_section': 25129, 'first_section': 22416, 'first_departure_time': 1536818040, 'first_arrival_time': 1536821700, 'second_train_section': 24906, 'second_section': 22287, 'second_departure_time': 1536840480, 'second_arrival_time': 1536841860}
114	{'task_type': 'regular', 'locomotive': 22558, 'train_section': 24906, 'section': 22287, 'departure_time': 1536840480, 'arrival_time': 1536841860}
115	{'task_type': 'deadhead', 'locomotive': 22558, 'first_train_section': 24906, 'first_section': 22287, 'first_departure_time': 1536840480, 'first_arrival_time': 1536841860, 'second_train_section': 22608, 'second_section': 22257, 'second_departure_time': 1536847200, 'second_arrival_time': 1536847920}
116	{'task_type': 'regular', 'locomotive': 22558, 'train_section': 22608, 'section': 22257, 'departure_time': 1536847200, 'arrival_time': 1536847920}
117	{'task_type': 'deadhead', 'locomotive': 22558, 'first_train_section': 22608, 'first_section': 22257, 'first_departure_time': 1536847200, 'first_arrival_time': 1536847920, 'second_train_section': 24811, 'second_section': 22449, 'second_departure_time': 1536862380, 'second_arrival_time': 1536864540}
118	{'task_type': 'regular', 'locomotive': 22558, 'train_section': 24811, 'section': 22449, 'departure_time': 1536862380, 'arrival_time': 1536864540}
119	{'task_type': 'deadhead', 'locomotive': 22558, 'first_train_section': 24811, 'first_section': 22449, 'first_departure_time': 1536862380, 'first_arrival_time': 1536864540, 'second_train_section': 25480, 'second_section': 22451, 'second_departure_time': 1536879420, 'second_arrival_time': 1536886320}
120	{'task_type': 'regular', 'locomotive': 22558, 'train_section': 25480, 'section': 22451, 'departure_time': 1536879420, 'arrival_time': 1536886320}
121	{'task_type': 'deadhead', 'locomotive': 22558, 'first_train_section': 25480, 'first_section': 22451, 'first_departure_time': 1536879420, 'first_arrival_time': 1536886320, 'second_train_section': 23141, 'second_section': 22303, 'second_departure_time': 1536895440, 'second_arrival_time': 1536901320}
122	{'task_type': 'regular', 'locomotive': 22558, 'train_section': 23141, 'section': 22303, 'departure_time': 1536895440, 'arrival_time': 1536901320}
123	{'task_type': 'regular', 'locomotive': 22558, 'train_section': 24699, 'section': 22416, 'departure_time': 1536920640, 'arrival_time': 1536924300}
124	{'task_type': 'deadhead', 'locomotive': 22558, 'first_train_section': 24699, 'first_section': 22416, 'first_departure_time': 1536920640, 'first_arrival_time': 1536924300, 'second_train_section': 22975, 'second_section': 22457, 'second_departure_time': 1536929520, 'second_arrival_time': 1536931620}
125	{'task_type': 'regular', 'locomotive': 22558, 'train_section': 22975, 'section': 22457, 'departure_time': 1536929520, 'arrival_time': 1536931620}
126	{'task_type': 'deadhead', 'locomotive': 22558, 'first_train_section': 22975, 'first_section': 22457, 'first_departure_time': 1536929520, 'first_arrival_time': 1536931620, 'second_train_section': 24951, 'second_section': 22264, 'second_departure_time': 1536940380, 'second_arrival_time': 1536940800}
127	{'task_type': 'regular', 'locomotive': 22558, 'train_section': 24951, 'section': 22264, 'departure_time': 1536940380, 'arrival_time': 1536940800}
128	{'task_type': 'deadhead', 'locomotive': 22558, 'first_train_section': 24951, 'first_section': 22264, 'first_departure_time': 1536940380, 'first_arrival_time': 1536940800, 'second_train_section': 22678, 'second_section': 22443, 'second_departure_time': 1536954840, 'second_arrival_time': 1536956520}
129	{'task_type': 'regular', 'locomotive': 22558, 'train_section': 22678, 'section': 22443, 'departure_time': 1536954840, 'arrival_time': 1536956520}
130	{'task_type': 'deadhead', 'locomotive': 22558, 'first_train_section': 25245, 'first_section': 22417, 'first_departure_time': 1536962400, 'first_arrival_time': 1536981840, 'second_train_section': 23896, 'second_section': 22378, 'second_departure_time': 1536986100, 'second_arrival_time': 1536989760}
131	{'task_type': 'regular', 'locomotive': 22558, 'train_section': 23896, 'section': 22378, 'departure_time': 1536986100, 'arrival_time': 1536989760}
132	{'task_type': 'deadhead', 'locomotive': 22558, 'first_train_section': 24672, 'first_section': 22417, 'first_departure_time': 1537002360, 'first_arrival_time': 1537019640, 'second_train_section': 23640, 'second_section': 22431, 'second_departure_time': 1537031940, 'second_arrival_time': 1537036800}
133	{'task_type': 'regular', 'locomotive': 22558, 'train_section': 23640, 'section': 22431, 'departure_time': 1537031940, 'arrival_time': 1537036800}
134	{'task_type': 'regular', 'locomotive': 22560, 'train_section': 24831, 'section': 22247, 'departure_time': 1536620340, 'arrival_time': 1536629160}
135	{'task_type': 'deadhead', 'locomotive': 22560, 'first_train_section': 24831, 'first_section': 22247, 'first_departure_time': 1536620340, 'first_arrival_time': 1536629160, 'second_train_section': 23647, 'second_section': 22510, 'second_departure_time': 1536633000, 'second_arrival_time': 1536634560}
136	{'task_type': 'regular', 'locomotive': 22560, 'train_section': 23647, 'section': 22510, 'departure_time': 1536633000, 'arrival_time': 1536634560}
137	{'task_type': 'deadhead', 'locomotive': 22560, 'first_train_section': 23647, 'first_section': 22510, 'first_departure_time': 1536633000, 'first_arrival_time': 1536634560, 'second_train_section': 22718, 'second_section': 22347, 'second_departure_time': 1536650340, 'second_arrival_time': 1536655680}
138	{'task_type': 'regular', 'locomotive': 22560, 'train_section': 22718, 'section': 22347, 'departure_time': 1536650340, 'arrival_time': 1536655680}
139	{'task_type': 'deadhead', 'locomotive': 22560, 'first_train_section': 22718, 'first_section': 22347, 'first_departure_time': 1536650340, 'first_arrival_time': 1536655680, 'second_train_section': 25202, 'second_section': 22391, 'second_departure_time': 1536672360, 'second_arrival_time': 1536673080}
140	{'task_type': 'regular', 'locomotive': 22560, 'train_section': 25202, 'section': 22391, 'departure_time': 1536672360, 'arrival_time': 1536673080}
141	{'task_type': 'deadhead', 'locomotive': 22560, 'first_train_section': 25202, 'first_section': 22391, 'first_departure_time': 1536672360, 'first_arrival_time': 1536673080, 'second_train_section': 25519, 'second_section': 22404, 'second_departure_time': 1536695040, 'second_arrival_time': 1536703560}
142	{'task_type': 'regular', 'locomotive': 22560, 'train_section': 25519, 'section': 22404, 'departure_time': 1536695040, 'arrival_time': 1536703560}
143	{'task_type': 'deadhead', 'locomotive': 22560, 'first_train_section': 25519, 'first_section': 22404, 'first_departure_time': 1536695040, 'first_arrival_time': 1536703560, 'second_train_section': 23726, 'second_section': 22304, 'second_departure_time': 1536712380, 'second_arrival_time': 1536716820}
144	{'task_type': 'regular', 'locomotive': 22560, 'train_section': 23726, 'section': 22304, 'departure_time': 1536712380, 'arrival_time': 1536716820}
145	{'task_type': 'deadhead', 'locomotive': 22560, 'first_train_section': 23726, 'first_section': 22304, 'first_departure_time': 1536712380, 'first_arrival_time': 1536716820, 'second_train_section': 23276, 'second_section': 22342, 'second_departure_time': 1536724020, 'second_arrival_time': 1536730500}
146	{'task_type': 'regular', 'locomotive': 22560, 'train_section': 23276, 'section': 22342, 'departure_time': 1536724020, 'arrival_time': 1536730500}
147	{'task_type': 'deadhead', 'locomotive': 22560, 'first_train_section': 23276, 'first_section': 22342, 'first_departure_time': 1536724020, 'first_arrival_time': 1536730500, 'second_train_section': 25109, 'second_section': 22292, 'second_departure_time': 1536744000, 'second_arrival_time': 1536748080}
148	{'task_type': 'regular', 'locomotive': 22560, 'train_section': 25109, 'section': 22292, 'departure_time': 1536744000, 'arrival_time': 1536748080}
149	{'task_type': 'deadhead', 'locomotive': 22560, 'first_train_section': 25109, 'first_section': 22292, 'first_departure_time': 1536744000, 'first_arrival_time': 1536748080, 'second_train_section': 24391, 'second_section': 22285, 'second_departure_time': 1536753720, 'second_arrival_time': 1536762840}
150	{'task_type': 'regular', 'locomotive': 22560, 'train_section': 24391, 'section': 22285, 'departure_time': 1536753720, 'arrival_time': 1536762840}
151	{'task_type': 'deadhead', 'locomotive': 22560, 'first_train_section': 24391, 'first_section': 22285, 'first_departure_time': 1536753720, 'first_arrival_time': 1536762840, 'second_train_section': 23085, 'second_section': 22365, 'second_departure_time': 1536777420, 'second_arrival_time': 1536780960}
152	{'task_type': 'regular', 'locomotive': 22560, 'train_section': 23085, 'section': 22365, 'departure_time': 1536777420, 'arrival_time': 1536780960}
153	{'task_type': 'deadhead', 'locomotive': 22560, 'first_train_section': 23085, 'first_section': 22365, 'first_departure_time': 1536777420, 'first_arrival_time': 1536780960, 'second_train_section': 23257, 'second_section': 22334, 'second_departure_time': 1536806760, 'second_arrival_time': 1536810000}
154	{'task_type': 'regular', 'locomotive': 22560, 'train_section': 23257, 'section': 22334, 'departure_time': 1536806760, 'arrival_time': 1536810000}
155	{'task_type': 'deadhead', 'locomotive': 22560, 'first_train_section': 23257, 'first_section': 22334, 'first_departure_time': 1536806760, 'first_arrival_time': 1536810000, 'second_train_section': 23566, 'second_section': 22494, 'second_departure_time': 1536817500, 'second_arrival_time': 1536819720}
156	{'task_type': 'regular', 'locomotive': 22560, 'train_section': 23566, 'section': 22494, 'departure_time': 1536817500, 'arrival_time': 1536819720}
157	{'task_type': 'deadhead', 'locomotive': 22560, 'first_train_section': 23566, 'first_section': 22494, 'first_departure_time': 1536817500, 'first_arrival_time': 1536819720, 'second_train_section': 23934, 'second_section': 22381, 'second_departure_time': 1536838320, 'second_arrival_time': 1536840240}
158	{'task_type': 'regular', 'locomotive': 22560, 'train_section': 23934, 'section': 22381, 'departure_time': 1536838320, 'arrival_time': 1536840240}
159	{'task_type': 'deadhead', 'locomotive': 22560, 'first_train_section': 23934, 'first_section': 22381, 'first_departure_time': 1536838320, 'first_arrival_time': 1536840240, 'second_train_section': 25261, 'second_section': 22281, 'second_departure_time': 1536851640, 'second_arrival_time': 1536856800}
160	{'task_type': 'regular', 'locomotive': 22560, 'train_section': 25261, 'section': 22281, 'departure_time': 1536851640, 'arrival_time': 1536856800}
161	{'task_type': 'deadhead', 'locomotive': 22560, 'first_train_section': 25261, 'first_section': 22281, 'first_departure_time': 1536851640, 'first_arrival_time': 1536856800, 'second_train_section': 24558, 'second_section': 22261, 'second_departure_time': 1536867900, 'second_arrival_time': 1536869460}
162	{'task_type': 'regular', 'locomotive': 22560, 'train_section': 24558, 'section': 22261, 'departure_time': 1536867900, 'arrival_time': 1536869460}
163	{'task_type': 'deadhead', 'locomotive': 22560, 'first_train_section': 24558, 'first_section': 22261, 'first_departure_time': 1536867900, 'first_arrival_time': 1536869460, 'second_train_section': 25441, 'second_section': 22495, 'second_departure_time': 1536882240, 'second_arrival_time': 1536885120}
164	{'task_type': 'regular', 'locomotive': 22560, 'train_section': 25441, 'section': 22495, 'departure_time': 1536882240, 'arrival_time': 1536885120}
165	{'task_type': 'regular', 'locomotive': 22560, 'train_section': 23808, 'section': 22308, 'departure_time': 1536888960, 'arrival_time': 1536891600}
166	{'task_type': 'deadhead', 'locomotive': 22560, 'first_train_section': 23808, 'first_section': 22308, 'first_departure_time': 1536888960, 'first_arrival_time': 1536891600, 'second_train_section': 24235, 'second_section': 22416, 'second_departure_time': 1536899040, 'second_arrival_time': 1536902700}
167	{'task_type': 'regular', 'locomotive': 22560, 'train_section': 24235, 'section': 22416, 'departure_time': 1536899040, 'arrival_time': 1536902700}
168	{'task_type': 'deadhead', 'locomotive': 22560, 'first_train_section': 24235, 'first_section': 22416, 'first_departure_time': 1536899040, 'first_arrival_time': 1536902700, 'second_train_section': 25017, 'second_section': 22256, 'second_departure_time': 1536916680, 'second_arrival_time': 1536919380}
169	{'task_type': 'regular', 'locomotive': 22560, 'train_section': 25017, 'section': 22256, 'departure_time': 1536916680, 'arrival_time': 1536919380}
170	{'task_type': 'deadhead', 'locomotive': 22560, 'first_train_section': 25017, 'first_section': 22256, 'first_departure_time': 1536916680, 'first_arrival_time': 1536919380, 'second_train_section': 25385, 'second_section': 22310, 'second_departure_time': 1536938100, 'second_arrival_time': 1536939540}
171	{'task_type': 'regular', 'locomotive': 22560, 'train_section': 25385, 'section': 22310, 'departure_time': 1536938100, 'arrival_time': 1536939540}
172	{'task_type': 'deadhead', 'locomotive': 22560, 'first_train_section': 25385, 'first_section': 22310, 'first_departure_time': 1536938100, 'first_arrival_time': 1536939540, 'second_train_section': 22823, 'second_section': 22343, 'second_departure_time': 1536956400, 'second_arrival_time': 1536967140}
173	{'task_type': 'regular', 'locomotive': 22560, 'train_section': 22823, 'section': 22343, 'departure_time': 1536956400, 'arrival_time': 1536967140}
174	{'task_type': 'deadhead', 'locomotive': 22560, 'first_train_section': 22823, 'first_section': 22343, 'first_departure_time': 1536956400, 'first_arrival_time': 1536967140, 'second_train_section': 22945, 'second_section': 22448, 'second_departure_time': 1536969360, 'second_arrival_time': 1536970620}
175	{'task_type': 'regular', 'locomotive': 22560, 'train_section': 22945, 'section': 22448, 'departure_time': 1536969360, 'arrival_time': 1536970620}
176	{'task_type': 'deadhead', 'locomotive': 22560, 'first_train_section': 22945, 'first_section': 22448, 'first_departure_time': 1536969360, 'first_arrival_time': 1536970620, 'second_train_section': 25086, 'second_section': 22293, 'second_departure_time': 1536977880, 'second_arrival_time': 1536986340}
177	{'task_type': 'regular', 'locomotive': 22560, 'train_section': 25086, 'section': 22293, 'departure_time': 1536977880, 'arrival_time': 1536986340}
178	{'task_type': 'deadhead', 'locomotive': 22560, 'first_train_section': 25086, 'first_section': 22293, 'first_departure_time': 1536977880, 'first_arrival_time': 1536986340, 'second_train_section': 25138, 'second_section': 22281, 'second_departure_time': 1536995640, 'second_arrival_time': 1537000800}
179	{'task_type': 'regular', 'locomotive': 22560, 'train_section': 25138, 'section': 22281, 'departure_time': 1536995640, 'arrival_time': 1537000800}
180	{'task_type': 'deadhead', 'locomotive': 22560, 'first_train_section': 25138, 'first_section': 22281, 'first_departure_time': 1536995640, 'first_arrival_time': 1537000800, 'second_train_section': 23608, 'second_section': 22324, 'second_departure_time': 1537014180, 'second_arrival_time': 1537019580}
181	{'task_type': 'regular', 'locomotive': 22560, 'train_section': 23608, 'section': 22324, 'departure_time': 1537014180, 'arrival_time': 1537019580}
182	{'task_type': 'deadhead', 'locomotive': 22560, 'first_train_section': 23608, 'first_section': 22324, 'first_departure_time': 1537014180, 'first_arrival_time': 1537019580, 'second_train_section': 23069, 'second_section': 22337, 'second_departure_time': 1537030980, 'second_arrival_time': 1537040820}
183	{'task_type': 'regular', 'locomotive': 22560, 'train_section': 23069, 'section': 22337, 'departure_time': 1537030980, 'arrival_time': 1537040820}
184	{'task_type': 'deadhead', 'locomotive': 22560, 'first_train_section': 23069, 'first_section': 22337, 'first_departure_time': 1537030980, 'first_arrival_time': 1537040820, 'second_train_section': 25077, 'second_section': 22477, 'second_departure_time': 1537071600, 'second_arrival_time': 1537074000}
185	{'task_type': 'regular', 'locomotive': 22560, 'train_section': 25077, 'section': 22477, 'departure_time': 1537071600, 'arrival_time': 1537074000}
186	{'task_type': 'deadhead', 'locomotive': 22560, 'first_train_section': 25077, 'first_section': 22477, 'first_departure_time': 1537071600, 'first_arrival_time': 1537074000, 'second_train_section': 23338, 'second_section': 22351, 'second_departure_time': 1537094880, 'second_arrival_time': 1537100040}
187	{'task_type': 'regular', 'locomotive': 22560, 'train_section': 23338, 'section': 22351, 'departure_time': 1537094880, 'arrival_time': 1537100040}
188	{'task_type': 'deadhead', 'locomotive': 22560, 'first_train_section': 23338, 'first_section': 22351, 'first_departure_time': 1537094880, 'first_arrival_time': 1537100040, 'second_train_section': 24814, 'second_section': 22428, 'second_departure_time': 1537111320, 'second_arrival_time': 1537119540}
189	{'task_type': 'regular', 'locomotive': 22560, 'train_section': 24814, 'section': 22428, 'departure_time': 1537111320, 'arrival_time': 1537119540}
190	{'task_type': 'regular', 'locomotive': 22561, 'train_section': 23035, 'section': 22304, 'departure_time': 1536625980, 'arrival_time': 1536630420}
191	{'task_type': 'regular', 'locomotive': 22561, 'train_section': 23037, 'section': 22247, 'departure_time': 1536630600, 'arrival_time': 1536641160}
192	{'task_type': 'deadhead', 'locomotive': 22561, 'first_train_section': 23620, 'first_section': 22382, 'first_departure_time': 1536644880, 'first_arrival_time': 1536659760, 'second_train_section': 24386, 'second_section': 22263, 'second_departure_time': 1536673080, 'second_arrival_time': 1536674880}
193	{'task_type': 'regular', 'locomotive': 22561, 'train_section': 24386, 'section': 22263, 'departure_time': 1536673080, 'arrival_time': 1536674880}
194	{'task_type': 'deadhead', 'locomotive': 22561, 'first_train_section': 24386, 'first_section': 22263, 'first_departure_time': 1536673080, 'first_arrival_time': 1536674880, 'second_train_section': 24332, 'second_section': 22264, 'second_departure_time': 1536681180, 'second_arrival_time': 1536681600}
195	{'task_type': 'regular', 'locomotive': 22561, 'train_section': 24332, 'section': 22264, 'departure_time': 1536681180, 'arrival_time': 1536681600}
196	{'task_type': 'deadhead', 'locomotive': 22561, 'first_train_section': 24332, 'first_section': 22264, 'first_departure_time': 1536681180, 'first_arrival_time': 1536681600, 'second_train_section': 22888, 'second_section': 22495, 'second_departure_time': 1536688380, 'second_arrival_time': 1536691260}
197	{'task_type': 'regular', 'locomotive': 22561, 'train_section': 22888, 'section': 22495, 'departure_time': 1536688380, 'arrival_time': 1536691260}
198	{'task_type': 'deadhead', 'locomotive': 22561, 'first_train_section': 22888, 'first_section': 22495, 'first_departure_time': 1536688380, 'first_arrival_time': 1536691260, 'second_train_section': 24357, 'second_section': 22385, 'second_departure_time': 1536700140, 'second_arrival_time': 1536701040}
199	{'task_type': 'regular', 'locomotive': 22561, 'train_section': 24357, 'section': 22385, 'departure_time': 1536700140, 'arrival_time': 1536701040}
200	{'task_type': 'deadhead', 'locomotive': 22561, 'first_train_section': 24357, 'first_section': 22385, 'first_departure_time': 1536700140, 'first_arrival_time': 1536701040, 'second_train_section': 23722, 'second_section': 22443, 'second_departure_time': 1536706500, 'second_arrival_time': 1536708180}
201	{'task_type': 'regular', 'locomotive': 22561, 'train_section': 23722, 'section': 22443, 'departure_time': 1536706500, 'arrival_time': 1536708180}
202	{'task_type': 'deadhead', 'locomotive': 22561, 'first_train_section': 23722, 'first_section': 22443, 'first_departure_time': 1536706500, 'first_arrival_time': 1536708180, 'second_train_section': 22650, 'second_section': 22248, 'second_departure_time': 1536724200, 'second_arrival_time': 1536726960}
203	{'task_type': 'regular', 'locomotive': 22561, 'train_section': 22650, 'section': 22248, 'departure_time': 1536724200, 'arrival_time': 1536726960}
204	{'task_type': 'deadhead', 'locomotive': 22561, 'first_train_section': 22650, 'first_section': 22248, 'first_departure_time': 1536724200, 'first_arrival_time': 1536726960, 'second_train_section': 23147, 'second_section': 22342, 'second_departure_time': 1536736740, 'second_arrival_time': 1536742020}
205	{'task_type': 'regular', 'locomotive': 22561, 'train_section': 23147, 'section': 22342, 'departure_time': 1536736740, 'arrival_time': 1536742020}
206	{'task_type': 'deadhead', 'locomotive': 22561, 'first_train_section': 23147, 'first_section': 22342, 'first_departure_time': 1536736740, 'first_arrival_time': 1536742020, 'second_train_section': 24776, 'second_section': 22351, 'second_departure_time': 1536749280, 'second_arrival_time': 1536754440}
207	{'task_type': 'regular', 'locomotive': 22561, 'train_section': 24776, 'section': 22351, 'departure_time': 1536749280, 'arrival_time': 1536754440}
208	{'task_type': 'deadhead', 'locomotive': 22561, 'first_train_section': 24776, 'first_section': 22351, 'first_departure_time': 1536749280, 'first_arrival_time': 1536754440, 'second_train_section': 25294, 'second_section': 22247, 'second_departure_time': 1536761520, 'second_arrival_time': 1536772620}
209	{'task_type': 'regular', 'locomotive': 22561, 'train_section': 25294, 'section': 22247, 'departure_time': 1536761520, 'arrival_time': 1536772620}
210	{'task_type': 'deadhead', 'locomotive': 22561, 'first_train_section': 25294, 'first_section': 22247, 'first_departure_time': 1536761520, 'first_arrival_time': 1536772620, 'second_train_section': 24429, 'second_section': 22322, 'second_departure_time': 1536786780, 'second_arrival_time': 1536795000}
211	{'task_type': 'regular', 'locomotive': 22561, 'train_section': 24429, 'section': 22322, 'departure_time': 1536786780, 'arrival_time': 1536795000}
212	{'task_type': 'deadhead', 'locomotive': 22561, 'first_train_section': 24429, 'first_section': 22322, 'first_departure_time': 1536786780, 'first_arrival_time': 1536795000, 'second_train_section': 25409, 'second_section': 22281, 'second_departure_time': 1536807960, 'second_arrival_time': 1536814920}
213	{'task_type': 'regular', 'locomotive': 22561, 'train_section': 25409, 'section': 22281, 'departure_time': 1536807960, 'arrival_time': 1536814920}
214	{'task_type': 'regular', 'locomotive': 22561, 'train_section': 22660, 'section': 22351, 'departure_time': 1536828480, 'arrival_time': 1536833640}
215	{'task_type': 'deadhead', 'locomotive': 22561, 'first_train_section': 22660, 'first_section': 22351, 'first_departure_time': 1536828480, 'first_arrival_time': 1536833640, 'second_train_section': 25501, 'second_section': 22416, 'second_departure_time': 1536845040, 'second_arrival_time': 1536848700}
216	{'task_type': 'regular', 'locomotive': 22561, 'train_section': 25501, 'section': 22416, 'departure_time': 1536845040, 'arrival_time': 1536848700}
217	{'task_type': 'deadhead', 'locomotive': 22561, 'first_train_section': 25501, 'first_section': 22416, 'first_departure_time': 1536845040, 'first_arrival_time': 1536848700, 'second_train_section': 23015, 'second_section': 22427, 'second_departure_time': 1536854400, 'second_arrival_time': 1536857280}
218	{'task_type': 'regular', 'locomotive': 22561, 'train_section': 23015, 'section': 22427, 'departure_time': 1536854400, 'arrival_time': 1536857280}
219	{'task_type': 'deadhead', 'locomotive': 22561, 'first_train_section': 23015, 'first_section': 22427, 'first_departure_time': 1536854400, 'first_arrival_time': 1536857280, 'second_train_section': 22776, 'second_section': 22431, 'second_departure_time': 1536861780, 'second_arrival_time': 1536865740}
220	{'task_type': 'regular', 'locomotive': 22561, 'train_section': 22776, 'section': 22431, 'departure_time': 1536861780, 'arrival_time': 1536865740}
221	{'task_type': 'regular', 'locomotive': 22561, 'train_section': 22778, 'section': 22495, 'departure_time': 1536866880, 'arrival_time': 1536869820}
222	{'task_type': 'regular', 'locomotive': 22561, 'train_section': 25403, 'section': 22306, 'departure_time': 1536874740, 'arrival_time': 1536878280}
223	{'task_type': 'deadhead', 'locomotive': 22561, 'first_train_section': 25403, 'first_section': 22306, 'first_departure_time': 1536874740, 'first_arrival_time': 1536878280, 'second_train_section': 25443, 'second_section': 22309, 'second_departure_time': 1536885780, 'second_arrival_time': 1536890400}
224	{'task_type': 'regular', 'locomotive': 22561, 'train_section': 25443, 'section': 22309, 'departure_time': 1536885780, 'arrival_time': 1536890400}
225	{'task_type': 'deadhead', 'locomotive': 22561, 'first_train_section': 25443, 'first_section': 22309, 'first_departure_time': 1536885780, 'first_arrival_time': 1536890400, 'second_train_section': 24170, 'second_section': 22307, 'second_departure_time': 1536900000, 'second_arrival_time': 1536902340}
226	{'task_type': 'regular', 'locomotive': 22561, 'train_section': 24170, 'section': 22307, 'departure_time': 1536900000, 'arrival_time': 1536902340}
227	{'task_type': 'deadhead', 'locomotive': 22561, 'first_train_section': 24170, 'first_section': 22307, 'first_departure_time': 1536900000, 'first_arrival_time': 1536902340, 'second_train_section': 23391, 'second_section': 22485, 'second_departure_time': 1536911640, 'second_arrival_time': 1536919080}
228	{'task_type': 'regular', 'locomotive': 22561, 'train_section': 23391, 'section': 22485, 'departure_time': 1536911640, 'arrival_time': 1536919080}
229	{'task_type': 'deadhead', 'locomotive': 22561, 'first_train_section': 23391, 'first_section': 22485, 'first_departure_time': 1536911640, 'first_arrival_time': 1536919080, 'second_train_section': 24513, 'second_section': 22384, 'second_departure_time': 1536927900, 'second_arrival_time': 1536933300}
230	{'task_type': 'regular', 'locomotive': 22561, 'train_section': 24513, 'section': 22384, 'departure_time': 1536927900, 'arrival_time': 1536933300}
231	{'task_type': 'deadhead', 'locomotive': 22561, 'first_train_section': 24513, 'first_section': 22384, 'first_departure_time': 1536927900, 'first_arrival_time': 1536933300, 'second_train_section': 24786, 'second_section': 22309, 'second_departure_time': 1536955740, 'second_arrival_time': 1536960480}
232	{'task_type': 'regular', 'locomotive': 22561, 'train_section': 24786, 'section': 22309, 'departure_time': 1536955740, 'arrival_time': 1536960480}
233	{'task_type': 'deadhead', 'locomotive': 22561, 'first_train_section': 24786, 'first_section': 22309, 'first_departure_time': 1536955740, 'first_arrival_time': 1536960480, 'second_train_section': 25418, 'second_section': 22304, 'second_departure_time': 1536967500, 'second_arrival_time': 1536971880}
234	{'task_type': 'regular', 'locomotive': 22561, 'train_section': 25418, 'section': 22304, 'departure_time': 1536967500, 'arrival_time': 1536971880}
235	{'task_type': 'regular', 'locomotive': 22561, 'train_section': 25420, 'section': 22247, 'departure_time': 1536973980, 'arrival_time': 1536983460}
236	{'task_type': 'deadhead', 'locomotive': 22561, 'first_train_section': 25420, 'first_section': 22247, 'first_departure_time': 1536973980, 'first_arrival_time': 1536983460, 'second_train_section': 24750, 'second_section': 22404, 'second_departure_time': 1536986220, 'second_arrival_time': 1536996420}
237	{'task_type': 'regular', 'locomotive': 22561, 'train_section': 24750, 'section': 22404, 'departure_time': 1536986220, 'arrival_time': 1536996420}
238	{'task_type': 'deadhead', 'locomotive': 22561, 'first_train_section': 24750, 'first_section': 22404, 'first_departure_time': 1536986220, 'first_arrival_time': 1536996420, 'second_train_section': 24725, 'second_section': 22495, 'second_departure_time': 1537005000, 'second_arrival_time': 1537007820}
239	{'task_type': 'regular', 'locomotive': 22561, 'train_section': 24725, 'section': 22495, 'departure_time': 1537005000, 'arrival_time': 1537007820}
240	{'task_type': 'deadhead', 'locomotive': 22561, 'first_train_section': 24725, 'first_section': 22495, 'first_departure_time': 1537005000, 'first_arrival_time': 1537007820, 'second_train_section': 24879, 'second_section': 22500, 'second_departure_time': 1537029540, 'second_arrival_time': 1537031280}
241	{'task_type': 'regular', 'locomotive': 22561, 'train_section': 24879, 'section': 22500, 'departure_time': 1537029540, 'arrival_time': 1537031280}
242	{'task_type': 'deadhead', 'locomotive': 22561, 'first_train_section': 23902, 'first_section': 22502, 'first_departure_time': 1537038300, 'first_arrival_time': 1537048740, 'second_train_section': 24311, 'second_section': 22342, 'second_departure_time': 1537082340, 'second_arrival_time': 1537087620}
243	{'task_type': 'regular', 'locomotive': 22561, 'train_section': 24311, 'section': 22342, 'departure_time': 1537082340, 'arrival_time': 1537087620}
244	{'task_type': 'deadhead', 'locomotive': 22561, 'first_train_section': 24311, 'first_section': 22342, 'first_departure_time': 1537082340, 'first_arrival_time': 1537087620, 'second_train_section': 25156, 'second_section': 22378, 'second_departure_time': 1537113900, 'second_arrival_time': 1537117560}
245	{'task_type': 'regular', 'locomotive': 22561, 'train_section': 25156, 'section': 22378, 'departure_time': 1537113900, 'arrival_time': 1537117560}
246	{'task_type': 'regular', 'locomotive': 22564, 'train_section': 25159, 'section': 22378, 'departure_time': 1536602700, 'arrival_time': 1536606360}
247	{'task_type': 'regular', 'locomotive': 22564, 'train_section': 22953, 'section': 22416, 'departure_time': 1536657840, 'arrival_time': 1536661500}
248	{'task_type': 'deadhead', 'locomotive': 22564, 'first_train_section': 22953, 'first_section': 22416, 'first_departure_time': 1536657840, 'first_arrival_time': 1536661500, 'second_train_section': 24863, 'second_section': 22416, 'second_departure_time': 1536675840, 'second_arrival_time': 1536679500}
249	{'task_type': 'regular', 'locomotive': 22564, 'train_section': 24863, 'section': 22416, 'departure_time': 1536675840, 'arrival_time': 1536679500}
250	{'task_type': 'regular', 'locomotive': 22564, 'train_section': 22792, 'section': 22378, 'departure_time': 1536680100, 'arrival_time': 1536683760}
251	{'task_type': 'regular', 'locomotive': 22564, 'train_section': 23109, 'section': 22416, 'departure_time': 1536684840, 'arrival_time': 1536688500}
252	{'task_type': 'deadhead', 'locomotive': 22564, 'first_train_section': 23109, 'first_section': 22416, 'first_departure_time': 1536684840, 'first_arrival_time': 1536688500, 'second_train_section': 25096, 'second_section': 22306, 'second_departure_time': 1536701940, 'second_arrival_time': 1536705480}
253	{'task_type': 'regular', 'locomotive': 22564, 'train_section': 25096, 'section': 22306, 'departure_time': 1536701940, 'arrival_time': 1536705480}
254	{'task_type': 'deadhead', 'locomotive': 22564, 'first_train_section': 25096, 'first_section': 22306, 'first_departure_time': 1536701940, 'first_arrival_time': 1536705480, 'second_train_section': 24497, 'second_section': 22443, 'second_departure_time': 1536724620, 'second_arrival_time': 1536726240}
255	{'task_type': 'regular', 'locomotive': 22564, 'train_section': 24497, 'section': 22443, 'departure_time': 1536724620, 'arrival_time': 1536726240}
256	{'task_type': 'deadhead', 'locomotive': 22564, 'first_train_section': 24497, 'first_section': 22443, 'first_departure_time': 1536724620, 'first_arrival_time': 1536726240, 'second_train_section': 24522, 'second_section': 22423, 'second_departure_time': 1536737580, 'second_arrival_time': 1536750120}
257	{'task_type': 'regular', 'locomotive': 22564, 'train_section': 24522, 'section': 22423, 'departure_time': 1536737580, 'arrival_time': 1536750120}
258	{'task_type': 'deadhead', 'locomotive': 22564, 'first_train_section': 24874, 'first_section': 22353, 'first_departure_time': 1536772260, 'first_arrival_time': 1536789540, 'second_train_section': 25314, 'second_section': 22496, 'second_departure_time': 1536804000, 'second_arrival_time': 1536808800}
259	{'task_type': 'regular', 'locomotive': 22564, 'train_section': 25314, 'section': 22496, 'departure_time': 1536804000, 'arrival_time': 1536808800}
260	{'task_type': 'deadhead', 'locomotive': 22564, 'first_train_section': 25314, 'first_section': 22496, 'first_departure_time': 1536804000, 'first_arrival_time': 1536808800, 'second_train_section': 22995, 'second_section': 22392, 'second_departure_time': 1536834300, 'second_arrival_time': 1536835680}
261	{'task_type': 'regular', 'locomotive': 22564, 'train_section': 22995, 'section': 22392, 'departure_time': 1536834300, 'arrival_time': 1536835680}
262	{'task_type': 'deadhead', 'locomotive': 22564, 'first_train_section': 22995, 'first_section': 22392, 'first_departure_time': 1536834300, 'first_arrival_time': 1536835680, 'second_train_section': 23921, 'second_section': 22404, 'second_departure_time': 1536841380, 'second_arrival_time': 1536849900}
263	{'task_type': 'regular', 'locomotive': 22564, 'train_section': 23921, 'section': 22404, 'departure_time': 1536841380, 'arrival_time': 1536849900}
264	{'task_type': 'deadhead', 'locomotive': 22564, 'first_train_section': 23921, 'first_section': 22404, 'first_departure_time': 1536841380, 'first_arrival_time': 1536849900, 'second_train_section': 23989, 'second_section': 22386, 'second_departure_time': 1536866520, 'second_arrival_time': 1536871560}
265	{'task_type': 'regular', 'locomotive': 22564, 'train_section': 23989, 'section': 22386, 'departure_time': 1536866520, 'arrival_time': 1536871560}
266	{'task_type': 'regular', 'locomotive': 22564, 'train_section': 23992, 'section': 22495, 'departure_time': 1536873120, 'arrival_time': 1536876060}
267	{'task_type': 'deadhead', 'locomotive': 22564, 'first_train_section': 23992, 'first_section': 22495, 'first_departure_time': 1536873120, 'first_arrival_time': 1536876060, 'second_train_section': 25345, 'second_section': 22386, 'second_departure_time': 1536890280, 'second_arrival_time': 1536895080}
268	{'task_type': 'regular', 'locomotive': 22564, 'train_section': 25345, 'section': 22386, 'departure_time': 1536890280, 'arrival_time': 1536895080}
269	{'task_type': 'deadhead', 'locomotive': 22564, 'first_train_section': 25345, 'first_section': 22386, 'first_departure_time': 1536890280, 'first_arrival_time': 1536895080, 'second_train_section': 23167, 'second_section': 22429, 'second_departure_time': 1536901320, 'second_arrival_time': 1536903480}
270	{'task_type': 'regular', 'locomotive': 22564, 'train_section': 23167, 'section': 22429, 'departure_time': 1536901320, 'arrival_time': 1536903480}
271	{'task_type': 'deadhead', 'locomotive': 22564, 'first_train_section': 23167, 'first_section': 22429, 'first_departure_time': 1536901320, 'first_arrival_time': 1536903480, 'second_train_section': 25208, 'second_section': 22278, 'second_departure_time': 1536922680, 'second_arrival_time': 1536929460}
272	{'task_type': 'regular', 'locomotive': 22564, 'train_section': 25208, 'section': 22278, 'departure_time': 1536922680, 'arrival_time': 1536929460}
273	{'task_type': 'deadhead', 'locomotive': 22564, 'first_train_section': 25208, 'first_section': 22278, 'first_departure_time': 1536922680, 'first_arrival_time': 1536929460, 'second_train_section': 24296, 'second_section': 22247, 'second_departure_time': 1536942660, 'second_arrival_time': 1536951660}
274	{'task_type': 'regular', 'locomotive': 22564, 'train_section': 24296, 'section': 22247, 'departure_time': 1536942660, 'arrival_time': 1536951660}
275	{'task_type': 'deadhead', 'locomotive': 22564, 'first_train_section': 24296, 'first_section': 22247, 'first_departure_time': 1536942660, 'first_arrival_time': 1536951660, 'second_train_section': 23488, 'second_section': 22404, 'second_departure_time': 1536960780, 'second_arrival_time': 1536969720}
276	{'task_type': 'regular', 'locomotive': 22564, 'train_section': 23488, 'section': 22404, 'departure_time': 1536960780, 'arrival_time': 1536969720}
277	{'task_type': 'deadhead', 'locomotive': 22564, 'first_train_section': 23488, 'first_section': 22404, 'first_departure_time': 1536960780, 'first_arrival_time': 1536969720, 'second_train_section': 23492, 'second_section': 22308, 'second_departure_time': 1536975360, 'second_arrival_time': 1536978000}
278	{'task_type': 'regular', 'locomotive': 22564, 'train_section': 23492, 'section': 22308, 'departure_time': 1536975360, 'arrival_time': 1536978000}
279	{'task_type': 'regular', 'locomotive': 22564, 'train_section': 23494, 'section': 22496, 'departure_time': 1536978660, 'arrival_time': 1536982980}
280	{'task_type': 'deadhead', 'locomotive': 22564, 'first_train_section': 23494, 'first_section': 22496, 'first_departure_time': 1536978660, 'first_arrival_time': 1536982980, 'second_train_section': 24752, 'second_section': 22245, 'second_departure_time': 1536996780, 'second_arrival_time': 1537001760}
281	{'task_type': 'regular', 'locomotive': 22564, 'train_section': 24752, 'section': 22245, 'departure_time': 1536996780, 'arrival_time': 1537001760}
282	{'task_type': 'deadhead', 'locomotive': 22564, 'first_train_section': 24752, 'first_section': 22245, 'first_departure_time': 1536996780, 'first_arrival_time': 1537001760, 'second_train_section': 22917, 'second_section': 22320, 'second_departure_time': 1537031100, 'second_arrival_time': 1537037460}
283	{'task_type': 'regular', 'locomotive': 22564, 'train_section': 22917, 'section': 22320, 'departure_time': 1537031100, 'arrival_time': 1537037460}
284	{'task_type': 'deadhead', 'locomotive': 22564, 'first_train_section': 22917, 'first_section': 22320, 'first_departure_time': 1537031100, 'first_arrival_time': 1537037460, 'second_train_section': 23376, 'second_section': 22279, 'second_departure_time': 1537076160, 'second_arrival_time': 1537081620}
285	{'task_type': 'regular', 'locomotive': 22564, 'train_section': 23376, 'section': 22279, 'departure_time': 1537076160, 'arrival_time': 1537081620}
286	{'task_type': 'deadhead', 'locomotive': 22564, 'first_train_section': 23376, 'first_section': 22279, 'first_departure_time': 1537076160, 'first_arrival_time': 1537081620, 'second_train_section': 24563, 'second_section': 22340, 'second_departure_time': 1537103940, 'second_arrival_time': 1537119600}
287	{'task_type': 'regular', 'locomotive': 22564, 'train_section': 24563, 'section': 22340, 'departure_time': 1537103940, 'arrival_time': 1537119600}
288	{'task_type': 'deadhead', 'locomotive': 22566, 'first_train_section': 23436, 'first_section': 22237, 'first_departure_time': 1536616800, 'first_arrival_time': 1536637020, 'second_train_section': 24163, 'second_section': 22479, 'second_departure_time': 1536652140, 'second_arrival_time': 1536653760}
289	{'task_type': 'regular', 'locomotive': 22566, 'train_section': 24163, 'section': 22479, 'departure_time': 1536652140, 'arrival_time': 1536653760}
290	{'task_type': 'deadhead', 'locomotive': 22566, 'first_train_section': 24163, 'first_section': 22479, 'first_departure_time': 1536652140, 'first_arrival_time': 1536653760, 'second_train_section': 25267, 'second_section': 22401, 'second_departure_time': 1536665700, 'second_arrival_time': 1536667080}
291	{'task_type': 'regular', 'locomotive': 22566, 'train_section': 25267, 'section': 22401, 'departure_time': 1536665700, 'arrival_time': 1536667080}
292	{'task_type': 'deadhead', 'locomotive': 22566, 'first_train_section': 25267, 'first_section': 22401, 'first_departure_time': 1536665700, 'first_arrival_time': 1536667080, 'second_train_section': 25120, 'second_section': 22400, 'second_departure_time': 1536684600, 'second_arrival_time': 1536688020}
293	{'task_type': 'regular', 'locomotive': 22566, 'train_section': 25120, 'section': 22400, 'departure_time': 1536684600, 'arrival_time': 1536688020}
294	{'task_type': 'deadhead', 'locomotive': 22566, 'first_train_section': 24369, 'first_section': 22382, 'first_departure_time': 1536703200, 'first_arrival_time': 1536724200, 'second_train_section': 23517, 'second_section': 22258, 'second_departure_time': 1536735060, 'second_arrival_time': 1536737460}
295	{'task_type': 'regular', 'locomotive': 22566, 'train_section': 23517, 'section': 22258, 'departure_time': 1536735060, 'arrival_time': 1536737460}
296	{'task_type': 'deadhead', 'locomotive': 22566, 'first_train_section': 23517, 'first_section': 22258, 'first_departure_time': 1536735060, 'first_arrival_time': 1536737460, 'second_train_section': 22624, 'second_section': 22443, 'second_departure_time': 1536743340, 'second_arrival_time': 1536745020}
297	{'task_type': 'regular', 'locomotive': 22566, 'train_section': 22624, 'section': 22443, 'departure_time': 1536743340, 'arrival_time': 1536745020}
298	{'task_type': 'deadhead', 'locomotive': 22566, 'first_train_section': 22624, 'first_section': 22443, 'first_departure_time': 1536743340, 'first_arrival_time': 1536745020, 'second_train_section': 23252, 'second_section': 22378, 'second_departure_time': 1536753900, 'second_arrival_time': 1536757560}
299	{'task_type': 'regular', 'locomotive': 22566, 'train_section': 23252, 'section': 22378, 'departure_time': 1536753900, 'arrival_time': 1536757560}
300	{'task_type': 'regular', 'locomotive': 22566, 'train_section': 22804, 'section': 22416, 'departure_time': 1536758640, 'arrival_time': 1536762300}
301	{'task_type': 'deadhead', 'locomotive': 22566, 'first_train_section': 24282, 'first_section': 22250, 'first_departure_time': 1536770160, 'first_arrival_time': 1536789540, 'second_train_section': 23009, 'second_section': 22292, 'second_departure_time': 1536800100, 'second_arrival_time': 1536802380}
302	{'task_type': 'regular', 'locomotive': 22566, 'train_section': 23009, 'section': 22292, 'departure_time': 1536800100, 'arrival_time': 1536802380}
303	{'task_type': 'deadhead', 'locomotive': 22566, 'first_train_section': 23009, 'first_section': 22292, 'first_departure_time': 1536800100, 'first_arrival_time': 1536802380, 'second_train_section': 25168, 'second_section': 22463, 'second_departure_time': 1536811980, 'second_arrival_time': 1536820860}
304	{'task_type': 'regular', 'locomotive': 22566, 'train_section': 25168, 'section': 22463, 'departure_time': 1536811980, 'arrival_time': 1536820860}
305	{'task_type': 'deadhead', 'locomotive': 22566, 'first_train_section': 25168, 'first_section': 22463, 'first_departure_time': 1536811980, 'first_arrival_time': 1536820860, 'second_train_section': 23046, 'second_section': 22256, 'second_departure_time': 1536830280, 'second_arrival_time': 1536832980}
306	{'task_type': 'regular', 'locomotive': 22566, 'train_section': 23046, 'section': 22256, 'departure_time': 1536830280, 'arrival_time': 1536832980}
307	{'task_type': 'deadhead', 'locomotive': 22566, 'first_train_section': 23046, 'first_section': 22256, 'first_departure_time': 1536830280, 'first_arrival_time': 1536832980, 'second_train_section': 23585, 'second_section': 22285, 'second_departure_time': 1536840120, 'second_arrival_time': 1536849240}
308	{'task_type': 'regular', 'locomotive': 22566, 'train_section': 23585, 'section': 22285, 'departure_time': 1536840120, 'arrival_time': 1536849240}
309	{'task_type': 'deadhead', 'locomotive': 22566, 'first_train_section': 23585, 'first_section': 22285, 'first_departure_time': 1536840120, 'first_arrival_time': 1536849240, 'second_train_section': 24048, 'second_section': 22407, 'second_departure_time': 1536862680, 'second_arrival_time': 1536869340}
310	{'task_type': 'regular', 'locomotive': 22566, 'train_section': 24048, 'section': 22407, 'departure_time': 1536862680, 'arrival_time': 1536869340}
311	{'task_type': 'regular', 'locomotive': 22566, 'train_section': 24050, 'section': 22334, 'departure_time': 1536869820, 'arrival_time': 1536873000}
312	{'task_type': 'regular', 'locomotive': 22566, 'train_section': 24052, 'section': 22322, 'departure_time': 1536873180, 'arrival_time': 1536881400}
313	{'task_type': 'deadhead', 'locomotive': 22566, 'first_train_section': 24052, 'first_section': 22322, 'first_departure_time': 1536873180, 'first_arrival_time': 1536881400, 'second_train_section': 25123, 'second_section': 22452, 'second_departure_time': 1536886320, 'second_arrival_time': 1536889020}
314	{'task_type': 'regular', 'locomotive': 22566, 'train_section': 25123, 'section': 22452, 'departure_time': 1536886320, 'arrival_time': 1536889020}
315	{'task_type': 'deadhead', 'locomotive': 22566, 'first_train_section': 25123, 'first_section': 22452, 'first_departure_time': 1536886320, 'first_arrival_time': 1536889020, 'second_train_section': 25446, 'second_section': 22461, 'second_departure_time': 1536899040, 'second_arrival_time': 1536902400}
316	{'task_type': 'regular', 'locomotive': 22566, 'train_section': 25446, 'section': 22461, 'departure_time': 1536899040, 'arrival_time': 1536902400}
317	{'task_type': 'regular', 'locomotive': 22566, 'train_section': 24402, 'section': 22281, 'departure_time': 1536909240, 'arrival_time': 1536914400}
318	{'task_type': 'regular', 'locomotive': 22566, 'train_section': 24034, 'section': 22351, 'departure_time': 1536914880, 'arrival_time': 1536920040}
319	{'task_type': 'deadhead', 'locomotive': 22566, 'first_train_section': 24034, 'first_section': 22351, 'first_departure_time': 1536914880, 'first_arrival_time': 1536920040, 'second_train_section': 23983, 'second_section': 22248, 'second_departure_time': 1536929760, 'second_arrival_time': 1536932400}
320	{'task_type': 'regular', 'locomotive': 22566, 'train_section': 23983, 'section': 22248, 'departure_time': 1536929760, 'arrival_time': 1536932400}
321	{'task_type': 'deadhead', 'locomotive': 22566, 'first_train_section': 23983, 'first_section': 22248, 'first_departure_time': 1536929760, 'first_arrival_time': 1536932400, 'second_train_section': 24067, 'second_section': 22347, 'second_departure_time': 1536938340, 'second_arrival_time': 1536943680}
322	{'task_type': 'regular', 'locomotive': 22566, 'train_section': 24067, 'section': 22347, 'departure_time': 1536938340, 'arrival_time': 1536943680}
323	{'task_type': 'deadhead', 'locomotive': 22566, 'first_train_section': 24067, 'first_section': 22347, 'first_departure_time': 1536938340, 'first_arrival_time': 1536943680, 'second_train_section': 24214, 'second_section': 22246, 'second_departure_time': 1536959520, 'second_arrival_time': 1536960780}
324	{'task_type': 'regular', 'locomotive': 22566, 'train_section': 24214, 'section': 22246, 'departure_time': 1536959520, 'arrival_time': 1536960780}
325	{'task_type': 'regular', 'locomotive': 22566, 'train_section': 23594, 'section': 22368, 'departure_time': 1536968880, 'arrival_time': 1536972600}
326	{'task_type': 'deadhead', 'locomotive': 22566, 'first_train_section': 23594, 'first_section': 22368, 'first_departure_time': 1536968880, 'first_arrival_time': 1536972600, 'second_train_section': 24984, 'second_section': 22443, 'second_departure_time': 1536980040, 'second_arrival_time': 1536981840}
327	{'task_type': 'regular', 'locomotive': 22566, 'train_section': 24984, 'section': 22443, 'departure_time': 1536980040, 'arrival_time': 1536981840}
328	{'task_type': 'deadhead', 'locomotive': 22566, 'first_train_section': 24984, 'first_section': 22443, 'first_departure_time': 1536980040, 'first_arrival_time': 1536981840, 'second_train_section': 23273, 'second_section': 22253, 'second_departure_time': 1537000440, 'second_arrival_time': 1537005420}
329	{'task_type': 'regular', 'locomotive': 22566, 'train_section': 23273, 'section': 22253, 'departure_time': 1537000440, 'arrival_time': 1537005420}
330	{'task_type': 'deadhead', 'locomotive': 22566, 'first_train_section': 23273, 'first_section': 22253, 'first_departure_time': 1537000440, 'first_arrival_time': 1537005420, 'second_train_section': 23383, 'second_section': 22304, 'second_departure_time': 1537022640, 'second_arrival_time': 1537027200}
331	{'task_type': 'regular', 'locomotive': 22566, 'train_section': 23383, 'section': 22304, 'departure_time': 1537022640, 'arrival_time': 1537027200}
332	{'task_type': 'regular', 'locomotive': 22566, 'train_section': 23385, 'section': 22247, 'departure_time': 1537027380, 'arrival_time': 1537036620}
333	{'task_type': 'deadhead', 'locomotive': 22566, 'first_train_section': 23385, 'first_section': 22247, 'first_departure_time': 1537027380, 'first_arrival_time': 1537036620, 'second_train_section': 25075, 'second_section': 22348, 'second_departure_time': 1537067580, 'second_arrival_time': 1537071120}
334	{'task_type': 'regular', 'locomotive': 22566, 'train_section': 25075, 'section': 22348, 'departure_time': 1537067580, 'arrival_time': 1537071120}
335	{'task_type': 'deadhead', 'locomotive': 22566, 'first_train_section': 25075, 'first_section': 22348, 'first_departure_time': 1537067580, 'first_arrival_time': 1537071120, 'second_train_section': 24641, 'second_section': 22327, 'second_departure_time': 1537088880, 'second_arrival_time': 1537095240}
336	{'task_type': 'regular', 'locomotive': 22566, 'train_section': 24641, 'section': 22327, 'departure_time': 1537088880, 'arrival_time': 1537095240}
337	{'task_type': 'deadhead', 'locomotive': 22566, 'first_train_section': 24641, 'first_section': 22327, 'first_departure_time': 1537088880, 'first_arrival_time': 1537095240, 'second_train_section': 25236, 'second_section': 22416, 'second_departure_time': 1537120440, 'second_arrival_time': 1537124100}
338	{'task_type': 'regular', 'locomotive': 22566, 'train_section': 25236, 'section': 22416, 'departure_time': 1537120440, 'arrival_time': 1537124100}
339	{'task_type': 'regular', 'locomotive': 22567, 'train_section': 25102, 'section': 22505, 'departure_time': 1536611700, 'arrival_time': 1536617100}
340	{'task_type': 'deadhead', 'locomotive': 22567, 'first_train_section': 25102, 'first_section': 22505, 'first_departure_time': 1536611700, 'first_arrival_time': 1536617100, 'second_train_section': 25106, 'second_section': 22496, 'second_departure_time': 1536621660, 'second_arrival_time': 1536625560}
341	{'task_type': 'regular', 'locomotive': 22567, 'train_section': 25106, 'section': 22496, 'departure_time': 1536621660, 'arrival_time': 1536625560}
342	{'task_type': 'deadhead', 'locomotive': 22567, 'first_train_section': 25106, 'first_section': 22496, 'first_departure_time': 1536621660, 'first_arrival_time': 1536625560, 'second_train_section': 24203, 'second_section': 22308, 'second_departure_time': 1536633780, 'second_arrival_time': 1536636540}
343	{'task_type': 'regular', 'locomotive': 22567, 'train_section': 24203, 'section': 22308, 'departure_time': 1536633780, 'arrival_time': 1536636540}
344	{'task_type': 'regular', 'locomotive': 22567, 'train_section': 24206, 'section': 22496, 'departure_time': 1536637800, 'arrival_time': 1536643980}
345	{'task_type': 'deadhead', 'locomotive': 22567, 'first_train_section': 24206, 'first_section': 22496, 'first_departure_time': 1536637800, 'first_arrival_time': 1536643980, 'second_train_section': 24305, 'second_section': 22422, 'second_departure_time': 1536645300, 'second_arrival_time': 1536656340}
346	{'task_type': 'regular', 'locomotive': 22567, 'train_section': 24305, 'section': 22422, 'departure_time': 1536645300, 'arrival_time': 1536656340}
347	{'task_type': 'deadhead', 'locomotive': 22567, 'first_train_section': 24305, 'first_section': 22422, 'first_departure_time': 1536645300, 'first_arrival_time': 1536656340, 'second_train_section': 25242, 'second_section': 22338, 'second_departure_time': 1536675840, 'second_arrival_time': 1536687960}
348	{'task_type': 'regular', 'locomotive': 22567, 'train_section': 25242, 'section': 22338, 'departure_time': 1536675840, 'arrival_time': 1536687960}
349	{'task_type': 'deadhead', 'locomotive': 22567, 'first_train_section': 25047, 'first_section': 22377, 'first_departure_time': 1536695700, 'first_arrival_time': 1536703140, 'second_train_section': 25525, 'second_section': 22496, 'second_departure_time': 1536712440, 'second_arrival_time': 1536716160}
350	{'task_type': 'regular', 'locomotive': 22567, 'train_section': 25525, 'section': 22496, 'departure_time': 1536712440, 'arrival_time': 1536716160}
351	{'task_type': 'deadhead', 'locomotive': 22567, 'first_train_section': 25525, 'first_section': 22496, 'first_departure_time': 1536712440, 'first_arrival_time': 1536716160, 'second_train_section': 24632, 'second_section': 22456, 'second_departure_time': 1536730500, 'second_arrival_time': 1536732000}
352	{'task_type': 'regular', 'locomotive': 22567, 'train_section': 24632, 'section': 22456, 'departure_time': 1536730500, 'arrival_time': 1536732000}
353	{'task_type': 'deadhead', 'locomotive': 22567, 'first_train_section': 24632, 'first_section': 22456, 'first_departure_time': 1536730500, 'first_arrival_time': 1536732000, 'second_train_section': 25174, 'second_section': 22499, 'second_departure_time': 1536759900, 'second_arrival_time': 1536765060}
354	{'task_type': 'regular', 'locomotive': 22567, 'train_section': 25174, 'section': 22499, 'departure_time': 1536759900, 'arrival_time': 1536765060}
355	{'task_type': 'deadhead', 'locomotive': 22567, 'first_train_section': 25174, 'first_section': 22499, 'first_departure_time': 1536759900, 'first_arrival_time': 1536765060, 'second_train_section': 23164, 'second_section': 22277, 'second_departure_time': 1536780900, 'second_arrival_time': 1536784380}
356	{'task_type': 'regular', 'locomotive': 22567, 'train_section': 23164, 'section': 22277, 'departure_time': 1536780900, 'arrival_time': 1536784380}
357	{'task_type': 'deadhead', 'locomotive': 22567, 'first_train_section': 23164, 'first_section': 22277, 'first_departure_time': 1536780900, 'first_arrival_time': 1536784380, 'second_train_section': 25312, 'second_section': 22308, 'second_departure_time': 1536800400, 'second_arrival_time': 1536803160}
358	{'task_type': 'regular', 'locomotive': 22567, 'train_section': 25312, 'section': 22308, 'departure_time': 1536800400, 'arrival_time': 1536803160}
359	{'task_type': 'deadhead', 'locomotive': 22567, 'first_train_section': 25312, 'first_section': 22308, 'first_departure_time': 1536800400, 'first_arrival_time': 1536803160, 'second_train_section': 24623, 'second_section': 22497, 'second_departure_time': 1536818160, 'second_arrival_time': 1536819540}
360	{'task_type': 'regular', 'locomotive': 22567, 'train_section': 24623, 'section': 22497, 'departure_time': 1536818160, 'arrival_time': 1536819540}
361	{'task_type': 'deadhead', 'locomotive': 22567, 'first_train_section': 24623, 'first_section': 22497, 'first_departure_time': 1536818160, 'first_arrival_time': 1536819540, 'second_train_section': 22653, 'second_section': 22475, 'second_departure_time': 1536849060, 'second_arrival_time': 1536853080}
362	{'task_type': 'regular', 'locomotive': 22567, 'train_section': 22653, 'section': 22475, 'departure_time': 1536849060, 'arrival_time': 1536853080}
363	{'task_type': 'deadhead', 'locomotive': 22567, 'first_train_section': 22653, 'first_section': 22475, 'first_departure_time': 1536849060, 'first_arrival_time': 1536853080, 'second_train_section': 24618, 'second_section': 22433, 'second_departure_time': 1536857760, 'second_arrival_time': 1536858240}
364	{'task_type': 'regular', 'locomotive': 22567, 'train_section': 24618, 'section': 22433, 'departure_time': 1536857760, 'arrival_time': 1536858240}
365	{'task_type': 'deadhead', 'locomotive': 22567, 'first_train_section': 24618, 'first_section': 22433, 'first_departure_time': 1536857760, 'first_arrival_time': 1536858240, 'second_train_section': 25192, 'second_section': 22434, 'second_departure_time': 1536860160, 'second_arrival_time': 1536865440}
366	{'task_type': 'regular', 'locomotive': 22567, 'train_section': 25192, 'section': 22434, 'departure_time': 1536860160, 'arrival_time': 1536865440}
367	{'task_type': 'deadhead', 'locomotive': 22567, 'first_train_section': 25192, 'first_section': 22434, 'first_departure_time': 1536860160, 'first_arrival_time': 1536865440, 'second_train_section': 22780, 'second_section': 22307, 'second_departure_time': 1536870660, 'second_arrival_time': 1536872700}
368	{'task_type': 'regular', 'locomotive': 22567, 'train_section': 22780, 'section': 22307, 'departure_time': 1536870660, 'arrival_time': 1536872700}
369	{'task_type': 'deadhead', 'locomotive': 22567, 'first_train_section': 22780, 'first_section': 22307, 'first_departure_time': 1536870660, 'first_arrival_time': 1536872700, 'second_train_section': 24933, 'second_section': 22378, 'second_departure_time': 1536894540, 'second_arrival_time': 1536898200}
370	{'task_type': 'regular', 'locomotive': 22567, 'train_section': 24933, 'section': 22378, 'departure_time': 1536894540, 'arrival_time': 1536898200}
371	{'task_type': 'deadhead', 'locomotive': 22567, 'first_train_section': 24933, 'first_section': 22378, 'first_departure_time': 1536894540, 'first_arrival_time': 1536898200, 'second_train_section': 25477, 'second_section': 22285, 'second_departure_time': 1536926520, 'second_arrival_time': 1536935640}
372	{'task_type': 'regular', 'locomotive': 22567, 'train_section': 25477, 'section': 22285, 'departure_time': 1536926520, 'arrival_time': 1536935640}
373	{'task_type': 'deadhead', 'locomotive': 22567, 'first_train_section': 25477, 'first_section': 22285, 'first_departure_time': 1536926520, 'first_arrival_time': 1536935640, 'second_train_section': 25117, 'second_section': 22462, 'second_departure_time': 1536955680, 'second_arrival_time': 1536958380}
374	{'task_type': 'regular', 'locomotive': 22567, 'train_section': 25117, 'section': 22462, 'departure_time': 1536955680, 'arrival_time': 1536958380}
375	{'task_type': 'deadhead', 'locomotive': 22567, 'first_train_section': 25117, 'first_section': 22462, 'first_departure_time': 1536955680, 'first_arrival_time': 1536958380, 'second_train_section': 23170, 'second_section': 22291, 'second_departure_time': 1536960360, 'second_arrival_time': 1536966240}
376	{'task_type': 'regular', 'locomotive': 22567, 'train_section': 23170, 'section': 22291, 'departure_time': 1536960360, 'arrival_time': 1536966240}
377	{'task_type': 'deadhead', 'locomotive': 22567, 'first_train_section': 23170, 'first_section': 22291, 'first_departure_time': 1536960360, 'first_arrival_time': 1536966240, 'second_train_section': 23598, 'second_section': 22496, 'second_departure_time': 1536976800, 'second_arrival_time': 1536981600}
378	{'task_type': 'regular', 'locomotive': 22567, 'train_section': 23598, 'section': 22496, 'departure_time': 1536976800, 'arrival_time': 1536981600}
379	{'task_type': 'deadhead', 'locomotive': 22567, 'first_train_section': 23598, 'first_section': 22496, 'first_departure_time': 1536976800, 'first_arrival_time': 1536981600, 'second_train_section': 25056, 'second_section': 22416, 'second_departure_time': 1537001640, 'second_arrival_time': 1537005300}
380	{'task_type': 'regular', 'locomotive': 22567, 'train_section': 25056, 'section': 22416, 'departure_time': 1537001640, 'arrival_time': 1537005300}
381	{'task_type': 'regular', 'locomotive': 22568, 'train_section': 23532, 'section': 22479, 'departure_time': 1536609060, 'arrival_time': 1536610920}
382	{'task_type': 'deadhead', 'locomotive': 22568, 'first_train_section': 23532, 'first_section': 22479, 'first_departure_time': 1536609060, 'first_arrival_time': 1536610920, 'second_train_section': 24289, 'second_section': 22309, 'second_departure_time': 1536626580, 'second_arrival_time': 1536631200}
383	{'task_type': 'regular', 'locomotive': 22568, 'train_section': 24289, 'section': 22309, 'departure_time': 1536626580, 'arrival_time': 1536631200}
384	{'task_type': 'deadhead', 'locomotive': 22568, 'first_train_section': 24289, 'first_section': 22309, 'first_departure_time': 1536626580, 'first_arrival_time': 1536631200, 'second_train_section': 24439, 'second_section': 22361, 'second_departure_time': 1536639840, 'second_arrival_time': 1536642840}
385	{'task_type': 'regular', 'locomotive': 22568, 'train_section': 24439, 'section': 22361, 'departure_time': 1536639840, 'arrival_time': 1536642840}
386	{'task_type': 'deadhead', 'locomotive': 22568, 'first_train_section': 24439, 'first_section': 22361, 'first_departure_time': 1536639840, 'first_arrival_time': 1536642840, 'second_train_section': 25358, 'second_section': 22344, 'second_departure_time': 1536658920, 'second_arrival_time': 1536660240}
387	{'task_type': 'regular', 'locomotive': 22568, 'train_section': 25358, 'section': 22344, 'departure_time': 1536658920, 'arrival_time': 1536660240}
388	{'task_type': 'deadhead', 'locomotive': 22568, 'first_train_section': 25358, 'first_section': 22344, 'first_departure_time': 1536658920, 'first_arrival_time': 1536660240, 'second_train_section': 23479, 'second_section': 22285, 'second_departure_time': 1536667320, 'second_arrival_time': 1536676440}
389	{'task_type': 'regular', 'locomotive': 22568, 'train_section': 23479, 'section': 22285, 'departure_time': 1536667320, 'arrival_time': 1536676440}
390	{'task_type': 'deadhead', 'locomotive': 22568, 'first_train_section': 23479, 'first_section': 22285, 'first_departure_time': 1536667320, 'first_arrival_time': 1536676440, 'second_train_section': 23135, 'second_section': 22472, 'second_departure_time': 1536685980, 'second_arrival_time': 1536691140}
391	{'task_type': 'regular', 'locomotive': 22568, 'train_section': 23135, 'section': 22472, 'departure_time': 1536685980, 'arrival_time': 1536691140}
392	{'task_type': 'deadhead', 'locomotive': 22568, 'first_train_section': 23135, 'first_section': 22472, 'first_departure_time': 1536685980, 'first_arrival_time': 1536691140, 'second_train_section': 22892, 'second_section': 22247, 'second_departure_time': 1536696960, 'second_arrival_time': 1536705660}
393	{'task_type': 'regular', 'locomotive': 22568, 'train_section': 22892, 'section': 22247, 'departure_time': 1536696960, 'arrival_time': 1536705660}
394	{'task_type': 'deadhead', 'locomotive': 22568, 'first_train_section': 22892, 'first_section': 22247, 'first_departure_time': 1536696960, 'first_arrival_time': 1536705660, 'second_train_section': 25276, 'second_section': 22348, 'second_departure_time': 1536721980, 'second_arrival_time': 1536725520}
395	{'task_type': 'regular', 'locomotive': 22568, 'train_section': 25276, 'section': 22348, 'departure_time': 1536721980, 'arrival_time': 1536725520}
396	{'task_type': 'regular', 'locomotive': 22568, 'train_section': 25278, 'section': 22477, 'departure_time': 1536726000, 'arrival_time': 1536728400}
397	{'task_type': 'regular', 'locomotive': 22568, 'train_section': 24220, 'section': 22499, 'departure_time': 1536738300, 'arrival_time': 1536743460}
398	{'task_type': 'deadhead', 'locomotive': 22568, 'first_train_section': 24220, 'first_section': 22499, 'first_departure_time': 1536738300, 'first_arrival_time': 1536743460, 'second_train_section': 22690, 'second_section': 22447, 'second_departure_time': 1536750720, 'second_arrival_time': 1536753600}
399	{'task_type': 'regular', 'locomotive': 22568, 'train_section': 22690, 'section': 22447, 'departure_time': 1536750720, 'arrival_time': 1536753600}
400	{'task_type': 'deadhead', 'locomotive': 22568, 'first_train_section': 22690, 'first_section': 22447, 'first_departure_time': 1536750720, 'first_arrival_time': 1536753600, 'second_train_section': 24142, 'second_section': 22279, 'second_departure_time': 1536760200, 'second_arrival_time': 1536765120}
401	{'task_type': 'regular', 'locomotive': 22568, 'train_section': 24142, 'section': 22279, 'departure_time': 1536760200, 'arrival_time': 1536765120}
402	{'task_type': 'deadhead', 'locomotive': 22568, 'first_train_section': 24142, 'first_section': 22279, 'first_departure_time': 1536760200, 'first_arrival_time': 1536765120, 'second_train_section': 24432, 'second_section': 22446, 'second_departure_time': 1536772860, 'second_arrival_time': 1536773940}
403	{'task_type': 'regular', 'locomotive': 22568, 'train_section': 24432, 'section': 22446, 'departure_time': 1536772860, 'arrival_time': 1536773940}
404	{'task_type': 'deadhead', 'locomotive': 22568, 'first_train_section': 24432, 'first_section': 22446, 'first_departure_time': 1536772860, 'first_arrival_time': 1536773940, 'second_train_section': 24436, 'second_section': 22468, 'second_departure_time': 1536779460, 'second_arrival_time': 1536783600}
405	{'task_type': 'regular', 'locomotive': 22568, 'train_section': 24436, 'section': 22468, 'departure_time': 1536779460, 'arrival_time': 1536783600}
406	{'task_type': 'deadhead', 'locomotive': 22568, 'first_train_section': 24436, 'first_section': 22468, 'first_departure_time': 1536779460, 'first_arrival_time': 1536783600, 'second_train_section': 23734, 'second_section': 22344, 'second_departure_time': 1536796500, 'second_arrival_time': 1536797520}
407	{'task_type': 'regular', 'locomotive': 22568, 'train_section': 23734, 'section': 22344, 'departure_time': 1536796500, 'arrival_time': 1536797520}
408	{'task_type': 'deadhead', 'locomotive': 22568, 'first_train_section': 23734, 'first_section': 22344, 'first_departure_time': 1536796500, 'first_arrival_time': 1536797520, 'second_train_section': 24967, 'second_section': 22467, 'second_departure_time': 1536806400, 'second_arrival_time': 1536809100}
409	{'task_type': 'regular', 'locomotive': 22568, 'train_section': 24967, 'section': 22467, 'departure_time': 1536806400, 'arrival_time': 1536809100}
410	{'task_type': 'deadhead', 'locomotive': 22568, 'first_train_section': 24967, 'first_section': 22467, 'first_departure_time': 1536806400, 'first_arrival_time': 1536809100, 'second_train_section': 24125, 'second_section': 22387, 'second_departure_time': 1536821520, 'second_arrival_time': 1536823320}
411	{'task_type': 'regular', 'locomotive': 22568, 'train_section': 24125, 'section': 22387, 'departure_time': 1536821520, 'arrival_time': 1536823320}
412	{'task_type': 'regular', 'locomotive': 22568, 'train_section': 23226, 'section': 22331, 'departure_time': 1536829680, 'arrival_time': 1536840480}
413	{'task_type': 'deadhead', 'locomotive': 22568, 'first_train_section': 23226, 'first_section': 22331, 'first_departure_time': 1536829680, 'first_arrival_time': 1536840480, 'second_train_section': 23679, 'second_section': 22471, 'second_departure_time': 1536857820, 'second_arrival_time': 1536860640}
414	{'task_type': 'regular', 'locomotive': 22568, 'train_section': 23679, 'section': 22471, 'departure_time': 1536857820, 'arrival_time': 1536860640}
415	{'task_type': 'deadhead', 'locomotive': 22568, 'first_train_section': 23679, 'first_section': 22471, 'first_departure_time': 1536857820, 'first_arrival_time': 1536860640, 'second_train_section': 25171, 'second_section': 22294, 'second_departure_time': 1536869280, 'second_arrival_time': 1536872520}
416	{'task_type': 'regular', 'locomotive': 22568, 'train_section': 25171, 'section': 22294, 'departure_time': 1536869280, 'arrival_time': 1536872520}
417	{'task_type': 'deadhead', 'locomotive': 22568, 'first_train_section': 24903, 'first_section': 22411, 'first_departure_time': 1536876000, 'first_arrival_time': 1536895620, 'second_train_section': 23931, 'second_section': 22256, 'second_departure_time': 1536900120, 'second_arrival_time': 1536903060}
418	{'task_type': 'regular', 'locomotive': 22568, 'train_section': 23931, 'section': 22256, 'departure_time': 1536900120, 'arrival_time': 1536903060}
419	{'task_type': 'deadhead', 'locomotive': 22568, 'first_train_section': 23931, 'first_section': 22256, 'first_departure_time': 1536900120, 'first_arrival_time': 1536903060, 'second_train_section': 24041, 'second_section': 22314, 'second_departure_time': 1536910440, 'second_arrival_time': 1536913140}
420	{'task_type': 'regular', 'locomotive': 22568, 'train_section': 24041, 'section': 22314, 'departure_time': 1536910440, 'arrival_time': 1536913140}
421	{'task_type': 'deadhead', 'locomotive': 22568, 'first_train_section': 24041, 'first_section': 22314, 'first_departure_time': 1536910440, 'first_arrival_time': 1536913140, 'second_train_section': 23545, 'second_section': 22313, 'second_departure_time': 1536922080, 'second_arrival_time': 1536927000}
422	{'task_type': 'regular', 'locomotive': 22568, 'train_section': 23545, 'section': 22313, 'departure_time': 1536922080, 'arrival_time': 1536927000}
423	{'task_type': 'deadhead', 'locomotive': 22568, 'first_train_section': 23545, 'first_section': 22313, 'first_departure_time': 1536922080, 'first_arrival_time': 1536927000, 'second_train_section': 23539, 'second_section': 22254, 'second_departure_time': 1536943680, 'second_arrival_time': 1536944340}
424	{'task_type': 'regular', 'locomotive': 22568, 'train_section': 23539, 'section': 22254, 'departure_time': 1536943680, 'arrival_time': 1536944340}
425	{'task_type': 'deadhead', 'locomotive': 22568, 'first_train_section': 23539, 'first_section': 22254, 'first_departure_time': 1536943680, 'first_arrival_time': 1536944340, 'second_train_section': 25416, 'second_section': 22495, 'second_departure_time': 1536963900, 'second_arrival_time': 1536966840}
426	{'task_type': 'regular', 'locomotive': 22568, 'train_section': 25416, 'section': 22495, 'departure_time': 1536963900, 'arrival_time': 1536966840}
427	{'task_type': 'deadhead', 'locomotive': 22568, 'first_train_section': 25416, 'first_section': 22495, 'first_departure_time': 1536963900, 'first_arrival_time': 1536966840, 'second_train_section': 24982, 'second_section': 22427, 'second_departure_time': 1536975960, 'second_arrival_time': 1536978900}
428	{'task_type': 'regular', 'locomotive': 22568, 'train_section': 24982, 'section': 22427, 'departure_time': 1536975960, 'arrival_time': 1536978900}
429	{'task_type': 'deadhead', 'locomotive': 22568, 'first_train_section': 24982, 'first_section': 22427, 'first_departure_time': 1536975960, 'first_arrival_time': 1536978900, 'second_train_section': 23500, 'second_section': 22499, 'second_departure_time': 1536990300, 'second_arrival_time': 1536995460}
430	{'task_type': 'regular', 'locomotive': 22568, 'train_section': 23500, 'section': 22499, 'departure_time': 1536990300, 'arrival_time': 1536995460}
431	{'task_type': 'regular', 'locomotive': 22568, 'train_section': 23503, 'section': 22347, 'departure_time': 1536995940, 'arrival_time': 1537001280}
432	{'task_type': 'deadhead', 'locomotive': 22568, 'first_train_section': 23503, 'first_section': 22347, 'first_departure_time': 1536995940, 'first_arrival_time': 1537001280, 'second_train_section': 25182, 'second_section': 22404, 'second_departure_time': 1537014180, 'second_arrival_time': 1537022700}
433	{'task_type': 'regular', 'locomotive': 22568, 'train_section': 25182, 'section': 22404, 'departure_time': 1537014180, 'arrival_time': 1537022700}
434	{'task_type': 'deadhead', 'locomotive': 22568, 'first_train_section': 25182, 'first_section': 22404, 'first_departure_time': 1537014180, 'first_arrival_time': 1537022700, 'second_train_section': 25233, 'second_section': 22416, 'second_departure_time': 1537037640, 'second_arrival_time': 1537041300}
435	{'task_type': 'regular', 'locomotive': 22568, 'train_section': 25233, 'section': 22416, 'departure_time': 1537037640, 'arrival_time': 1537041300}
436	{'task_type': 'deadhead', 'locomotive': 22568, 'first_train_section': 25233, 'first_section': 22416, 'first_departure_time': 1537037640, 'first_arrival_time': 1537041300, 'second_train_section': 25468, 'second_section': 22313, 'second_departure_time': 1537094880, 'second_arrival_time': 1537099800}
437	{'task_type': 'regular', 'locomotive': 22568, 'train_section': 25468, 'section': 22313, 'departure_time': 1537094880, 'arrival_time': 1537099800}
438	{'task_type': 'deadhead', 'locomotive': 22568, 'first_train_section': 25468, 'first_section': 22313, 'first_departure_time': 1537094880, 'first_arrival_time': 1537099800, 'second_train_section': 24279, 'second_section': 22344, 'second_departure_time': 1537120980, 'second_arrival_time': 1537122000}
439	{'task_type': 'regular', 'locomotive': 22568, 'train_section': 24279, 'section': 22344, 'departure_time': 1537120980, 'arrival_time': 1537122000}
440	{'task_type': 'deadhead', 'locomotive': 22568, 'first_train_section': 24279, 'first_section': 22344, 'first_departure_time': 1537120980, 'first_arrival_time': 1537122000, 'second_train_section': 23482, 'second_section': 22260, 'second_departure_time': 1537132500, 'second_arrival_time': 1537135199}
441	{'task_type': 'regular', 'locomotive': 22568, 'train_section': 23482, 'section': 22260, 'departure_time': 1537132500, 'arrival_time': 1537135199}
442	{'task_type': 'deadhead', 'locomotive': 22569, 'first_train_section': 25258, 'first_section': 22382, 'first_departure_time': 1536601620, 'first_arrival_time': 1536616740, 'second_train_section': 24448, 'second_section': 22408, 'second_departure_time': 1536631080, 'second_arrival_time': 1536633540}
443	{'task_type': 'regular', 'locomotive': 22569, 'train_section': 24448, 'section': 22408, 'departure_time': 1536631080, 'arrival_time': 1536633540}
444	{'task_type': 'regular', 'locomotive': 22569, 'train_section': 24450, 'section': 22365, 'departure_time': 1536633780, 'arrival_time': 1536636960}
445	{'task_type': 'deadhead', 'locomotive': 22569, 'first_train_section': 24450, 'first_section': 22365, 'first_departure_time': 1536633780, 'first_arrival_time': 1536636960, 'second_train_section': 24027, 'second_section': 22403, 'second_departure_time': 1536644760, 'second_arrival_time': 1536647520}
446	{'task_type': 'regular', 'locomotive': 22569, 'train_section': 24027, 'section': 22403, 'departure_time': 1536644760, 'arrival_time': 1536647520}
447	{'task_type': 'deadhead', 'locomotive': 22569, 'first_train_section': 24027, 'first_section': 22403, 'first_departure_time': 1536644760, 'first_arrival_time': 1536647520, 'second_train_section': 23688, 'second_section': 22259, 'second_departure_time': 1536664200, 'second_arrival_time': 1536664560}
448	{'task_type': 'regular', 'locomotive': 22569, 'train_section': 23688, 'section': 22259, 'departure_time': 1536664200, 'arrival_time': 1536664560}
449	{'task_type': 'deadhead', 'locomotive': 22569, 'first_train_section': 23688, 'first_section': 22259, 'first_departure_time': 1536664200, 'first_arrival_time': 1536664560, 'second_train_section': 24791, 'second_section': 22481, 'second_departure_time': 1536676440, 'second_arrival_time': 1536681540}
450	{'task_type': 'regular', 'locomotive': 22569, 'train_section': 24791, 'section': 22481, 'departure_time': 1536676440, 'arrival_time': 1536681540}
451	{'task_type': 'regular', 'locomotive': 22569, 'train_section': 24794, 'section': 22343, 'departure_time': 1536681900, 'arrival_time': 1536692040}
452	{'task_type': 'deadhead', 'locomotive': 22569, 'first_train_section': 23012, 'first_section': 22237, 'first_departure_time': 1536697980, 'first_arrival_time': 1536703140, 'second_train_section': 25050, 'second_section': 22325, 'second_departure_time': 1536719700, 'second_arrival_time': 1536733980}
453	{'task_type': 'regular', 'locomotive': 22569, 'train_section': 25050, 'section': 22325, 'departure_time': 1536719700, 'arrival_time': 1536733980}
454	{'task_type': 'deadhead', 'locomotive': 22569, 'first_train_section': 25050, 'first_section': 22325, 'first_departure_time': 1536719700, 'first_arrival_time': 1536733980, 'second_train_section': 24075, 'second_section': 22438, 'second_departure_time': 1536738720, 'second_arrival_time': 1536749460}
455	{'task_type': 'regular', 'locomotive': 22569, 'train_section': 24075, 'section': 22438, 'departure_time': 1536738720, 'arrival_time': 1536749460}
456	{'task_type': 'deadhead', 'locomotive': 22569, 'first_train_section': 24075, 'first_section': 22438, 'first_departure_time': 1536738720, 'first_arrival_time': 1536749460, 'second_train_section': 24456, 'second_section': 22438, 'second_departure_time': 1536767520, 'second_arrival_time': 1536778260}
457	{'task_type': 'regular', 'locomotive': 22569, 'train_section': 24456, 'section': 22438, 'departure_time': 1536767520, 'arrival_time': 1536778260}
458	{'task_type': 'deadhead', 'locomotive': 22569, 'first_train_section': 24456, 'first_section': 22438, 'first_departure_time': 1536767520, 'first_arrival_time': 1536778260, 'second_train_section': 22786, 'second_section': 22324, 'second_departure_time': 1536788760, 'second_arrival_time': 1536794100}
459	{'task_type': 'regular', 'locomotive': 22569, 'train_section': 22786, 'section': 22324, 'departure_time': 1536788760, 'arrival_time': 1536794100}
460	{'task_type': 'deadhead', 'locomotive': 22569, 'first_train_section': 22786, 'first_section': 22324, 'first_departure_time': 1536788760, 'first_arrival_time': 1536794100, 'second_train_section': 23112, 'second_section': 22361, 'second_departure_time': 1536814080, 'second_arrival_time': 1536816540}
461	{'task_type': 'regular', 'locomotive': 22569, 'train_section': 23112, 'section': 22361, 'departure_time': 1536814080, 'arrival_time': 1536816540}
462	{'task_type': 'deadhead', 'locomotive': 22569, 'first_train_section': 23112, 'first_section': 22361, 'first_departure_time': 1536814080, 'first_arrival_time': 1536816540, 'second_train_section': 24610, 'second_section': 22378, 'second_departure_time': 1536834900, 'second_arrival_time': 1536838560}
463	{'task_type': 'regular', 'locomotive': 22569, 'train_section': 24610, 'section': 22378, 'departure_time': 1536834900, 'arrival_time': 1536838560}
464	{'task_type': 'deadhead', 'locomotive': 22569, 'first_train_section': 24610, 'first_section': 22378, 'first_departure_time': 1536834900, 'first_arrival_time': 1536838560, 'second_train_section': 24078, 'second_section': 22378, 'second_departure_time': 1536843900, 'second_arrival_time': 1536847560}
465	{'task_type': 'regular', 'locomotive': 22569, 'train_section': 24078, 'section': 22378, 'departure_time': 1536843900, 'arrival_time': 1536847560}
466	{'task_type': 'deadhead', 'locomotive': 22569, 'first_train_section': 24078, 'first_section': 22378, 'first_departure_time': 1536843900, 'first_arrival_time': 1536847560, 'second_train_section': 24616, 'second_section': 22442, 'second_departure_time': 1536854160, 'second_arrival_time': 1536856920}
467	{'task_type': 'regular', 'locomotive': 22569, 'train_section': 24616, 'section': 22442, 'departure_time': 1536854160, 'arrival_time': 1536856920}
468	{'task_type': 'deadhead', 'locomotive': 22569, 'first_train_section': 24616, 'first_section': 22442, 'first_departure_time': 1536854160, 'first_arrival_time': 1536856920, 'second_train_section': 23262, 'second_section': 22460, 'second_departure_time': 1536862860, 'second_arrival_time': 1536865200}
469	{'task_type': 'regular', 'locomotive': 22569, 'train_section': 23262, 'section': 22460, 'departure_time': 1536862860, 'arrival_time': 1536865200}
470	{'task_type': 'deadhead', 'locomotive': 22569, 'first_train_section': 23464, 'first_section': 22417, 'first_departure_time': 1536869160, 'first_arrival_time': 1536875940, 'second_train_section': 25066, 'second_section': 22496, 'second_departure_time': 1536890400, 'second_arrival_time': 1536895200}
471	{'task_type': 'regular', 'locomotive': 22569, 'train_section': 25066, 'section': 22496, 'departure_time': 1536890400, 'arrival_time': 1536895200}
472	{'task_type': 'deadhead', 'locomotive': 22569, 'first_train_section': 25066, 'first_section': 22496, 'first_departure_time': 1536890400, 'first_arrival_time': 1536895200, 'second_train_section': 22851, 'second_section': 22496, 'second_departure_time': 1536900780, 'second_arrival_time': 1536904980}
473	{'task_type': 'regular', 'locomotive': 22569, 'train_section': 22851, 'section': 22496, 'departure_time': 1536900780, 'arrival_time': 1536904980}
474	{'task_type': 'deadhead', 'locomotive': 22569, 'first_train_section': 22851, 'first_section': 22496, 'first_departure_time': 1536900780, 'first_arrival_time': 1536904980, 'second_train_section': 23393, 'second_section': 22264, 'second_departure_time': 1536920400, 'second_arrival_time': 1536920820}
475	{'task_type': 'regular', 'locomotive': 22569, 'train_section': 23393, 'section': 22264, 'departure_time': 1536920400, 'arrival_time': 1536920820}
476	{'task_type': 'deadhead', 'locomotive': 22569, 'first_train_section': 23393, 'first_section': 22264, 'first_departure_time': 1536920400, 'first_arrival_time': 1536920820, 'second_train_section': 24949, 'second_section': 22485, 'second_departure_time': 1536929940, 'second_arrival_time': 1536938580}
477	{'task_type': 'regular', 'locomotive': 22569, 'train_section': 24949, 'section': 22485, 'departure_time': 1536929940, 'arrival_time': 1536938580}
478	{'task_type': 'deadhead', 'locomotive': 22569, 'first_train_section': 24949, 'first_section': 22485, 'first_departure_time': 1536929940, 'first_arrival_time': 1536938580, 'second_train_section': 25452, 'second_section': 22441, 'second_departure_time': 1536949860, 'second_arrival_time': 1536952980}
479	{'task_type': 'regular', 'locomotive': 22569, 'train_section': 25452, 'section': 22441, 'departure_time': 1536949860, 'arrival_time': 1536952980}
480	{'task_type': 'deadhead', 'locomotive': 22569, 'first_train_section': 25452, 'first_section': 22441, 'first_departure_time': 1536949860, 'first_arrival_time': 1536952980, 'second_train_section': 22682, 'second_section': 22304, 'second_departure_time': 1536960720, 'second_arrival_time': 1536965280}
481	{'task_type': 'regular', 'locomotive': 22569, 'train_section': 22682, 'section': 22304, 'departure_time': 1536960720, 'arrival_time': 1536965280}
482	{'task_type': 'regular', 'locomotive': 22569, 'train_section': 23757, 'section': 22247, 'departure_time': 1536976200, 'arrival_time': 1536986760}
483	{'task_type': 'deadhead', 'locomotive': 22569, 'first_train_section': 23757, 'first_section': 22247, 'first_departure_time': 1536976200, 'first_arrival_time': 1536986760, 'second_train_section': 24473, 'second_section': 22329, 'second_departure_time': 1537001880, 'second_arrival_time': 1537003320}
484	{'task_type': 'regular', 'locomotive': 22569, 'train_section': 24473, 'section': 22329, 'departure_time': 1537001880, 'arrival_time': 1537003320}
485	{'task_type': 'deadhead', 'locomotive': 22569, 'first_train_section': 24473, 'first_section': 22329, 'first_departure_time': 1537001880, 'first_arrival_time': 1537003320, 'second_train_section': 23839, 'second_section': 22340, 'second_departure_time': 1537017540, 'second_arrival_time': 1537033200}
486	{'task_type': 'regular', 'locomotive': 22569, 'train_section': 23839, 'section': 22340, 'departure_time': 1537017540, 'arrival_time': 1537033200}
487	{'task_type': 'deadhead', 'locomotive': 22569, 'first_train_section': 23839, 'first_section': 22340, 'first_departure_time': 1537017540, 'first_arrival_time': 1537033200, 'second_train_section': 24516, 'second_section': 22330, 'second_departure_time': 1537054800, 'second_arrival_time': 1537063020}
488	{'task_type': 'regular', 'locomotive': 22569, 'train_section': 24516, 'section': 22330, 'departure_time': 1537054800, 'arrival_time': 1537063020}
489	{'task_type': 'deadhead', 'locomotive': 22569, 'first_train_section': 24516, 'first_section': 22330, 'first_departure_time': 1537054800, 'first_arrival_time': 1537063020, 'second_train_section': 23521, 'second_section': 22313, 'second_departure_time': 1537087680, 'second_arrival_time': 1537092600}
490	{'task_type': 'regular', 'locomotive': 22569, 'train_section': 23521, 'section': 22313, 'departure_time': 1537087680, 'arrival_time': 1537092600}
491	{'task_type': 'regular', 'locomotive': 22570, 'train_section': 23954, 'section': 22288, 'departure_time': 1536598560, 'arrival_time': 1536607440}
492	{'task_type': 'deadhead', 'locomotive': 22570, 'first_train_section': 23954, 'first_section': 22288, 'first_departure_time': 1536598560, 'first_arrival_time': 1536607440, 'second_train_section': 25367, 'second_section': 22451, 'second_departure_time': 1536620220, 'second_arrival_time': 1536627120}
493	{'task_type': 'regular', 'locomotive': 22570, 'train_section': 25367, 'section': 22451, 'departure_time': 1536620220, 'arrival_time': 1536627120}
494	{'task_type': 'deadhead', 'locomotive': 22570, 'first_train_section': 25367, 'first_section': 22451, 'first_departure_time': 1536620220, 'first_arrival_time': 1536627120, 'second_train_section': 24886, 'second_section': 22495, 'second_departure_time': 1536640440, 'second_arrival_time': 1536643260}
495	{'task_type': 'regular', 'locomotive': 22570, 'train_section': 24886, 'section': 22495, 'departure_time': 1536640440, 'arrival_time': 1536643260}
496	{'task_type': 'deadhead', 'locomotive': 22570, 'first_train_section': 24886, 'first_section': 22495, 'first_departure_time': 1536640440, 'first_arrival_time': 1536643260, 'second_train_section': 24644, 'second_section': 22279, 'second_departure_time': 1536666600, 'second_arrival_time': 1536671520}
497	{'task_type': 'regular', 'locomotive': 22570, 'train_section': 24644, 'section': 22279, 'departure_time': 1536666600, 'arrival_time': 1536671520}
498	{'task_type': 'regular', 'locomotive': 22570, 'train_section': 24964, 'section': 22315, 'departure_time': 1536684480, 'arrival_time': 1536688980}
499	{'task_type': 'deadhead', 'locomotive': 22570, 'first_train_section': 24964, 'first_section': 22315, 'first_departure_time': 1536684480, 'first_arrival_time': 1536688980, 'second_train_section': 24195, 'second_section': 22449, 'second_departure_time': 1536689580, 'second_arrival_time': 1536691740}
500	{'task_type': 'regular', 'locomotive': 22570, 'train_section': 24195, 'section': 22449, 'departure_time': 1536689580, 'arrival_time': 1536691740}
501	{'task_type': 'deadhead', 'locomotive': 22570, 'first_train_section': 24195, 'first_section': 22449, 'first_departure_time': 1536689580, 'first_arrival_time': 1536691740, 'second_train_section': 23451, 'second_section': 22387, 'second_departure_time': 1536735120, 'second_arrival_time': 1536736920}
502	{'task_type': 'regular', 'locomotive': 22570, 'train_section': 23451, 'section': 22387, 'departure_time': 1536735120, 'arrival_time': 1536736920}
503	{'task_type': 'deadhead', 'locomotive': 22570, 'first_train_section': 23451, 'first_section': 22387, 'first_departure_time': 1536735120, 'first_arrival_time': 1536736920, 'second_train_section': 24416, 'second_section': 22416, 'second_departure_time': 1536756840, 'second_arrival_time': 1536760500}
504	{'task_type': 'regular', 'locomotive': 22570, 'train_section': 24416, 'section': 22416, 'departure_time': 1536756840, 'arrival_time': 1536760500}
505	{'task_type': 'deadhead', 'locomotive': 22570, 'first_train_section': 24416, 'first_section': 22416, 'first_departure_time': 1536756840, 'first_arrival_time': 1536760500, 'second_train_section': 24323, 'second_section': 22290, 'second_departure_time': 1536785460, 'second_arrival_time': 1536792300}
506	{'task_type': 'regular', 'locomotive': 22570, 'train_section': 24323, 'section': 22290, 'departure_time': 1536785460, 'arrival_time': 1536792300}
507	{'task_type': 'deadhead', 'locomotive': 22570, 'first_train_section': 24323, 'first_section': 22290, 'first_departure_time': 1536785460, 'first_arrival_time': 1536792300, 'second_train_section': 23632, 'second_section': 22273, 'second_departure_time': 1536809040, 'second_arrival_time': 1536814560}
508	{'task_type': 'regular', 'locomotive': 22570, 'train_section': 23632, 'section': 22273, 'departure_time': 1536809040, 'arrival_time': 1536814560}
509	{'task_type': 'deadhead', 'locomotive': 22570, 'first_train_section': 23632, 'first_section': 22273, 'first_departure_time': 1536809040, 'first_arrival_time': 1536814560, 'second_train_section': 23682, 'second_section': 22409, 'second_departure_time': 1536818340, 'second_arrival_time': 1536825840}
510	{'task_type': 'regular', 'locomotive': 22570, 'train_section': 23682, 'section': 22409, 'departure_time': 1536818340, 'arrival_time': 1536825840}
511	{'task_type': 'deadhead', 'locomotive': 22570, 'first_train_section': 23682, 'first_section': 22409, 'first_departure_time': 1536818340, 'first_arrival_time': 1536825840, 'second_train_section': 23103, 'second_section': 22351, 'second_departure_time': 1536850080, 'second_arrival_time': 1536855240}
512	{'task_type': 'regular', 'locomotive': 22570, 'train_section': 23103, 'section': 22351, 'departure_time': 1536850080, 'arrival_time': 1536855240}
513	{'task_type': 'deadhead', 'locomotive': 22570, 'first_train_section': 24604, 'first_section': 22359, 'first_departure_time': 1536859800, 'first_arrival_time': 1536872400, 'second_train_section': 25504, 'second_section': 22326, 'second_departure_time': 1536894960, 'second_arrival_time': 1536901020}
514	{'task_type': 'regular', 'locomotive': 22570, 'train_section': 25504, 'section': 22326, 'departure_time': 1536894960, 'arrival_time': 1536901020}
515	{'task_type': 'deadhead', 'locomotive': 22570, 'first_train_section': 25504, 'first_section': 22326, 'first_departure_time': 1536894960, 'first_arrival_time': 1536901020, 'second_train_section': 23138, 'second_section': 22438, 'second_departure_time': 1536918720, 'second_arrival_time': 1536929460}
516	{'task_type': 'regular', 'locomotive': 22570, 'train_section': 23138, 'section': 22438, 'departure_time': 1536918720, 'arrival_time': 1536929460}
517	{'task_type': 'deadhead', 'locomotive': 22570, 'first_train_section': 23138, 'first_section': 22438, 'first_departure_time': 1536918720, 'first_arrival_time': 1536929460, 'second_train_section': 25036, 'second_section': 22460, 'second_departure_time': 1536949260, 'second_arrival_time': 1536951600}
518	{'task_type': 'regular', 'locomotive': 22570, 'train_section': 25036, 'section': 22460, 'departure_time': 1536949260, 'arrival_time': 1536951600}
519	{'task_type': 'regular', 'locomotive': 22571, 'train_section': 23058, 'section': 22407, 'departure_time': 1536603480, 'arrival_time': 1536610140}
520	{'task_type': 'deadhead', 'locomotive': 22571, 'first_train_section': 23058, 'first_section': 22407, 'first_departure_time': 1536603480, 'first_arrival_time': 1536610140, 'second_train_section': 23717, 'second_section': 22320, 'second_departure_time': 1536634680, 'second_arrival_time': 1536641100}
521	{'task_type': 'regular', 'locomotive': 22571, 'train_section': 23717, 'section': 22320, 'departure_time': 1536634680, 'arrival_time': 1536641100}
522	{'task_type': 'deadhead', 'locomotive': 22571, 'first_train_section': 23717, 'first_section': 22320, 'first_departure_time': 1536634680, 'first_arrival_time': 1536641100, 'second_train_section': 25059, 'second_section': 22494, 'second_departure_time': 1536644700, 'second_arrival_time': 1536646920}
523	{'task_type': 'regular', 'locomotive': 22571, 'train_section': 25059, 'section': 22494, 'departure_time': 1536644700, 'arrival_time': 1536646920}
524	{'task_type': 'deadhead', 'locomotive': 22571, 'first_train_section': 25059, 'first_section': 22494, 'first_departure_time': 1536644700, 'first_arrival_time': 1536646920, 'second_train_section': 24789, 'second_section': 22508, 'second_departure_time': 1536670140, 'second_arrival_time': 1536673500}
525	{'task_type': 'regular', 'locomotive': 22571, 'train_section': 24789, 'section': 22508, 'departure_time': 1536670140, 'arrival_time': 1536673500}
526	{'task_type': 'regular', 'locomotive': 22571, 'train_section': 23914, 'section': 22480, 'departure_time': 1536681300, 'arrival_time': 1536683460}
527	{'task_type': 'regular', 'locomotive': 22571, 'train_section': 23916, 'section': 22308, 'departure_time': 1536684480, 'arrival_time': 1536687420}
528	{'task_type': 'deadhead', 'locomotive': 22571, 'first_train_section': 23916, 'first_section': 22308, 'first_departure_time': 1536684480, 'first_arrival_time': 1536687420, 'second_train_section': 23473, 'second_section': 22425, 'second_departure_time': 1536703500, 'second_arrival_time': 1536705060}
529	{'task_type': 'regular', 'locomotive': 22571, 'train_section': 23473, 'section': 22425, 'departure_time': 1536703500, 'arrival_time': 1536705060}
530	{'task_type': 'deadhead', 'locomotive': 22571, 'first_train_section': 23473, 'first_section': 22425, 'first_departure_time': 1536703500, 'first_arrival_time': 1536705060, 'second_train_section': 24759, 'second_section': 22342, 'second_departure_time': 1536729660, 'second_arrival_time': 1536735780}
531	{'task_type': 'regular', 'locomotive': 22571, 'train_section': 24759, 'section': 22342, 'departure_time': 1536729660, 'arrival_time': 1536735780}
532	{'task_type': 'regular', 'locomotive': 22571, 'train_section': 22866, 'section': 22281, 'departure_time': 1536736440, 'arrival_time': 1536741600}
533	{'task_type': 'deadhead', 'locomotive': 22571, 'first_train_section': 22866, 'first_section': 22281, 'first_departure_time': 1536736440, 'first_arrival_time': 1536741600, 'second_train_section': 23668, 'second_section': 22279, 'second_departure_time': 1536749400, 'second_arrival_time': 1536754980}
534	{'task_type': 'regular', 'locomotive': 22571, 'train_section': 23668, 'section': 22279, 'departure_time': 1536749400, 'arrival_time': 1536754980}
535	{'task_type': 'deadhead', 'locomotive': 22571, 'first_train_section': 23668, 'first_section': 22279, 'first_departure_time': 1536749400, 'first_arrival_time': 1536754980, 'second_train_section': 25495, 'second_section': 22310, 'second_departure_time': 1536765300, 'second_arrival_time': 1536766740}
536	{'task_type': 'regular', 'locomotive': 22571, 'train_section': 25495, 'section': 22310, 'departure_time': 1536765300, 'arrival_time': 1536766740}
537	{'task_type': 'deadhead', 'locomotive': 22571, 'first_train_section': 25495, 'first_section': 22310, 'first_departure_time': 1536765300, 'first_arrival_time': 1536766740, 'second_train_section': 24856, 'second_section': 22495, 'second_departure_time': 1536786720, 'second_arrival_time': 1536789660}
538	{'task_type': 'regular', 'locomotive': 22571, 'train_section': 24856, 'section': 22495, 'departure_time': 1536786720, 'arrival_time': 1536789660}
539	{'task_type': 'regular', 'locomotive': 22571, 'train_section': 24859, 'section': 22309, 'departure_time': 1536790140, 'arrival_time': 1536795000}
540	{'task_type': 'deadhead', 'locomotive': 22571, 'first_train_section': 24859, 'first_section': 22309, 'first_departure_time': 1536790140, 'first_arrival_time': 1536795000, 'second_train_section': 23350, 'second_section': 22314, 'second_departure_time': 1536824040, 'second_arrival_time': 1536826740}
541	{'task_type': 'regular', 'locomotive': 22571, 'train_section': 23350, 'section': 22314, 'departure_time': 1536824040, 'arrival_time': 1536826740}
542	{'task_type': 'deadhead', 'locomotive': 22571, 'first_train_section': 23350, 'first_section': 22314, 'first_departure_time': 1536824040, 'first_arrival_time': 1536826740, 'second_train_section': 22789, 'second_section': 22338, 'second_departure_time': 1536848640, 'second_arrival_time': 1536860760}
543	{'task_type': 'regular', 'locomotive': 22571, 'train_section': 22789, 'section': 22338, 'departure_time': 1536848640, 'arrival_time': 1536860760}
544	{'task_type': 'deadhead', 'locomotive': 22571, 'first_train_section': 22789, 'first_section': 22338, 'first_departure_time': 1536848640, 'first_arrival_time': 1536860760, 'second_train_section': 25399, 'second_section': 22431, 'second_departure_time': 1536865440, 'second_arrival_time': 1536869280}
545	{'task_type': 'regular', 'locomotive': 22571, 'train_section': 25399, 'section': 22431, 'departure_time': 1536865440, 'arrival_time': 1536869280}
546	{'task_type': 'regular', 'locomotive': 22571, 'train_section': 25401, 'section': 22495, 'departure_time': 1536870420, 'arrival_time': 1536873180}
547	{'task_type': 'deadhead', 'locomotive': 22571, 'first_train_section': 25401, 'first_section': 22495, 'first_departure_time': 1536870420, 'first_arrival_time': 1536873180, 'second_train_section': 23408, 'second_section': 22404, 'second_departure_time': 1536891660, 'second_arrival_time': 1536900900}
548	{'task_type': 'regular', 'locomotive': 22571, 'train_section': 23408, 'section': 22404, 'departure_time': 1536891660, 'arrival_time': 1536900900}
549	{'task_type': 'deadhead', 'locomotive': 22571, 'first_train_section': 23408, 'first_section': 22404, 'first_departure_time': 1536891660, 'first_arrival_time': 1536900900, 'second_train_section': 23883, 'second_section': 22258, 'second_departure_time': 1536907860, 'second_arrival_time': 1536910260}
550	{'task_type': 'regular', 'locomotive': 22571, 'train_section': 23883, 'section': 22258, 'departure_time': 1536907860, 'arrival_time': 1536910260}
551	{'task_type': 'deadhead', 'locomotive': 22571, 'first_train_section': 23883, 'first_section': 22258, 'first_departure_time': 1536907860, 'first_arrival_time': 1536910260, 'second_train_section': 23420, 'second_section': 22396, 'second_departure_time': 1536929760, 'second_arrival_time': 1536931620}
552	{'task_type': 'regular', 'locomotive': 22571, 'train_section': 23420, 'section': 22396, 'departure_time': 1536929760, 'arrival_time': 1536931620}
553	{'task_type': 'deadhead', 'locomotive': 22571, 'first_train_section': 23420, 'first_section': 22396, 'first_departure_time': 1536929760, 'first_arrival_time': 1536931620, 'second_train_section': 23535, 'second_section': 22356, 'second_departure_time': 1536956160, 'second_arrival_time': 1536964200}
554	{'task_type': 'regular', 'locomotive': 22571, 'train_section': 23535, 'section': 22356, 'departure_time': 1536956160, 'arrival_time': 1536964200}
555	{'task_type': 'deadhead', 'locomotive': 22571, 'first_train_section': 23535, 'first_section': 22356, 'first_departure_time': 1536956160, 'first_arrival_time': 1536964200, 'second_train_section': 23295, 'second_section': 22233, 'second_departure_time': 1536992460, 'second_arrival_time': 1537007940}
556	{'task_type': 'regular', 'locomotive': 22571, 'train_section': 23295, 'section': 22233, 'departure_time': 1536992460, 'arrival_time': 1537007940}
557	{'task_type': 'regular', 'locomotive': 22573, 'train_section': 24693, 'section': 22438, 'departure_time': 1536673920, 'arrival_time': 1536684660}
558	{'task_type': 'deadhead', 'locomotive': 22573, 'first_train_section': 24693, 'first_section': 22438, 'first_departure_time': 1536673920, 'first_arrival_time': 1536684660, 'second_train_section': 24492, 'second_section': 22469, 'second_departure_time': 1536693600, 'second_arrival_time': 1536695760}
559	{'task_type': 'regular', 'locomotive': 22573, 'train_section': 24492, 'section': 22469, 'departure_time': 1536693600, 'arrival_time': 1536695760}
560	{'task_type': 'deadhead', 'locomotive': 22573, 'first_train_section': 24492, 'first_section': 22469, 'first_departure_time': 1536693600, 'first_arrival_time': 1536695760, 'second_train_section': 24002, 'second_section': 22324, 'second_departure_time': 1536702360, 'second_arrival_time': 1536707700}
561	{'task_type': 'regular', 'locomotive': 22573, 'train_section': 24002, 'section': 22324, 'departure_time': 1536702360, 'arrival_time': 1536707700}
562	{'task_type': 'deadhead', 'locomotive': 22573, 'first_train_section': 24002, 'first_section': 22324, 'first_departure_time': 1536702360, 'first_arrival_time': 1536707700, 'second_train_section': 23097, 'second_section': 22336, 'second_departure_time': 1536718980, 'second_arrival_time': 1536725100}
563	{'task_type': 'regular', 'locomotive': 22573, 'train_section': 23097, 'section': 22336, 'departure_time': 1536718980, 'arrival_time': 1536725100}
564	{'task_type': 'regular', 'locomotive': 22573, 'train_section': 22712, 'section': 22393, 'departure_time': 1536728340, 'arrival_time': 1536730080}
565	{'task_type': 'deadhead', 'locomotive': 22573, 'first_train_section': 22712, 'first_section': 22393, 'first_departure_time': 1536728340, 'first_arrival_time': 1536730080, 'second_train_section': 23863, 'second_section': 22404, 'second_departure_time': 1536747600, 'second_arrival_time': 1536756360}
566	{'task_type': 'regular', 'locomotive': 22573, 'train_section': 23863, 'section': 22404, 'departure_time': 1536747600, 'arrival_time': 1536756360}
567	{'task_type': 'deadhead', 'locomotive': 22573, 'first_train_section': 23863, 'first_section': 22404, 'first_departure_time': 1536747600, 'first_arrival_time': 1536756360, 'second_train_section': 25292, 'second_section': 22263, 'second_departure_time': 1536759480, 'second_arrival_time': 1536761280}
568	{'task_type': 'regular', 'locomotive': 22573, 'train_section': 25292, 'section': 22263, 'departure_time': 1536759480, 'arrival_time': 1536761280}
569	{'task_type': 'regular', 'locomotive': 22573, 'train_section': 22669, 'section': 22245, 'departure_time': 1536770340, 'arrival_time': 1536775380}
570	{'task_type': 'deadhead', 'locomotive': 22573, 'first_train_section': 22669, 'first_section': 22245, 'first_departure_time': 1536770340, 'first_arrival_time': 1536775380, 'second_train_section': 22673, 'second_section': 22496, 'second_departure_time': 1536780540, 'second_arrival_time': 1536784860}
571	{'task_type': 'regular', 'locomotive': 22573, 'train_section': 22673, 'section': 22496, 'departure_time': 1536780540, 'arrival_time': 1536784860}
572	{'task_type': 'deadhead', 'locomotive': 22573, 'first_train_section': 22673, 'first_section': 22496, 'first_departure_time': 1536780540, 'first_arrival_time': 1536784860, 'second_train_section': 23772, 'second_section': 22496, 'second_departure_time': 1536790980, 'second_arrival_time': 1536795000}
573	{'task_type': 'regular', 'locomotive': 22573, 'train_section': 23772, 'section': 22496, 'departure_time': 1536790980, 'arrival_time': 1536795000}
574	{'task_type': 'deadhead', 'locomotive': 22573, 'first_train_section': 23772, 'first_section': 22496, 'first_departure_time': 1536790980, 'first_arrival_time': 1536795000, 'second_train_section': 22738, 'second_section': 22423, 'second_departure_time': 1536799380, 'second_arrival_time': 1536810480}
575	{'task_type': 'regular', 'locomotive': 22573, 'train_section': 22738, 'section': 22423, 'departure_time': 1536799380, 'arrival_time': 1536810480}
576	{'task_type': 'regular', 'locomotive': 22573, 'train_section': 23417, 'section': 22416, 'departure_time': 1536843240, 'arrival_time': 1536846900}
577	{'task_type': 'regular', 'locomotive': 22573, 'train_section': 23548, 'section': 22378, 'departure_time': 1536849300, 'arrival_time': 1536852960}
578	{'task_type': 'regular', 'locomotive': 22573, 'train_section': 24629, 'section': 22416, 'departure_time': 1536857640, 'arrival_time': 1536861300}
579	{'task_type': 'deadhead', 'locomotive': 22573, 'first_train_section': 24629, 'first_section': 22416, 'first_departure_time': 1536857640, 'first_arrival_time': 1536861300, 'second_train_section': 24320, 'second_section': 22445, 'second_departure_time': 1536863640, 'second_arrival_time': 1536869400}
580	{'task_type': 'regular', 'locomotive': 22573, 'train_section': 24320, 'section': 22445, 'departure_time': 1536863640, 'arrival_time': 1536869400}
581	{'task_type': 'deadhead', 'locomotive': 22573, 'first_train_section': 24320, 'first_section': 22445, 'first_departure_time': 1536863640, 'first_arrival_time': 1536869400, 'second_train_section': 24798, 'second_section': 22505, 'second_departure_time': 1536880500, 'second_arrival_time': 1536885240}
582	{'task_type': 'regular', 'locomotive': 22573, 'train_section': 24798, 'section': 22505, 'departure_time': 1536880500, 'arrival_time': 1536885240}
583	{'task_type': 'regular', 'locomotive': 22573, 'train_section': 25064, 'section': 22308, 'departure_time': 1536886800, 'arrival_time': 1536889560}
584	{'task_type': 'regular', 'locomotive': 22573, 'train_section': 23810, 'section': 22496, 'departure_time': 1536892260, 'arrival_time': 1536898620}
585	{'task_type': 'deadhead', 'locomotive': 22573, 'first_train_section': 23810, 'first_section': 22496, 'first_departure_time': 1536892260, 'first_arrival_time': 1536898620, 'second_train_section': 23311, 'second_section': 22495, 'second_departure_time': 1536911280, 'second_arrival_time': 1536914160}
586	{'task_type': 'regular', 'locomotive': 22573, 'train_section': 23311, 'section': 22495, 'departure_time': 1536911280, 'arrival_time': 1536914160}
587	{'task_type': 'deadhead', 'locomotive': 22573, 'first_train_section': 23311, 'first_section': 22495, 'first_departure_time': 1536911280, 'first_arrival_time': 1536914160, 'second_train_section': 24572, 'second_section': 22496, 'second_departure_time': 1536919080, 'second_arrival_time': 1536924060}
588	{'task_type': 'regular', 'locomotive': 22573, 'train_section': 24572, 'section': 22496, 'departure_time': 1536919080, 'arrival_time': 1536924060}
589	{'task_type': 'deadhead', 'locomotive': 22573, 'first_train_section': 24572, 'first_section': 22496, 'first_departure_time': 1536919080, 'first_arrival_time': 1536924060, 'second_train_section': 25033, 'second_section': 22416, 'second_departure_time': 1536935040, 'second_arrival_time': 1536938700}
590	{'task_type': 'regular', 'locomotive': 22573, 'train_section': 25033, 'section': 22416, 'departure_time': 1536935040, 'arrival_time': 1536938700}
591	{'task_type': 'deadhead', 'locomotive': 22573, 'first_train_section': 25033, 'first_section': 22416, 'first_departure_time': 1536935040, 'first_arrival_time': 1536938700, 'second_train_section': 23871, 'second_section': 22416, 'second_departure_time': 1536944040, 'second_arrival_time': 1536947700}
592	{'task_type': 'regular', 'locomotive': 22573, 'train_section': 23871, 'section': 22416, 'departure_time': 1536944040, 'arrival_time': 1536947700}
593	{'task_type': 'regular', 'locomotive': 22573, 'train_section': 24338, 'section': 22378, 'departure_time': 1536951900, 'arrival_time': 1536955560}
594	{'task_type': 'deadhead', 'locomotive': 22573, 'first_train_section': 24338, 'first_section': 22378, 'first_departure_time': 1536951900, 'first_arrival_time': 1536955560, 'second_train_section': 25414, 'second_section': 22443, 'second_departure_time': 1536960660, 'second_arrival_time': 1536962460}
595	{'task_type': 'regular', 'locomotive': 22573, 'train_section': 25414, 'section': 22443, 'departure_time': 1536960660, 'arrival_time': 1536962460}
596	{'task_type': 'deadhead', 'locomotive': 22573, 'first_train_section': 25414, 'first_section': 22443, 'first_departure_time': 1536960660, 'first_arrival_time': 1536962460, 'second_train_section': 23322, 'second_section': 22483, 'second_departure_time': 1536972720, 'second_arrival_time': 1536975780}
597	{'task_type': 'regular', 'locomotive': 22573, 'train_section': 23322, 'section': 22483, 'departure_time': 1536972720, 'arrival_time': 1536975780}
598	{'task_type': 'deadhead', 'locomotive': 22573, 'first_train_section': 23322, 'first_section': 22483, 'first_departure_time': 1536972720, 'first_arrival_time': 1536975780, 'second_train_section': 22829, 'second_section': 22431, 'second_departure_time': 1536991800, 'second_arrival_time': 1536996420}
599	{'task_type': 'regular', 'locomotive': 22573, 'train_section': 22829, 'section': 22431, 'departure_time': 1536991800, 'arrival_time': 1536996420}
600	{'task_type': 'regular', 'locomotive': 22573, 'train_section': 22831, 'section': 22495, 'departure_time': 1536997680, 'arrival_time': 1537000560}
601	{'task_type': 'regular', 'locomotive': 22573, 'train_section': 24754, 'section': 22308, 'departure_time': 1537002240, 'arrival_time': 1537004880}
602	{'task_type': 'deadhead', 'locomotive': 22573, 'first_train_section': 24754, 'first_section': 22308, 'first_departure_time': 1537002240, 'first_arrival_time': 1537004880, 'second_train_section': 24013, 'second_section': 22435, 'second_departure_time': 1537006980, 'second_arrival_time': 1537012320}
603	{'task_type': 'regular', 'locomotive': 22573, 'train_section': 24013, 'section': 22435, 'departure_time': 1537006980, 'arrival_time': 1537012320}
604	{'task_type': 'deadhead', 'locomotive': 22573, 'first_train_section': 25217, 'first_section': 22377, 'first_departure_time': 1537041300, 'first_arrival_time': 1537048740, 'second_train_section': 24459, 'second_section': 22455, 'second_departure_time': 1537077480, 'second_arrival_time': 1537088880}
605	{'task_type': 'regular', 'locomotive': 22573, 'train_section': 24459, 'section': 22455, 'departure_time': 1537077480, 'arrival_time': 1537088880}
606	{'task_type': 'deadhead', 'locomotive': 22573, 'first_train_section': 24459, 'first_section': 22455, 'first_departure_time': 1537077480, 'first_arrival_time': 1537088880, 'second_train_section': 23527, 'second_section': 22458, 'second_departure_time': 1537106280, 'second_arrival_time': 1537115580}
607	{'task_type': 'regular', 'locomotive': 22573, 'train_section': 23527, 'section': 22458, 'departure_time': 1537106280, 'arrival_time': 1537115580}
608	{'task_type': 'deadhead', 'locomotive': 22574, 'first_train_section': 22965, 'first_section': 22250, 'first_departure_time': 1536597360, 'first_arrival_time': 1536616740, 'second_train_section': 23282, 'second_section': 22378, 'second_departure_time': 1536667500, 'second_arrival_time': 1536671160}
609	{'task_type': 'regular', 'locomotive': 22574, 'train_section': 23282, 'section': 22378, 'departure_time': 1536667500, 'arrival_time': 1536671160}
610	{'task_type': 'deadhead', 'locomotive': 22574, 'first_train_section': 23282, 'first_section': 22378, 'first_departure_time': 1536667500, 'first_arrival_time': 1536671160, 'second_train_section': 24976, 'second_section': 22475, 'second_departure_time': 1536676260, 'second_arrival_time': 1536680280}
611	{'task_type': 'regular', 'locomotive': 22574, 'train_section': 24976, 'section': 22475, 'departure_time': 1536676260, 'arrival_time': 1536680280}
612	{'task_type': 'deadhead', 'locomotive': 22574, 'first_train_section': 24976, 'first_section': 22475, 'first_departure_time': 1536676260, 'first_arrival_time': 1536680280, 'second_train_section': 22886, 'second_section': 22443, 'second_departure_time': 1536685200, 'second_arrival_time': 1536687000}
613	{'task_type': 'regular', 'locomotive': 22574, 'train_section': 22886, 'section': 22443, 'departure_time': 1536685200, 'arrival_time': 1536687000}
614	{'task_type': 'deadhead', 'locomotive': 22574, 'first_train_section': 22886, 'first_section': 22443, 'first_departure_time': 1536685200, 'first_arrival_time': 1536687000, 'second_train_section': 23325, 'second_section': 22479, 'second_departure_time': 1536695460, 'second_arrival_time': 1536697320}
615	{'task_type': 'regular', 'locomotive': 22574, 'train_section': 23325, 'section': 22479, 'departure_time': 1536695460, 'arrival_time': 1536697320}
616	{'task_type': 'regular', 'locomotive': 22574, 'train_section': 24762, 'section': 22259, 'departure_time': 1536700500, 'arrival_time': 1536700920}
617	{'task_type': 'regular', 'locomotive': 22574, 'train_section': 24764, 'section': 22266, 'departure_time': 1536701100, 'arrival_time': 1536707640}
618	{'task_type': 'deadhead', 'locomotive': 22574, 'first_train_section': 24764, 'first_section': 22266, 'first_departure_time': 1536701100, 'first_arrival_time': 1536707640, 'second_train_section': 24499, 'second_section': 22495, 'second_departure_time': 1536726840, 'second_arrival_time': 1536729660}
619	{'task_type': 'regular', 'locomotive': 22574, 'train_section': 24499, 'section': 22495, 'departure_time': 1536726840, 'arrival_time': 1536729660}
620	{'task_type': 'deadhead', 'locomotive': 22574, 'first_train_section': 24499, 'first_section': 22495, 'first_departure_time': 1536726840, 'first_arrival_time': 1536729660, 'second_train_section': 23965, 'second_section': 22351, 'second_departure_time': 1536742080, 'second_arrival_time': 1536747240}
621	{'task_type': 'regular', 'locomotive': 22574, 'train_section': 23965, 'section': 22351, 'departure_time': 1536742080, 'arrival_time': 1536747240}
622	{'task_type': 'deadhead', 'locomotive': 22574, 'first_train_section': 23965, 'first_section': 22351, 'first_departure_time': 1536742080, 'first_arrival_time': 1536747240, 'second_train_section': 24081, 'second_section': 22378, 'second_departure_time': 1536764700, 'second_arrival_time': 1536768360}
623	{'task_type': 'regular', 'locomotive': 22574, 'train_section': 24081, 'section': 22378, 'departure_time': 1536764700, 'arrival_time': 1536768360}
624	{'task_type': 'deadhead', 'locomotive': 22574, 'first_train_section': 24081, 'first_section': 22378, 'first_departure_time': 1536764700, 'first_arrival_time': 1536768360, 'second_train_section': 24853, 'second_section': 22386, 'second_departure_time': 1536780120, 'second_arrival_time': 1536785160}
625	{'task_type': 'regular', 'locomotive': 22574, 'train_section': 24853, 'section': 22386, 'departure_time': 1536780120, 'arrival_time': 1536785160}
626	{'task_type': 'deadhead', 'locomotive': 22574, 'first_train_section': 24853, 'first_section': 22386, 'first_departure_time': 1536780120, 'first_arrival_time': 1536785160, 'second_train_section': 23259, 'second_section': 22322, 'second_departure_time': 1536811020, 'second_arrival_time': 1536820680}
627	{'task_type': 'regular', 'locomotive': 22574, 'train_section': 23259, 'section': 22322, 'departure_time': 1536811020, 'arrival_time': 1536820680}
628	{'task_type': 'deadhead', 'locomotive': 22574, 'first_train_section': 23259, 'first_section': 22322, 'first_departure_time': 1536811020, 'first_arrival_time': 1536820680, 'second_train_section': 23674, 'second_section': 22499, 'second_departure_time': 1536846300, 'second_arrival_time': 1536851460}
629	{'task_type': 'regular', 'locomotive': 22574, 'train_section': 23674, 'section': 22499, 'departure_time': 1536846300, 'arrival_time': 1536851460}
630	{'task_type': 'deadhead', 'locomotive': 22574, 'first_train_section': 24650, 'first_section': 22302, 'first_departure_time': 1536860700, 'first_arrival_time': 1536875940, 'second_train_section': 25406, 'second_section': 22356, 'second_departure_time': 1536886920, 'second_arrival_time': 1536894660}
631	{'task_type': 'regular', 'locomotive': 22574, 'train_section': 25406, 'section': 22356, 'departure_time': 1536886920, 'arrival_time': 1536894660}
632	{'task_type': 'deadhead', 'locomotive': 22574, 'first_train_section': 25406, 'first_section': 22356, 'first_departure_time': 1536886920, 'first_arrival_time': 1536894660, 'second_train_section': 23412, 'second_section': 22308, 'second_departure_time': 1536907260, 'second_arrival_time': 1536909960}
633	{'task_type': 'regular', 'locomotive': 22574, 'train_section': 23412, 'section': 22308, 'departure_time': 1536907260, 'arrival_time': 1536909960}
634	{'task_type': 'deadhead', 'locomotive': 22574, 'first_train_section': 23412, 'first_section': 22308, 'first_departure_time': 1536907260, 'first_arrival_time': 1536909960, 'second_train_section': 25080, 'second_section': 22287, 'second_departure_time': 1536926880, 'second_arrival_time': 1536928260}
635	{'task_type': 'regular', 'locomotive': 22574, 'train_section': 25080, 'section': 22287, 'departure_time': 1536926880, 'arrival_time': 1536928260}
636	{'task_type': 'deadhead', 'locomotive': 22574, 'first_train_section': 25080, 'first_section': 22287, 'first_departure_time': 1536926880, 'first_arrival_time': 1536928260, 'second_train_section': 24782, 'second_section': 22431, 'second_departure_time': 1536945540, 'second_arrival_time': 1536950400}
637	{'task_type': 'regular', 'locomotive': 22574, 'train_section': 24782, 'section': 22431, 'departure_time': 1536945540, 'arrival_time': 1536950400}
638	{'task_type': 'deadhead', 'locomotive': 22574, 'first_train_section': 24782, 'first_section': 22431, 'first_departure_time': 1536945540, 'first_arrival_time': 1536950400, 'second_train_section': 23832, 'second_section': 22259, 'second_departure_time': 1536959700, 'second_arrival_time': 1536960120}
639	{'task_type': 'regular', 'locomotive': 22574, 'train_section': 23832, 'section': 22259, 'departure_time': 1536959700, 'arrival_time': 1536960120}
640	{'task_type': 'regular', 'locomotive': 22574, 'train_section': 23834, 'section': 22266, 'departure_time': 1536960300, 'arrival_time': 1536966840}
641	{'task_type': 'deadhead', 'locomotive': 22574, 'first_train_section': 23834, 'first_section': 22266, 'first_departure_time': 1536960300, 'first_arrival_time': 1536966840, 'second_train_section': 22942, 'second_section': 22337, 'second_departure_time': 1536985920, 'second_arrival_time': 1536992760}
642	{'task_type': 'regular', 'locomotive': 22574, 'train_section': 22942, 'section': 22337, 'departure_time': 1536985920, 'arrival_time': 1536992760}
643	{'task_type': 'deadhead', 'locomotive': 22574, 'first_train_section': 22942, 'first_section': 22337, 'first_departure_time': 1536985920, 'first_arrival_time': 1536992760, 'second_train_section': 23606, 'second_section': 22334, 'second_departure_time': 1537007880, 'second_arrival_time': 1537012080}
644	{'task_type': 'regular', 'locomotive': 22574, 'train_section': 23606, 'section': 22334, 'departure_time': 1537007880, 'arrival_time': 1537012080}
645	{'task_type': 'regular', 'locomotive': 22576, 'train_section': 24882, 'section': 22427, 'departure_time': 1536634620, 'arrival_time': 1536637620}
646	{'task_type': 'regular', 'locomotive': 22576, 'train_section': 24884, 'section': 22443, 'departure_time': 1536638220, 'arrival_time': 1536639840}
647	{'task_type': 'deadhead', 'locomotive': 22576, 'first_train_section': 24884, 'first_section': 22443, 'first_departure_time': 1536638220, 'first_arrival_time': 1536639840, 'second_train_section': 24889, 'second_section': 22304, 'second_departure_time': 1536644100, 'second_arrival_time': 1536649140}
648	{'task_type': 'regular', 'locomotive': 22576, 'train_section': 24889, 'section': 22304, 'departure_time': 1536644100, 'arrival_time': 1536649140}
649	{'task_type': 'deadhead', 'locomotive': 22576, 'first_train_section': 24889, 'first_section': 22304, 'first_departure_time': 1536644100, 'first_arrival_time': 1536649140, 'second_train_section': 24489, 'second_section': 22482, 'second_departure_time': 1536662880, 'second_arrival_time': 1536664500}
650	{'task_type': 'regular', 'locomotive': 22576, 'train_section': 24489, 'section': 22482, 'departure_time': 1536662880, 'arrival_time': 1536664500}
651	{'task_type': 'deadhead', 'locomotive': 22576, 'first_train_section': 24489, 'first_section': 22482, 'first_departure_time': 1536662880, 'first_arrival_time': 1536664500, 'second_train_section': 23789, 'second_section': 22342, 'second_departure_time': 1536679140, 'second_arrival_time': 1536684420}
652	{'task_type': 'regular', 'locomotive': 22576, 'train_section': 23789, 'section': 22342, 'departure_time': 1536679140, 'arrival_time': 1536684420}
653	{'task_type': 'deadhead', 'locomotive': 22576, 'first_train_section': 23789, 'first_section': 22342, 'first_departure_time': 1536679140, 'first_arrival_time': 1536684420, 'second_train_section': 23369, 'second_section': 22288, 'second_departure_time': 1536684960, 'second_arrival_time': 1536693840}
654	{'task_type': 'regular', 'locomotive': 22576, 'train_section': 23369, 'section': 22288, 'departure_time': 1536684960, 'arrival_time': 1536693840}
655	{'task_type': 'deadhead', 'locomotive': 22576, 'first_train_section': 23369, 'first_section': 22288, 'first_departure_time': 1536684960, 'first_arrival_time': 1536693840, 'second_train_section': 23373, 'second_section': 22337, 'second_departure_time': 1536699720, 'second_arrival_time': 1536706380}
656	{'task_type': 'regular', 'locomotive': 22576, 'train_section': 23373, 'section': 22337, 'departure_time': 1536699720, 'arrival_time': 1536706380}
657	{'task_type': 'deadhead', 'locomotive': 22576, 'first_train_section': 23373, 'first_section': 22337, 'first_departure_time': 1536699720, 'first_arrival_time': 1536706380, 'second_train_section': 23457, 'second_section': 22407, 'second_departure_time': 1536712320, 'second_arrival_time': 1536719760}
658	{'task_type': 'regular', 'locomotive': 22576, 'train_section': 23457, 'section': 22407, 'departure_time': 1536712320, 'arrival_time': 1536719760}
659	{'task_type': 'deadhead', 'locomotive': 22576, 'first_train_section': 23457, 'first_section': 22407, 'first_departure_time': 1536712320, 'first_arrival_time': 1536719760, 'second_train_section': 23461, 'second_section': 22322, 'second_departure_time': 1536724620, 'second_arrival_time': 1536734280}
660	{'task_type': 'regular', 'locomotive': 22576, 'train_section': 23461, 'section': 22322, 'departure_time': 1536724620, 'arrival_time': 1536734280}
661	{'task_type': 'deadhead', 'locomotive': 22576, 'first_train_section': 23461, 'first_section': 22322, 'first_departure_time': 1536724620, 'first_arrival_time': 1536734280, 'second_train_section': 25000, 'second_section': 22313, 'second_departure_time': 1536742080, 'second_arrival_time': 1536747000}
662	{'task_type': 'regular', 'locomotive': 22576, 'train_section': 25000, 'section': 22313, 'departure_time': 1536742080, 'arrival_time': 1536747000}
663	{'task_type': 'deadhead', 'locomotive': 22576, 'first_train_section': 25000, 'first_section': 22313, 'first_departure_time': 1536742080, 'first_arrival_time': 1536747000, 'second_train_section': 24994, 'second_section': 22313, 'second_departure_time': 1536759420, 'second_arrival_time': 1536764880}
664	{'task_type': 'regular', 'locomotive': 22576, 'train_section': 24994, 'section': 22313, 'departure_time': 1536759420, 'arrival_time': 1536764880}
665	{'task_type': 'regular', 'locomotive': 22576, 'train_section': 23120, 'section': 22284, 'departure_time': 1536778320, 'arrival_time': 1536781980}
666	{'task_type': 'deadhead', 'locomotive': 22576, 'first_train_section': 23120, 'first_section': 22284, 'first_departure_time': 1536778320, 'first_arrival_time': 1536781980, 'second_train_section': 25248, 'second_section': 22431, 'second_departure_time': 1536790740, 'second_arrival_time': 1536794940}
667	{'task_type': 'regular', 'locomotive': 22576, 'train_section': 25248, 'section': 22431, 'departure_time': 1536790740, 'arrival_time': 1536794940}
668	{'task_type': 'deadhead', 'locomotive': 22576, 'first_train_section': 25248, 'first_section': 22431, 'first_departure_time': 1536790740, 'first_arrival_time': 1536794940, 'second_train_section': 24109, 'second_section': 22512, 'second_departure_time': 1536812940, 'second_arrival_time': 1536816300}
669	{'task_type': 'regular', 'locomotive': 22576, 'train_section': 24109, 'section': 22512, 'departure_time': 1536812940, 'arrival_time': 1536816300}
670	{'task_type': 'deadhead', 'locomotive': 22576, 'first_train_section': 24109, 'first_section': 22512, 'first_departure_time': 1536812940, 'first_arrival_time': 1536816300, 'second_train_section': 24927, 'second_section': 22356, 'second_departure_time': 1536830880, 'second_arrival_time': 1536838140}
671	{'task_type': 'regular', 'locomotive': 22576, 'train_section': 24927, 'section': 22356, 'departure_time': 1536830880, 'arrival_time': 1536838140}
672	{'task_type': 'deadhead', 'locomotive': 22576, 'first_train_section': 24927, 'first_section': 22356, 'first_departure_time': 1536830880, 'first_arrival_time': 1536838140, 'second_train_section': 22614, 'second_section': 22383, 'second_departure_time': 1536847920, 'second_arrival_time': 1536851340}
673	{'task_type': 'regular', 'locomotive': 22576, 'train_section': 22614, 'section': 22383, 'departure_time': 1536847920, 'arrival_time': 1536851340}
674	{'task_type': 'deadhead', 'locomotive': 22576, 'first_train_section': 22614, 'first_section': 22383, 'first_departure_time': 1536847920, 'first_arrival_time': 1536851340, 'second_train_section': 23558, 'second_section': 22365, 'second_departure_time': 1536863820, 'second_arrival_time': 1536867360}
675	{'task_type': 'regular', 'locomotive': 22576, 'train_section': 23558, 'section': 22365, 'departure_time': 1536863820, 'arrival_time': 1536867360}
676	{'task_type': 'deadhead', 'locomotive': 22576, 'first_train_section': 23558, 'first_section': 22365, 'first_departure_time': 1536863820, 'first_arrival_time': 1536867360, 'second_train_section': 23804, 'second_section': 22404, 'second_departure_time': 1536874380, 'second_arrival_time': 1536883320}
677	{'task_type': 'regular', 'locomotive': 22576, 'train_section': 23804, 'section': 22404, 'departure_time': 1536874380, 'arrival_time': 1536883320}
678	{'task_type': 'regular', 'locomotive': 22576, 'train_section': 22847, 'section': 22245, 'departure_time': 1536892200, 'arrival_time': 1536896580}
679	{'task_type': 'regular', 'locomotive': 22576, 'train_section': 25351, 'section': 22309, 'departure_time': 1536900960, 'arrival_time': 1536906480}
680	{'task_type': 'deadhead', 'locomotive': 22576, 'first_train_section': 25351, 'first_section': 22309, 'first_departure_time': 1536900960, 'first_arrival_time': 1536906480, 'second_train_section': 23783, 'second_section': 22499, 'second_departure_time': 1536911100, 'second_arrival_time': 1536916260}
681	{'task_type': 'regular', 'locomotive': 22576, 'train_section': 23783, 'section': 22499, 'departure_time': 1536911100, 'arrival_time': 1536916260}
682	{'task_type': 'deadhead', 'locomotive': 22576, 'first_train_section': 23783, 'first_section': 22499, 'first_departure_time': 1536911100, 'first_arrival_time': 1536916260, 'second_train_section': 22860, 'second_section': 22472, 'second_departure_time': 1536923580, 'second_arrival_time': 1536928740}
683	{'task_type': 'regular', 'locomotive': 22576, 'train_section': 22860, 'section': 22472, 'departure_time': 1536923580, 'arrival_time': 1536928740}
684	{'task_type': 'deadhead', 'locomotive': 22576, 'first_train_section': 22860, 'first_section': 22472, 'first_departure_time': 1536923580, 'first_arrival_time': 1536928740, 'second_train_section': 24970, 'second_section': 22275, 'second_departure_time': 1536930300, 'second_arrival_time': 1536937380}
685	{'task_type': 'regular', 'locomotive': 22576, 'train_section': 24970, 'section': 22275, 'departure_time': 1536930300, 'arrival_time': 1536937380}
686	{'task_type': 'deadhead', 'locomotive': 22576, 'first_train_section': 24970, 'first_section': 22275, 'first_departure_time': 1536930300, 'first_arrival_time': 1536937380, 'second_train_section': 23848, 'second_section': 22378, 'second_departure_time': 1536946500, 'second_arrival_time': 1536950160}
687	{'task_type': 'regular', 'locomotive': 22576, 'train_section': 23848, 'section': 22378, 'departure_time': 1536946500, 'arrival_time': 1536950160}
688	{'task_type': 'regular', 'locomotive': 22576, 'train_section': 23588, 'section': 22416, 'departure_time': 1536951240, 'arrival_time': 1536954900}
689	{'task_type': 'deadhead', 'locomotive': 22576, 'first_train_section': 23588, 'first_section': 22416, 'first_departure_time': 1536951240, 'first_arrival_time': 1536954900, 'second_train_section': 23951, 'second_section': 22496, 'second_departure_time': 1536967260, 'second_arrival_time': 1536971160}
690	{'task_type': 'regular', 'locomotive': 22576, 'train_section': 23951, 'section': 22496, 'departure_time': 1536967260, 'arrival_time': 1536971160}
691	{'task_type': 'deadhead', 'locomotive': 22576, 'first_train_section': 23951, 'first_section': 22496, 'first_departure_time': 1536967260, 'first_arrival_time': 1536971160, 'second_train_section': 23467, 'second_section': 22492, 'second_departure_time': 1536992640, 'second_arrival_time': 1537001880}
692	{'task_type': 'regular', 'locomotive': 22576, 'train_section': 23467, 'section': 22492, 'departure_time': 1536992640, 'arrival_time': 1537001880}
693	{'task_type': 'deadhead', 'locomotive': 22576, 'first_train_section': 23467, 'first_section': 22492, 'first_departure_time': 1536992640, 'first_arrival_time': 1537001880, 'second_train_section': 24877, 'second_section': 22458, 'second_departure_time': 1537019880, 'second_arrival_time': 1537029180}
694	{'task_type': 'regular', 'locomotive': 22576, 'train_section': 24877, 'section': 22458, 'departure_time': 1537019880, 'arrival_time': 1537029180}
695	{'task_type': 'deadhead', 'locomotive': 22576, 'first_train_section': 24877, 'first_section': 22458, 'first_departure_time': 1537019880, 'first_arrival_time': 1537029180, 'second_train_section': 23874, 'second_section': 22360, 'second_departure_time': 1537087680, 'second_arrival_time': 1537099320}
696	{'task_type': 'regular', 'locomotive': 22576, 'train_section': 23874, 'section': 22360, 'departure_time': 1537087680, 'arrival_time': 1537099320}
697	{'task_type': 'deadhead', 'locomotive': 22576, 'first_train_section': 23874, 'first_section': 22360, 'first_departure_time': 1537087680, 'first_arrival_time': 1537099320, 'second_train_section': 25223, 'second_section': 22451, 'second_departure_time': 1537125420, 'second_arrival_time': 1537131420}
698	{'task_type': 'regular', 'locomotive': 22576, 'train_section': 25223, 'section': 22451, 'departure_time': 1537125420, 'arrival_time': 1537131420}
699	{'task_type': 'regular', 'locomotive': 22577, 'train_section': 23476, 'section': 22418, 'departure_time': 1536672600, 'arrival_time': 1536674100}
700	{'task_type': 'deadhead', 'locomotive': 22577, 'first_train_section': 23476, 'first_section': 22418, 'first_departure_time': 1536672600, 'first_arrival_time': 1536674100, 'second_train_section': 23798, 'second_section': 22416, 'second_departure_time': 1536679440, 'second_arrival_time': 1536683100}
701	{'task_type': 'regular', 'locomotive': 22577, 'train_section': 23798, 'section': 22416, 'departure_time': 1536679440, 'arrival_time': 1536683100}
702	{'task_type': 'deadhead', 'locomotive': 22577, 'first_train_section': 23798, 'first_section': 22416, 'first_departure_time': 1536679440, 'first_arrival_time': 1536683100, 'second_train_section': 24335, 'second_section': 22284, 'second_departure_time': 1536691920, 'second_arrival_time': 1536695580}
703	{'task_type': 'regular', 'locomotive': 22577, 'train_section': 24335, 'section': 22284, 'departure_time': 1536691920, 'arrival_time': 1536695580}
704	{'task_type': 'deadhead', 'locomotive': 22577, 'first_train_section': 25150, 'first_section': 22464, 'first_departure_time': 1536695580, 'first_arrival_time': 1536703140, 'second_train_section': 25426, 'second_section': 22320, 'second_departure_time': 1536721080, 'second_arrival_time': 1536727500}
705	{'task_type': 'regular', 'locomotive': 22577, 'train_section': 25426, 'section': 22320, 'departure_time': 1536721080, 'arrival_time': 1536727500}
706	{'task_type': 'deadhead', 'locomotive': 22577, 'first_train_section': 25426, 'first_section': 22320, 'first_departure_time': 1536721080, 'first_arrival_time': 1536727500, 'second_train_section': 24209, 'second_section': 22494, 'second_departure_time': 1536731100, 'second_arrival_time': 1536733320}
707	{'task_type': 'regular', 'locomotive': 22577, 'train_section': 24209, 'section': 22494, 'departure_time': 1536731100, 'arrival_time': 1536733320}
708	{'task_type': 'deadhead', 'locomotive': 22577, 'first_train_section': 24209, 'first_section': 22494, 'first_departure_time': 1536731100, 'first_arrival_time': 1536733320, 'second_train_section': 22630, 'second_section': 22247, 'second_departure_time': 1536755520, 'second_arrival_time': 1536766620}
709	{'task_type': 'regular', 'locomotive': 22577, 'train_section': 22630, 'section': 22247, 'departure_time': 1536755520, 'arrival_time': 1536766620}
710	{'task_type': 'deadhead', 'locomotive': 22577, 'first_train_section': 22630, 'first_section': 22247, 'first_departure_time': 1536755520, 'first_arrival_time': 1536766620, 'second_train_section': 23268, 'second_section': 22404, 'second_departure_time': 1536777480, 'second_arrival_time': 1536786300}
711	{'task_type': 'regular', 'locomotive': 22577, 'train_section': 23268, 'section': 22404, 'departure_time': 1536777480, 'arrival_time': 1536786300}
712	{'task_type': 'deadhead', 'locomotive': 22577, 'first_train_section': 23268, 'first_section': 22404, 'first_departure_time': 1536777480, 'first_arrival_time': 1536786300, 'second_train_section': 24326, 'second_section': 22352, 'second_departure_time': 1536792720, 'second_arrival_time': 1536799440}
713	{'task_type': 'regular', 'locomotive': 22577, 'train_section': 24326, 'section': 22352, 'departure_time': 1536792720, 'arrival_time': 1536799440}
714	{'task_type': 'deadhead', 'locomotive': 22577, 'first_train_section': 24326, 'first_section': 22352, 'first_departure_time': 1536792720, 'first_arrival_time': 1536799440, 'second_train_section': 23074, 'second_section': 22495, 'second_departure_time': 1536808920, 'second_arrival_time': 1536811860}
715	{'task_type': 'regular', 'locomotive': 22577, 'train_section': 23074, 'section': 22495, 'departure_time': 1536808920, 'arrival_time': 1536811860}
716	{'task_type': 'regular', 'locomotive': 22577, 'train_section': 23076, 'section': 22307, 'departure_time': 1536813600, 'arrival_time': 1536815940}
717	{'task_type': 'deadhead', 'locomotive': 22577, 'first_train_section': 23076, 'first_section': 22307, 'first_departure_time': 1536813600, 'first_arrival_time': 1536815940, 'second_train_section': 24583, 'second_section': 22416, 'second_departure_time': 1536836040, 'second_arrival_time': 1536839700}
718	{'task_type': 'regular', 'locomotive': 22577, 'train_section': 24583, 'section': 22416, 'departure_time': 1536836040, 'arrival_time': 1536839700}
719	{'task_type': 'regular', 'locomotive': 22577, 'train_section': 24592, 'section': 22378, 'departure_time': 1536847500, 'arrival_time': 1536851160}
720	{'task_type': 'deadhead', 'locomotive': 22577, 'first_train_section': 23795, 'first_section': 22473, 'first_departure_time': 1536854700, 'first_arrival_time': 1536875940, 'second_train_section': 24168, 'second_section': 22495, 'second_departure_time': 1536895320, 'second_arrival_time': 1536898260}
721	{'task_type': 'regular', 'locomotive': 22577, 'train_section': 24168, 'section': 22495, 'departure_time': 1536895320, 'arrival_time': 1536898260}
722	{'task_type': 'deadhead', 'locomotive': 22577, 'first_train_section': 24168, 'first_section': 22495, 'first_departure_time': 1536895320, 'first_arrival_time': 1536898260, 'second_train_section': 24613, 'second_section': 22312, 'second_departure_time': 1536906600, 'second_arrival_time': 1536907680}
723	{'task_type': 'regular', 'locomotive': 22577, 'train_section': 24613, 'section': 22312, 'departure_time': 1536906600, 'arrival_time': 1536907680}
724	{'task_type': 'deadhead', 'locomotive': 22577, 'first_train_section': 24613, 'first_section': 22312, 'first_departure_time': 1536906600, 'first_arrival_time': 1536907680, 'second_train_section': 24266, 'second_section': 22381, 'second_departure_time': 1536924720, 'second_arrival_time': 1536926640}
725	{'task_type': 'regular', 'locomotive': 22577, 'train_section': 24266, 'section': 22381, 'departure_time': 1536924720, 'arrival_time': 1536926640}
726	{'task_type': 'deadhead', 'locomotive': 22577, 'first_train_section': 24266, 'first_section': 22381, 'first_departure_time': 1536924720, 'first_arrival_time': 1536926640, 'second_train_section': 25449, 'second_section': 22331, 'second_departure_time': 1536944880, 'second_arrival_time': 1536955800}
727	{'task_type': 'regular', 'locomotive': 22577, 'train_section': 25449, 'section': 22331, 'departure_time': 1536944880, 'arrival_time': 1536955800}
728	{'task_type': 'regular', 'locomotive': 22577, 'train_section': 24055, 'section': 22437, 'departure_time': 1536964620, 'arrival_time': 1536969420}
729	{'task_type': 'deadhead', 'locomotive': 22577, 'first_train_section': 24055, 'first_section': 22437, 'first_departure_time': 1536964620, 'first_arrival_time': 1536969420, 'second_train_section': 24112, 'second_section': 22403, 'second_departure_time': 1536999540, 'second_arrival_time': 1537002060}
730	{'task_type': 'regular', 'locomotive': 22577, 'train_section': 24112, 'section': 22403, 'departure_time': 1536999540, 'arrival_time': 1537002060}
731	{'task_type': 'deadhead', 'locomotive': 22577, 'first_train_section': 24112, 'first_section': 22403, 'first_departure_time': 1536999540, 'first_arrival_time': 1537002060, 'second_train_section': 24586, 'second_section': 22387, 'second_departure_time': 1537018680, 'second_arrival_time': 1537020120}
732	{'task_type': 'regular', 'locomotive': 22577, 'train_section': 24586, 'section': 22387, 'departure_time': 1537018680, 'arrival_time': 1537020120}
733	{'task_type': 'regular', 'locomotive': 22579, 'train_section': 25126, 'section': 22331, 'departure_time': 1536599280, 'arrival_time': 1536610200}
734	{'task_type': 'deadhead', 'locomotive': 22579, 'first_train_section': 25126, 'first_section': 22331, 'first_departure_time': 1536599280, 'first_arrival_time': 1536610200, 'second_train_section': 23091, 'second_section': 22336, 'second_departure_time': 1536632580, 'second_arrival_time': 1536638700}
735	{'task_type': 'regular', 'locomotive': 22579, 'train_section': 23091, 'section': 22336, 'departure_time': 1536632580, 'arrival_time': 1536638700}
736	{'task_type': 'deadhead', 'locomotive': 22579, 'first_train_section': 23091, 'first_section': 22336, 'first_departure_time': 1536632580, 'first_arrival_time': 1536638700, 'second_train_section': 24891, 'second_section': 22247, 'second_departure_time': 1536649320, 'second_arrival_time': 1536658560}
737	{'task_type': 'regular', 'locomotive': 22579, 'train_section': 24891, 'section': 22247, 'departure_time': 1536649320, 'arrival_time': 1536658560}
738	{'task_type': 'deadhead', 'locomotive': 22579, 'first_train_section': 24891, 'first_section': 22247, 'first_departure_time': 1536649320, 'first_arrival_time': 1536658560, 'second_train_section': 22932, 'second_section': 22272, 'second_departure_time': 1536669120, 'second_arrival_time': 1536669840}
739	{'task_type': 'regular', 'locomotive': 22579, 'train_section': 22932, 'section': 22272, 'departure_time': 1536669120, 'arrival_time': 1536669840}
740	{'task_type': 'deadhead', 'locomotive': 22579, 'first_train_section': 22932, 'first_section': 22272, 'first_departure_time': 1536669120, 'first_arrival_time': 1536669840, 'second_train_section': 23942, 'second_section': 22255, 'second_departure_time': 1536689100, 'second_arrival_time': 1536690000}
741	{'task_type': 'regular', 'locomotive': 22579, 'train_section': 23942, 'section': 22255, 'departure_time': 1536689100, 'arrival_time': 1536690000}
742	{'task_type': 'deadhead', 'locomotive': 22579, 'first_train_section': 23942, 'first_section': 22255, 'first_departure_time': 1536689100, 'first_arrival_time': 1536690000, 'second_train_section': 24946, 'second_section': 22294, 'second_departure_time': 1536696480, 'second_arrival_time': 1536699720}
743	{'task_type': 'regular', 'locomotive': 22579, 'train_section': 24946, 'section': 22294, 'departure_time': 1536696480, 'arrival_time': 1536699720}
744	{'task_type': 'deadhead', 'locomotive': 22579, 'first_train_section': 24946, 'first_section': 22294, 'first_departure_time': 1536696480, 'first_arrival_time': 1536699720, 'second_train_section': 23459, 'second_section': 22334, 'second_departure_time': 1536720360, 'second_arrival_time': 1536723600}
745	{'task_type': 'regular', 'locomotive': 22579, 'train_section': 23459, 'section': 22334, 'departure_time': 1536720360, 'arrival_time': 1536723600}
746	{'task_type': 'deadhead', 'locomotive': 22579, 'first_train_section': 23459, 'first_section': 22334, 'first_departure_time': 1536720360, 'first_arrival_time': 1536723600, 'second_train_section': 23854, 'second_section': 22331, 'second_departure_time': 1536728880, 'second_arrival_time': 1536739680}
747	{'task_type': 'regular', 'locomotive': 22579, 'train_section': 23854, 'section': 22331, 'departure_time': 1536728880, 'arrival_time': 1536739680}
748	{'task_type': 'deadhead', 'locomotive': 22579, 'first_train_section': 23854, 'first_section': 22331, 'first_departure_time': 1536728880, 'first_arrival_time': 1536739680, 'second_train_section': 23402, 'second_section': 22313, 'second_departure_time': 1536756480, 'second_arrival_time': 1536761400}
749	{'task_type': 'regular', 'locomotive': 22579, 'train_section': 23402, 'section': 22313, 'departure_time': 1536756480, 'arrival_time': 1536761400}
750	{'task_type': 'deadhead', 'locomotive': 22579, 'first_train_section': 23402, 'first_section': 22313, 'first_departure_time': 1536756480, 'first_arrival_time': 1536761400, 'second_train_section': 24997, 'second_section': 22297, 'second_departure_time': 1536766200, 'second_arrival_time': 1536767220}
751	{'task_type': 'regular', 'locomotive': 22579, 'train_section': 24997, 'section': 22297, 'departure_time': 1536766200, 'arrival_time': 1536767220}
752	{'task_type': 'deadhead', 'locomotive': 22579, 'first_train_section': 24997, 'first_section': 22297, 'first_departure_time': 1536766200, 'first_arrival_time': 1536767220, 'second_train_section': 24192, 'second_section': 22256, 'second_departure_time': 1536772200, 'second_arrival_time': 1536774480}
753	{'task_type': 'regular', 'locomotive': 22579, 'train_section': 24192, 'section': 22256, 'departure_time': 1536772200, 'arrival_time': 1536774480}
754	{'task_type': 'deadhead', 'locomotive': 22579, 'first_train_section': 23399, 'first_section': 22464, 'first_departure_time': 1536781980, 'first_arrival_time': 1536789540, 'second_train_section': 24842, 'second_section': 22447, 'second_departure_time': 1536806700, 'second_arrival_time': 1536809400}
755	{'task_type': 'regular', 'locomotive': 22579, 'train_section': 24842, 'section': 22447, 'departure_time': 1536806700, 'arrival_time': 1536809400}
756	{'task_type': 'deadhead', 'locomotive': 22579, 'first_train_section': 24842, 'first_section': 22447, 'first_departure_time': 1536806700, 'first_arrival_time': 1536809400, 'second_train_section': 22656, 'second_section': 22333, 'second_departure_time': 1536819300, 'second_arrival_time': 1536822120}
757	{'task_type': 'regular', 'locomotive': 22579, 'train_section': 22656, 'section': 22333, 'departure_time': 1536819300, 'arrival_time': 1536822120}
758	{'task_type': 'deadhead', 'locomotive': 22579, 'first_train_section': 22656, 'first_section': 22333, 'first_departure_time': 1536819300, 'first_arrival_time': 1536822120, 'second_train_section': 24061, 'second_section': 22438, 'second_departure_time': 1536832320, 'second_arrival_time': 1536843060}
759	{'task_type': 'regular', 'locomotive': 22579, 'train_section': 24061, 'section': 22438, 'departure_time': 1536832320, 'arrival_time': 1536843060}
760	{'task_type': 'deadhead', 'locomotive': 22579, 'first_train_section': 24061, 'first_section': 22438, 'first_departure_time': 1536832320, 'first_arrival_time': 1536843060, 'second_train_section': 24160, 'second_section': 22242, 'second_departure_time': 1536859440, 'second_arrival_time': 1536862620}
761	{'task_type': 'regular', 'locomotive': 22579, 'train_section': 24160, 'section': 22242, 'departure_time': 1536859440, 'arrival_time': 1536862620}
762	{'task_type': 'deadhead', 'locomotive': 22579, 'first_train_section': 24160, 'first_section': 22242, 'first_departure_time': 1536859440, 'first_arrival_time': 1536862620, 'second_train_section': 23330, 'second_section': 22246, 'second_departure_time': 1536873120, 'second_arrival_time': 1536874380}
763	{'task_type': 'regular', 'locomotive': 22579, 'train_section': 23330, 'section': 22246, 'departure_time': 1536873120, 'arrival_time': 1536874380}
764	{'task_type': 'regular', 'locomotive': 22579, 'train_section': 25062, 'section': 22368, 'departure_time': 1536882480, 'arrival_time': 1536886200}
765	{'task_type': 'deadhead', 'locomotive': 22579, 'first_train_section': 25062, 'first_section': 22368, 'first_departure_time': 1536882480, 'first_arrival_time': 1536886200, 'second_train_section': 25486, 'second_section': 22372, 'second_departure_time': 1536890940, 'second_arrival_time': 1536894900}
766	{'task_type': 'regular', 'locomotive': 22579, 'train_section': 25486, 'section': 22372, 'departure_time': 1536890940, 'arrival_time': 1536894900}
767	{'task_type': 'deadhead', 'locomotive': 22579, 'first_train_section': 25486, 'first_section': 22372, 'first_departure_time': 1536890940, 'first_arrival_time': 1536894900, 'second_train_section': 24058, 'second_section': 22378, 'second_departure_time': 1536908700, 'second_arrival_time': 1536912360}
768	{'task_type': 'regular', 'locomotive': 22579, 'train_section': 24058, 'section': 22378, 'departure_time': 1536908700, 'arrival_time': 1536912360}
769	{'task_type': 'deadhead', 'locomotive': 22579, 'first_train_section': 24058, 'first_section': 22378, 'first_departure_time': 1536908700, 'first_arrival_time': 1536912360, 'second_train_section': 22908, 'second_section': 22457, 'second_departure_time': 1536922320, 'second_arrival_time': 1536924300}
770	{'task_type': 'regular', 'locomotive': 22579, 'train_section': 22908, 'section': 22457, 'departure_time': 1536922320, 'arrival_time': 1536924300}
771	{'task_type': 'deadhead', 'locomotive': 22579, 'first_train_section': 22908, 'first_section': 22457, 'first_departure_time': 1536922320, 'first_arrival_time': 1536924300, 'second_train_section': 25492, 'second_section': 22261, 'second_departure_time': 1536935880, 'second_arrival_time': 1536937500}
772	{'task_type': 'regular', 'locomotive': 22579, 'train_section': 25492, 'section': 22261, 'departure_time': 1536935880, 'arrival_time': 1536937500}
773	{'task_type': 'deadhead', 'locomotive': 22579, 'first_train_section': 25492, 'first_section': 22261, 'first_departure_time': 1536935880, 'first_arrival_time': 1536937500, 'second_train_section': 23551, 'second_section': 22431, 'second_departure_time': 1536948180, 'second_arrival_time': 1536952140}
774	{'task_type': 'regular', 'locomotive': 22579, 'train_section': 23551, 'section': 22431, 'departure_time': 1536948180, 'arrival_time': 1536952140}
775	{'task_type': 'regular', 'locomotive': 22579, 'train_section': 23553, 'section': 22495, 'departure_time': 1536953280, 'arrival_time': 1536956220}
776	{'task_type': 'deadhead', 'locomotive': 22579, 'first_train_section': 23553, 'first_section': 22495, 'first_departure_time': 1536953280, 'first_arrival_time': 1536956220, 'second_train_section': 24868, 'second_section': 22476, 'second_departure_time': 1536959820, 'second_arrival_time': 1536963420}
777	{'task_type': 'regular', 'locomotive': 22579, 'train_section': 24868, 'section': 22476, 'departure_time': 1536959820, 'arrival_time': 1536963420}
778	{'task_type': 'deadhead', 'locomotive': 22579, 'first_train_section': 24868, 'first_section': 22476, 'first_departure_time': 1536959820, 'first_arrival_time': 1536963420, 'second_train_section': 22938, 'second_section': 22288, 'second_departure_time': 1536973620, 'second_arrival_time': 1536980160}
779	{'task_type': 'regular', 'locomotive': 22579, 'train_section': 22938, 'section': 22288, 'departure_time': 1536973620, 'arrival_time': 1536980160}
780	{'task_type': 'regular', 'locomotive': 22579, 'train_section': 22940, 'section': 22323, 'departure_time': 1536980820, 'arrival_time': 1536984180}
781	{'task_type': 'deadhead', 'locomotive': 22579, 'first_train_section': 22940, 'first_section': 22323, 'first_departure_time': 1536980820, 'first_arrival_time': 1536984180, 'second_train_section': 24897, 'second_section': 22493, 'second_departure_time': 1536988740, 'second_arrival_time': 1536989460}
782	{'task_type': 'regular', 'locomotive': 22579, 'train_section': 24897, 'section': 22493, 'departure_time': 1536988740, 'arrival_time': 1536989460}
783	{'task_type': 'deadhead', 'locomotive': 22579, 'first_train_section': 24897, 'first_section': 22493, 'first_departure_time': 1536988740, 'first_arrival_time': 1536989460, 'second_train_section': 23975, 'second_section': 22387, 'second_departure_time': 1536997080, 'second_arrival_time': 1536998520}
784	{'task_type': 'regular', 'locomotive': 22579, 'train_section': 23975, 'section': 22387, 'departure_time': 1536997080, 'arrival_time': 1536998520}
785	{'task_type': 'deadhead', 'locomotive': 22579, 'first_train_section': 23975, 'first_section': 22387, 'first_departure_time': 1536997080, 'first_arrival_time': 1536998520, 'second_train_section': 23505, 'second_section': 22471, 'second_departure_time': 1537001820, 'second_arrival_time': 1537004640}
786	{'task_type': 'regular', 'locomotive': 22579, 'train_section': 23505, 'section': 22471, 'departure_time': 1537001820, 'arrival_time': 1537004640}
787	{'task_type': 'deadhead', 'locomotive': 22579, 'first_train_section': 23505, 'first_section': 22471, 'first_departure_time': 1537001820, 'first_arrival_time': 1537004640, 'second_train_section': 25185, 'second_section': 22249, 'second_departure_time': 1537022880, 'second_arrival_time': 1537028400}
788	{'task_type': 'regular', 'locomotive': 22579, 'train_section': 25185, 'section': 22249, 'departure_time': 1537022880, 'arrival_time': 1537028400}
789	{'task_type': 'deadhead', 'locomotive': 22579, 'first_train_section': 25185, 'first_section': 22249, 'first_departure_time': 1537022880, 'first_arrival_time': 1537028400, 'second_train_section': 23642, 'second_section': 22495, 'second_departure_time': 1537038240, 'second_arrival_time': 1537041060}
790	{'task_type': 'regular', 'locomotive': 22579, 'train_section': 23642, 'section': 22495, 'departure_time': 1537038240, 'arrival_time': 1537041060}
791	{'task_type': 'deadhead', 'locomotive': 22579, 'first_train_section': 23642, 'first_section': 22495, 'first_departure_time': 1537038240, 'first_arrival_time': 1537041060, 'second_train_section': 24044, 'second_section': 22356, 'second_departure_time': 1537090080, 'second_arrival_time': 1537097340}
792	{'task_type': 'regular', 'locomotive': 22579, 'train_section': 24044, 'section': 22356, 'departure_time': 1537090080, 'arrival_time': 1537097340}
793	{'task_type': 'deadhead', 'locomotive': 22579, 'first_train_section': 24044, 'first_section': 22356, 'first_departure_time': 1537090080, 'first_arrival_time': 1537097340, 'second_train_section': 24375, 'second_section': 22342, 'second_departure_time': 1537104060, 'second_arrival_time': 1537110180}
794	{'task_type': 'regular', 'locomotive': 22579, 'train_section': 24375, 'section': 22342, 'departure_time': 1537104060, 'arrival_time': 1537110180}
795	{'task_type': 'regular', 'locomotive': 22579, 'train_section': 24445, 'section': 22284, 'departure_time': 1537116720, 'arrival_time': 1537120380}
796	{'task_type': 'regular', 'locomotive': 22580, 'train_section': 22880, 'section': 22343, 'departure_time': 1536624060, 'arrival_time': 1536632460}
797	{'task_type': 'deadhead', 'locomotive': 22580, 'first_train_section': 22880, 'first_section': 22343, 'first_departure_time': 1536624060, 'first_arrival_time': 1536632460, 'second_train_section': 25089, 'second_section': 22342, 'second_departure_time': 1536650340, 'second_arrival_time': 1536655620}
798	{'task_type': 'regular', 'locomotive': 22580, 'train_section': 25089, 'section': 22342, 'departure_time': 1536650340, 'arrival_time': 1536655620}
799	{'task_type': 'deadhead', 'locomotive': 22580, 'first_train_section': 25089, 'first_section': 22342, 'first_departure_time': 1536650340, 'first_arrival_time': 1536655620, 'second_train_section': 24635, 'second_section': 22257, 'second_departure_time': 1536674400, 'second_arrival_time': 1536675120}
800	{'task_type': 'regular', 'locomotive': 22580, 'train_section': 24635, 'section': 22257, 'departure_time': 1536674400, 'arrival_time': 1536675120}
801	{'task_type': 'deadhead', 'locomotive': 22580, 'first_train_section': 24635, 'first_section': 22257, 'first_departure_time': 1536674400, 'first_arrival_time': 1536675120, 'second_train_section': 23940, 'second_section': 22446, 'second_departure_time': 1536686460, 'second_arrival_time': 1536687540}
802	{'task_type': 'regular', 'locomotive': 22580, 'train_section': 23940, 'section': 22446, 'departure_time': 1536686460, 'arrival_time': 1536687540}
803	{'task_type': 'deadhead', 'locomotive': 22580, 'first_train_section': 23940, 'first_section': 22446, 'first_departure_time': 1536686460, 'first_arrival_time': 1536687540, 'second_train_section': 25547, 'second_section': 22322, 'second_departure_time': 1536700380, 'second_arrival_time': 1536708600}
804	{'task_type': 'regular', 'locomotive': 22580, 'train_section': 25547, 'section': 22322, 'departure_time': 1536700380, 'arrival_time': 1536708600}
805	{'task_type': 'deadhead', 'locomotive': 22580, 'first_train_section': 25547, 'first_section': 22322, 'first_departure_time': 1536700380, 'first_arrival_time': 1536708600, 'second_train_section': 23211, 'second_section': 22280, 'second_departure_time': 1536724440, 'second_arrival_time': 1536731040}
806	{'task_type': 'regular', 'locomotive': 22580, 'train_section': 23211, 'section': 22280, 'departure_time': 1536724440, 'arrival_time': 1536731040}
807	{'task_type': 'deadhead', 'locomotive': 22580, 'first_train_section': 23211, 'first_section': 22280, 'first_departure_time': 1536724440, 'first_arrival_time': 1536731040, 'second_train_section': 24544, 'second_section': 22349, 'second_departure_time': 1536741120, 'second_arrival_time': 1536746700}
808	{'task_type': 'regular', 'locomotive': 22580, 'train_section': 24544, 'section': 22349, 'departure_time': 1536741120, 'arrival_time': 1536746700}
809	{'task_type': 'deadhead', 'locomotive': 22580, 'first_train_section': 25099, 'first_section': 22470, 'first_departure_time': 1536761520, 'first_arrival_time': 1536765420, 'second_train_section': 23857, 'second_section': 22280, 'second_departure_time': 1536778920, 'second_arrival_time': 1536787320}
810	{'task_type': 'regular', 'locomotive': 22580, 'train_section': 23857, 'section': 22280, 'departure_time': 1536778920, 'arrival_time': 1536787320}
811	{'task_type': 'deadhead', 'locomotive': 22580, 'first_train_section': 23857, 'first_section': 22280, 'first_departure_time': 1536778920, 'first_arrival_time': 1536787320, 'second_train_section': 23937, 'second_section': 22354, 'second_departure_time': 1536809940, 'second_arrival_time': 1536814560}
812	{'task_type': 'regular', 'locomotive': 22580, 'train_section': 23937, 'section': 22354, 'departure_time': 1536809940, 'arrival_time': 1536814560}
813	{'task_type': 'deadhead', 'locomotive': 22580, 'first_train_section': 23937, 'first_section': 22354, 'first_departure_time': 1536809940, 'first_arrival_time': 1536814560, 'second_train_section': 23731, 'second_section': 22466, 'second_departure_time': 1536840300, 'second_arrival_time': 1536841440}
814	{'task_type': 'regular', 'locomotive': 22580, 'train_section': 23731, 'section': 22466, 'departure_time': 1536840300, 'arrival_time': 1536841440}
815	{'task_type': 'deadhead', 'locomotive': 22580, 'first_train_section': 23731, 'first_section': 22466, 'first_departure_time': 1536840300, 'first_arrival_time': 1536841440, 'second_train_section': 24186, 'second_section': 22318, 'second_departure_time': 1536845700, 'second_arrival_time': 1536850200}
816	{'task_type': 'regular', 'locomotive': 22580, 'train_section': 24186, 'section': 22318, 'departure_time': 1536845700, 'arrival_time': 1536850200}
817	{'task_type': 'deadhead', 'locomotive': 22580, 'first_train_section': 25423, 'first_section': 22502, 'first_departure_time': 1536865500, 'first_arrival_time': 1536875940, 'second_train_section': 24647, 'second_section': 22335, 'second_departure_time': 1536898320, 'second_arrival_time': 1536902100}
818	{'task_type': 'regular', 'locomotive': 22580, 'train_section': 24647, 'section': 22335, 'departure_time': 1536898320, 'arrival_time': 1536902100}
819	{'task_type': 'deadhead', 'locomotive': 22580, 'first_train_section': 24647, 'first_section': 22335, 'first_departure_time': 1536898320, 'first_arrival_time': 1536902100, 'second_train_section': 23279, 'second_section': 22494, 'second_departure_time': 1536903900, 'second_arrival_time': 1536906120}
820	{'task_type': 'regular', 'locomotive': 22580, 'train_section': 23279, 'section': 22494, 'departure_time': 1536903900, 'arrival_time': 1536906120}
821	{'task_type': 'regular', 'locomotive': 22580, 'train_section': 23696, 'section': 22387, 'departure_time': 1536907920, 'arrival_time': 1536909720}
822	{'task_type': 'deadhead', 'locomotive': 22580, 'first_train_section': 23696, 'first_section': 22387, 'first_departure_time': 1536907920, 'first_arrival_time': 1536909720, 'second_train_section': 23662, 'second_section': 22338, 'second_departure_time': 1536935040, 'second_arrival_time': 1536947160}
823	{'task_type': 'regular', 'locomotive': 22580, 'train_section': 23662, 'section': 22338, 'departure_time': 1536935040, 'arrival_time': 1536947160}
824	{'task_type': 'deadhead', 'locomotive': 22580, 'first_train_section': 23662, 'first_section': 22338, 'first_departure_time': 1536935040, 'first_arrival_time': 1536947160, 'second_train_section': 24399, 'second_section': 22385, 'second_departure_time': 1536950820, 'second_arrival_time': 1536951600}
825	{'task_type': 'regular', 'locomotive': 22580, 'train_section': 24399, 'section': 22385, 'departure_time': 1536950820, 'arrival_time': 1536951600}
826	{'task_type': 'deadhead', 'locomotive': 22580, 'first_train_section': 24399, 'first_section': 22385, 'first_departure_time': 1536950820, 'first_arrival_time': 1536951600, 'second_train_section': 22680, 'second_section': 22495, 'second_departure_time': 1536957240, 'second_arrival_time': 1536959940}
827	{'task_type': 'regular', 'locomotive': 22580, 'train_section': 22680, 'section': 22495, 'departure_time': 1536957240, 'arrival_time': 1536959940}
828	{'task_type': 'deadhead', 'locomotive': 22580, 'first_train_section': 22680, 'first_section': 22495, 'first_departure_time': 1536957240, 'first_arrival_time': 1536959940, 'second_train_section': 25264, 'second_section': 22356, 'second_departure_time': 1536973320, 'second_arrival_time': 1536981060}
829	{'task_type': 'regular', 'locomotive': 22580, 'train_section': 25264, 'section': 22356, 'departure_time': 1536973320, 'arrival_time': 1536981060}
830	{'task_type': 'deadhead', 'locomotive': 22580, 'first_train_section': 25264, 'first_section': 22356, 'first_departure_time': 1536973320, 'first_arrival_time': 1536981060, 'second_train_section': 24727, 'second_section': 22304, 'second_departure_time': 1537009320, 'second_arrival_time': 1537014480}
831	{'task_type': 'regular', 'locomotive': 22580, 'train_section': 24727, 'section': 22304, 'departure_time': 1537009320, 'arrival_time': 1537014480}
832	{'task_type': 'regular', 'locomotive': 22582, 'train_section': 23448, 'section': 22289, 'departure_time': 1536607500, 'arrival_time': 1536615120}
833	{'task_type': 'deadhead', 'locomotive': 22582, 'first_train_section': 23448, 'first_section': 22289, 'first_departure_time': 1536607500, 'first_arrival_time': 1536615120, 'second_train_section': 22814, 'second_section': 22337, 'second_departure_time': 1536640320, 'second_arrival_time': 1536647160}
834	{'task_type': 'regular', 'locomotive': 22582, 'train_section': 22814, 'section': 22337, 'departure_time': 1536640320, 'arrival_time': 1536647160}
835	{'task_type': 'deadhead', 'locomotive': 22582, 'first_train_section': 22814, 'first_section': 22337, 'first_departure_time': 1536640320, 'first_arrival_time': 1536647160, 'second_train_section': 24442, 'second_section': 22279, 'second_departure_time': 1536673800, 'second_arrival_time': 1536678720}
836	{'task_type': 'regular', 'locomotive': 22582, 'train_section': 24442, 'section': 22279, 'departure_time': 1536673800, 'arrival_time': 1536678720}
837	{'task_type': 'deadhead', 'locomotive': 22582, 'first_train_section': 24442, 'first_section': 22279, 'first_departure_time': 1536673800, 'first_arrival_time': 1536678720, 'second_train_section': 23208, 'second_section': 22487, 'second_departure_time': 1536690420, 'second_arrival_time': 1536692820}
838	{'task_type': 'regular', 'locomotive': 22582, 'train_section': 23208, 'section': 22487, 'departure_time': 1536690420, 'arrival_time': 1536692820}
839	{'task_type': 'deadhead', 'locomotive': 22582, 'first_train_section': 23208, 'first_section': 22487, 'first_departure_time': 1536690420, 'first_arrival_time': 1536692820, 'second_train_section': 24973, 'second_section': 22400, 'second_departure_time': 1536727380, 'second_arrival_time': 1536731280}
840	{'task_type': 'regular', 'locomotive': 22582, 'train_section': 24973, 'section': 22400, 'departure_time': 1536727380, 'arrival_time': 1536731280}
841	{'task_type': 'deadhead', 'locomotive': 22582, 'first_train_section': 24973, 'first_section': 22400, 'first_departure_time': 1536727380, 'first_arrival_time': 1536731280, 'second_train_section': 24104, 'second_section': 22308, 'second_departure_time': 1536762000, 'second_arrival_time': 1536764820}
842	{'task_type': 'regular', 'locomotive': 22582, 'train_section': 24104, 'section': 22308, 'departure_time': 1536762000, 'arrival_time': 1536764820}
843	{'task_type': 'regular', 'locomotive': 22582, 'train_section': 25498, 'section': 22378, 'departure_time': 1536813300, 'arrival_time': 1536816960}
844	{'task_type': 'deadhead', 'locomotive': 22582, 'first_train_section': 25498, 'first_section': 22378, 'first_departure_time': 1536813300, 'first_arrival_time': 1536816960, 'second_train_section': 23746, 'second_section': 22441, 'second_departure_time': 1536832440, 'second_arrival_time': 1536836400}
845	{'task_type': 'regular', 'locomotive': 22582, 'train_section': 23746, 'section': 22441, 'departure_time': 1536832440, 'arrival_time': 1536836400}
846	{'task_type': 'deadhead', 'locomotive': 22582, 'first_train_section': 23746, 'first_section': 22441, 'first_departure_time': 1536832440, 'first_arrival_time': 1536836400, 'second_train_section': 23924, 'second_section': 22249, 'second_departure_time': 1536850080, 'second_arrival_time': 1536856080}
847	{'task_type': 'regular', 'locomotive': 22582, 'train_section': 23924, 'section': 22249, 'departure_time': 1536850080, 'arrival_time': 1536856080}
848	{'task_type': 'deadhead', 'locomotive': 22582, 'first_train_section': 23924, 'first_section': 22249, 'first_departure_time': 1536850080, 'first_arrival_time': 1536856080, 'second_train_section': 25194, 'second_section': 22495, 'second_departure_time': 1536866100, 'second_arrival_time': 1536869100}
849	{'task_type': 'regular', 'locomotive': 22582, 'train_section': 25194, 'section': 22495, 'departure_time': 1536866100, 'arrival_time': 1536869100}
850	{'task_type': 'regular', 'locomotive': 22582, 'train_section': 25196, 'section': 22305, 'departure_time': 1536869700, 'arrival_time': 1536874740}
851	{'task_type': 'deadhead', 'locomotive': 22582, 'first_train_section': 25196, 'first_section': 22305, 'first_departure_time': 1536869700, 'first_arrival_time': 1536874740, 'second_train_section': 24800, 'second_section': 22308, 'second_departure_time': 1536885960, 'second_arrival_time': 1536888720}
852	{'task_type': 'regular', 'locomotive': 22582, 'train_section': 24800, 'section': 22308, 'departure_time': 1536885960, 'arrival_time': 1536888720}
853	{'task_type': 'regular', 'locomotive': 22582, 'train_section': 24802, 'section': 22496, 'departure_time': 1536890700, 'arrival_time': 1536895500}
854	{'task_type': 'deadhead', 'locomotive': 22582, 'first_train_section': 24802, 'first_section': 22496, 'first_departure_time': 1536890700, 'first_arrival_time': 1536895500, 'second_train_section': 25297, 'second_section': 22378, 'second_departure_time': 1536901500, 'second_arrival_time': 1536905160}
855	{'task_type': 'regular', 'locomotive': 22582, 'train_section': 25297, 'section': 22378, 'departure_time': 1536901500, 'arrival_time': 1536905160}
856	{'task_type': 'deadhead', 'locomotive': 22582, 'first_train_section': 25297, 'first_section': 22378, 'first_departure_time': 1536901500, 'first_arrival_time': 1536905160, 'second_train_section': 23313, 'second_section': 22309, 'second_departure_time': 1536914760, 'second_arrival_time': 1536919320}
857	{'task_type': 'regular', 'locomotive': 22582, 'train_section': 23313, 'section': 22309, 'departure_time': 1536914760, 'arrival_time': 1536919320}
858	{'task_type': 'deadhead', 'locomotive': 22582, 'first_train_section': 23313, 'first_section': 22309, 'first_departure_time': 1536914760, 'first_arrival_time': 1536919320, 'second_train_section': 24292, 'second_section': 22482, 'second_departure_time': 1536935100, 'second_arrival_time': 1536937020}
859	{'task_type': 'regular', 'locomotive': 22582, 'train_section': 24292, 'section': 22482, 'departure_time': 1536935100, 'arrival_time': 1536937020}
860	{'task_type': 'regular', 'locomotive': 22582, 'train_section': 24294, 'section': 22367, 'departure_time': 1536940380, 'arrival_time': 1536941640}
861	{'task_type': 'deadhead', 'locomotive': 22582, 'first_train_section': 24294, 'first_section': 22367, 'first_departure_time': 1536940380, 'first_arrival_time': 1536941640, 'second_train_section': 24784, 'second_section': 22495, 'second_departure_time': 1536951840, 'second_arrival_time': 1536954660}
862	{'task_type': 'regular', 'locomotive': 22582, 'train_section': 24784, 'section': 22495, 'departure_time': 1536951840, 'arrival_time': 1536954660}
863	{'task_type': 'deadhead', 'locomotive': 22582, 'first_train_section': 24784, 'first_section': 22495, 'first_departure_time': 1536951840, 'first_arrival_time': 1536954660, 'second_train_section': 23751, 'second_section': 22443, 'second_departure_time': 1536965700, 'second_arrival_time': 1536967380}
864	{'task_type': 'regular', 'locomotive': 22582, 'train_section': 23751, 'section': 22443, 'departure_time': 1536965700, 'arrival_time': 1536967380}
865	{'task_type': 'regular', 'locomotive': 22582, 'train_section': 23753, 'section': 22495, 'departure_time': 1536968040, 'arrival_time': 1536970920}
866	{'task_type': 'regular', 'locomotive': 22582, 'train_section': 23596, 'section': 22308, 'departure_time': 1536973200, 'arrival_time': 1536975960}
867	{'task_type': 'deadhead', 'locomotive': 22582, 'first_train_section': 23596, 'first_section': 22308, 'first_departure_time': 1536973200, 'first_arrival_time': 1536975960, 'second_train_section': 22773, 'second_section': 22378, 'second_departure_time': 1536989700, 'second_arrival_time': 1536993360}
868	{'task_type': 'regular', 'locomotive': 22582, 'train_section': 22773, 'section': 22378, 'departure_time': 1536989700, 'arrival_time': 1536993360}
869	{'task_type': 'deadhead', 'locomotive': 22582, 'first_train_section': 22773, 'first_section': 22378, 'first_departure_time': 1536989700, 'first_arrival_time': 1536993360, 'second_train_section': 23379, 'second_section': 22431, 'second_departure_time': 1537013160, 'second_arrival_time': 1537018200}
870	{'task_type': 'regular', 'locomotive': 22582, 'train_section': 23379, 'section': 22431, 'departure_time': 1537013160, 'arrival_time': 1537018200}
871	{'task_type': 'deadhead', 'locomotive': 22582, 'first_train_section': 23379, 'first_section': 22431, 'first_departure_time': 1537013160, 'first_arrival_time': 1537018200, 'second_train_section': 23347, 'second_section': 22416, 'second_departure_time': 1537026840, 'second_arrival_time': 1537030500}
872	{'task_type': 'regular', 'locomotive': 22582, 'train_section': 23347, 'section': 22416, 'departure_time': 1537026840, 'arrival_time': 1537030500}
873	{'task_type': 'deadhead', 'locomotive': 22582, 'first_train_section': 23347, 'first_section': 22416, 'first_departure_time': 1537026840, 'first_arrival_time': 1537030500, 'second_train_section': 23644, 'second_section': 22309, 'second_departure_time': 1537042140, 'second_arrival_time': 1537046880}
874	{'task_type': 'regular', 'locomotive': 22582, 'train_section': 23644, 'section': 22309, 'departure_time': 1537042140, 'arrival_time': 1537046880}
875	{'task_type': 'regular', 'locomotive': 22582, 'train_section': 24561, 'section': 22499, 'departure_time': 1537098300, 'arrival_time': 1537103460}
876	{'task_type': 'deadhead', 'locomotive': 22582, 'first_train_section': 24561, 'first_section': 22499, 'first_departure_time': 1537098300, 'first_arrival_time': 1537103460, 'second_train_section': 23529, 'second_section': 22500, 'second_departure_time': 1537115940, 'second_arrival_time': 1537117680}
877	{'task_type': 'regular', 'locomotive': 22582, 'train_section': 23529, 'section': 22500, 'departure_time': 1537115940, 'arrival_time': 1537117680}
878	{'task_type': 'regular', 'locomotive': 22583, 'train_section': 24419, 'section': 22378, 'departure_time': 1536600900, 'arrival_time': 1536604560}
879	{'task_type': 'deadhead', 'locomotive': 22583, 'first_train_section': 25287, 'first_section': 22250, 'first_departure_time': 1536683760, 'first_arrival_time': 1536703140, 'second_train_section': 25153, 'second_section': 22310, 'second_departure_time': 1536733560, 'second_arrival_time': 1536735300}
880	{'task_type': 'regular', 'locomotive': 22583, 'train_section': 25153, 'section': 22310, 'departure_time': 1536733560, 'arrival_time': 1536735300}
881	{'task_type': 'deadhead', 'locomotive': 22583, 'first_train_section': 25153, 'first_section': 22310, 'first_departure_time': 1536733560, 'first_arrival_time': 1536735300, 'second_train_section': 24708, 'second_section': 22438, 'second_departure_time': 1536760320, 'second_arrival_time': 1536771060}
882	{'task_type': 'regular', 'locomotive': 22583, 'train_section': 24708, 'section': 22438, 'departure_time': 1536760320, 'arrival_time': 1536771060}
883	{'task_type': 'deadhead', 'locomotive': 22583, 'first_train_section': 24708, 'first_section': 22438, 'first_departure_time': 1536760320, 'first_arrival_time': 1536771060, 'second_train_section': 24317, 'second_section': 22343, 'second_departure_time': 1536783600, 'second_arrival_time': 1536794340}
884	{'task_type': 'regular', 'locomotive': 22583, 'train_section': 24317, 'section': 22343, 'departure_time': 1536783600, 'arrival_time': 1536794340}
885	{'task_type': 'deadhead', 'locomotive': 22583, 'first_train_section': 24317, 'first_section': 22343, 'first_departure_time': 1536783600, 'first_arrival_time': 1536794340, 'second_train_section': 24351, 'second_section': 22251, 'second_departure_time': 1536812940, 'second_arrival_time': 1536816660}
886	{'task_type': 'regular', 'locomotive': 22583, 'train_section': 24351, 'section': 22251, 'departure_time': 1536812940, 'arrival_time': 1536816660}
887	{'task_type': 'deadhead', 'locomotive': 22583, 'first_train_section': 24351, 'first_section': 22251, 'first_departure_time': 1536812940, 'first_arrival_time': 1536816660, 'second_train_section': 24690, 'second_section': 22342, 'second_departure_time': 1536851940, 'second_arrival_time': 1536857220}
888	{'task_type': 'regular', 'locomotive': 22583, 'train_section': 24690, 'section': 22342, 'departure_time': 1536851940, 'arrival_time': 1536857220}
889	{'task_type': 'deadhead', 'locomotive': 22583, 'first_train_section': 23405, 'first_section': 22464, 'first_departure_time': 1536861180, 'first_arrival_time': 1536875940, 'second_train_section': 24166, 'second_section': 22431, 'second_departure_time': 1536890040, 'second_arrival_time': 1536894180}
890	{'task_type': 'regular', 'locomotive': 22583, 'train_section': 24166, 'section': 22431, 'departure_time': 1536890040, 'arrival_time': 1536894180}
891	{'task_type': 'deadhead', 'locomotive': 22583, 'first_train_section': 24166, 'first_section': 22431, 'first_departure_time': 1536890040, 'first_arrival_time': 1536894180, 'second_train_section': 22849, 'second_section': 22308, 'second_departure_time': 1536897300, 'second_arrival_time': 1536900000}
892	{'task_type': 'regular', 'locomotive': 22583, 'train_section': 22849, 'section': 22308, 'departure_time': 1536897300, 'arrival_time': 1536900000}
893	{'task_type': 'deadhead', 'locomotive': 22583, 'first_train_section': 22849, 'first_section': 22308, 'first_departure_time': 1536897300, 'first_arrival_time': 1536900000, 'second_train_section': 23309, 'second_section': 22431, 'second_departure_time': 1536905400, 'second_arrival_time': 1536910020}
894	{'task_type': 'regular', 'locomotive': 22583, 'train_section': 23309, 'section': 22431, 'departure_time': 1536905400, 'arrival_time': 1536910020}
895	{'task_type': 'regular', 'locomotive': 22583, 'train_section': 23414, 'section': 22496, 'departure_time': 1536910860, 'arrival_time': 1536915660}
896	{'task_type': 'deadhead', 'locomotive': 22583, 'first_train_section': 23414, 'first_section': 22496, 'first_departure_time': 1536910860, 'first_arrival_time': 1536915660, 'second_train_section': 24064, 'second_section': 22499, 'second_departure_time': 1536932700, 'second_arrival_time': 1536937860}
897	{'task_type': 'regular', 'locomotive': 22583, 'train_section': 24064, 'section': 22499, 'departure_time': 1536932700, 'arrival_time': 1536937860}
898	{'task_type': 'regular', 'locomotive': 22583, 'train_section': 22642, 'section': 22342, 'departure_time': 1536938340, 'arrival_time': 1536943620}
899	{'task_type': 'deadhead', 'locomotive': 22583, 'first_train_section': 22642, 'first_section': 22342, 'first_departure_time': 1536938340, 'first_arrival_time': 1536943620, 'second_train_section': 22929, 'second_section': 22332, 'second_departure_time': 1536957000, 'second_arrival_time': 1536961140}
900	{'task_type': 'regular', 'locomotive': 22583, 'train_section': 22929, 'section': 22332, 'departure_time': 1536957000, 'arrival_time': 1536961140}
901	{'task_type': 'deadhead', 'locomotive': 22583, 'first_train_section': 24663, 'first_section': 22470, 'first_departure_time': 1536962400, 'first_arrival_time': 1536979200, 'second_train_section': 24918, 'second_section': 22280, 'second_departure_time': 1536983640, 'second_arrival_time': 1536990240}
902	{'task_type': 'regular', 'locomotive': 22583, 'train_section': 24918, 'section': 22280, 'departure_time': 1536983640, 'arrival_time': 1536990240}
903	{'task_type': 'deadhead', 'locomotive': 22583, 'first_train_section': 24918, 'first_section': 22280, 'first_departure_time': 1536983640, 'first_arrival_time': 1536990240, 'second_train_section': 23303, 'second_section': 22320, 'second_departure_time': 1537002300, 'second_arrival_time': 1537008660}
904	{'task_type': 'regular', 'locomotive': 22583, 'train_section': 23303, 'section': 22320, 'departure_time': 1537002300, 'arrival_time': 1537008660}
905	{'task_type': 'regular', 'locomotive': 22583, 'train_section': 24820, 'section': 22329, 'departure_time': 1537009080, 'arrival_time': 1537010520}
906	{'task_type': 'deadhead', 'locomotive': 22583, 'first_train_section': 24820, 'first_section': 22329, 'first_departure_time': 1537009080, 'first_arrival_time': 1537010520, 'second_train_section': 23243, 'second_section': 22431, 'second_departure_time': 1537037100, 'second_arrival_time': 1537042380}
907	{'task_type': 'regular', 'locomotive': 22583, 'train_section': 23243, 'section': 22431, 'departure_time': 1537037100, 'arrival_time': 1537042380}
908	{'task_type': 'regular', 'locomotive': 22583, 'train_section': 23245, 'section': 22495, 'departure_time': 1537042920, 'arrival_time': 1537045620}
909	{'task_type': 'deadhead', 'locomotive': 22583, 'first_train_section': 23245, 'first_section': 22495, 'first_departure_time': 1537042920, 'first_arrival_time': 1537045620, 'second_train_section': 24405, 'second_section': 22378, 'second_departure_time': 1537074300, 'second_arrival_time': 1537077960}
910	{'task_type': 'regular', 'locomotive': 22583, 'train_section': 24405, 'section': 22378, 'departure_time': 1537074300, 'arrival_time': 1537077960}
911	{'task_type': 'deadhead', 'locomotive': 22583, 'first_train_section': 24405, 'first_section': 22378, 'first_departure_time': 1537074300, 'first_arrival_time': 1537077960, 'second_train_section': 23671, 'second_section': 22279, 'second_departure_time': 1537095000, 'second_arrival_time': 1537100580}
912	{'task_type': 'regular', 'locomotive': 22583, 'train_section': 23671, 'section': 22279, 'departure_time': 1537095000, 'arrival_time': 1537100580}
913	{'task_type': 'deadhead', 'locomotive': 22583, 'first_train_section': 23671, 'first_section': 22279, 'first_departure_time': 1537095000, 'first_arrival_time': 1537100580, 'second_train_section': 25226, 'second_section': 22352, 'second_departure_time': 1537131720, 'second_arrival_time': 1537135199}
914	{'task_type': 'regular', 'locomotive': 22583, 'train_section': 25226, 'section': 22352, 'departure_time': 1537131720, 'arrival_time': 1537135199}
915	{'task_type': 'regular', 'locomotive': 22584, 'train_section': 24016, 'section': 22292, 'departure_time': 1536627300, 'arrival_time': 1536629580}
916	{'task_type': 'deadhead', 'locomotive': 22584, 'first_train_section': 24016, 'first_section': 22292, 'first_departure_time': 1536627300, 'first_arrival_time': 1536629580, 'second_train_section': 24366, 'second_section': 22373, 'second_departure_time': 1536638040, 'second_arrival_time': 1536643320}
917	{'task_type': 'regular', 'locomotive': 22584, 'train_section': 24366, 'section': 22373, 'departure_time': 1536638040, 'arrival_time': 1536643320}
918	{'task_type': 'deadhead', 'locomotive': 22584, 'first_train_section': 24366, 'first_section': 22373, 'first_departure_time': 1536638040, 'first_arrival_time': 1536643320, 'second_train_section': 23206, 'second_section': 22296, 'second_departure_time': 1536652800, 'second_arrival_time': 1536653700}
919	{'task_type': 'regular', 'locomotive': 22584, 'train_section': 23206, 'section': 22296, 'departure_time': 1536652800, 'arrival_time': 1536653700}
920	{'task_type': 'deadhead', 'locomotive': 22584, 'first_train_section': 23206, 'first_section': 22296, 'first_departure_time': 1536652800, 'first_arrival_time': 1536653700, 'second_train_section': 25300, 'second_section': 22288, 'second_departure_time': 1536655320, 'second_arrival_time': 1536661680}
921	{'task_type': 'regular', 'locomotive': 22584, 'train_section': 25300, 'section': 22288, 'departure_time': 1536655320, 'arrival_time': 1536661680}
922	{'task_type': 'regular', 'locomotive': 22584, 'train_section': 25302, 'section': 22323, 'departure_time': 1536662280, 'arrival_time': 1536666180}
923	{'task_type': 'regular', 'locomotive': 22584, 'train_section': 25304, 'section': 22337, 'departure_time': 1536667080, 'arrival_time': 1536673800}
924	{'task_type': 'deadhead', 'locomotive': 22584, 'first_train_section': 25304, 'first_section': 22337, 'first_departure_time': 1536667080, 'first_arrival_time': 1536673800, 'second_train_section': 22869, 'second_section': 22236, 'second_departure_time': 1536687300, 'second_arrival_time': 1536690540}
925	{'task_type': 'regular', 'locomotive': 22584, 'train_section': 22869, 'section': 22236, 'departure_time': 1536687300, 'arrival_time': 1536690540}
926	{'task_type': 'deadhead', 'locomotive': 22584, 'first_train_section': 22869, 'first_section': 22236, 'first_departure_time': 1536687300, 'first_arrival_time': 1536690540, 'second_train_section': 24145, 'second_section': 22404, 'second_departure_time': 1536691620, 'second_arrival_time': 1536700560}
927	{'task_type': 'regular', 'locomotive': 22584, 'train_section': 24145, 'section': 22404, 'departure_time': 1536691620, 'arrival_time': 1536700560}
928	{'task_type': 'regular', 'locomotive': 22584, 'train_section': 24147, 'section': 22249, 'departure_time': 1536700980, 'arrival_time': 1536705780}
929	{'task_type': 'deadhead', 'locomotive': 22584, 'first_train_section': 24147, 'first_section': 22249, 'first_departure_time': 1536700980, 'first_arrival_time': 1536705780, 'second_train_section': 23214, 'second_section': 22251, 'second_departure_time': 1536726540, 'second_arrival_time': 1536730260}
930	{'task_type': 'regular', 'locomotive': 22584, 'train_section': 23214, 'section': 22251, 'departure_time': 1536726540, 'arrival_time': 1536730260}
931	{'task_type': 'deadhead', 'locomotive': 22584, 'first_train_section': 23214, 'first_section': 22251, 'first_departure_time': 1536726540, 'first_arrival_time': 1536730260, 'second_train_section': 23470, 'second_section': 22416, 'second_departure_time': 1536747840, 'second_arrival_time': 1536751500}
932	{'task_type': 'regular', 'locomotive': 22584, 'train_section': 23470, 'section': 22416, 'departure_time': 1536747840, 'arrival_time': 1536751500}
933	{'task_type': 'deadhead', 'locomotive': 22584, 'first_train_section': 23470, 'first_section': 22416, 'first_departure_time': 1536747840, 'first_arrival_time': 1536751500, 'second_train_section': 23316, 'second_section': 22338, 'second_departure_time': 1536762240, 'second_arrival_time': 1536774360}
934	{'task_type': 'regular', 'locomotive': 22584, 'train_section': 23316, 'section': 22338, 'departure_time': 1536762240, 'arrival_time': 1536774360}
935	{'task_type': 'deadhead', 'locomotive': 22584, 'first_train_section': 23316, 'first_section': 22338, 'first_departure_time': 1536762240, 'first_arrival_time': 1536774360, 'second_train_section': 24341, 'second_section': 22431, 'second_departure_time': 1536775380, 'second_arrival_time': 1536779340}
936	{'task_type': 'regular', 'locomotive': 22584, 'train_section': 24341, 'section': 22431, 'departure_time': 1536775380, 'arrival_time': 1536779340}
937	{'task_type': 'deadhead', 'locomotive': 22584, 'first_train_section': 25220, 'first_section': 22473, 'first_departure_time': 1536789660, 'first_arrival_time': 1536808800, 'second_train_section': 24519, 'second_section': 22416, 'second_departure_time': 1536812640, 'second_arrival_time': 1536816300}
938	{'task_type': 'regular', 'locomotive': 22584, 'train_section': 24519, 'section': 22416, 'departure_time': 1536812640, 'arrival_time': 1536816300}
939	{'task_type': 'deadhead', 'locomotive': 22584, 'first_train_section': 23144, 'first_section': 22328, 'first_departure_time': 1536833940, 'first_arrival_time': 1536848100, 'second_train_section': 24638, 'second_section': 22277, 'second_departure_time': 1536860100, 'second_arrival_time': 1536863580}
940	{'task_type': 'regular', 'locomotive': 22584, 'train_section': 24638, 'section': 22277, 'departure_time': 1536860100, 'arrival_time': 1536863580}
941	{'task_type': 'deadhead', 'locomotive': 22584, 'first_train_section': 24638, 'first_section': 22277, 'first_departure_time': 1536860100, 'first_arrival_time': 1536863580, 'second_train_section': 23743, 'second_section': 22277, 'second_departure_time': 1536867300, 'second_arrival_time': 1536870780}
942	{'task_type': 'regular', 'locomotive': 22584, 'train_section': 23743, 'section': 22277, 'departure_time': 1536867300, 'arrival_time': 1536870780}
943	{'task_type': 'deadhead', 'locomotive': 22584, 'first_train_section': 22854, 'first_section': 22237, 'first_departure_time': 1536876000, 'first_arrival_time': 1536899100, 'second_train_section': 24660, 'second_section': 22286, 'second_departure_time': 1536904920, 'second_arrival_time': 1536908880}
944	{'task_type': 'regular', 'locomotive': 22584, 'train_section': 24660, 'section': 22286, 'departure_time': 1536904920, 'arrival_time': 1536908880}
945	{'task_type': 'deadhead', 'locomotive': 22584, 'first_train_section': 24660, 'first_section': 22286, 'first_departure_time': 1536904920, 'first_arrival_time': 1536908880, 'second_train_section': 25458, 'second_section': 22278, 'second_departure_time': 1536929880, 'second_arrival_time': 1536936480}
946	{'task_type': 'regular', 'locomotive': 22584, 'train_section': 25458, 'section': 22278, 'departure_time': 1536929880, 'arrival_time': 1536936480}
947	{'task_type': 'deadhead', 'locomotive': 22584, 'first_train_section': 25458, 'first_section': 22278, 'first_departure_time': 1536929880, 'first_arrival_time': 1536936480, 'second_train_section': 25255, 'second_section': 22472, 'second_departure_time': 1536945180, 'second_arrival_time': 1536950340}
948	{'task_type': 'regular', 'locomotive': 22584, 'train_section': 25255, 'section': 22472, 'departure_time': 1536945180, 'arrival_time': 1536950340}
949	{'task_type': 'deadhead', 'locomotive': 22584, 'first_train_section': 25255, 'first_section': 22472, 'first_departure_time': 1536945180, 'first_arrival_time': 1536950340, 'second_train_section': 22956, 'second_section': 22451, 'second_departure_time': 1536965820, 'second_arrival_time': 1536972720}
950	{'task_type': 'regular', 'locomotive': 22584, 'train_section': 22956, 'section': 22451, 'departure_time': 1536965820, 'arrival_time': 1536972720}
951	{'task_type': 'regular', 'locomotive': 22584, 'train_section': 22959, 'section': 22345, 'departure_time': 1536973560, 'arrival_time': 1536976500}
952	{'task_type': 'deadhead', 'locomotive': 22584, 'first_train_section': 22959, 'first_section': 22345, 'first_departure_time': 1536973560, 'first_arrival_time': 1536976500, 'second_train_section': 24626, 'second_section': 22279, 'second_departure_time': 1536989760, 'second_arrival_time': 1536995220}
953	{'task_type': 'regular', 'locomotive': 22584, 'train_section': 24626, 'section': 22279, 'departure_time': 1536989760, 'arrival_time': 1536995220}
954	{'task_type': 'deadhead', 'locomotive': 22584, 'first_train_section': 23240, 'first_section': 22359, 'first_departure_time': 1537048860, 'first_arrival_time': 1537068600, 'second_train_section': 23617, 'second_section': 22398, 'second_departure_time': 1537132800, 'second_arrival_time': 1537135199}
955	{'task_type': 'regular', 'locomotive': 22584, 'train_section': 23617, 'section': 22398, 'departure_time': 1537132800, 'arrival_time': 1537135199}
956	{'task_type': 'regular', 'locomotive': 22586, 'train_section': 22605, 'section': 22242, 'departure_time': 1536600240, 'arrival_time': 1536603420}
957	{'task_type': 'deadhead', 'locomotive': 22586, 'first_train_section': 22605, 'first_section': 22242, 'first_departure_time': 1536600240, 'first_arrival_time': 1536603420, 'second_train_section': 25333, 'second_section': 22404, 'second_departure_time': 1536627660, 'second_arrival_time': 1536636660}
958	{'task_type': 'regular', 'locomotive': 22586, 'train_section': 25333, 'section': 22404, 'departure_time': 1536627660, 'arrival_time': 1536636660}
959	{'task_type': 'regular', 'locomotive': 22586, 'train_section': 25335, 'section': 22248, 'departure_time': 1536637800, 'arrival_time': 1536640560}
960	{'task_type': 'deadhead', 'locomotive': 22586, 'first_train_section': 25335, 'first_section': 22248, 'first_departure_time': 1536637800, 'first_arrival_time': 1536640560, 'second_train_section': 22715, 'second_section': 22499, 'second_departure_time': 1536644700, 'second_arrival_time': 1536649860}
961	{'task_type': 'regular', 'locomotive': 22586, 'train_section': 22715, 'section': 22499, 'departure_time': 1536644700, 'arrival_time': 1536649860}
962	{'task_type': 'deadhead', 'locomotive': 22586, 'first_train_section': 22715, 'first_section': 22499, 'first_departure_time': 1536644700, 'first_arrival_time': 1536649860, 'second_train_section': 22770, 'second_section': 22400, 'second_departure_time': 1536670200, 'second_arrival_time': 1536673620}
963	{'task_type': 'regular', 'locomotive': 22586, 'train_section': 22770, 'section': 22400, 'departure_time': 1536670200, 'arrival_time': 1536673620}
964	{'task_type': 'deadhead', 'locomotive': 22586, 'first_train_section': 22770, 'first_section': 22400, 'first_departure_time': 1536670200, 'first_arrival_time': 1536673620, 'second_train_section': 23999, 'second_section': 22483, 'second_departure_time': 1536686040, 'second_arrival_time': 1536689160}
965	{'task_type': 'regular', 'locomotive': 22586, 'train_section': 23999, 'section': 22483, 'departure_time': 1536686040, 'arrival_time': 1536689160}
966	{'task_type': 'deadhead', 'locomotive': 22586, 'first_train_section': 23123, 'first_section': 22473, 'first_departure_time': 1536703260, 'first_arrival_time': 1536722400, 'second_train_section': 22732, 'second_section': 22445, 'second_departure_time': 1536754320, 'second_arrival_time': 1536760440}
967	{'task_type': 'regular', 'locomotive': 22586, 'train_section': 22732, 'section': 22445, 'departure_time': 1536754320, 'arrival_time': 1536760440}
968	{'task_type': 'deadhead', 'locomotive': 22586, 'first_train_section': 22732, 'first_section': 22445, 'first_departure_time': 1536754320, 'first_arrival_time': 1536760440, 'second_train_section': 23626, 'second_section': 22454, 'second_departure_time': 1536765900, 'second_arrival_time': 1536771720}
969	{'task_type': 'regular', 'locomotive': 22586, 'train_section': 23626, 'section': 22454, 'departure_time': 1536765900, 'arrival_time': 1536771720}
970	{'task_type': 'deadhead', 'locomotive': 22586, 'first_train_section': 23626, 'first_section': 22454, 'first_departure_time': 1536765900, 'first_arrival_time': 1536771720, 'second_train_section': 23396, 'second_section': 22479, 'second_departure_time': 1536781860, 'second_arrival_time': 1536783720}
971	{'task_type': 'regular', 'locomotive': 22586, 'train_section': 23396, 'section': 22479, 'departure_time': 1536781860, 'arrival_time': 1536783720}
972	{'task_type': 'regular', 'locomotive': 22586, 'train_section': 25042, 'section': 22259, 'departure_time': 1536786900, 'arrival_time': 1536787320}
973	{'task_type': 'deadhead', 'locomotive': 22586, 'first_train_section': 25042, 'first_section': 22259, 'first_departure_time': 1536786900, 'first_arrival_time': 1536787320, 'second_train_section': 25205, 'second_section': 22438, 'second_departure_time': 1536810120, 'second_arrival_time': 1536821460}
974	{'task_type': 'regular', 'locomotive': 22586, 'train_section': 25205, 'section': 22438, 'departure_time': 1536810120, 'arrival_time': 1536821460}
975	{'task_type': 'deadhead', 'locomotive': 22586, 'first_train_section': 25205, 'first_section': 22438, 'first_departure_time': 1536810120, 'first_arrival_time': 1536821460, 'second_train_section': 24271, 'second_section': 22367, 'second_departure_time': 1536853980, 'second_arrival_time': 1536855240}
976	{'task_type': 'regular', 'locomotive': 22586, 'train_section': 24271, 'section': 22367, 'departure_time': 1536853980, 'arrival_time': 1536855240}
977	{'task_type': 'regular', 'locomotive': 22586, 'train_section': 24243, 'section': 22245, 'departure_time': 1536856740, 'arrival_time': 1536861780}
978	{'task_type': 'deadhead', 'locomotive': 22586, 'first_train_section': 24243, 'first_section': 22245, 'first_departure_time': 1536856740, 'first_arrival_time': 1536861780, 'second_train_section': 24957, 'second_section': 22504, 'second_departure_time': 1536868020, 'second_arrival_time': 1536873060}
979	{'task_type': 'regular', 'locomotive': 22586, 'train_section': 24957, 'section': 22504, 'departure_time': 1536868020, 'arrival_time': 1536873060}
980	{'task_type': 'regular', 'locomotive': 22586, 'train_section': 23806, 'section': 22245, 'departure_time': 1536883560, 'arrival_time': 1536888240}
981	{'task_type': 'deadhead', 'locomotive': 22586, 'first_train_section': 23806, 'first_section': 22245, 'first_departure_time': 1536883560, 'first_arrival_time': 1536888240, 'second_train_section': 25348, 'second_section': 22495, 'second_departure_time': 1536896460, 'second_arrival_time': 1536899460}
982	{'task_type': 'regular', 'locomotive': 22586, 'train_section': 25348, 'section': 22495, 'departure_time': 1536896460, 'arrival_time': 1536899460}
983	{'task_type': 'deadhead', 'locomotive': 22586, 'first_train_section': 25348, 'first_section': 22495, 'first_departure_time': 1536896460, 'first_arrival_time': 1536899460, 'second_train_section': 25354, 'second_section': 22506, 'second_departure_time': 1536906840, 'second_arrival_time': 1536907620}
984	{'task_type': 'regular', 'locomotive': 22586, 'train_section': 25354, 'section': 22506, 'departure_time': 1536906840, 'arrival_time': 1536907620}
985	{'task_type': 'deadhead', 'locomotive': 22586, 'first_train_section': 25354, 'first_section': 22506, 'first_departure_time': 1536906840, 'first_arrival_time': 1536907620, 'second_train_section': 24570, 'second_section': 22308, 'second_departure_time': 1536915840, 'second_arrival_time': 1536918480}
986	{'task_type': 'regular', 'locomotive': 22586, 'train_section': 24570, 'section': 22308, 'departure_time': 1536915840, 'arrival_time': 1536918480}
987	{'task_type': 'deadhead', 'locomotive': 22586, 'first_train_section': 24570, 'first_section': 22308, 'first_departure_time': 1536915840, 'first_arrival_time': 1536918480, 'second_train_section': 24238, 'second_section': 22261, 'second_departure_time': 1536925080, 'second_arrival_time': 1536926820}
988	{'task_type': 'regular', 'locomotive': 22586, 'train_section': 24238, 'section': 22261, 'departure_time': 1536925080, 'arrival_time': 1536926820}
989	{'task_type': 'deadhead', 'locomotive': 22586, 'first_train_section': 24238, 'first_section': 22261, 'first_departure_time': 1536925080, 'first_arrival_time': 1536926820, 'second_train_section': 24741, 'second_section': 22436, 'second_departure_time': 1536933840, 'second_arrival_time': 1536935820}
990	{'task_type': 'regular', 'locomotive': 22586, 'train_section': 24741, 'section': 22436, 'departure_time': 1536933840, 'arrival_time': 1536935820}
991	{'task_type': 'deadhead', 'locomotive': 22586, 'first_train_section': 24741, 'first_section': 22436, 'first_departure_time': 1536933840, 'first_arrival_time': 1536935820, 'second_train_section': 25014, 'second_section': 22413, 'second_departure_time': 1536939120, 'second_arrival_time': 1536942960}
992	{'task_type': 'regular', 'locomotive': 22586, 'train_section': 25014, 'section': 22413, 'departure_time': 1536939120, 'arrival_time': 1536942960}
993	{'task_type': 'deadhead', 'locomotive': 22586, 'first_train_section': 25014, 'first_section': 22413, 'first_departure_time': 1536939120, 'first_arrival_time': 1536942960, 'second_train_section': 22676, 'second_section': 22427, 'second_departure_time': 1536950700, 'second_arrival_time': 1536953940}
994	{'task_type': 'regular', 'locomotive': 22586, 'train_section': 22676, 'section': 22427, 'departure_time': 1536950700, 'arrival_time': 1536953940}
995	{'task_type': 'deadhead', 'locomotive': 22586, 'first_train_section': 22676, 'first_section': 22427, 'first_departure_time': 1536950700, 'first_arrival_time': 1536953940, 'second_train_section': 22947, 'second_section': 22284, 'second_departure_time': 1536970980, 'second_arrival_time': 1536975900}
996	{'task_type': 'regular', 'locomotive': 22586, 'train_section': 22947, 'section': 22284, 'departure_time': 1536970980, 'arrival_time': 1536975900}
997	{'task_type': 'deadhead', 'locomotive': 22586, 'first_train_section': 22947, 'first_section': 22284, 'first_departure_time': 1536970980, 'first_arrival_time': 1536975900, 'second_train_section': 23055, 'second_section': 22329, 'second_departure_time': 1536994680, 'second_arrival_time': 1536996120}
998	{'task_type': 'regular', 'locomotive': 22586, 'train_section': 23055, 'section': 22329, 'departure_time': 1536994680, 'arrival_time': 1536996120}
999	{'task_type': 'deadhead', 'locomotive': 22586, 'first_train_section': 23055, 'first_section': 22329, 'first_departure_time': 1536994680, 'first_arrival_time': 1536996120, 'second_train_section': 23297, 'second_section': 22351, 'second_departure_time': 1537008480, 'second_arrival_time': 1537013640}
1000	{'task_type': 'regular', 'locomotive': 22586, 'train_section': 23297, 'section': 22351, 'departure_time': 1537008480, 'arrival_time': 1537013640}
1001	{'task_type': 'deadhead', 'locomotive': 22586, 'first_train_section': 23297, 'first_section': 22351, 'first_departure_time': 1537008480, 'first_arrival_time': 1537013640, 'second_train_section': 24705, 'second_section': 22342, 'second_departure_time': 1537024740, 'second_arrival_time': 1537030020}
1002	{'task_type': 'regular', 'locomotive': 22586, 'train_section': 24705, 'section': 22342, 'departure_time': 1537024740, 'arrival_time': 1537030020}
1003	{'task_type': 'regular', 'locomotive': 22587, 'train_section': 24711, 'section': 22378, 'departure_time': 1536599100, 'arrival_time': 1536602760}
1004	{'task_type': 'regular', 'locomotive': 22587, 'train_section': 22645, 'section': 22416, 'departure_time': 1536605640, 'arrival_time': 1536609300}
1005	{'task_type': 'regular', 'locomotive': 22587, 'train_section': 23288, 'section': 22378, 'departure_time': 1536683700, 'arrival_time': 1536687360}
1006	{'task_type': 'deadhead', 'locomotive': 22587, 'first_train_section': 23288, 'first_section': 22378, 'first_departure_time': 1536683700, 'first_arrival_time': 1536687360, 'second_train_section': 25092, 'second_section': 22431, 'second_departure_time': 1536692640, 'second_arrival_time': 1536696480}
1007	{'task_type': 'regular', 'locomotive': 22587, 'train_section': 25092, 'section': 22431, 'departure_time': 1536692640, 'arrival_time': 1536696480}
1008	{'task_type': 'regular', 'locomotive': 22587, 'train_section': 23724, 'section': 22495, 'departure_time': 1536708840, 'arrival_time': 1536711720}
1009	{'task_type': 'deadhead', 'locomotive': 22587, 'first_train_section': 23724, 'first_section': 22495, 'first_departure_time': 1536708840, 'first_arrival_time': 1536711720, 'second_train_section': 24548, 'second_section': 22239, 'second_departure_time': 1536723420, 'second_arrival_time': 1536723660}
1010	{'task_type': 'regular', 'locomotive': 22587, 'train_section': 24548, 'section': 22239, 'departure_time': 1536723420, 'arrival_time': 1536723660}
1011	{'task_type': 'deadhead', 'locomotive': 22587, 'first_train_section': 24548, 'first_section': 22239, 'first_departure_time': 1536723420, 'first_arrival_time': 1536723660, 'second_train_section': 23963, 'second_section': 22472, 'second_departure_time': 1536736380, 'second_arrival_time': 1536741540}
1012	{'task_type': 'regular', 'locomotive': 22587, 'train_section': 23963, 'section': 22472, 'departure_time': 1536736380, 'arrival_time': 1536741540}
1013	{'task_type': 'regular', 'locomotive': 22587, 'train_section': 23637, 'section': 22344, 'departure_time': 1536745320, 'arrival_time': 1536746640}
1014	{'task_type': 'deadhead', 'locomotive': 22587, 'first_train_section': 23637, 'first_section': 22344, 'first_departure_time': 1536745320, 'first_arrival_time': 1536746640, 'second_train_section': 23126, 'second_section': 22389, 'second_departure_time': 1536759000, 'second_arrival_time': 1536765720}
1015	{'task_type': 'regular', 'locomotive': 22587, 'train_section': 23126, 'section': 22389, 'departure_time': 1536759000, 'arrival_time': 1536765720}
1016	{'task_type': 'deadhead', 'locomotive': 22587, 'first_train_section': 23126, 'first_section': 22389, 'first_departure_time': 1536759000, 'first_arrival_time': 1536765720, 'second_train_section': 25072, 'second_section': 22284, 'second_departure_time': 1536771120, 'second_arrival_time': 1536774780}
1017	{'task_type': 'regular', 'locomotive': 22587, 'train_section': 25072, 'section': 22284, 'departure_time': 1536771120, 'arrival_time': 1536774780}
1018	{'task_type': 'deadhead', 'locomotive': 22587, 'first_train_section': 23192, 'first_section': 22377, 'first_departure_time': 1536782100, 'first_arrival_time': 1536789540, 'second_train_section': 24744, 'second_section': 22419, 'second_departure_time': 1536799620, 'second_arrival_time': 1536805980}
1019	{'task_type': 'regular', 'locomotive': 22587, 'train_section': 24744, 'section': 22419, 'departure_time': 1536799620, 'arrival_time': 1536805980}
1020	{'task_type': 'deadhead', 'locomotive': 22587, 'first_train_section': 24744, 'first_section': 22419, 'first_departure_time': 1536799620, 'first_arrival_time': 1536805980, 'second_train_section': 24180, 'second_section': 22499, 'second_departure_time': 1536824700, 'second_arrival_time': 1536829860}
1021	{'task_type': 'regular', 'locomotive': 22587, 'train_section': 24180, 'section': 22499, 'departure_time': 1536824700, 'arrival_time': 1536829860}
1022	{'task_type': 'deadhead', 'locomotive': 22587, 'first_train_section': 24180, 'first_section': 22499, 'first_departure_time': 1536824700, 'first_arrival_time': 1536829860, 'second_train_section': 25461, 'second_section': 22275, 'second_departure_time': 1536843900, 'second_arrival_time': 1536850980}
1023	{'task_type': 'regular', 'locomotive': 22587, 'train_section': 25461, 'section': 22275, 'departure_time': 1536843900, 'arrival_time': 1536850980}
1024	{'task_type': 'deadhead', 'locomotive': 22587, 'first_train_section': 23203, 'first_section': 22237, 'first_departure_time': 1536863580, 'first_arrival_time': 1536875940, 'second_train_section': 22636, 'second_section': 22292, 'second_departure_time': 1536886500, 'second_arrival_time': 1536888780}
1025	{'task_type': 'regular', 'locomotive': 22587, 'train_section': 22636, 'section': 22292, 'departure_time': 1536886500, 'arrival_time': 1536888780}
1026	{'task_type': 'deadhead', 'locomotive': 22587, 'first_train_section': 22636, 'first_section': 22292, 'first_departure_time': 1536886500, 'first_arrival_time': 1536888780, 'second_train_section': 25003, 'second_section': 22293, 'second_departure_time': 1536891480, 'second_arrival_time': 1536899940}
1027	{'task_type': 'regular', 'locomotive': 22587, 'train_section': 25003, 'section': 22293, 'departure_time': 1536891480, 'arrival_time': 1536899940}
1028	{'task_type': 'deadhead', 'locomotive': 22587, 'first_train_section': 25003, 'first_section': 22293, 'first_departure_time': 1536891480, 'first_arrival_time': 1536899940, 'second_train_section': 23623, 'second_section': 22362, 'second_departure_time': 1536922860, 'second_arrival_time': 1536925500}
1029	{'task_type': 'regular', 'locomotive': 22587, 'train_section': 23623, 'section': 22362, 'departure_time': 1536922860, 'arrival_time': 1536925500}
1030	{'task_type': 'deadhead', 'locomotive': 22587, 'first_train_section': 23217, 'first_section': 22328, 'first_departure_time': 1536947040, 'first_arrival_time': 1536956760, 'second_train_section': 25510, 'second_section': 22449, 'second_departure_time': 1536964620, 'second_arrival_time': 1536966840}
1031	{'task_type': 'regular', 'locomotive': 22587, 'train_section': 25510, 'section': 22449, 'departure_time': 1536964620, 'arrival_time': 1536966840}
1032	{'task_type': 'deadhead', 'locomotive': 22587, 'first_train_section': 25510, 'first_section': 22449, 'first_departure_time': 1536964620, 'first_arrival_time': 1536966840, 'second_train_section': 25307, 'second_section': 22281, 'second_departure_time': 1536980760, 'second_arrival_time': 1536987720}
1033	{'task_type': 'regular', 'locomotive': 22587, 'train_section': 25307, 'section': 22281, 'departure_time': 1536980760, 'arrival_time': 1536987720}
1034	{'task_type': 'deadhead', 'locomotive': 22587, 'first_train_section': 25307, 'first_section': 22281, 'first_departure_time': 1536980760, 'first_arrival_time': 1536987720, 'second_train_section': 23705, 'second_section': 22260, 'second_departure_time': 1536992820, 'second_arrival_time': 1537001220}
1035	{'task_type': 'regular', 'locomotive': 22587, 'train_section': 23705, 'section': 22260, 'departure_time': 1536992820, 'arrival_time': 1537001220}
1036	{'task_type': 'deadhead', 'locomotive': 22587, 'first_train_section': 23705, 'first_section': 22260, 'first_departure_time': 1536992820, 'first_arrival_time': 1537001220, 'second_train_section': 23837, 'second_section': 22499, 'second_departure_time': 1537011900, 'second_arrival_time': 1537017060}
1037	{'task_type': 'regular', 'locomotive': 22587, 'train_section': 23837, 'section': 22499, 'departure_time': 1537011900, 'arrival_time': 1537017060}
1038	{'task_type': 'deadhead', 'locomotive': 22587, 'first_train_section': 24696, 'first_section': 22417, 'first_departure_time': 1537038420, 'first_arrival_time': 1537043280, 'second_train_section': 22798, 'second_section': 22332, 'second_departure_time': 1537129800, 'second_arrival_time': 1537133940}
1039	{'task_type': 'regular', 'locomotive': 22587, 'train_section': 22798, 'section': 22332, 'departure_time': 1537129800, 'arrival_time': 1537133940}
1040	{'task_type': 'regular', 'locomotive': 22589, 'train_section': 22633, 'section': 22344, 'departure_time': 1536623700, 'arrival_time': 1536624720}
1041	{'task_type': 'deadhead', 'locomotive': 22589, 'first_train_section': 22633, 'first_section': 22344, 'first_departure_time': 1536623700, 'first_arrival_time': 1536624720, 'second_train_section': 25373, 'second_section': 22372, 'second_departure_time': 1536631740, 'second_arrival_time': 1536635700}
1042	{'task_type': 'regular', 'locomotive': 22589, 'train_section': 25373, 'section': 22372, 'departure_time': 1536631740, 'arrival_time': 1536635700}
1043	{'task_type': 'deadhead', 'locomotive': 22589, 'first_train_section': 25373, 'first_section': 22372, 'first_departure_time': 1536631740, 'first_arrival_time': 1536635700, 'second_train_section': 24259, 'second_section': 22431, 'second_departure_time': 1536645780, 'second_arrival_time': 1536650460}
1044	{'task_type': 'regular', 'locomotive': 22589, 'train_section': 24259, 'section': 22431, 'departure_time': 1536645780, 'arrival_time': 1536650460}
1045	{'task_type': 'regular', 'locomotive': 22589, 'train_section': 22903, 'section': 22495, 'departure_time': 1536652080, 'arrival_time': 1536654960}
1046	{'task_type': 'regular', 'locomotive': 22589, 'train_section': 24263, 'section': 22306, 'departure_time': 1536656040, 'arrival_time': 1536659700}
1047	{'task_type': 'deadhead', 'locomotive': 22589, 'first_train_section': 24263, 'first_section': 22306, 'first_departure_time': 1536656040, 'first_arrival_time': 1536659700, 'second_train_section': 24330, 'second_section': 22485, 'second_departure_time': 1536670740, 'second_arrival_time': 1536679380}
1048	{'task_type': 'regular', 'locomotive': 22589, 'train_section': 24330, 'section': 22485, 'departure_time': 1536670740, 'arrival_time': 1536679380}
1049	{'task_type': 'deadhead', 'locomotive': 22589, 'first_train_section': 24330, 'first_section': 22485, 'first_departure_time': 1536670740, 'first_arrival_time': 1536679380, 'second_train_section': 23918, 'second_section': 22496, 'second_departure_time': 1536688140, 'second_arrival_time': 1536692760}
1050	{'task_type': 'regular', 'locomotive': 22589, 'train_section': 23918, 'section': 22496, 'departure_time': 1536688140, 'arrival_time': 1536692760}
1051	{'task_type': 'deadhead', 'locomotive': 22589, 'first_train_section': 23542, 'first_section': 22417, 'first_departure_time': 1536703200, 'first_arrival_time': 1536722640, 'second_train_section': 23153, 'second_section': 22429, 'second_departure_time': 1536728520, 'second_arrival_time': 1536730680}
1052	{'task_type': 'regular', 'locomotive': 22589, 'train_section': 23153, 'section': 22429, 'departure_time': 1536728520, 'arrival_time': 1536730680}
1053	{'task_type': 'deadhead', 'locomotive': 22589, 'first_train_section': 23153, 'first_section': 22429, 'first_departure_time': 1536728520, 'first_arrival_time': 1536730680, 'second_train_section': 22626, 'second_section': 22495, 'second_departure_time': 1536745800, 'second_arrival_time': 1536748620}
1054	{'task_type': 'regular', 'locomotive': 22589, 'train_section': 22626, 'section': 22495, 'departure_time': 1536745800, 'arrival_time': 1536748620}
1055	{'task_type': 'regular', 'locomotive': 22589, 'train_section': 22628, 'section': 22304, 'departure_time': 1536750120, 'arrival_time': 1536755280}
1056	{'task_type': 'deadhead', 'locomotive': 22589, 'first_train_section': 22628, 'first_section': 22304, 'first_departure_time': 1536750120, 'first_arrival_time': 1536755280, 'second_train_section': 25290, 'second_section': 22262, 'second_departure_time': 1536757680, 'second_arrival_time': 1536757980}
1057	{'task_type': 'regular', 'locomotive': 22589, 'train_section': 25290, 'section': 22262, 'departure_time': 1536757680, 'arrival_time': 1536757980}
1058	{'task_type': 'deadhead', 'locomotive': 22589, 'first_train_section': 25290, 'first_section': 22262, 'first_departure_time': 1536757680, 'first_arrival_time': 1536757980, 'second_train_section': 25177, 'second_section': 22347, 'second_departure_time': 1536765540, 'second_arrival_time': 1536770880}
1059	{'task_type': 'regular', 'locomotive': 22589, 'train_section': 25177, 'section': 22347, 'departure_time': 1536765540, 'arrival_time': 1536770880}
1060	{'task_type': 'regular', 'locomotive': 22589, 'train_section': 25179, 'section': 22471, 'departure_time': 1536771420, 'arrival_time': 1536774240}
1061	{'task_type': 'deadhead', 'locomotive': 22589, 'first_train_section': 25179, 'first_section': 22471, 'first_departure_time': 1536771420, 'first_arrival_time': 1536774240, 'second_train_section': 25214, 'second_section': 22294, 'second_departure_time': 1536782880, 'second_arrival_time': 1536786120}
1062	{'task_type': 'regular', 'locomotive': 22589, 'train_section': 25214, 'section': 22294, 'departure_time': 1536782880, 'arrival_time': 1536786120}
1063	{'task_type': 'deadhead', 'locomotive': 22589, 'first_train_section': 25214, 'first_section': 22294, 'first_departure_time': 1536782880, 'first_arrival_time': 1536786120, 'second_train_section': 25364, 'second_section': 22325, 'second_departure_time': 1536806100, 'second_arrival_time': 1536820380}
1064	{'task_type': 'regular', 'locomotive': 22589, 'train_section': 25364, 'section': 22325, 'departure_time': 1536806100, 'arrival_time': 1536820380}
1065	{'task_type': 'regular', 'locomotive': 22589, 'train_section': 22895, 'section': 22234, 'departure_time': 1536821400, 'arrival_time': 1536824160}
1066	{'task_type': 'deadhead', 'locomotive': 22589, 'first_train_section': 22895, 'first_section': 22234, 'first_departure_time': 1536821400, 'first_arrival_time': 1536824160, 'second_train_section': 23524, 'second_section': 22242, 'second_departure_time': 1536844860, 'second_arrival_time': 1536847620}
1067	{'task_type': 'regular', 'locomotive': 22589, 'train_section': 23524, 'section': 22242, 'departure_time': 1536844860, 'arrival_time': 1536847620}
1068	{'task_type': 'deadhead', 'locomotive': 22589, 'first_train_section': 23524, 'first_section': 22242, 'first_departure_time': 1536844860, 'first_arrival_time': 1536847620, 'second_train_section': 22729, 'second_section': 22394, 'second_departure_time': 1536850320, 'second_arrival_time': 1536854760}
1069	{'task_type': 'regular', 'locomotive': 22589, 'train_section': 22729, 'section': 22394, 'departure_time': 1536850320, 'arrival_time': 1536854760}
1070	{'task_type': 'deadhead', 'locomotive': 22589, 'first_train_section': 22729, 'first_section': 22394, 'first_departure_time': 1536850320, 'first_arrival_time': 1536854760, 'second_train_section': 23328, 'second_section': 22404, 'second_departure_time': 1536863880, 'second_arrival_time': 1536872700}
1071	{'task_type': 'regular', 'locomotive': 22589, 'train_section': 23328, 'section': 22404, 'departure_time': 1536863880, 'arrival_time': 1536872700}
1072	{'task_type': 'deadhead', 'locomotive': 22589, 'first_train_section': 23328, 'first_section': 22404, 'first_departure_time': 1536863880, 'first_arrival_time': 1536872700, 'second_train_section': 25483, 'second_section': 22345, 'second_departure_time': 1536887160, 'second_arrival_time': 1536890100}
1073	{'task_type': 'regular', 'locomotive': 22589, 'train_section': 25483, 'section': 22345, 'departure_time': 1536887160, 'arrival_time': 1536890100}
1074	{'task_type': 'deadhead', 'locomotive': 22589, 'first_train_section': 25483, 'first_section': 22345, 'first_departure_time': 1536887160, 'first_arrival_time': 1536890100, 'second_train_section': 25281, 'second_section': 22342, 'second_departure_time': 1536902460, 'second_arrival_time': 1536908580}
1075	{'task_type': 'regular', 'locomotive': 22589, 'train_section': 25281, 'section': 22342, 'departure_time': 1536902460, 'arrival_time': 1536908580}
1076	{'task_type': 'deadhead', 'locomotive': 22589, 'first_train_section': 25281, 'first_section': 22342, 'first_departure_time': 1536902460, 'first_arrival_time': 1536908580, 'second_train_section': 22914, 'second_section': 22447, 'second_departure_time': 1536923520, 'second_arrival_time': 1536926400}
1077	{'task_type': 'regular', 'locomotive': 22589, 'train_section': 22914, 'section': 22447, 'departure_time': 1536923520, 'arrival_time': 1536926400}
1078	{'task_type': 'deadhead', 'locomotive': 22589, 'first_train_section': 22914, 'first_section': 22447, 'first_departure_time': 1536923520, 'first_arrival_time': 1536926400, 'second_train_section': 24069, 'second_section': 22471, 'second_departure_time': 1536944220, 'second_arrival_time': 1536947040}
1079	{'task_type': 'regular', 'locomotive': 22589, 'train_section': 24069, 'section': 22471, 'departure_time': 1536944220, 'arrival_time': 1536947040}
1080	{'task_type': 'deadhead', 'locomotive': 22589, 'first_train_section': 24069, 'first_section': 22471, 'first_departure_time': 1536944220, 'first_arrival_time': 1536947040, 'second_train_section': 22684, 'second_section': 22247, 'second_departure_time': 1536965940, 'second_arrival_time': 1536974760}
1081	{'task_type': 'regular', 'locomotive': 22589, 'train_section': 22684, 'section': 22247, 'departure_time': 1536965940, 'arrival_time': 1536974760}
1082	{'task_type': 'deadhead', 'locomotive': 22589, 'first_train_section': 22684, 'first_section': 22247, 'first_departure_time': 1536965940, 'first_arrival_time': 1536974760, 'second_train_section': 24723, 'second_section': 22431, 'second_departure_time': 1536999480, 'second_arrival_time': 1537003440}
1083	{'task_type': 'regular', 'locomotive': 22589, 'train_section': 24723, 'section': 22431, 'departure_time': 1536999480, 'arrival_time': 1537003440}
1084	{'task_type': 'regular', 'locomotive': 22589, 'train_section': 24756, 'section': 22496, 'departure_time': 1537005480, 'arrival_time': 1537010460}
1085	{'task_type': 'regular', 'locomotive': 22592, 'train_section': 22720, 'section': 22471, 'departure_time': 1536656220, 'arrival_time': 1536659040}
1086	{'task_type': 'deadhead', 'locomotive': 22592, 'first_train_section': 22720, 'first_section': 22471, 'first_departure_time': 1536656220, 'first_arrival_time': 1536659040, 'second_train_section': 24183, 'second_section': 22313, 'second_departure_time': 1536673020, 'second_arrival_time': 1536678480}
1087	{'task_type': 'regular', 'locomotive': 22592, 'train_section': 24183, 'section': 22313, 'departure_time': 1536673020, 'arrival_time': 1536678480}
1088	{'task_type': 'deadhead', 'locomotive': 22592, 'first_train_section': 24183, 'first_section': 22313, 'first_departure_time': 1536673020, 'first_arrival_time': 1536678480, 'second_train_section': 23003, 'second_section': 22254, 'second_departure_time': 1536684480, 'second_arrival_time': 1536685140}
1089	{'task_type': 'regular', 'locomotive': 22592, 'train_section': 23003, 'section': 22254, 'departure_time': 1536684480, 'arrival_time': 1536685140}
1090	{'task_type': 'deadhead', 'locomotive': 22592, 'first_train_section': 23003, 'first_section': 22254, 'first_departure_time': 1536684480, 'first_arrival_time': 1536685140, 'second_train_section': 23371, 'second_section': 22323, 'second_departure_time': 1536695340, 'second_arrival_time': 1536698580}
1091	{'task_type': 'regular', 'locomotive': 22592, 'train_section': 23371, 'section': 22323, 'departure_time': 1536695340, 'arrival_time': 1536698580}
1092	{'task_type': 'deadhead', 'locomotive': 22592, 'first_train_section': 23371, 'first_section': 22323, 'first_departure_time': 1536695340, 'first_arrival_time': 1536698580, 'second_train_section': 23582, 'second_section': 22354, 'second_departure_time': 1536723540, 'second_arrival_time': 1536728160}
1093	{'task_type': 'regular', 'locomotive': 22592, 'train_section': 23582, 'section': 22354, 'departure_time': 1536723540, 'arrival_time': 1536728160}
1094	{'task_type': 'deadhead', 'locomotive': 22592, 'first_train_section': 23582, 'first_section': 22354, 'first_departure_time': 1536723540, 'first_arrival_time': 1536728160, 'second_train_section': 24936, 'second_section': 22431, 'second_departure_time': 1536732600, 'second_arrival_time': 1536737220}
1095	{'task_type': 'regular', 'locomotive': 22592, 'train_section': 24936, 'section': 22431, 'departure_time': 1536732600, 'arrival_time': 1536737220}
1096	{'task_type': 'deadhead', 'locomotive': 22592, 'first_train_section': 24936, 'first_section': 22431, 'first_departure_time': 1536732600, 'first_arrival_time': 1536737220, 'second_train_section': 22989, 'second_section': 22416, 'second_departure_time': 1536744240, 'second_arrival_time': 1536747900}
1097	{'task_type': 'regular', 'locomotive': 22592, 'train_section': 22989, 'section': 22416, 'departure_time': 1536744240, 'arrival_time': 1536747900}
1098	{'task_type': 'deadhead', 'locomotive': 22592, 'first_train_section': 22989, 'first_section': 22416, 'first_departure_time': 1536744240, 'first_arrival_time': 1536747900, 'second_train_section': 24666, 'second_section': 22447, 'second_departure_time': 1536759600, 'second_arrival_time': 1536762480}
1099	{'task_type': 'regular', 'locomotive': 22592, 'train_section': 24666, 'section': 22447, 'departure_time': 1536759600, 'arrival_time': 1536762480}
1100	{'task_type': 'deadhead', 'locomotive': 22592, 'first_train_section': 24666, 'first_section': 22447, 'first_departure_time': 1536759600, 'first_arrival_time': 1536762480, 'second_train_section': 24434, 'second_section': 22255, 'second_departure_time': 1536775500, 'second_arrival_time': 1536776400}
1101	{'task_type': 'regular', 'locomotive': 22592, 'train_section': 24434, 'section': 22255, 'departure_time': 1536775500, 'arrival_time': 1536776400}
1102	{'task_type': 'deadhead', 'locomotive': 22592, 'first_train_section': 24434, 'first_section': 22255, 'first_departure_time': 1536775500, 'first_arrival_time': 1536776400, 'second_train_section': 23344, 'second_section': 22289, 'second_departure_time': 1536780960, 'second_arrival_time': 1536788700}
1103	{'task_type': 'regular', 'locomotive': 22592, 'train_section': 23344, 'section': 22289, 'departure_time': 1536780960, 'arrival_time': 1536788700}
1104	{'task_type': 'deadhead', 'locomotive': 22592, 'first_train_section': 23344, 'first_section': 22289, 'first_departure_time': 1536780960, 'first_arrival_time': 1536788700, 'second_train_section': 25069, 'second_section': 22402, 'second_departure_time': 1536807840, 'second_arrival_time': 1536810360}
1105	{'task_type': 'regular', 'locomotive': 22592, 'train_section': 25069, 'section': 22402, 'departure_time': 1536807840, 'arrival_time': 1536810360}
1106	{'task_type': 'deadhead', 'locomotive': 22592, 'first_train_section': 25069, 'first_section': 22402, 'first_departure_time': 1536807840, 'first_arrival_time': 1536810360, 'second_train_section': 22658, 'second_section': 22472, 'second_departure_time': 1536822780, 'second_arrival_time': 1536827940}
1107	{'task_type': 'regular', 'locomotive': 22592, 'train_section': 22658, 'section': 22472, 'departure_time': 1536822780, 'arrival_time': 1536827940}
1108	{'task_type': 'deadhead', 'locomotive': 22592, 'first_train_section': 22658, 'first_section': 22472, 'first_departure_time': 1536822780, 'first_arrival_time': 1536827940, 'second_train_section': 22997, 'second_section': 22384, 'second_departure_time': 1536841500, 'second_arrival_time': 1536846900}
1109	{'task_type': 'regular', 'locomotive': 22592, 'train_section': 22997, 'section': 22384, 'departure_time': 1536841500, 'arrival_time': 1536846900}
1110	{'task_type': 'deadhead', 'locomotive': 22592, 'first_train_section': 22997, 'first_section': 22384, 'first_departure_time': 1536841500, 'first_arrival_time': 1536846900, 'second_train_section': 22616, 'second_section': 22399, 'second_departure_time': 1536851400, 'second_arrival_time': 1536852840}
1111	{'task_type': 'regular', 'locomotive': 22592, 'train_section': 22616, 'section': 22399, 'departure_time': 1536851400, 'arrival_time': 1536852840}
1112	{'task_type': 'deadhead', 'locomotive': 22592, 'first_train_section': 22616, 'first_section': 22399, 'first_departure_time': 1536851400, 'first_arrival_time': 1536852840, 'second_train_section': 24038, 'second_section': 22400, 'second_departure_time': 1536857400, 'second_arrival_time': 1536860820}
1113	{'task_type': 'regular', 'locomotive': 22592, 'train_section': 24038, 'section': 22400, 'departure_time': 1536857400, 'arrival_time': 1536860820}
1114	{'task_type': 'deadhead', 'locomotive': 22592, 'first_train_section': 24038, 'first_section': 22400, 'first_departure_time': 1536857400, 'first_arrival_time': 1536860820, 'second_train_section': 23514, 'second_section': 22330, 'second_departure_time': 1536882000, 'second_arrival_time': 1536890220}
1115	{'task_type': 'regular', 'locomotive': 22592, 'train_section': 23514, 'section': 22330, 'departure_time': 1536882000, 'arrival_time': 1536890220}
1116	{'task_type': 'deadhead', 'locomotive': 22592, 'first_train_section': 23514, 'first_section': 22330, 'first_departure_time': 1536882000, 'first_arrival_time': 1536890220, 'second_train_section': 25162, 'second_section': 22273, 'second_departure_time': 1536896880, 'second_arrival_time': 1536901260}
1117	{'task_type': 'regular', 'locomotive': 22592, 'train_section': 25162, 'section': 22273, 'departure_time': 1536896880, 'arrival_time': 1536901260}
1118	{'task_type': 'deadhead', 'locomotive': 22592, 'first_train_section': 25162, 'first_section': 22273, 'first_departure_time': 1536896880, 'first_arrival_time': 1536901260, 'second_train_section': 24943, 'second_section': 22403, 'second_departure_time': 1536903960, 'second_arrival_time': 1536906720}
1119	{'task_type': 'regular', 'locomotive': 22592, 'train_section': 24943, 'section': 22403, 'departure_time': 1536903960, 'arrival_time': 1536906720}
1120	{'task_type': 'deadhead', 'locomotive': 22592, 'first_train_section': 24943, 'first_section': 22403, 'first_departure_time': 1536903960, 'first_arrival_time': 1536906720, 'second_train_section': 23006, 'second_section': 22270, 'second_departure_time': 1536916560, 'second_arrival_time': 1536918480}
1121	{'task_type': 'regular', 'locomotive': 22592, 'train_section': 23006, 'section': 22270, 'departure_time': 1536916560, 'arrival_time': 1536918480}
1122	{'task_type': 'deadhead', 'locomotive': 22592, 'first_train_section': 23006, 'first_section': 22270, 'first_departure_time': 1536916560, 'first_arrival_time': 1536918480, 'second_train_section': 23195, 'second_section': 22391, 'second_departure_time': 1536931560, 'second_arrival_time': 1536932280}
1123	{'task_type': 'regular', 'locomotive': 22592, 'train_section': 23195, 'section': 22391, 'departure_time': 1536931560, 'arrival_time': 1536932280}
1124	{'task_type': 'deadhead', 'locomotive': 22592, 'first_train_section': 22735, 'first_section': 22319, 'first_departure_time': 1536946860, 'first_arrival_time': 1536962340, 'second_train_section': 22962, 'second_section': 22372, 'second_departure_time': 1536977340, 'second_arrival_time': 1536981300}
1125	{'task_type': 'regular', 'locomotive': 22592, 'train_section': 22962, 'section': 22372, 'departure_time': 1536977340, 'arrival_time': 1536981300}
1126	{'task_type': 'deadhead', 'locomotive': 22592, 'first_train_section': 22962, 'first_section': 22372, 'first_departure_time': 1536977340, 'first_arrival_time': 1536981300, 'second_train_section': 23740, 'second_section': 22357, 'second_departure_time': 1536988560, 'second_arrival_time': 1536992040}
1127	{'task_type': 'regular', 'locomotive': 22592, 'train_section': 23740, 'section': 22357, 'departure_time': 1536988560, 'arrival_time': 1536992040}
1128	{'task_type': 'deadhead', 'locomotive': 22592, 'first_train_section': 23740, 'first_section': 22357, 'first_departure_time': 1536988560, 'first_arrival_time': 1536992040, 'second_train_section': 23291, 'second_section': 22356, 'second_departure_time': 1537003680, 'second_arrival_time': 1537010940}
1129	{'task_type': 'regular', 'locomotive': 22592, 'train_section': 23291, 'section': 22356, 'departure_time': 1537003680, 'arrival_time': 1537010940}
1130	{'task_type': 'regular', 'locomotive': 22593, 'train_section': 25317, 'section': 22386, 'departure_time': 1536631080, 'arrival_time': 1536635880}
1131	{'task_type': 'regular', 'locomotive': 22593, 'train_section': 24152, 'section': 22495, 'departure_time': 1536636120, 'arrival_time': 1536639060}
1132	{'task_type': 'regular', 'locomotive': 22593, 'train_section': 24154, 'section': 22307, 'departure_time': 1536640800, 'arrival_time': 1536643140}
1133	{'task_type': 'deadhead', 'locomotive': 22593, 'first_train_section': 24154, 'first_section': 22307, 'first_departure_time': 1536640800, 'first_arrival_time': 1536643140, 'second_train_section': 23300, 'second_section': 22279, 'second_departure_time': 1536663000, 'second_arrival_time': 1536668580}
1134	{'task_type': 'regular', 'locomotive': 22593, 'train_section': 23300, 'section': 22279, 'departure_time': 1536663000, 'arrival_time': 1536668580}
1135	{'task_type': 'deadhead', 'locomotive': 22593, 'first_train_section': 23300, 'first_section': 22279, 'first_departure_time': 1536663000, 'first_arrival_time': 1536668580, 'second_train_section': 25199, 'second_section': 22331, 'second_departure_time': 1536678480, 'second_arrival_time': 1536689340}
1136	{'task_type': 'regular', 'locomotive': 22593, 'train_section': 25199, 'section': 22331, 'departure_time': 1536678480, 'arrival_time': 1536689340}
1137	{'task_type': 'deadhead', 'locomotive': 22593, 'first_train_section': 25199, 'first_section': 22331, 'first_departure_time': 1536678480, 'first_arrival_time': 1536689340, 'second_train_section': 23611, 'second_section': 22256, 'second_departure_time': 1536727320, 'second_arrival_time': 1536730260}
1138	{'task_type': 'regular', 'locomotive': 22593, 'train_section': 23611, 'section': 22256, 'departure_time': 1536727320, 'arrival_time': 1536730260}
1139	{'task_type': 'deadhead', 'locomotive': 22593, 'first_train_section': 23611, 'first_section': 22256, 'first_departure_time': 1536727320, 'first_arrival_time': 1536730260, 'second_train_section': 24541, 'second_section': 22290, 'second_departure_time': 1536732360, 'second_arrival_time': 1536739500}
1140	{'task_type': 'regular', 'locomotive': 22593, 'train_section': 24541, 'section': 22290, 'departure_time': 1536732360, 'arrival_time': 1536739500}
1141	{'task_type': 'deadhead', 'locomotive': 22593, 'first_train_section': 24541, 'first_section': 22290, 'first_departure_time': 1536732360, 'first_arrival_time': 1536739500, 'second_train_section': 24900, 'second_section': 22472, 'second_departure_time': 1536750780, 'second_arrival_time': 1536755940}
1142	{'task_type': 'regular', 'locomotive': 22593, 'train_section': 24900, 'section': 22472, 'departure_time': 1536750780, 'arrival_time': 1536755940}
1143	{'task_type': 'deadhead', 'locomotive': 22593, 'first_train_section': 24900, 'first_section': 22472, 'first_departure_time': 1536750780, 'first_arrival_time': 1536755940, 'second_train_section': 25376, 'second_section': 22500, 'second_departure_time': 1536766680, 'second_arrival_time': 1536769800}
1144	{'task_type': 'regular', 'locomotive': 22593, 'train_section': 25376, 'section': 22500, 'departure_time': 1536766680, 'arrival_time': 1536769800}
1145	{'task_type': 'deadhead', 'locomotive': 22593, 'first_train_section': 25376, 'first_section': 22500, 'first_departure_time': 1536766680, 'first_arrival_time': 1536769800, 'second_train_section': 23768, 'second_section': 22245, 'second_departure_time': 1536782220, 'second_arrival_time': 1536786900}
1146	{'task_type': 'regular', 'locomotive': 22593, 'train_section': 23768, 'section': 22245, 'departure_time': 1536782220, 'arrival_time': 1536786900}
1147	{'task_type': 'regular', 'locomotive': 22593, 'train_section': 23770, 'section': 22308, 'departure_time': 1536787440, 'arrival_time': 1536790140}
1148	{'task_type': 'deadhead', 'locomotive': 22593, 'first_train_section': 23770, 'first_section': 22308, 'first_departure_time': 1536787440, 'first_arrival_time': 1536790140, 'second_train_section': 24684, 'second_section': 22378, 'second_departure_time': 1536811500, 'second_arrival_time': 1536815160}
1149	{'task_type': 'regular', 'locomotive': 22593, 'train_section': 24684, 'section': 22378, 'departure_time': 1536811500, 'arrival_time': 1536815160}
1150	{'task_type': 'deadhead', 'locomotive': 22593, 'first_train_section': 24684, 'first_section': 22378, 'first_departure_time': 1536811500, 'first_arrival_time': 1536815160, 'second_train_section': 25230, 'second_section': 22500, 'second_departure_time': 1536853080, 'second_arrival_time': 1536856200}
1151	{'task_type': 'regular', 'locomotive': 22593, 'train_section': 25230, 'section': 22500, 'departure_time': 1536853080, 'arrival_time': 1536856200}
1152	{'task_type': 'regular', 'locomotive': 22593, 'train_section': 24223, 'section': 22360, 'departure_time': 1536857280, 'arrival_time': 1536868920}
1153	{'task_type': 'deadhead', 'locomotive': 22593, 'first_train_section': 25039, 'first_section': 22353, 'first_departure_time': 1536876000, 'first_arrival_time': 1536896340, 'second_train_section': 24090, 'second_section': 22497, 'second_departure_time': 1536904560, 'second_arrival_time': 1536905940}
1154	{'task_type': 'regular', 'locomotive': 22593, 'train_section': 24090, 'section': 22497, 'departure_time': 1536904560, 'arrival_time': 1536905940}
1155	{'task_type': 'regular', 'locomotive': 22593, 'train_section': 22817, 'section': 22338, 'departure_time': 1536948120, 'arrival_time': 1536959220}
1156	{'task_type': 'deadhead', 'locomotive': 22593, 'first_train_section': 22817, 'first_section': 22338, 'first_departure_time': 1536948120, 'first_arrival_time': 1536959220, 'second_train_section': 25135, 'second_section': 22327, 'second_departure_time': 1537009680, 'second_arrival_time': 1537016040}
1157	{'task_type': 'regular', 'locomotive': 22593, 'train_section': 25135, 'section': 22327, 'departure_time': 1537009680, 'arrival_time': 1537016040}
1158	{'task_type': 'regular', 'locomotive': 22594, 'train_section': 25020, 'section': 22378, 'departure_time': 1536644100, 'arrival_time': 1536647760}
1159	{'task_type': 'deadhead', 'locomotive': 22594, 'first_train_section': 25020, 'first_section': 22378, 'first_departure_time': 1536644100, 'first_arrival_time': 1536647760, 'second_train_section': 22905, 'second_section': 22309, 'second_departure_time': 1536655560, 'second_arrival_time': 1536660120}
1160	{'task_type': 'regular', 'locomotive': 22594, 'train_section': 22905, 'section': 22309, 'departure_time': 1536655560, 'arrival_time': 1536660120}
1161	{'task_type': 'deadhead', 'locomotive': 22594, 'first_train_section': 22905, 'first_section': 22309, 'first_departure_time': 1536655560, 'first_arrival_time': 1536660120, 'second_train_section': 23433, 'second_section': 22261, 'second_departure_time': 1536665880, 'second_arrival_time': 1536667620}
1162	{'task_type': 'regular', 'locomotive': 22594, 'train_section': 23433, 'section': 22261, 'departure_time': 1536665880, 'arrival_time': 1536667620}
1163	{'task_type': 'deadhead', 'locomotive': 22594, 'first_train_section': 23433, 'first_section': 22261, 'first_departure_time': 1536665880, 'first_arrival_time': 1536667620, 'second_train_section': 22759, 'second_section': 22499, 'second_departure_time': 1536673500, 'second_arrival_time': 1536678660}
1164	{'task_type': 'regular', 'locomotive': 22594, 'train_section': 22759, 'section': 22499, 'departure_time': 1536673500, 'arrival_time': 1536678660}
1165	{'task_type': 'regular', 'locomotive': 22594, 'train_section': 22762, 'section': 22347, 'departure_time': 1536679140, 'arrival_time': 1536684480}
1166	{'task_type': 'regular', 'locomotive': 22594, 'train_section': 22764, 'section': 22471, 'departure_time': 1536685020, 'arrival_time': 1536687840}
1167	{'task_type': 'deadhead', 'locomotive': 22594, 'first_train_section': 22764, 'first_section': 22471, 'first_departure_time': 1536685020, 'first_arrival_time': 1536687840, 'second_train_section': 23944, 'second_section': 22468, 'second_departure_time': 1536693060, 'second_arrival_time': 1536697200}
1168	{'task_type': 'regular', 'locomotive': 22594, 'train_section': 23944, 'section': 22468, 'departure_time': 1536693060, 'arrival_time': 1536697200}
1169	{'task_type': 'deadhead', 'locomotive': 22594, 'first_train_section': 23944, 'first_section': 22468, 'first_departure_time': 1536693060, 'first_arrival_time': 1536697200, 'second_train_section': 23388, 'second_section': 22235, 'second_departure_time': 1536721140, 'second_arrival_time': 1536721620}
1170	{'task_type': 'regular', 'locomotive': 22594, 'train_section': 23388, 'section': 22235, 'departure_time': 1536721140, 'arrival_time': 1536721620}
1171	{'task_type': 'deadhead', 'locomotive': 22594, 'first_train_section': 23388, 'first_section': 22235, 'first_departure_time': 1536721140, 'first_arrival_time': 1536721620, 'second_train_section': 24774, 'second_section': 22233, 'second_departure_time': 1536733260, 'second_arrival_time': 1536748740}
1172	{'task_type': 'regular', 'locomotive': 22594, 'train_section': 24774, 'section': 22233, 'departure_time': 1536733260, 'arrival_time': 1536748740}
1173	{'task_type': 'deadhead', 'locomotive': 22594, 'first_train_section': 24774, 'first_section': 22233, 'first_departure_time': 1536733260, 'first_arrival_time': 1536748740, 'second_train_section': 24019, 'second_section': 22383, 'second_departure_time': 1536761520, 'second_arrival_time': 1536764940}
1174	{'task_type': 'regular', 'locomotive': 22594, 'train_section': 24019, 'section': 22383, 'departure_time': 1536761520, 'arrival_time': 1536764940}
1175	{'task_type': 'regular', 'locomotive': 22594, 'train_section': 24021, 'section': 22399, 'departure_time': 1536765000, 'arrival_time': 1536766440}
1176	{'task_type': 'deadhead', 'locomotive': 22594, 'first_train_section': 24021, 'first_section': 22399, 'first_departure_time': 1536765000, 'first_arrival_time': 1536766440, 'second_train_section': 24425, 'second_section': 22407, 'second_departure_time': 1536776280, 'second_arrival_time': 1536782940}
1177	{'task_type': 'regular', 'locomotive': 22594, 'train_section': 24425, 'section': 22407, 'departure_time': 1536776280, 'arrival_time': 1536782940}
1178	{'task_type': 'deadhead', 'locomotive': 22594, 'first_train_section': 24425, 'first_section': 22407, 'first_departure_time': 1536776280, 'first_arrival_time': 1536782940, 'second_train_section': 23614, 'second_section': 22330, 'second_departure_time': 1536795600, 'second_arrival_time': 1536803820}
1179	{'task_type': 'regular', 'locomotive': 22594, 'train_section': 23614, 'section': 22330, 'departure_time': 1536795600, 'arrival_time': 1536803820}
1180	{'task_type': 'regular', 'locomotive': 22594, 'train_section': 23634, 'section': 22393, 'departure_time': 1536814740, 'arrival_time': 1536816480}
1181	{'task_type': 'deadhead', 'locomotive': 22594, 'first_train_section': 23634, 'first_section': 22393, 'first_departure_time': 1536814740, 'first_arrival_time': 1536816480, 'second_train_section': 25112, 'second_section': 22404, 'second_departure_time': 1536821220, 'second_arrival_time': 1536831120}
1182	{'task_type': 'regular', 'locomotive': 22594, 'train_section': 25112, 'section': 22404, 'departure_time': 1536821220, 'arrival_time': 1536831120}
1183	{'task_type': 'deadhead', 'locomotive': 22594, 'first_train_section': 25112, 'first_section': 22404, 'first_departure_time': 1536821220, 'first_arrival_time': 1536831120, 'second_train_section': 23677, 'second_section': 22347, 'second_departure_time': 1536851940, 'second_arrival_time': 1536857280}
1184	{'task_type': 'regular', 'locomotive': 22594, 'train_section': 23677, 'section': 22347, 'departure_time': 1536851940, 'arrival_time': 1536857280}
1185	{'task_type': 'deadhead', 'locomotive': 22594, 'first_train_section': 23677, 'first_section': 22347, 'first_departure_time': 1536851940, 'first_arrival_time': 1536857280, 'second_train_section': 24607, 'second_section': 22344, 'second_departure_time': 1536865080, 'second_arrival_time': 1536866100}
1186	{'task_type': 'regular', 'locomotive': 22594, 'train_section': 24607, 'section': 22344, 'departure_time': 1536865080, 'arrival_time': 1536866100}
1187	{'task_type': 'deadhead', 'locomotive': 22594, 'first_train_section': 24607, 'first_section': 22344, 'first_departure_time': 1536865080, 'first_arrival_time': 1536866100, 'second_train_section': 23150, 'second_section': 22343, 'second_departure_time': 1536870000, 'second_arrival_time': 1536880740}
1188	{'task_type': 'regular', 'locomotive': 22594, 'train_section': 23150, 'section': 22343, 'departure_time': 1536870000, 'arrival_time': 1536880740}
1189	{'task_type': 'deadhead', 'locomotive': 22594, 'first_train_section': 23150, 'first_section': 22343, 'first_departure_time': 1536870000, 'first_arrival_time': 1536880740, 'second_train_section': 24720, 'second_section': 22251, 'second_departure_time': 1536897060, 'second_arrival_time': 1536901200}
1190	{'task_type': 'regular', 'locomotive': 22594, 'train_section': 24720, 'section': 22251, 'departure_time': 1536897060, 'arrival_time': 1536901200}
1191	{'task_type': 'deadhead', 'locomotive': 22594, 'first_train_section': 24720, 'first_section': 22251, 'first_departure_time': 1536897060, 'first_arrival_time': 1536901200, 'second_train_section': 24511, 'second_section': 22392, 'second_departure_time': 1536920700, 'second_arrival_time': 1536922080}
1192	{'task_type': 'regular', 'locomotive': 22594, 'train_section': 24511, 'section': 22392, 'departure_time': 1536920700, 'arrival_time': 1536922080}
1193	{'task_type': 'deadhead', 'locomotive': 22594, 'first_train_section': 24511, 'first_section': 22392, 'first_departure_time': 1536920700, 'first_arrival_time': 1536922080, 'second_train_section': 25391, 'second_section': 22383, 'second_departure_time': 1536934320, 'second_arrival_time': 1536937740}
1194	{'task_type': 'regular', 'locomotive': 22594, 'train_section': 25391, 'section': 22383, 'departure_time': 1536934320, 'arrival_time': 1536937740}
1195	{'task_type': 'regular', 'locomotive': 22594, 'train_section': 25393, 'section': 22399, 'departure_time': 1536937800, 'arrival_time': 1536939240}
1196	{'task_type': 'deadhead', 'locomotive': 22594, 'first_train_section': 25393, 'first_section': 22399, 'first_departure_time': 1536937800, 'first_arrival_time': 1536939240, 'second_train_section': 23947, 'second_section': 22505, 'second_departure_time': 1536957300, 'second_arrival_time': 1536962700}
1197	{'task_type': 'regular', 'locomotive': 22594, 'train_section': 23947, 'section': 22505, 'departure_time': 1536957300, 'arrival_time': 1536962700}
1198	{'task_type': 'regular', 'locomotive': 22594, 'train_section': 23949, 'section': 22308, 'departure_time': 1536963720, 'arrival_time': 1536966420}
1199	{'task_type': 'deadhead', 'locomotive': 22594, 'first_train_section': 23949, 'first_section': 22308, 'first_departure_time': 1536963720, 'first_arrival_time': 1536966420, 'second_train_section': 23755, 'second_section': 22304, 'second_departure_time': 1536971580, 'second_arrival_time': 1536976020}
1200	{'task_type': 'regular', 'locomotive': 22594, 'train_section': 23755, 'section': 22304, 'departure_time': 1536971580, 'arrival_time': 1536976020}
1201	{'task_type': 'deadhead', 'locomotive': 22594, 'first_train_section': 23755, 'first_section': 22304, 'first_departure_time': 1536971580, 'first_arrival_time': 1536976020, 'second_train_section': 23880, 'second_section': 22369, 'second_departure_time': 1536978240, 'second_arrival_time': 1536981120}
1202	{'task_type': 'regular', 'locomotive': 22594, 'train_section': 23880, 'section': 22369, 'departure_time': 1536978240, 'arrival_time': 1536981120}
1203	{'task_type': 'regular', 'locomotive': 22594, 'train_section': 25550, 'section': 22342, 'departure_time': 1536988860, 'arrival_time': 1536994980}
1204	{'task_type': 'deadhead', 'locomotive': 22594, 'first_train_section': 25550, 'first_section': 22342, 'first_departure_time': 1536988860, 'first_arrival_time': 1536994980, 'second_train_section': 23088, 'second_section': 22378, 'second_departure_time': 1537005900, 'second_arrival_time': 1537009560}
1205	{'task_type': 'regular', 'locomotive': 22594, 'train_section': 23088, 'section': 22378, 'departure_time': 1537005900, 'arrival_time': 1537009560}
1206	{'task_type': 'deadhead', 'locomotive': 22594, 'first_train_section': 23088, 'first_section': 22378, 'first_departure_time': 1537005900, 'first_arrival_time': 1537009560, 'second_train_section': 23381, 'second_section': 22495, 'second_departure_time': 1537019280, 'second_arrival_time': 1537022040}
1207	{'task_type': 'regular', 'locomotive': 22594, 'train_section': 23381, 'section': 22495, 'departure_time': 1537019280, 'arrival_time': 1537022040}
1208	{'task_type': 'regular', 'locomotive': 22594, 'train_section': 23247, 'section': 22304, 'departure_time': 1537046160, 'arrival_time': 1537050600}
1209	{'task_type': 'deadhead', 'locomotive': 22594, 'first_train_section': 23247, 'first_section': 22304, 'first_departure_time': 1537046160, 'first_arrival_time': 1537050600, 'second_train_section': 22978, 'second_section': 22336, 'second_departure_time': 1537064580, 'second_arrival_time': 1537070700}
1210	{'task_type': 'regular', 'locomotive': 22594, 'train_section': 22978, 'section': 22336, 'departure_time': 1537064580, 'arrival_time': 1537070700}
1211	{'task_type': 'deadhead', 'locomotive': 22594, 'first_train_section': 22978, 'first_section': 22336, 'first_departure_time': 1537064580, 'first_arrival_time': 1537070700, 'second_train_section': 23737, 'second_section': 22311, 'second_departure_time': 1537090800, 'second_arrival_time': 1537093560}
1212	{'task_type': 'regular', 'locomotive': 22594, 'train_section': 23737, 'section': 22311, 'departure_time': 1537090800, 'arrival_time': 1537093560}
1213	{'task_type': 'deadhead', 'locomotive': 22594, 'first_train_section': 23737, 'first_section': 22311, 'first_departure_time': 1537090800, 'first_arrival_time': 1537093560, 'second_train_section': 24084, 'second_section': 22327, 'second_departure_time': 1537103280, 'second_arrival_time': 1537109640}
1214	{'task_type': 'regular', 'locomotive': 22594, 'train_section': 24084, 'section': 22327, 'departure_time': 1537103280, 'arrival_time': 1537109640}
1215	{'task_type': 'deadhead', 'locomotive': 22594, 'first_train_section': 24084, 'first_section': 22327, 'first_departure_time': 1537103280, 'first_arrival_time': 1537109640, 'second_train_section': 25516, 'second_section': 22322, 'second_departure_time': 1537116720, 'second_arrival_time': 1537126620}
1216	{'task_type': 'regular', 'locomotive': 22594, 'train_section': 25516, 'section': 22322, 'departure_time': 1537116720, 'arrival_time': 1537126620}
1217	{'task_type': 'regular', 'locomotive': 22596, 'train_section': 24250, 'section': 22378, 'departure_time': 1536606300, 'arrival_time': 1536609960}
1218	{'task_type': 'deadhead', 'locomotive': 22596, 'first_train_section': 24250, 'first_section': 22378, 'first_departure_time': 1536606300, 'first_arrival_time': 1536609960, 'second_train_section': 24299, 'second_section': 22378, 'second_departure_time': 1536635340, 'second_arrival_time': 1536639000}
1219	{'task_type': 'regular', 'locomotive': 22596, 'train_section': 24299, 'section': 22378, 'departure_time': 1536635340, 'arrival_time': 1536639000}
1220	{'task_type': 'deadhead', 'locomotive': 22596, 'first_train_section': 24299, 'first_section': 22378, 'first_departure_time': 1536635340, 'first_arrival_time': 1536639000, 'second_train_section': 24261, 'second_section': 22495, 'second_departure_time': 1536652440, 'second_arrival_time': 1536655320}
1221	{'task_type': 'regular', 'locomotive': 22596, 'train_section': 24261, 'section': 22495, 'departure_time': 1536652440, 'arrival_time': 1536655320}
1222	{'task_type': 'deadhead', 'locomotive': 22596, 'first_train_section': 24261, 'first_section': 22495, 'first_departure_time': 1536652440, 'first_arrival_time': 1536655320, 'second_train_section': 25083, 'second_section': 22416, 'second_departure_time': 1536666840, 'second_arrival_time': 1536670500}
1223	{'task_type': 'regular', 'locomotive': 22596, 'train_section': 25083, 'section': 22416, 'departure_time': 1536666840, 'arrival_time': 1536670500}
1224	{'task_type': 'deadhead', 'locomotive': 22596, 'first_train_section': 25083, 'first_section': 22416, 'first_departure_time': 1536666840, 'first_arrival_time': 1536670500, 'second_train_section': 23860, 'second_section': 22413, 'second_departure_time': 1536676320, 'second_arrival_time': 1536680160}
1225	{'task_type': 'regular', 'locomotive': 22596, 'train_section': 23860, 'section': 22413, 'departure_time': 1536676320, 'arrival_time': 1536680160}
1226	{'task_type': 'deadhead', 'locomotive': 22596, 'first_train_section': 24598, 'first_section': 22353, 'first_departure_time': 1536685860, 'first_arrival_time': 1536703140, 'second_train_section': 24938, 'second_section': 22495, 'second_departure_time': 1536738480, 'second_arrival_time': 1536741360}
1227	{'task_type': 'regular', 'locomotive': 22596, 'train_section': 24938, 'section': 22495, 'departure_time': 1536738480, 'arrival_time': 1536741360}
1228	{'task_type': 'deadhead', 'locomotive': 22596, 'first_train_section': 24938, 'first_section': 22495, 'first_departure_time': 1536738480, 'first_arrival_time': 1536741360, 'second_train_section': 23659, 'second_section': 22261, 'second_departure_time': 1536752280, 'second_arrival_time': 1536754020}
1229	{'task_type': 'regular', 'locomotive': 22596, 'train_section': 23659, 'section': 22261, 'departure_time': 1536752280, 'arrival_time': 1536754020}
1230	{'task_type': 'deadhead', 'locomotive': 22596, 'first_train_section': 23659, 'first_section': 22261, 'first_departure_time': 1536752280, 'first_arrival_time': 1536754020, 'second_train_section': 24462, 'second_section': 22416, 'second_departure_time': 1536765840, 'second_arrival_time': 1536769500}
1231	{'task_type': 'regular', 'locomotive': 22596, 'train_section': 24462, 'section': 22416, 'departure_time': 1536765840, 'arrival_time': 1536769500}
1232	{'task_type': 'regular', 'locomotive': 22596, 'train_section': 23306, 'section': 22378, 'departure_time': 1536773700, 'arrival_time': 1536777360}
1233	{'task_type': 'deadhead', 'locomotive': 22596, 'first_train_section': 22807, 'first_section': 22417, 'first_departure_time': 1536779220, 'first_arrival_time': 1536784080, 'second_train_section': 23333, 'second_section': 22385, 'second_departure_time': 1536786540, 'second_arrival_time': 1536787440}
1234	{'task_type': 'regular', 'locomotive': 22596, 'train_section': 23333, 'section': 22385, 'departure_time': 1536786540, 'arrival_time': 1536787440}
1235	{'task_type': 'deadhead', 'locomotive': 22596, 'first_train_section': 23333, 'first_section': 22385, 'first_departure_time': 1536786540, 'first_arrival_time': 1536787440, 'second_train_section': 23072, 'second_section': 22431, 'second_departure_time': 1536803640, 'second_arrival_time': 1536807780}
1236	{'task_type': 'regular', 'locomotive': 22596, 'train_section': 23072, 'section': 22431, 'departure_time': 1536803640, 'arrival_time': 1536807780}
1237	{'task_type': 'deadhead', 'locomotive': 22596, 'first_train_section': 23072, 'first_section': 22431, 'first_departure_time': 1536803640, 'first_arrival_time': 1536807780, 'second_train_section': 24894, 'second_section': 22383, 'second_departure_time': 1536837120, 'second_arrival_time': 1536840540}
1238	{'task_type': 'regular', 'locomotive': 22596, 'train_section': 24894, 'section': 22383, 'departure_time': 1536837120, 'arrival_time': 1536840540}
1239	{'task_type': 'deadhead', 'locomotive': 22596, 'first_train_section': 24894, 'first_section': 22383, 'first_departure_time': 1536837120, 'first_arrival_time': 1536840540, 'second_train_section': 24273, 'second_section': 22247, 'second_departure_time': 1536856260, 'second_arrival_time': 1536865260}
1240	{'task_type': 'regular', 'locomotive': 22596, 'train_section': 24273, 'section': 22247, 'departure_time': 1536856260, 'arrival_time': 1536865260}
1241	{'task_type': 'regular', 'locomotive': 22596, 'train_section': 24217, 'section': 22320, 'departure_time': 1536893880, 'arrival_time': 1536900300}
1242	{'task_type': 'deadhead', 'locomotive': 22596, 'first_train_section': 24217, 'first_section': 22320, 'first_departure_time': 1536893880, 'first_arrival_time': 1536900300, 'second_train_section': 24601, 'second_section': 22388, 'second_departure_time': 1536903480, 'second_arrival_time': 1536905580}
1243	{'task_type': 'regular', 'locomotive': 22596, 'train_section': 24601, 'section': 22388, 'departure_time': 1536903480, 'arrival_time': 1536905580}
1244	{'task_type': 'deadhead', 'locomotive': 22596, 'first_train_section': 24601, 'first_section': 22388, 'first_departure_time': 1536903480, 'first_arrival_time': 1536905580, 'second_train_section': 24122, 'second_section': 22331, 'second_departure_time': 1536908880, 'second_arrival_time': 1536919680}
1245	{'task_type': 'regular', 'locomotive': 22596, 'train_section': 24122, 'section': 22331, 'departure_time': 1536908880, 'arrival_time': 1536919680}
1246	{'task_type': 'deadhead', 'locomotive': 22596, 'first_train_section': 24122, 'first_section': 22331, 'first_departure_time': 1536908880, 'first_arrival_time': 1536919680, 'second_train_section': 24979, 'second_section': 22331, 'second_departure_time': 1536937680, 'second_arrival_time': 1536948540}
1247	{'task_type': 'regular', 'locomotive': 22596, 'train_section': 24979, 'section': 22331, 'departure_time': 1536937680, 'arrival_time': 1536948540}
1248	{'task_type': 'deadhead', 'locomotive': 22596, 'first_train_section': 23905, 'first_section': 22319, 'first_departure_time': 1536962400, 'first_arrival_time': 1536985500, 'second_train_section': 23986, 'second_section': 22313, 'second_departure_time': 1537008480, 'second_arrival_time': 1537013400}
1249	{'task_type': 'regular', 'locomotive': 22596, 'train_section': 23986, 'section': 22313, 'departure_time': 1537008480, 'arrival_time': 1537013400}
1250	{'task_type': 'deadhead', 'locomotive': 22596, 'first_train_section': 23986, 'first_section': 22313, 'first_departure_time': 1537008480, 'first_arrival_time': 1537013400, 'second_train_section': 23065, 'second_section': 22288, 'second_departure_time': 1537016340, 'second_arrival_time': 1537025100}
1251	{'task_type': 'regular', 'locomotive': 22596, 'train_section': 23065, 'section': 22288, 'departure_time': 1537016340, 'arrival_time': 1537025100}
1252	{'task_type': 'regular', 'locomotive': 22597, 'train_section': 23319, 'section': 22456, 'departure_time': 1536644100, 'arrival_time': 1536645600}
1253	{'task_type': 'regular', 'locomotive': 22597, 'train_section': 22749, 'section': 22416, 'departure_time': 1536672240, 'arrival_time': 1536675900}
1254	{'task_type': 'deadhead', 'locomotive': 22597, 'first_train_section': 22749, 'first_section': 22416, 'first_departure_time': 1536672240, 'first_arrival_time': 1536675900, 'second_train_section': 22884, 'second_section': 22427, 'second_departure_time': 1536681600, 'second_arrival_time': 1536684480}
1255	{'task_type': 'regular', 'locomotive': 22597, 'train_section': 22884, 'section': 22427, 'departure_time': 1536681600, 'arrival_time': 1536684480}
1256	{'task_type': 'deadhead', 'locomotive': 22597, 'first_train_section': 22884, 'first_section': 22427, 'first_departure_time': 1536681600, 'first_arrival_time': 1536684480, 'second_train_section': 22890, 'second_section': 22304, 'second_departure_time': 1536692340, 'second_arrival_time': 1536696780}
1257	{'task_type': 'regular', 'locomotive': 22597, 'train_section': 22890, 'section': 22304, 'departure_time': 1536692340, 'arrival_time': 1536696780}
1258	{'task_type': 'deadhead', 'locomotive': 22597, 'first_train_section': 22890, 'first_section': 22304, 'first_departure_time': 1536692340, 'first_arrival_time': 1536696780, 'second_train_section': 22648, 'second_section': 22404, 'second_departure_time': 1536714060, 'second_arrival_time': 1536723060}
1259	{'task_type': 'regular', 'locomotive': 22597, 'train_section': 22648, 'section': 22404, 'departure_time': 1536714060, 'arrival_time': 1536723060}
1260	{'task_type': 'deadhead', 'locomotive': 22597, 'first_train_section': 22648, 'first_section': 22404, 'first_departure_time': 1536714060, 'first_arrival_time': 1536723060, 'second_train_section': 24940, 'second_section': 22309, 'second_departure_time': 1536741960, 'second_arrival_time': 1536746520}
1261	{'task_type': 'regular', 'locomotive': 22597, 'train_section': 24940, 'section': 22309, 'departure_time': 1536741960, 'arrival_time': 1536746520}
1262	{'task_type': 'regular', 'locomotive': 22597, 'train_section': 24102, 'section': 22505, 'departure_time': 1536754740, 'arrival_time': 1536760620}
1263	{'task_type': 'deadhead', 'locomotive': 22597, 'first_train_section': 24102, 'first_section': 22505, 'first_departure_time': 1536754740, 'first_arrival_time': 1536760620, 'second_train_section': 24106, 'second_section': 22496, 'second_departure_time': 1536766680, 'second_arrival_time': 1536771600}
1264	{'task_type': 'regular', 'locomotive': 22597, 'train_section': 24106, 'section': 22496, 'departure_time': 1536766680, 'arrival_time': 1536771600}
1265	{'task_type': 'deadhead', 'locomotive': 22597, 'first_train_section': 23079, 'first_section': 22417, 'first_departure_time': 1536782760, 'first_arrival_time': 1536789540, 'second_train_section': 25250, 'second_section': 22495, 'second_departure_time': 1536795840, 'second_arrival_time': 1536798720}
1266	{'task_type': 'regular', 'locomotive': 22597, 'train_section': 25250, 'section': 22495, 'departure_time': 1536795840, 'arrival_time': 1536798720}
1267	{'task_type': 'deadhead', 'locomotive': 22597, 'first_train_section': 25250, 'first_section': 22495, 'first_departure_time': 1536795840, 'first_arrival_time': 1536798720, 'second_train_section': 24738, 'second_section': 22416, 'second_departure_time': 1536810840, 'second_arrival_time': 1536814500}
1268	{'task_type': 'regular', 'locomotive': 22597, 'train_section': 24738, 'section': 22416, 'departure_time': 1536810840, 'arrival_time': 1536814500}
1269	{'task_type': 'deadhead', 'locomotive': 22597, 'first_train_section': 24738, 'first_section': 22416, 'first_departure_time': 1536810840, 'first_arrival_time': 1536814500, 'second_train_section': 22619, 'second_section': 22281, 'second_departure_time': 1536822840, 'second_arrival_time': 1536828000}
1270	{'task_type': 'regular', 'locomotive': 22597, 'train_section': 22619, 'section': 22281, 'departure_time': 1536822840, 'arrival_time': 1536828000}
1271	{'task_type': 'deadhead', 'locomotive': 22597, 'first_train_section': 22619, 'first_section': 22281, 'first_departure_time': 1536822840, 'first_arrival_time': 1536828000, 'second_train_section': 24871, 'second_section': 22279, 'second_departure_time': 1536839400, 'second_arrival_time': 1536844320}
1272	{'task_type': 'regular', 'locomotive': 22597, 'train_section': 24871, 'section': 22279, 'departure_time': 1536839400, 'arrival_time': 1536844320}
1273	{'task_type': 'deadhead', 'locomotive': 22597, 'first_train_section': 24871, 'first_section': 22279, 'first_departure_time': 1536839400, 'first_arrival_time': 1536844320, 'second_train_section': 22857, 'second_section': 22378, 'second_departure_time': 1536860100, 'second_arrival_time': 1536863760}
1274	{'task_type': 'regular', 'locomotive': 22597, 'train_section': 22857, 'section': 22378, 'departure_time': 1536860100, 'arrival_time': 1536863760}
1275	{'task_type': 'deadhead', 'locomotive': 22597, 'first_train_section': 25053, 'first_section': 22417, 'first_departure_time': 1536865620, 'first_arrival_time': 1536870480, 'second_train_section': 24189, 'second_section': 22483, 'second_departure_time': 1536886320, 'second_arrival_time': 1536889380}
1276	{'task_type': 'regular', 'locomotive': 22597, 'train_section': 24189, 'section': 22483, 'departure_time': 1536886320, 'arrival_time': 1536889380}
1277	{'task_type': 'deadhead', 'locomotive': 22597, 'first_train_section': 24189, 'first_section': 22483, 'first_departure_time': 1536886320, 'first_arrival_time': 1536889380, 'second_train_section': 23410, 'second_section': 22245, 'second_departure_time': 1536901080, 'second_arrival_time': 1536906540}
1278	{'task_type': 'regular', 'locomotive': 22597, 'train_section': 23410, 'section': 22245, 'departure_time': 1536901080, 'arrival_time': 1536906540}
1279	{'task_type': 'deadhead', 'locomotive': 22597, 'first_train_section': 23410, 'first_section': 22245, 'first_departure_time': 1536901080, 'first_arrival_time': 1536906540, 'second_train_section': 24657, 'second_section': 22482, 'second_departure_time': 1536922080, 'second_arrival_time': 1536923700}
1280	{'task_type': 'regular', 'locomotive': 22597, 'train_section': 24657, 'section': 22482, 'departure_time': 1536922080, 'arrival_time': 1536923700}
1281	{'task_type': 'deadhead', 'locomotive': 22597, 'first_train_section': 24657, 'first_section': 22482, 'first_departure_time': 1536922080, 'first_arrival_time': 1536923700, 'second_train_section': 25132, 'second_section': 22315, 'second_departure_time': 1536943680, 'second_arrival_time': 1536948180}
1282	{'task_type': 'regular', 'locomotive': 22597, 'train_section': 25132, 'section': 22315, 'departure_time': 1536943680, 'arrival_time': 1536948180}
1283	{'task_type': 'deadhead', 'locomotive': 22597, 'first_train_section': 25132, 'first_section': 22315, 'first_departure_time': 1536943680, 'first_arrival_time': 1536948180, 'second_train_section': 24717, 'second_section': 22289, 'second_departure_time': 1536953100, 'second_arrival_time': 1536960720}
1284	{'task_type': 'regular', 'locomotive': 22597, 'train_section': 24717, 'section': 22289, 'departure_time': 1536953100, 'arrival_time': 1536960720}
1285	{'task_type': 'deadhead', 'locomotive': 22597, 'first_train_section': 24717, 'first_section': 22289, 'first_departure_time': 1536953100, 'first_arrival_time': 1536960720, 'second_train_section': 24348, 'second_section': 22330, 'second_departure_time': 1536968400, 'second_arrival_time': 1536976620}
1286	{'task_type': 'regular', 'locomotive': 22597, 'train_section': 24348, 'section': 22330, 'departure_time': 1536968400, 'arrival_time': 1536976620}
1287	{'task_type': 'deadhead', 'locomotive': 22597, 'first_train_section': 24348, 'first_section': 22330, 'first_departure_time': 1536968400, 'first_arrival_time': 1536976620, 'second_train_section': 24991, 'second_section': 22247, 'second_departure_time': 1536992880, 'second_arrival_time': 1537003080}
1288	{'task_type': 'regular', 'locomotive': 22597, 'train_section': 24991, 'section': 22247, 'departure_time': 1536992880, 'arrival_time': 1537003080}
1289	{'task_type': 'deadhead', 'locomotive': 22597, 'first_train_section': 24991, 'first_section': 22247, 'first_departure_time': 1536992880, 'first_arrival_time': 1537003080, 'second_train_section': 24729, 'second_section': 22247, 'second_departure_time': 1537014720, 'second_arrival_time': 1537025820}
1290	{'task_type': 'regular', 'locomotive': 22597, 'train_section': 24729, 'section': 22247, 'departure_time': 1537014720, 'arrival_time': 1537025820}
1291	{'task_type': 'deadhead', 'locomotive': 22597, 'first_train_section': 24729, 'first_section': 22247, 'first_departure_time': 1537014720, 'first_arrival_time': 1537025820, 'second_train_section': 24372, 'second_section': 22397, 'second_departure_time': 1537055400, 'second_arrival_time': 1537063440}
1292	{'task_type': 'regular', 'locomotive': 22597, 'train_section': 24372, 'section': 22397, 'departure_time': 1537055400, 'arrival_time': 1537063440}
1293	{'task_type': 'deadhead', 'locomotive': 22597, 'first_train_section': 24372, 'first_section': 22397, 'first_departure_time': 1537055400, 'first_arrival_time': 1537063440, 'second_train_section': 23356, 'second_section': 22313, 'second_departure_time': 1537105020, 'second_arrival_time': 1537110480}
1294	{'task_type': 'regular', 'locomotive': 22597, 'train_section': 23356, 'section': 22313, 'departure_time': 1537105020, 'arrival_time': 1537110480}
1295	{'task_type': 'regular', 'locomotive': 22598, 'train_section': 23569, 'section': 22315, 'departure_time': 1536598080, 'arrival_time': 1536602580}
1296	{'task_type': 'deadhead', 'locomotive': 22598, 'first_train_section': 23928, 'first_section': 22411, 'first_departure_time': 1536703200, 'first_arrival_time': 1536722820, 'second_train_section': 23961, 'second_section': 22333, 'second_departure_time': 1536732900, 'second_arrival_time': 1536735720}
1297	{'task_type': 'regular', 'locomotive': 22598, 'train_section': 23961, 'section': 22333, 'departure_time': 1536732900, 'arrival_time': 1536735720}
1298	{'task_type': 'deadhead', 'locomotive': 22598, 'first_train_section': 23511, 'first_section': 22328, 'first_departure_time': 1536747540, 'first_arrival_time': 1536761700, 'second_train_section': 23265, 'second_section': 22387, 'second_departure_time': 1536773880, 'second_arrival_time': 1536775320}
1299	{'task_type': 'regular', 'locomotive': 22598, 'train_section': 23265, 'section': 22387, 'departure_time': 1536773880, 'arrival_time': 1536775320}
1300	{'task_type': 'deadhead', 'locomotive': 22598, 'first_train_section': 23265, 'first_section': 22387, 'first_departure_time': 1536773880, 'first_arrival_time': 1536775320, 'second_train_section': 24427, 'second_section': 22334, 'second_departure_time': 1536783420, 'second_arrival_time': 1536786600}
1301	{'task_type': 'regular', 'locomotive': 22598, 'train_section': 24427, 'section': 22334, 'departure_time': 1536783420, 'arrival_time': 1536786600}
1302	{'task_type': 'deadhead', 'locomotive': 22598, 'first_train_section': 24427, 'first_section': 22334, 'first_departure_time': 1536783420, 'first_arrival_time': 1536786600, 'second_train_section': 23106, 'second_section': 22273, 'second_departure_time': 1536810480, 'second_arrival_time': 1536814860}
1303	{'task_type': 'regular', 'locomotive': 22598, 'train_section': 23106, 'section': 22273, 'departure_time': 1536810480, 'arrival_time': 1536814860}
1304	{'task_type': 'deadhead', 'locomotive': 22598, 'first_train_section': 23106, 'first_section': 22273, 'first_departure_time': 1536810480, 'first_arrival_time': 1536814860, 'second_train_section': 23430, 'second_section': 22465, 'second_departure_time': 1536817260, 'second_arrival_time': 1536818460}
1305	{'task_type': 'regular', 'locomotive': 22598, 'train_section': 23430, 'section': 22465, 'departure_time': 1536817260, 'arrival_time': 1536818460}
1306	{'task_type': 'regular', 'locomotive': 22598, 'train_section': 24678, 'section': 22401, 'departure_time': 1536838500, 'arrival_time': 1536839880}
1307	{'task_type': 'deadhead', 'locomotive': 22598, 'first_train_section': 24678, 'first_section': 22401, 'first_departure_time': 1536838500, 'first_arrival_time': 1536839880, 'second_train_section': 22863, 'second_section': 22240, 'second_departure_time': 1536851820, 'second_arrival_time': 1536854100}
1308	{'task_type': 'regular', 'locomotive': 22598, 'train_section': 22863, 'section': 22240, 'departure_time': 1536851820, 'arrival_time': 1536854100}
1309	{'task_type': 'deadhead', 'locomotive': 22598, 'first_train_section': 22863, 'first_section': 22240, 'first_departure_time': 1536851820, 'first_arrival_time': 1536854100, 'second_train_section': 23829, 'second_section': 22317, 'second_departure_time': 1536856320, 'second_arrival_time': 1536858060}
1310	{'task_type': 'regular', 'locomotive': 22598, 'train_section': 23829, 'section': 22317, 'departure_time': 1536856320, 'arrival_time': 1536858060}
1311	{'task_type': 'deadhead', 'locomotive': 22598, 'first_train_section': 23829, 'first_section': 22317, 'first_departure_time': 1536856320, 'first_arrival_time': 1536858060, 'second_train_section': 23023, 'second_section': 22247, 'second_departure_time': 1536869760, 'second_arrival_time': 1536878460}
1312	{'task_type': 'regular', 'locomotive': 22598, 'train_section': 23023, 'section': 22247, 'departure_time': 1536869760, 'arrival_time': 1536878460}
1313	{'task_type': 'deadhead', 'locomotive': 22598, 'first_train_section': 23023, 'first_section': 22247, 'first_departure_time': 1536869760, 'first_arrival_time': 1536878460, 'second_train_section': 22845, 'second_section': 22404, 'second_departure_time': 1536883380, 'second_arrival_time': 1536892020}
1314	{'task_type': 'regular', 'locomotive': 22598, 'train_section': 22845, 'section': 22404, 'departure_time': 1536883380, 'arrival_time': 1536892020}
1315	{'task_type': 'deadhead', 'locomotive': 22598, 'first_train_section': 22845, 'first_section': 22404, 'first_departure_time': 1536883380, 'first_arrival_time': 1536892020, 'second_train_section': 23341, 'second_section': 22409, 'second_departure_time': 1536904740, 'second_arrival_time': 1536912240}
1316	{'task_type': 'regular', 'locomotive': 22598, 'train_section': 23341, 'section': 22409, 'departure_time': 1536904740, 'arrival_time': 1536912240}
1317	{'task_type': 'deadhead', 'locomotive': 22598, 'first_train_section': 23341, 'first_section': 22409, 'first_departure_time': 1536904740, 'first_arrival_time': 1536912240, 'second_train_section': 23981, 'second_section': 22404, 'second_departure_time': 1536920400, 'second_arrival_time': 1536929160}
1318	{'task_type': 'regular', 'locomotive': 22598, 'train_section': 23981, 'section': 22404, 'departure_time': 1536920400, 'arrival_time': 1536929160}
1319	{'task_type': 'deadhead', 'locomotive': 22598, 'first_train_section': 25513, 'first_section': 22302, 'first_departure_time': 1536947100, 'first_arrival_time': 1536962340, 'second_train_section': 23604, 'second_section': 22407, 'second_departure_time': 1536999960, 'second_arrival_time': 1537006800}
1320	{'task_type': 'regular', 'locomotive': 22598, 'train_section': 23604, 'section': 22407, 'departure_time': 1536999960, 'arrival_time': 1537006800}
1321	{'task_type': 'regular', 'locomotive': 22600, 'train_section': 23763, 'section': 22378, 'departure_time': 1536689100, 'arrival_time': 1536692760}
1322	{'task_type': 'deadhead', 'locomotive': 22600, 'first_train_section': 23763, 'first_section': 22378, 'first_departure_time': 1536689100, 'first_arrival_time': 1536692760, 'second_train_section': 23720, 'second_section': 22427, 'second_departure_time': 1536702540, 'second_arrival_time': 1536705480}
1323	{'task_type': 'regular', 'locomotive': 22600, 'train_section': 23720, 'section': 22427, 'departure_time': 1536702540, 'arrival_time': 1536705480}
1324	{'task_type': 'deadhead', 'locomotive': 22600, 'first_train_section': 23720, 'first_section': 22427, 'first_departure_time': 1536702540, 'first_arrival_time': 1536705480, 'second_train_section': 23845, 'second_section': 22512, 'second_departure_time': 1536726540, 'second_arrival_time': 1536729900}
1325	{'task_type': 'regular', 'locomotive': 22600, 'train_section': 23845, 'section': 22512, 'departure_time': 1536726540, 'arrival_time': 1536729900}
1326	{'task_type': 'deadhead', 'locomotive': 22600, 'first_train_section': 23845, 'first_section': 22512, 'first_departure_time': 1536726540, 'first_arrival_time': 1536729900, 'second_train_section': 25211, 'second_section': 22383, 'second_departure_time': 1536750720, 'second_arrival_time': 1536754140}
1327	{'task_type': 'regular', 'locomotive': 22600, 'train_section': 25211, 'section': 22383, 'departure_time': 1536750720, 'arrival_time': 1536754140}
1328	{'task_type': 'regular', 'locomotive': 22600, 'train_section': 23899, 'section': 22396, 'departure_time': 1536756960, 'arrival_time': 1536758820}
1329	{'task_type': 'regular', 'locomotive': 22600, 'train_section': 25396, 'section': 22317, 'departure_time': 1536769920, 'arrival_time': 1536771660}
1330	{'task_type': 'regular', 'locomotive': 22600, 'train_section': 24470, 'section': 22398, 'departure_time': 1536787200, 'arrival_time': 1536793080}
1331	{'task_type': 'deadhead', 'locomotive': 22600, 'first_train_section': 24470, 'first_section': 22398, 'first_departure_time': 1536787200, 'first_arrival_time': 1536793080, 'second_train_section': 25165, 'second_section': 22342, 'second_departure_time': 1536810420, 'second_arrival_time': 1536816900}
1332	{'task_type': 'regular', 'locomotive': 22600, 'train_section': 25165, 'section': 22342, 'departure_time': 1536810420, 'arrival_time': 1536816900}
1333	{'task_type': 'deadhead', 'locomotive': 22600, 'first_train_section': 25165, 'first_section': 22342, 'first_departure_time': 1536810420, 'first_arrival_time': 1536816900, 'second_train_section': 25239, 'second_section': 22447, 'second_departure_time': 1536821580, 'second_arrival_time': 1536824640}
1334	{'task_type': 'regular', 'locomotive': 22600, 'train_section': 25239, 'section': 22447, 'departure_time': 1536821580, 'arrival_time': 1536824640}
1335	{'task_type': 'deadhead', 'locomotive': 22600, 'first_train_section': 25239, 'first_section': 22447, 'first_departure_time': 1536821580, 'first_arrival_time': 1536824640, 'second_train_section': 23693, 'second_section': 22488, 'second_departure_time': 1536851640, 'second_arrival_time': 1536856020}
1336	{'task_type': 'regular', 'locomotive': 22600, 'train_section': 23693, 'section': 22488, 'departure_time': 1536851640, 'arrival_time': 1536856020}
1337	{'task_type': 'deadhead', 'locomotive': 22600, 'first_train_section': 23699, 'first_section': 22359, 'first_departure_time': 1536872400, 'first_arrival_time': 1536895800, 'second_train_section': 24568, 'second_section': 22245, 'second_departure_time': 1536910380, 'second_arrival_time': 1536915360}
1338	{'task_type': 'regular', 'locomotive': 22600, 'train_section': 24568, 'section': 22245, 'departure_time': 1536910380, 'arrival_time': 1536915360}
1339	{'task_type': 'deadhead', 'locomotive': 22600, 'first_train_section': 24568, 'first_section': 22245, 'first_departure_time': 1536910380, 'first_arrival_time': 1536915360, 'second_train_section': 24954, 'second_section': 22317, 'second_departure_time': 1536942720, 'second_arrival_time': 1536944460}
1340	{'task_type': 'regular', 'locomotive': 22600, 'train_section': 24954, 'section': 22317, 'departure_time': 1536942720, 'arrival_time': 1536944460}
1341	{'task_type': 'deadhead', 'locomotive': 22600, 'first_train_section': 24954, 'first_section': 22317, 'first_departure_time': 1536942720, 'first_arrival_time': 1536944460, 'second_train_section': 24212, 'second_section': 22404, 'second_departure_time': 1536950280, 'second_arrival_time': 1536959100}
1342	{'task_type': 'regular', 'locomotive': 22600, 'train_section': 24212, 'section': 22404, 'departure_time': 1536950280, 'arrival_time': 1536959100}
1343	{'task_type': 'deadhead', 'locomotive': 22600, 'first_train_section': 24212, 'first_section': 22404, 'first_departure_time': 1536950280, 'first_arrival_time': 1536959100, 'second_train_section': 23887, 'second_section': 22329, 'second_departure_time': 1536987480, 'second_arrival_time': 1536988920}
1344	{'task_type': 'regular', 'locomotive': 22600, 'train_section': 23887, 'section': 22329, 'departure_time': 1536987480, 'arrival_time': 1536988920}
1345	{'task_type': 'deadhead', 'locomotive': 22600, 'first_train_section': 23887, 'first_section': 22329, 'first_departure_time': 1536987480, 'first_arrival_time': 1536988920, 'second_train_section': 22872, 'second_section': 22313, 'second_departure_time': 1537001280, 'second_arrival_time': 1537006200}
1346	{'task_type': 'regular', 'locomotive': 22600, 'train_section': 22872, 'section': 22313, 'departure_time': 1537001280, 'arrival_time': 1537006200}
1347	{'task_type': 'regular', 'locomotive': 22601, 'train_section': 24150, 'section': 22431, 'departure_time': 1536630840, 'arrival_time': 1536634980}
1348	{'task_type': 'regular', 'locomotive': 22601, 'train_section': 25320, 'section': 22495, 'departure_time': 1536637260, 'arrival_time': 1536640260}
1349	{'task_type': 'deadhead', 'locomotive': 22601, 'first_train_section': 25320, 'first_section': 22495, 'first_departure_time': 1536637260, 'first_arrival_time': 1536640260, 'second_train_section': 23049, 'second_section': 22311, 'second_departure_time': 1536658800, 'second_arrival_time': 1536661560}
1350	{'task_type': 'regular', 'locomotive': 22601, 'train_section': 23049, 'section': 22311, 'departure_time': 1536658800, 'arrival_time': 1536661560}
1351	{'task_type': 'deadhead', 'locomotive': 22601, 'first_train_section': 23049, 'first_section': 22311, 'first_departure_time': 1536658800, 'first_arrival_time': 1536661560, 'second_train_section': 24024, 'second_section': 22331, 'second_departure_time': 1536671280, 'second_arrival_time': 1536682080}
1352	{'task_type': 'regular', 'locomotive': 22601, 'train_section': 24024, 'section': 22331, 'departure_time': 1536671280, 'arrival_time': 1536682080}
1353	{'task_type': 'deadhead', 'locomotive': 22601, 'first_train_section': 24024, 'first_section': 22331, 'first_departure_time': 1536671280, 'first_arrival_time': 1536682080, 'second_train_section': 23851, 'second_section': 22398, 'second_departure_time': 1536700800, 'second_arrival_time': 1536706680}
1354	{'task_type': 'regular', 'locomotive': 22601, 'train_section': 23851, 'section': 22398, 'departure_time': 1536700800, 'arrival_time': 1536706680}
1355	{'task_type': 'deadhead', 'locomotive': 22601, 'first_train_section': 23851, 'first_section': 22398, 'first_departure_time': 1536700800, 'first_arrival_time': 1536706680, 'second_train_section': 22767, 'second_section': 22361, 'second_departure_time': 1536726240, 'second_arrival_time': 1536729240}
1356	{'task_type': 'regular', 'locomotive': 22601, 'train_section': 22767, 'section': 22361, 'departure_time': 1536726240, 'arrival_time': 1536729240}
1357	{'task_type': 'deadhead', 'locomotive': 22601, 'first_train_section': 22767, 'first_section': 22361, 'first_departure_time': 1536726240, 'first_arrival_time': 1536729240, 'second_train_section': 23601, 'second_section': 22489, 'second_departure_time': 1536745620, 'second_arrival_time': 1536748620}
1358	{'task_type': 'regular', 'locomotive': 22601, 'train_section': 23601, 'section': 22489, 'departure_time': 1536745620, 'arrival_time': 1536748620}
1359	{'task_type': 'deadhead', 'locomotive': 22601, 'first_train_section': 23601, 'first_section': 22489, 'first_departure_time': 1536745620, 'first_arrival_time': 1536748620, 'second_train_section': 25144, 'second_section': 22401, 'second_departure_time': 1536752100, 'second_arrival_time': 1536753480}
1360	{'task_type': 'regular', 'locomotive': 22601, 'train_section': 25144, 'section': 22401, 'departure_time': 1536752100, 'arrival_time': 1536753480}
1361	{'task_type': 'deadhead', 'locomotive': 22601, 'first_train_section': 25144, 'first_section': 22401, 'first_departure_time': 1536752100, 'first_arrival_time': 1536753480, 'second_train_section': 25432, 'second_section': 22480, 'second_departure_time': 1536767700, 'second_arrival_time': 1536769860}
1362	{'task_type': 'regular', 'locomotive': 22601, 'train_section': 25432, 'section': 22480, 'departure_time': 1536767700, 'arrival_time': 1536769860}
1363	{'task_type': 'regular', 'locomotive': 22601, 'train_section': 25434, 'section': 22308, 'departure_time': 1536770880, 'arrival_time': 1536773820}
1364	{'task_type': 'regular', 'locomotive': 22601, 'train_section': 25436, 'section': 22496, 'departure_time': 1536774540, 'arrival_time': 1536779160}
1365	{'task_type': 'deadhead', 'locomotive': 22601, 'first_train_section': 24093, 'first_section': 22502, 'first_departure_time': 1536789660, 'first_arrival_time': 1536813900, 'second_train_section': 24535, 'second_section': 22479, 'second_departure_time': 1536844560, 'second_arrival_time': 1536846180}
1366	{'task_type': 'regular', 'locomotive': 22601, 'train_section': 24535, 'section': 22479, 'departure_time': 1536844560, 'arrival_time': 1536846180}
1367	{'task_type': 'deadhead', 'locomotive': 22601, 'first_train_section': 24535, 'first_section': 22479, 'first_departure_time': 1536844560, 'first_arrival_time': 1536846180, 'second_train_section': 24269, 'second_section': 22482, 'second_departure_time': 1536848700, 'second_arrival_time': 1536850620}
1368	{'task_type': 'regular', 'locomotive': 22601, 'train_section': 24269, 'section': 22482, 'departure_time': 1536848700, 'arrival_time': 1536850620}
1369	{'task_type': 'deadhead', 'locomotive': 22601, 'first_train_section': 24269, 'first_section': 22482, 'first_departure_time': 1536848700, 'first_arrival_time': 1536850620, 'second_train_section': 23021, 'second_section': 22304, 'second_departure_time': 1536865140, 'second_arrival_time': 1536869580}
1370	{'task_type': 'regular', 'locomotive': 22601, 'train_section': 23021, 'section': 22304, 'departure_time': 1536865140, 'arrival_time': 1536869580}
1371	{'task_type': 'deadhead', 'locomotive': 22601, 'first_train_section': 23021, 'first_section': 22304, 'first_departure_time': 1536865140, 'first_arrival_time': 1536869580, 'second_train_section': 23995, 'second_section': 22309, 'second_departure_time': 1536876540, 'second_arrival_time': 1536881400}
1372	{'task_type': 'regular', 'locomotive': 22601, 'train_section': 23995, 'section': 22309, 'departure_time': 1536876540, 'arrival_time': 1536881400}
1373	{'task_type': 'deadhead', 'locomotive': 22601, 'first_train_section': 23995, 'first_section': 22309, 'first_departure_time': 1536876540, 'first_arrival_time': 1536881400, 'second_train_section': 24302, 'second_section': 22474, 'second_departure_time': 1536895200, 'second_arrival_time': 1536896880}
1374	{'task_type': 'regular', 'locomotive': 22601, 'train_section': 24302, 'section': 22474, 'departure_time': 1536895200, 'arrival_time': 1536896880}
1375	{'task_type': 'regular', 'locomotive': 22601, 'train_section': 23439, 'section': 22512, 'departure_time': 1536899340, 'arrival_time': 1536902700}
1376	{'task_type': 'deadhead', 'locomotive': 22601, 'first_train_section': 23439, 'first_section': 22512, 'first_departure_time': 1536899340, 'first_arrival_time': 1536902700, 'second_train_section': 25189, 'second_section': 22389, 'second_departure_time': 1536931800, 'second_arrival_time': 1536938520}
1377	{'task_type': 'regular', 'locomotive': 22601, 'train_section': 25189, 'section': 22389, 'departure_time': 1536931800, 'arrival_time': 1536938520}
1378	{'task_type': 'deadhead', 'locomotive': 22601, 'first_train_section': 25189, 'first_section': 22389, 'first_departure_time': 1536931800, 'first_arrival_time': 1536938520, 'second_train_section': 24198, 'second_section': 22378, 'second_departure_time': 1536948300, 'second_arrival_time': 1536951960}
1379	{'task_type': 'regular', 'locomotive': 22601, 'train_section': 24198, 'section': 22378, 'departure_time': 1536948300, 'arrival_time': 1536951960}
1380	{'task_type': 'deadhead', 'locomotive': 22601, 'first_train_section': 24198, 'first_section': 22378, 'first_departure_time': 1536948300, 'first_arrival_time': 1536951960, 'second_train_section': 25412, 'second_section': 22427, 'second_departure_time': 1536956700, 'second_arrival_time': 1536959580}
1381	{'task_type': 'regular', 'locomotive': 22601, 'train_section': 25412, 'section': 22427, 'departure_time': 1536956700, 'arrival_time': 1536959580}
1382	{'task_type': 'deadhead', 'locomotive': 22601, 'first_train_section': 25412, 'first_section': 22427, 'first_departure_time': 1536956700, 'first_arrival_time': 1536959580, 'second_train_section': 23819, 'second_section': 22348, 'second_departure_time': 1536981180, 'second_arrival_time': 1536984720}
1383	{'task_type': 'regular', 'locomotive': 22601, 'train_section': 23819, 'section': 22348, 'departure_time': 1536981180, 'arrival_time': 1536984720}
1384	{'task_type': 'deadhead', 'locomotive': 22601, 'first_train_section': 23819, 'first_section': 22348, 'first_departure_time': 1536981180, 'first_arrival_time': 1536984720, 'second_train_section': 23237, 'second_section': 22378, 'second_departure_time': 1536998700, 'second_arrival_time': 1537002360}
1385	{'task_type': 'regular', 'locomotive': 22601, 'train_section': 23237, 'section': 22378, 'departure_time': 1536998700, 'arrival_time': 1537002360}
1386	{'task_type': 'regular', 'locomotive': 22602, 'train_section': 23685, 'section': 22356, 'departure_time': 1536627720, 'arrival_time': 1536635460}
1387	{'task_type': 'deadhead', 'locomotive': 22602, 'first_train_section': 23685, 'first_section': 22356, 'first_departure_time': 1536627720, 'first_arrival_time': 1536635460, 'second_train_section': 25323, 'second_section': 22309, 'second_departure_time': 1536641760, 'second_arrival_time': 1536647280}
1388	{'task_type': 'regular', 'locomotive': 22602, 'train_section': 25323, 'section': 22309, 'departure_time': 1536641760, 'arrival_time': 1536647280}
1389	{'task_type': 'regular', 'locomotive': 22602, 'train_section': 25326, 'section': 22506, 'departure_time': 1536647640, 'arrival_time': 1536648420}
1390	{'task_type': 'deadhead', 'locomotive': 22602, 'first_train_section': 25326, 'first_section': 22506, 'first_departure_time': 1536647640, 'first_arrival_time': 1536648420, 'second_train_section': 24384, 'second_section': 22262, 'second_departure_time': 1536671280, 'second_arrival_time': 1536671580}
1391	{'task_type': 'regular', 'locomotive': 22602, 'train_section': 24384, 'section': 22262, 'departure_time': 1536671280, 'arrival_time': 1536671580}
1392	{'task_type': 'deadhead', 'locomotive': 22602, 'first_train_section': 24384, 'first_section': 22262, 'first_departure_time': 1536671280, 'first_arrival_time': 1536671580, 'second_train_section': 24388, 'second_section': 22247, 'second_departure_time': 1536675120, 'second_arrival_time': 1536686220}
1393	{'task_type': 'regular', 'locomotive': 22602, 'train_section': 24388, 'section': 22247, 'departure_time': 1536675120, 'arrival_time': 1536686220}
1394	{'task_type': 'deadhead', 'locomotive': 22602, 'first_train_section': 24388, 'first_section': 22247, 'first_departure_time': 1536675120, 'first_arrival_time': 1536686220, 'second_train_section': 25543, 'second_section': 22407, 'second_departure_time': 1536689880, 'second_arrival_time': 1536696540}
1395	{'task_type': 'regular', 'locomotive': 22602, 'train_section': 25543, 'section': 22407, 'departure_time': 1536689880, 'arrival_time': 1536696540}
1396	{'task_type': 'regular', 'locomotive': 22602, 'train_section': 25545, 'section': 22334, 'departure_time': 1536697020, 'arrival_time': 1536700200}
1397	{'task_type': 'deadhead', 'locomotive': 22602, 'first_train_section': 25545, 'first_section': 22334, 'first_departure_time': 1536697020, 'first_arrival_time': 1536700200, 'second_train_section': 24495, 'second_section': 22427, 'second_departure_time': 1536721020, 'second_arrival_time': 1536724020}
1398	{'task_type': 'regular', 'locomotive': 22602, 'train_section': 24495, 'section': 22427, 'departure_time': 1536721020, 'arrival_time': 1536724020}
1399	{'task_type': 'deadhead', 'locomotive': 22602, 'first_train_section': 24495, 'first_section': 22427, 'first_departure_time': 1536721020, 'first_arrival_time': 1536724020, 'second_train_section': 24502, 'second_section': 22304, 'second_departure_time': 1536730500, 'second_arrival_time': 1536735540}
1400	{'task_type': 'regular', 'locomotive': 22602, 'train_section': 24502, 'section': 22304, 'departure_time': 1536730500, 'arrival_time': 1536735540}
1401	{'task_type': 'regular', 'locomotive': 22602, 'train_section': 24504, 'section': 22247, 'departure_time': 1536735720, 'arrival_time': 1536744960}
1402	{'task_type': 'deadhead', 'locomotive': 22602, 'first_train_section': 24504, 'first_section': 22247, 'first_departure_time': 1536735720, 'first_arrival_time': 1536744960, 'second_train_section': 23865, 'second_section': 22248, 'second_departure_time': 1536756960, 'second_arrival_time': 1536759600}
1403	{'task_type': 'regular', 'locomotive': 22602, 'train_section': 23865, 'section': 22248, 'departure_time': 1536756960, 'arrival_time': 1536759600}
1404	{'task_type': 'deadhead', 'locomotive': 22602, 'first_train_section': 23865, 'first_section': 22248, 'first_departure_time': 1536756960, 'first_arrival_time': 1536759600, 'second_train_section': 22726, 'second_section': 22242, 'second_departure_time': 1536773040, 'second_arrival_time': 1536776220}
1405	{'task_type': 'regular', 'locomotive': 22602, 'train_section': 22726, 'section': 22242, 'departure_time': 1536773040, 'arrival_time': 1536776220}
1406	{'task_type': 'deadhead', 'locomotive': 22602, 'first_train_section': 22726, 'first_section': 22242, 'first_departure_time': 1536773040, 'first_arrival_time': 1536776220, 'second_train_section': 23255, 'second_section': 22407, 'second_departure_time': 1536798720, 'second_arrival_time': 1536806160}
1407	{'task_type': 'regular', 'locomotive': 22602, 'train_section': 23255, 'section': 22407, 'departure_time': 1536798720, 'arrival_time': 1536806160}
1408	{'task_type': 'deadhead', 'locomotive': 22602, 'first_train_section': 23255, 'first_section': 22407, 'first_departure_time': 1536798720, 'first_arrival_time': 1536806160, 'second_train_section': 23801, 'second_section': 22329, 'second_departure_time': 1536814680, 'second_arrival_time': 1536816120}
1409	{'task_type': 'regular', 'locomotive': 22602, 'train_section': 23801, 'section': 22329, 'departure_time': 1536814680, 'arrival_time': 1536816120}
1410	{'task_type': 'deadhead', 'locomotive': 22602, 'first_train_section': 23801, 'first_section': 22329, 'first_departure_time': 1536814680, 'first_arrival_time': 1536816120, 'second_train_section': 24595, 'second_section': 22492, 'second_departure_time': 1536819840, 'second_arrival_time': 1536829080}
1411	{'task_type': 'regular', 'locomotive': 22602, 'train_section': 24595, 'section': 22492, 'departure_time': 1536819840, 'arrival_time': 1536829080}
1412	{'task_type': 'deadhead', 'locomotive': 22602, 'first_train_section': 24595, 'first_section': 22492, 'first_departure_time': 1536819840, 'first_arrival_time': 1536829080, 'second_train_section': 23117, 'second_section': 22351, 'second_departure_time': 1536835680, 'second_arrival_time': 1536840840}
1413	{'task_type': 'regular', 'locomotive': 22602, 'train_section': 23117, 'section': 22351, 'departure_time': 1536835680, 'arrival_time': 1536840840}
1414	{'task_type': 'deadhead', 'locomotive': 22602, 'first_train_section': 23117, 'first_section': 22351, 'first_departure_time': 1536835680, 'first_arrival_time': 1536840840, 'second_train_section': 24173, 'second_section': 22505, 'second_departure_time': 1536841140, 'second_arrival_time': 1536847020}
1415	{'task_type': 'regular', 'locomotive': 22602, 'train_section': 24173, 'section': 22505, 'departure_time': 1536841140, 'arrival_time': 1536847020}
1416	{'task_type': 'deadhead', 'locomotive': 22602, 'first_train_section': 24173, 'first_section': 22505, 'first_departure_time': 1536841140, 'first_arrival_time': 1536847020, 'second_train_section': 24177, 'second_section': 22496, 'second_departure_time': 1536853080, 'second_arrival_time': 1536858000}
1417	{'task_type': 'regular', 'locomotive': 22602, 'train_section': 24177, 'section': 22496, 'departure_time': 1536853080, 'arrival_time': 1536858000}
1418	{'task_type': 'regular', 'locomotive': 22602, 'train_section': 24620, 'section': 22432, 'departure_time': 1536859680, 'arrival_time': 1536861300}
1419	{'task_type': 'deadhead', 'locomotive': 22602, 'first_train_section': 24620, 'first_section': 22432, 'first_departure_time': 1536859680, 'first_arrival_time': 1536861300, 'second_train_section': 24422, 'second_section': 22378, 'second_departure_time': 1536865500, 'second_arrival_time': 1536869160}
1420	{'task_type': 'regular', 'locomotive': 22602, 'train_section': 24422, 'section': 22378, 'departure_time': 1536865500, 'arrival_time': 1536869160}
1421	{'task_type': 'deadhead', 'locomotive': 22602, 'first_train_section': 24422, 'first_section': 22378, 'first_departure_time': 1536865500, 'first_arrival_time': 1536869160, 'second_train_section': 24253, 'second_section': 22325, 'second_departure_time': 1536892500, 'second_arrival_time': 1536906780}
1422	{'task_type': 'regular', 'locomotive': 22602, 'train_section': 24253, 'section': 22325, 'departure_time': 1536892500, 'arrival_time': 1536906780}
1423	{'task_type': 'deadhead', 'locomotive': 22602, 'first_train_section': 24253, 'first_section': 22325, 'first_departure_time': 1536892500, 'first_arrival_time': 1536906780, 'second_train_section': 23760, 'second_section': 22438, 'second_departure_time': 1536911520, 'second_arrival_time': 1536922260}
1424	{'task_type': 'regular', 'locomotive': 22602, 'train_section': 23760, 'section': 22438, 'departure_time': 1536911520, 'arrival_time': 1536922260}
1425	{'task_type': 'deadhead', 'locomotive': 22602, 'first_train_section': 23760, 'first_section': 22438, 'first_departure_time': 1536911520, 'first_arrival_time': 1536922260, 'second_train_section': 22820, 'second_section': 22488, 'second_departure_time': 1536938040, 'second_arrival_time': 1536942420}
1426	{'task_type': 'regular', 'locomotive': 22602, 'train_section': 22820, 'section': 22488, 'departure_time': 1536938040, 'arrival_time': 1536942420}
1427	{'task_type': 'deadhead', 'locomotive': 22602, 'first_train_section': 22820, 'first_section': 22488, 'first_departure_time': 1536938040, 'first_arrival_time': 1536942420, 'second_train_section': 22801, 'second_section': 22398, 'second_departure_time': 1536960000, 'second_arrival_time': 1536965880}
1428	{'task_type': 'regular', 'locomotive': 22602, 'train_section': 22801, 'section': 22398, 'departure_time': 1536960000, 'arrival_time': 1536965880}
1429	{'task_type': 'deadhead', 'locomotive': 22602, 'first_train_section': 22801, 'first_section': 22398, 'first_departure_time': 1536960000, 'first_arrival_time': 1536965880, 'second_train_section': 23821, 'second_section': 22477, 'second_departure_time': 1536985200, 'second_arrival_time': 1536987600}
1430	{'task_type': 'regular', 'locomotive': 22602, 'train_section': 23821, 'section': 22477, 'departure_time': 1536985200, 'arrival_time': 1536987600}
1431	{'task_type': 'deadhead', 'locomotive': 22602, 'first_train_section': 24394, 'first_section': 22319, 'first_departure_time': 1537008840, 'first_arrival_time': 1537048740, 'second_train_section': 23336, 'second_section': 22233, 'second_departure_time': 1537078860, 'second_arrival_time': 1537094340}
1432	{'task_type': 'regular', 'locomotive': 22602, 'train_section': 23336, 'section': 22233, 'departure_time': 1537078860, 'arrival_time': 1537094340}
1433	{'task_type': 'regular', 'locomotive': 22603, 'train_section': 24483, 'section': 22468, 'departure_time': 1536606660, 'arrival_time': 1536610800}
1434	{'task_type': 'deadhead', 'locomotive': 22603, 'first_train_section': 24483, 'first_section': 22468, 'first_departure_time': 1536606660, 'first_arrival_time': 1536610800, 'second_train_section': 23062, 'second_section': 22322, 'second_departure_time': 1536613980, 'second_arrival_time': 1536622200}
1435	{'task_type': 'regular', 'locomotive': 22603, 'train_section': 23062, 'section': 22322, 'departure_time': 1536613980, 'arrival_time': 1536622200}
1436	{'task_type': 'deadhead', 'locomotive': 22603, 'first_train_section': 23062, 'first_section': 22322, 'first_departure_time': 1536613980, 'first_arrival_time': 1536622200, 'second_train_section': 23714, 'second_section': 22325, 'second_departure_time': 1536633300, 'second_arrival_time': 1536647580}
1437	{'task_type': 'regular', 'locomotive': 22603, 'train_section': 23714, 'section': 22325, 'departure_time': 1536633300, 'arrival_time': 1536647580}
1438	{'task_type': 'deadhead', 'locomotive': 22603, 'first_train_section': 23714, 'first_section': 22325, 'first_departure_time': 1536633300, 'first_arrival_time': 1536647580, 'second_train_section': 25489, 'second_section': 22331, 'second_departure_time': 1536664080, 'second_arrival_time': 1536674880}
1439	{'task_type': 'regular', 'locomotive': 22603, 'train_section': 25489, 'section': 22331, 'departure_time': 1536664080, 'arrival_time': 1536674880}
1440	{'task_type': 'deadhead', 'locomotive': 22603, 'first_train_section': 25489, 'first_section': 22331, 'first_departure_time': 1536664080, 'first_arrival_time': 1536674880, 'second_train_section': 24115, 'second_section': 22290, 'second_departure_time': 1536699060, 'second_arrival_time': 1536705900}
1441	{'task_type': 'regular', 'locomotive': 22603, 'train_section': 24115, 'section': 22290, 'departure_time': 1536699060, 'arrival_time': 1536705900}
1442	{'task_type': 'deadhead', 'locomotive': 22603, 'first_train_section': 24115, 'first_section': 22290, 'first_departure_time': 1536699060, 'first_arrival_time': 1536705900, 'second_train_section': 23728, 'second_section': 22247, 'second_departure_time': 1536717000, 'second_arrival_time': 1536727560}
1443	{'task_type': 'regular', 'locomotive': 22603, 'train_section': 23728, 'section': 22247, 'departure_time': 1536717000, 'arrival_time': 1536727560}
1444	{'task_type': 'deadhead', 'locomotive': 22603, 'first_train_section': 23728, 'first_section': 22247, 'first_departure_time': 1536717000, 'first_arrival_time': 1536727560, 'second_train_section': 23711, 'second_section': 22236, 'second_departure_time': 1536732180, 'second_arrival_time': 1536734880}
1445	{'task_type': 'regular', 'locomotive': 22603, 'train_section': 23711, 'section': 22236, 'departure_time': 1536732180, 'arrival_time': 1536734880}
1446	{'task_type': 'deadhead', 'locomotive': 22603, 'first_train_section': 23711, 'first_section': 22236, 'first_departure_time': 1536732180, 'first_arrival_time': 1536734880, 'second_train_section': 25361, 'second_section': 22383, 'second_departure_time': 1536746160, 'second_arrival_time': 1536750300}
1447	{'task_type': 'regular', 'locomotive': 22603, 'train_section': 25361, 'section': 22383, 'departure_time': 1536746160, 'arrival_time': 1536750300}
1448	{'task_type': 'deadhead', 'locomotive': 22603, 'first_train_section': 25361, 'first_section': 22383, 'first_departure_time': 1536746160, 'first_arrival_time': 1536750300, 'second_train_section': 22667, 'second_section': 22404, 'second_departure_time': 1536760560, 'second_arrival_time': 1536770100}
1449	{'task_type': 'regular', 'locomotive': 22603, 'train_section': 22667, 'section': 22404, 'departure_time': 1536760560, 'arrival_time': 1536770100}
1450	{'task_type': 'deadhead', 'locomotive': 22603, 'first_train_section': 22667, 'first_section': 22404, 'first_departure_time': 1536760560, 'first_arrival_time': 1536770100, 'second_train_section': 22671, 'second_section': 22308, 'second_departure_time': 1536776400, 'second_arrival_time': 1536779160}
1451	{'task_type': 'regular', 'locomotive': 22603, 'train_section': 22671, 'section': 22308, 'departure_time': 1536776400, 'arrival_time': 1536779160}
1452	{'task_type': 'deadhead', 'locomotive': 22603, 'first_train_section': 22671, 'first_section': 22308, 'first_departure_time': 1536776400, 'first_arrival_time': 1536779160, 'second_train_section': 24345, 'second_section': 22307, 'second_departure_time': 1536784260, 'second_arrival_time': 1536786300}
1453	{'task_type': 'regular', 'locomotive': 22603, 'train_section': 24345, 'section': 22307, 'departure_time': 1536784260, 'arrival_time': 1536786300}
1454	{'task_type': 'deadhead', 'locomotive': 22603, 'first_train_section': 24345, 'first_section': 22307, 'first_departure_time': 1536784260, 'first_arrival_time': 1536786300, 'second_train_section': 23040, 'second_section': 22428, 'second_departure_time': 1536797460, 'second_arrival_time': 1536803220}
1455	{'task_type': 'regular', 'locomotive': 22603, 'train_section': 23040, 'section': 22428, 'departure_time': 1536797460, 'arrival_time': 1536803220}
1456	{'task_type': 'deadhead', 'locomotive': 22603, 'first_train_section': 23040, 'first_section': 22428, 'first_departure_time': 1536797460, 'first_arrival_time': 1536803220, 'second_train_section': 22611, 'second_section': 22251, 'second_departure_time': 1536810660, 'second_arrival_time': 1536814800}
1457	{'task_type': 'regular', 'locomotive': 22603, 'train_section': 22611, 'section': 22251, 'departure_time': 1536810660, 'arrival_time': 1536814800}
1458	{'task_type': 'deadhead', 'locomotive': 22603, 'first_train_section': 22611, 'first_section': 22251, 'first_departure_time': 1536810660, 'first_arrival_time': 1536814800, 'second_train_section': 22935, 'second_section': 22416, 'second_departure_time': 1536837840, 'second_arrival_time': 1536841500}
1459	{'task_type': 'regular', 'locomotive': 22603, 'train_section': 22935, 'section': 22416, 'departure_time': 1536837840, 'arrival_time': 1536841500}
1460	{'task_type': 'deadhead', 'locomotive': 22603, 'first_train_section': 22935, 'first_section': 22416, 'first_departure_time': 1536837840, 'first_arrival_time': 1536841500, 'second_train_section': 24912, 'second_section': 22513, 'second_departure_time': 1536853080, 'second_arrival_time': 1536854700}
1461	{'task_type': 'regular', 'locomotive': 22603, 'train_section': 24912, 'section': 22513, 'departure_time': 1536853080, 'arrival_time': 1536854700}
1462	{'task_type': 'deadhead', 'locomotive': 22603, 'first_train_section': 24912, 'first_section': 22513, 'first_departure_time': 1536853080, 'first_arrival_time': 1536854700, 'second_train_section': 23775, 'second_section': 22301, 'second_departure_time': 1536863460, 'second_arrival_time': 1536865560}
1463	{'task_type': 'regular', 'locomotive': 22603, 'train_section': 23775, 'section': 22301, 'departure_time': 1536863460, 'arrival_time': 1536865560}
1464	{'task_type': 'regular', 'locomotive': 22603, 'train_section': 24476, 'section': 22376, 'departure_time': 1536867900, 'arrival_time': 1536873600}
1465	{'task_type': 'deadhead', 'locomotive': 22603, 'first_train_section': 25011, 'first_section': 22417, 'first_departure_time': 1536876000, 'first_arrival_time': 1536895440, 'second_train_section': 23497, 'second_section': 22378, 'second_departure_time': 1536899700, 'second_arrival_time': 1536903360}
1466	{'task_type': 'regular', 'locomotive': 22603, 'train_section': 23497, 'section': 22378, 'departure_time': 1536899700, 'arrival_time': 1536903360}
1467	{'task_type': 'regular', 'locomotive': 22603, 'train_section': 25382, 'section': 22418, 'departure_time': 1536931800, 'arrival_time': 1536933300}
1468	{'task_type': 'deadhead', 'locomotive': 22603, 'first_train_section': 25382, 'first_section': 22418, 'first_departure_time': 1536931800, 'first_arrival_time': 1536933300, 'second_train_section': 23186, 'second_section': 22500, 'second_departure_time': 1536946680, 'second_arrival_time': 1536949800}
1469	{'task_type': 'regular', 'locomotive': 22603, 'train_section': 23186, 'section': 22500, 'departure_time': 1536946680, 'arrival_time': 1536949800}
1470	{'task_type': 'deadhead', 'locomotive': 22603, 'first_train_section': 23186, 'first_section': 22500, 'first_departure_time': 1536946680, 'first_arrival_time': 1536949800, 'second_train_section': 24866, 'second_section': 22501, 'second_departure_time': 1536956640, 'second_arrival_time': 1536958860}
1471	{'task_type': 'regular', 'locomotive': 22603, 'train_section': 24866, 'section': 22501, 'departure_time': 1536956640, 'arrival_time': 1536958860}
1472	{'task_type': 'deadhead', 'locomotive': 22603, 'first_train_section': 24866, 'first_section': 22501, 'first_departure_time': 1536956640, 'first_arrival_time': 1536958860, 'second_train_section': 23490, 'second_section': 22245, 'second_departure_time': 1536969960, 'second_arrival_time': 1536974640}
1473	{'task_type': 'regular', 'locomotive': 22603, 'train_section': 23490, 'section': 22245, 'departure_time': 1536969960, 'arrival_time': 1536974640}
1474	{'task_type': 'deadhead', 'locomotive': 22603, 'first_train_section': 23490, 'first_section': 22245, 'first_departure_time': 1536969960, 'first_arrival_time': 1536974640, 'second_train_section': 24986, 'second_section': 22495, 'second_departure_time': 1536983460, 'second_arrival_time': 1536986460}
1475	{'task_type': 'regular', 'locomotive': 22603, 'train_section': 24986, 'section': 22495, 'departure_time': 1536983460, 'arrival_time': 1536986460}
1476	{'task_type': 'regular', 'locomotive': 22603, 'train_section': 24989, 'section': 22304, 'departure_time': 1536987600, 'arrival_time': 1536992700}
1477	{'task_type': 'deadhead', 'locomotive': 22603, 'first_train_section': 24989, 'first_section': 22304, 'first_departure_time': 1536987600, 'first_arrival_time': 1536992700, 'second_train_section': 22833, 'second_section': 22309, 'second_departure_time': 1537001160, 'second_arrival_time': 1537005720}
1478	{'task_type': 'regular', 'locomotive': 22603, 'train_section': 22833, 'section': 22309, 'departure_time': 1537001160, 'arrival_time': 1537005720}
1479	{'task_type': 'deadhead', 'locomotive': 22603, 'first_train_section': 22833, 'first_section': 22309, 'first_departure_time': 1537001160, 'first_arrival_time': 1537005720, 'second_train_section': 23067, 'second_section': 22323, 'second_departure_time': 1537025940, 'second_arrival_time': 1537029840}
1480	{'task_type': 'regular', 'locomotive': 22603, 'train_section': 23067, 'section': 22323, 'departure_time': 1537025940, 'arrival_time': 1537029840}
