1	{'task_type': 'regular', 'locomotive': 22551, 'train_section': 25408, 'section': 22416, 'departure_time': 1536895440, 'arrival_time': 1536899100}
2	{'task_type': 'regular', 'locomotive': 22551, 'train_section': 23482, 'section': 22378, 'departure_time': 1536899700, 'arrival_time': 1536903360}
3	{'task_type': 'regular', 'locomotive': 22551, 'train_section': 24811, 'section': 22416, 'departure_time': 1536935040, 'arrival_time': 1536938700}
4	{'task_type': 'regular', 'locomotive': 22551, 'train_section': 23795, 'section': 22378, 'departure_time': 1536946500, 'arrival_time': 1536950160}
5	{'task_type': 'regular', 'locomotive': 22551, 'train_section': 26220, 'section': 22416, 'departure_time': 1536951240, 'arrival_time': 1536954900}
6	{'task_type': 'regular', 'locomotive': 22551, 'train_section': 25904, 'section': 22378, 'departure_time': 1536998700, 'arrival_time': 1537002360}
7	{'task_type': 'regular', 'locomotive': 22551, 'train_section': 26000, 'section': 22416, 'departure_time': 1537026840, 'arrival_time': 1537030500}
8	{'task_type': 'regular', 'locomotive': 22551, 'train_section': 26942, 'section': 22378, 'departure_time': 1537034700, 'arrival_time': 1537038360}
9	{'task_type': 'regular', 'locomotive': 22551, 'train_section': 24288, 'section': 22378, 'departure_time': 1537074300, 'arrival_time': 1537077960}
10	{'task_type': 'regular', 'locomotive': 22551, 'train_section': 23588, 'section': 22416, 'departure_time': 1537088040, 'arrival_time': 1537091700}
11	{'task_type': 'regular', 'locomotive': 22551, 'train_section': 24060, 'section': 22378, 'departure_time': 1537103100, 'arrival_time': 1537106760}
12	{'task_type': 'regular', 'locomotive': 22551, 'train_section': 24547, 'section': 22416, 'departure_time': 1537109640, 'arrival_time': 1537113300}
13	{'task_type': 'regular', 'locomotive': 22551, 'train_section': 27885, 'section': 22378, 'departure_time': 1537113900, 'arrival_time': 1537117560}
14	{'task_type': 'regular', 'locomotive': 22551, 'train_section': 27987, 'section': 22416, 'departure_time': 1537120440, 'arrival_time': 1537124100}
15	{'task_type': 'regular', 'locomotive': 22552, 'train_section': 22935, 'section': 22288, 'departure_time': 1536914520, 'arrival_time': 1536920880}
16	{'task_type': 'deadhead', 'locomotive': 22552, 'first_train_section': 22935, 'first_section': 22288, 'first_departure_time': 1536914520, 'first_arrival_time': 1536920880, 'second_train_section': 25168, 'second_section': 22333, 'second_departure_time': 1536934500, 'second_arrival_time': 1536937320}
17	{'task_type': 'regular', 'locomotive': 22552, 'train_section': 25168, 'section': 22333, 'departure_time': 1536934500, 'arrival_time': 1536937320}
18	{'task_type': 'regular', 'locomotive': 22552, 'train_section': 25170, 'section': 22472, 'departure_time': 1536937980, 'arrival_time': 1536943140}
19	{'task_type': 'regular', 'locomotive': 22552, 'train_section': 25172, 'section': 22351, 'departure_time': 1536943680, 'arrival_time': 1536948840}
20	{'task_type': 'regular', 'locomotive': 22552, 'train_section': 24674, 'section': 22501, 'departure_time': 1536956640, 'arrival_time': 1536958860}
21	{'task_type': 'regular', 'locomotive': 22552, 'train_section': 24676, 'section': 22476, 'departure_time': 1536959820, 'arrival_time': 1536963420}
22	{'task_type': 'regular', 'locomotive': 22552, 'train_section': 27203, 'section': 22352, 'departure_time': 1536965520, 'arrival_time': 1536972240}
23	{'task_type': 'regular', 'locomotive': 22553, 'train_section': 26712, 'section': 22499, 'departure_time': 1536932700, 'arrival_time': 1536937860}
24	{'task_type': 'regular', 'locomotive': 22553, 'train_section': 26715, 'section': 22347, 'departure_time': 1536938340, 'arrival_time': 1536943680}
25	{'task_type': 'regular', 'locomotive': 22553, 'train_section': 26717, 'section': 22471, 'departure_time': 1536944220, 'arrival_time': 1536947040}
26	{'task_type': 'deadhead', 'locomotive': 22553, 'first_train_section': 23214, 'first_section': 22328, 'first_departure_time': 1536947040, 'first_arrival_time': 1536956760, 'second_train_section': 27341, 'second_section': 22322, 'second_departure_time': 1536959580, 'second_arrival_time': 1536967800}
27	{'task_type': 'regular', 'locomotive': 22553, 'train_section': 27341, 'section': 22322, 'departure_time': 1536959580, 'arrival_time': 1536967800}
28	{'task_type': 'deadhead', 'locomotive': 22553, 'first_train_section': 27341, 'first_section': 22322, 'first_departure_time': 1536959580, 'first_arrival_time': 1536967800, 'second_train_section': 25608, 'second_section': 22288, 'second_departure_time': 1536973620, 'second_arrival_time': 1536980160}
29	{'task_type': 'regular', 'locomotive': 22553, 'train_section': 25608, 'section': 22288, 'departure_time': 1536973620, 'arrival_time': 1536980160}
30	{'task_type': 'regular', 'locomotive': 22553, 'train_section': 26272, 'section': 22322, 'departure_time': 1536983820, 'arrival_time': 1536993480}
31	{'task_type': 'deadhead', 'locomotive': 22553, 'first_train_section': 26272, 'first_section': 22322, 'first_departure_time': 1536983820, 'first_arrival_time': 1536993480, 'second_train_section': 23392, 'second_section': 22279, 'second_departure_time': 1536994200, 'second_arrival_time': 1536999780}
32	{'task_type': 'regular', 'locomotive': 22553, 'train_section': 23392, 'section': 22279, 'departure_time': 1536994200, 'arrival_time': 1536999780}
33	{'task_type': 'regular', 'locomotive': 22553, 'train_section': 22908, 'section': 22313, 'departure_time': 1537001280, 'arrival_time': 1537006200}
34	{'task_type': 'regular', 'locomotive': 22553, 'train_section': 22777, 'section': 22281, 'departure_time': 1537009080, 'arrival_time': 1537015140}
35	{'task_type': 'regular', 'locomotive': 22553, 'train_section': 27791, 'section': 22348, 'departure_time': 1537067580, 'arrival_time': 1537071120}
36	{'task_type': 'regular', 'locomotive': 22553, 'train_section': 27793, 'section': 22477, 'departure_time': 1537071600, 'arrival_time': 1537074000}
37	{'task_type': 'regular', 'locomotive': 22553, 'train_section': 25829, 'section': 22499, 'departure_time': 1537083900, 'arrival_time': 1537089060}
38	{'task_type': 'regular', 'locomotive': 22553, 'train_section': 24242, 'section': 22342, 'departure_time': 1537104060, 'arrival_time': 1537110180}
39	{'task_type': 'regular', 'locomotive': 22553, 'train_section': 27125, 'section': 22284, 'departure_time': 1537116720, 'arrival_time': 1537120380}
40	{'task_type': 'regular', 'locomotive': 22556, 'train_section': 27674, 'section': 22378, 'departure_time': 1536894540, 'arrival_time': 1536898200}
41	{'task_type': 'regular', 'locomotive': 22556, 'train_section': 26869, 'section': 22416, 'departure_time': 1536899040, 'arrival_time': 1536902700}
42	{'task_type': 'regular', 'locomotive': 22556, 'train_section': 26700, 'section': 22378, 'departure_time': 1536908700, 'arrival_time': 1536912360}
43	{'task_type': 'regular', 'locomotive': 22556, 'train_section': 23705, 'section': 22416, 'departure_time': 1536917040, 'arrival_time': 1536920700}
44	{'task_type': 'regular', 'locomotive': 22556, 'train_section': 24570, 'section': 22378, 'departure_time': 1536921300, 'arrival_time': 1536924960}
45	{'task_type': 'regular', 'locomotive': 22556, 'train_section': 25208, 'section': 22418, 'departure_time': 1536931800, 'arrival_time': 1536933300}
46	{'task_type': 'regular', 'locomotive': 22556, 'train_section': 27110, 'section': 22459, 'departure_time': 1536934680, 'arrival_time': 1536938160}
47	{'task_type': 'regular', 'locomotive': 22557, 'train_section': 25492, 'section': 22313, 'departure_time': 1536929280, 'arrival_time': 1536934200}
48	{'task_type': 'deadhead', 'locomotive': 22557, 'first_train_section': 25492, 'first_section': 22313, 'first_departure_time': 1536929280, 'first_arrival_time': 1536934200, 'second_train_section': 25211, 'second_section': 22310, 'second_departure_time': 1536938100, 'second_arrival_time': 1536939540}
49	{'task_type': 'regular', 'locomotive': 22557, 'train_section': 25211, 'section': 22310, 'departure_time': 1536938100, 'arrival_time': 1536939540}
50	{'task_type': 'deadhead', 'locomotive': 22557, 'first_train_section': 25211, 'first_section': 22310, 'first_departure_time': 1536938100, 'first_arrival_time': 1536939540, 'second_train_section': 27841, 'second_section': 22462, 'second_departure_time': 1536955680, 'second_arrival_time': 1536958380}
51	{'task_type': 'regular', 'locomotive': 22557, 'train_section': 27841, 'section': 22462, 'departure_time': 1536955680, 'arrival_time': 1536958380}
52	{'task_type': 'deadhead', 'locomotive': 22557, 'first_train_section': 27841, 'first_section': 22462, 'first_departure_time': 1536955680, 'first_arrival_time': 1536958380, 'second_train_section': 25846, 'second_section': 22291, 'second_departure_time': 1536960360, 'second_arrival_time': 1536966240}
53	{'task_type': 'regular', 'locomotive': 22557, 'train_section': 25846, 'section': 22291, 'departure_time': 1536960360, 'arrival_time': 1536966240}
54	{'task_type': 'regular', 'locomotive': 22557, 'train_section': 26792, 'section': 22374, 'departure_time': 1536973080, 'arrival_time': 1536974820}
55	{'task_type': 'deadhead', 'locomotive': 22557, 'first_train_section': 26792, 'first_section': 22374, 'first_departure_time': 1536973080, 'first_arrival_time': 1536974820, 'second_train_section': 25463, 'second_section': 22378, 'second_departure_time': 1536989700, 'second_arrival_time': 1536993360}
56	{'task_type': 'regular', 'locomotive': 22557, 'train_section': 25463, 'section': 22378, 'departure_time': 1536989700, 'arrival_time': 1536993360}
57	{'task_type': 'regular', 'locomotive': 22557, 'train_section': 22783, 'section': 22416, 'departure_time': 1537005240, 'arrival_time': 1537008900}
58	{'task_type': 'regular', 'locomotive': 22557, 'train_section': 27261, 'section': 22378, 'departure_time': 1537031100, 'arrival_time': 1537034760}
59	{'task_type': 'deadhead', 'locomotive': 22557, 'first_train_section': 27261, 'first_section': 22378, 'first_departure_time': 1537031100, 'first_arrival_time': 1537034760, 'second_train_section': 28171, 'second_section': 22415, 'second_departure_time': 1537038840, 'second_arrival_time': 1537040400}
60	{'task_type': 'regular', 'locomotive': 22557, 'train_section': 28171, 'section': 22415, 'departure_time': 1537038840, 'arrival_time': 1537040400}
61	{'task_type': 'regular', 'locomotive': 22557, 'train_section': 27629, 'section': 22490, 'departure_time': 1537069140, 'arrival_time': 1537073340}
62	{'task_type': 'regular', 'locomotive': 22558, 'train_section': 26863, 'section': 22320, 'departure_time': 1536893880, 'arrival_time': 1536900300}
63	{'task_type': 'regular', 'locomotive': 22558, 'train_section': 26457, 'section': 22329, 'departure_time': 1536901080, 'arrival_time': 1536902520}
64	{'task_type': 'regular', 'locomotive': 22558, 'train_section': 24459, 'section': 22388, 'departure_time': 1536903480, 'arrival_time': 1536905580}
65	{'task_type': 'deadhead', 'locomotive': 22558, 'first_train_section': 24459, 'first_section': 22388, 'first_departure_time': 1536903480, 'first_arrival_time': 1536905580, 'second_train_section': 26335, 'second_section': 22387, 'second_departure_time': 1536907920, 'second_arrival_time': 1536909720}
66	{'task_type': 'regular', 'locomotive': 22558, 'train_section': 26335, 'section': 22387, 'departure_time': 1536907920, 'arrival_time': 1536909720}
67	{'task_type': 'deadhead', 'locomotive': 22558, 'first_train_section': 26335, 'first_section': 22387, 'first_departure_time': 1536907920, 'first_arrival_time': 1536909720, 'second_train_section': 22939, 'second_section': 22337, 'second_departure_time': 1536926280, 'second_arrival_time': 1536933000}
68	{'task_type': 'regular', 'locomotive': 22558, 'train_section': 22939, 'section': 22337, 'departure_time': 1536926280, 'arrival_time': 1536933000}
69	{'task_type': 'deadhead', 'locomotive': 22558, 'first_train_section': 22939, 'first_section': 22337, 'first_departure_time': 1536926280, 'first_arrival_time': 1536933000, 'second_train_section': 23408, 'second_section': 22404, 'second_departure_time': 1536933360, 'second_arrival_time': 1536942900}
70	{'task_type': 'regular', 'locomotive': 22558, 'train_section': 23408, 'section': 22404, 'departure_time': 1536933360, 'arrival_time': 1536942900}
71	{'task_type': 'regular', 'locomotive': 22558, 'train_section': 23410, 'section': 22245, 'departure_time': 1536943140, 'arrival_time': 1536948180}
72	{'task_type': 'regular', 'locomotive': 22558, 'train_section': 23412, 'section': 22308, 'departure_time': 1536949200, 'arrival_time': 1536951960}
73	{'task_type': 'regular', 'locomotive': 22558, 'train_section': 26200, 'section': 22495, 'departure_time': 1536953280, 'arrival_time': 1536956220}
74	{'task_type': 'regular', 'locomotive': 22558, 'train_section': 26202, 'section': 22307, 'departure_time': 1536957060, 'arrival_time': 1536959100}
75	{'task_type': 'regular', 'locomotive': 22558, 'train_section': 27622, 'section': 22481, 'departure_time': 1536961080, 'arrival_time': 1536966000}
76	{'task_type': 'regular', 'locomotive': 22558, 'train_section': 22985, 'section': 22345, 'departure_time': 1536973560, 'arrival_time': 1536976500}
77	{'task_type': 'regular', 'locomotive': 22558, 'train_section': 23819, 'section': 22369, 'departure_time': 1536978240, 'arrival_time': 1536981120}
78	{'task_type': 'regular', 'locomotive': 22558, 'train_section': 28247, 'section': 22342, 'departure_time': 1536988860, 'arrival_time': 1536994980}
79	{'task_type': 'regular', 'locomotive': 22558, 'train_section': 24934, 'section': 22281, 'departure_time': 1536995640, 'arrival_time': 1537000800}
80	{'task_type': 'regular', 'locomotive': 22558, 'train_section': 23895, 'section': 22342, 'departure_time': 1537032060, 'arrival_time': 1537038180}
81	{'task_type': 'regular', 'locomotive': 22558, 'train_section': 26736, 'section': 22281, 'departure_time': 1537082040, 'arrival_time': 1537087200}
82	{'task_type': 'regular', 'locomotive': 22558, 'train_section': 23323, 'section': 22351, 'departure_time': 1537094880, 'arrival_time': 1537100040}
83	{'task_type': 'regular', 'locomotive': 22558, 'train_section': 27473, 'section': 22499, 'departure_time': 1537105500, 'arrival_time': 1537110660}
84	{'task_type': 'regular', 'locomotive': 22558, 'train_section': 26913, 'section': 22344, 'departure_time': 1537120980, 'arrival_time': 1537122000}
85	{'task_type': 'regular', 'locomotive': 22559, 'train_section': 27412, 'section': 22251, 'departure_time': 1536897060, 'arrival_time': 1536901200}
86	{'task_type': 'regular', 'locomotive': 22559, 'train_section': 27723, 'section': 22413, 'departure_time': 1536939120, 'arrival_time': 1536942960}
87	{'task_type': 'deadhead', 'locomotive': 22559, 'first_train_section': 27723, 'first_section': 22413, 'first_departure_time': 1536939120, 'first_arrival_time': 1536942960, 'second_train_section': 24814, 'second_section': 22460, 'second_departure_time': 1536949260, 'second_arrival_time': 1536951600}
88	{'task_type': 'regular', 'locomotive': 22559, 'train_section': 24814, 'section': 22460, 'departure_time': 1536949260, 'arrival_time': 1536951600}
89	{'task_type': 'deadhead', 'locomotive': 22559, 'first_train_section': 24814, 'first_section': 22460, 'first_departure_time': 1536949260, 'first_arrival_time': 1536951600, 'second_train_section': 26578, 'second_section': 22431, 'second_departure_time': 1536954060, 'second_arrival_time': 1536958260}
90	{'task_type': 'regular', 'locomotive': 22559, 'train_section': 26578, 'section': 22431, 'departure_time': 1536954060, 'arrival_time': 1536958260}
91	{'task_type': 'regular', 'locomotive': 22559, 'train_section': 26580, 'section': 22495, 'departure_time': 1536960180, 'arrival_time': 1536963120}
92	{'task_type': 'regular', 'locomotive': 22559, 'train_section': 26582, 'section': 22309, 'departure_time': 1536963960, 'arrival_time': 1536968820}
93	{'task_type': 'regular', 'locomotive': 22559, 'train_section': 26826, 'section': 22505, 'departure_time': 1536973500, 'arrival_time': 1536978420}
94	{'task_type': 'regular', 'locomotive': 22559, 'train_section': 26829, 'section': 22308, 'departure_time': 1536979380, 'arrival_time': 1536982140}
95	{'task_type': 'regular', 'locomotive': 22559, 'train_section': 26832, 'section': 22496, 'departure_time': 1536983400, 'arrival_time': 1536989580}
96	{'task_type': 'deadhead', 'locomotive': 22559, 'first_train_section': 26832, 'first_section': 22496, 'first_departure_time': 1536983400, 'first_arrival_time': 1536989580, 'second_train_section': 26284, 'second_section': 22431, 'second_departure_time': 1537031940, 'second_arrival_time': 1537036800}
97	{'task_type': 'regular', 'locomotive': 22559, 'train_section': 26284, 'section': 22431, 'departure_time': 1537031940, 'arrival_time': 1537036800}
98	{'task_type': 'regular', 'locomotive': 22559, 'train_section': 26286, 'section': 22495, 'departure_time': 1537038240, 'arrival_time': 1537041060}
99	{'task_type': 'regular', 'locomotive': 22559, 'train_section': 26288, 'section': 22309, 'departure_time': 1537042140, 'arrival_time': 1537046880}
100	{'task_type': 'regular', 'locomotive': 22559, 'train_section': 23490, 'section': 22500, 'departure_time': 1537115940, 'arrival_time': 1537117680}
101	{'task_type': 'regular', 'locomotive': 22560, 'train_section': 24046, 'section': 22378, 'departure_time': 1536897900, 'arrival_time': 1536901560}
102	{'task_type': 'regular', 'locomotive': 22560, 'train_section': 23550, 'section': 22416, 'departure_time': 1536922440, 'arrival_time': 1536926100}
103	{'task_type': 'regular', 'locomotive': 22560, 'train_section': 23738, 'section': 22378, 'departure_time': 1536930300, 'arrival_time': 1536933960}
104	{'task_type': 'regular', 'locomotive': 22560, 'train_section': 26495, 'section': 22416, 'departure_time': 1536944040, 'arrival_time': 1536947700}
105	{'task_type': 'deadhead', 'locomotive': 22560, 'first_train_section': 26495, 'first_section': 22416, 'first_departure_time': 1536944040, 'first_arrival_time': 1536947700, 'second_train_section': 27122, 'second_section': 22376, 'second_departure_time': 1536953760, 'second_arrival_time': 1536957960}
106	{'task_type': 'regular', 'locomotive': 22560, 'train_section': 27122, 'section': 22376, 'departure_time': 1536953760, 'arrival_time': 1536957960}
107	{'task_type': 'deadhead', 'locomotive': 22560, 'first_train_section': 27122, 'first_section': 22376, 'first_departure_time': 1536953760, 'first_arrival_time': 1536957960, 'second_train_section': 24338, 'second_section': 22455, 'second_departure_time': 1537077480, 'second_arrival_time': 1537088880}
108	{'task_type': 'regular', 'locomotive': 22560, 'train_section': 24338, 'section': 22455, 'departure_time': 1537077480, 'arrival_time': 1537088880}
109	{'task_type': 'regular', 'locomotive': 22560, 'train_section': 24224, 'section': 22360, 'departure_time': 1537116480, 'arrival_time': 1537128120}
110	{'task_type': 'deadhead', 'locomotive': 22560, 'first_train_section': 24224, 'first_section': 22360, 'first_departure_time': 1537116480, 'first_arrival_time': 1537128120, 'second_train_section': 24441, 'second_section': 22429, 'second_departure_time': 1537131240, 'second_arrival_time': 1537133880}
111	{'task_type': 'regular', 'locomotive': 22560, 'train_section': 24441, 'section': 22429, 'departure_time': 1537131240, 'arrival_time': 1537133880}
112	{'task_type': 'regular', 'locomotive': 22562, 'train_section': 25907, 'section': 22383, 'departure_time': 1536897480, 'arrival_time': 1536901680}
113	{'task_type': 'regular', 'locomotive': 22562, 'train_section': 25909, 'section': 22401, 'departure_time': 1536901740, 'arrival_time': 1536903060}
114	{'task_type': 'regular', 'locomotive': 22562, 'train_section': 27301, 'section': 22465, 'departure_time': 1536903660, 'arrival_time': 1536904860}
115	{'task_type': 'deadhead', 'locomotive': 22562, 'first_train_section': 27301, 'first_section': 22465, 'first_departure_time': 1536903660, 'first_arrival_time': 1536904860, 'second_train_section': 23609, 'second_section': 22489, 'second_departure_time': 1536918420, 'second_arrival_time': 1536921420}
116	{'task_type': 'regular', 'locomotive': 22562, 'train_section': 23609, 'section': 22489, 'departure_time': 1536918420, 'arrival_time': 1536921420}
117	{'task_type': 'deadhead', 'locomotive': 22562, 'first_train_section': 23609, 'first_section': 22489, 'first_departure_time': 1536918420, 'first_arrival_time': 1536921420, 'second_train_section': 26472, 'second_section': 22401, 'second_departure_time': 1536924900, 'second_arrival_time': 1536926280}
118	{'task_type': 'regular', 'locomotive': 22562, 'train_section': 26472, 'section': 22401, 'departure_time': 1536924900, 'arrival_time': 1536926280}
119	{'task_type': 'deadhead', 'locomotive': 22562, 'first_train_section': 26472, 'first_section': 22401, 'first_departure_time': 1536924900, 'first_arrival_time': 1536926280, 'second_train_section': 26441, 'second_section': 22249, 'second_departure_time': 1536936480, 'second_arrival_time': 1536942480}
120	{'task_type': 'regular', 'locomotive': 22562, 'train_section': 26441, 'section': 22249, 'departure_time': 1536936480, 'arrival_time': 1536942480}
121	{'task_type': 'regular', 'locomotive': 22562, 'train_section': 27620, 'section': 22508, 'departure_time': 1536953820, 'arrival_time': 1536957360}
122	{'task_type': 'regular', 'locomotive': 22562, 'train_section': 27229, 'section': 22478, 'departure_time': 1536963660, 'arrival_time': 1536966180}
123	{'task_type': 'regular', 'locomotive': 22562, 'train_section': 27232, 'section': 22247, 'departure_time': 1536966780, 'arrival_time': 1536976140}
124	{'task_type': 'deadhead', 'locomotive': 22562, 'first_train_section': 27232, 'first_section': 22247, 'first_departure_time': 1536966780, 'first_arrival_time': 1536976140, 'second_train_section': 25520, 'second_section': 22404, 'second_departure_time': 1536978060, 'second_arrival_time': 1536987300}
125	{'task_type': 'regular', 'locomotive': 22562, 'train_section': 25520, 'section': 22404, 'departure_time': 1536978060, 'arrival_time': 1536987300}
126	{'task_type': 'regular', 'locomotive': 22562, 'train_section': 25522, 'section': 22245, 'departure_time': 1536987480, 'arrival_time': 1536992940}
127	{'task_type': 'regular', 'locomotive': 22562, 'train_section': 25524, 'section': 22308, 'departure_time': 1536993660, 'arrival_time': 1536996360}
128	{'task_type': 'regular', 'locomotive': 22562, 'train_section': 25526, 'section': 22496, 'departure_time': 1536997260, 'arrival_time': 1537002060}
129	{'task_type': 'deadhead', 'locomotive': 22562, 'first_train_section': 25526, 'first_section': 22496, 'first_departure_time': 1536997260, 'first_arrival_time': 1537002060, 'second_train_section': 24647, 'second_section': 22428, 'second_departure_time': 1537111320, 'second_arrival_time': 1537119540}
130	{'task_type': 'regular', 'locomotive': 22562, 'train_section': 24647, 'section': 22428, 'departure_time': 1537111320, 'arrival_time': 1537119540}
131	{'task_type': 'regular', 'locomotive': 22563, 'train_section': 28145, 'section': 22441, 'departure_time': 1536949860, 'arrival_time': 1536952980}
132	{'task_type': 'deadhead', 'locomotive': 22563, 'first_train_section': 28145, 'first_section': 22441, 'first_departure_time': 1536949860, 'first_arrival_time': 1536952980, 'second_train_section': 25242, 'second_section': 22427, 'second_departure_time': 1536956700, 'second_arrival_time': 1536959580}
133	{'task_type': 'regular', 'locomotive': 22563, 'train_section': 25242, 'section': 22427, 'departure_time': 1536956700, 'arrival_time': 1536959580}
134	{'task_type': 'regular', 'locomotive': 22563, 'train_section': 25244, 'section': 22443, 'departure_time': 1536960660, 'arrival_time': 1536962460}
135	{'task_type': 'regular', 'locomotive': 22563, 'train_section': 25246, 'section': 22495, 'departure_time': 1536963900, 'arrival_time': 1536966840}
136	{'task_type': 'regular', 'locomotive': 22563, 'train_section': 25248, 'section': 22304, 'departure_time': 1536967500, 'arrival_time': 1536971880}
137	{'task_type': 'regular', 'locomotive': 22563, 'train_section': 25250, 'section': 22247, 'departure_time': 1536973980, 'arrival_time': 1536983460}
138	{'task_type': 'deadhead', 'locomotive': 22563, 'first_train_section': 25250, 'first_section': 22247, 'first_departure_time': 1536973980, 'first_arrival_time': 1536983460, 'second_train_section': 24597, 'second_section': 22404, 'second_departure_time': 1536986220, 'second_arrival_time': 1536996420}
139	{'task_type': 'regular', 'locomotive': 22563, 'train_section': 24597, 'section': 22404, 'departure_time': 1536986220, 'arrival_time': 1536996420}
140	{'task_type': 'regular', 'locomotive': 22563, 'train_section': 24599, 'section': 22245, 'departure_time': 1536996780, 'arrival_time': 1537001760}
141	{'task_type': 'regular', 'locomotive': 22563, 'train_section': 24601, 'section': 22308, 'departure_time': 1537002240, 'arrival_time': 1537004880}
142	{'task_type': 'regular', 'locomotive': 22563, 'train_section': 27417, 'section': 22495, 'departure_time': 1537005000, 'arrival_time': 1537007820}
143	{'task_type': 'regular', 'locomotive': 22563, 'train_section': 27419, 'section': 22304, 'departure_time': 1537009320, 'arrival_time': 1537014480}
144	{'task_type': 'regular', 'locomotive': 22563, 'train_section': 27421, 'section': 22247, 'departure_time': 1537014720, 'arrival_time': 1537025820}
145	{'task_type': 'regular', 'locomotive': 22564, 'train_section': 23262, 'section': 22334, 'departure_time': 1536893160, 'arrival_time': 1536896400}
146	{'task_type': 'regular', 'locomotive': 22564, 'train_section': 23264, 'section': 22322, 'departure_time': 1536897420, 'arrival_time': 1536907080}
147	{'task_type': 'deadhead', 'locomotive': 22564, 'first_train_section': 23264, 'first_section': 22322, 'first_departure_time': 1536897420, 'first_arrival_time': 1536907080, 'second_train_section': 25680, 'second_section': 22279, 'second_departure_time': 1536933000, 'second_arrival_time': 1536937920}
148	{'task_type': 'regular', 'locomotive': 22564, 'train_section': 25680, 'section': 22279, 'departure_time': 1536933000, 'arrival_time': 1536937920}
149	{'task_type': 'regular', 'locomotive': 22564, 'train_section': 27861, 'section': 22315, 'departure_time': 1536943680, 'arrival_time': 1536948180}
150	{'task_type': 'deadhead', 'locomotive': 22564, 'first_train_section': 27861, 'first_section': 22315, 'first_departure_time': 1536943680, 'first_arrival_time': 1536948180, 'second_train_section': 27838, 'second_section': 22452, 'second_departure_time': 1536948960, 'second_arrival_time': 1536950760}
151	{'task_type': 'regular', 'locomotive': 22564, 'train_section': 27838, 'section': 22452, 'departure_time': 1536948960, 'arrival_time': 1536950760}
152	{'task_type': 'regular', 'locomotive': 22564, 'train_section': 28164, 'section': 22468, 'departure_time': 1536952260, 'arrival_time': 1536956400}
153	{'task_type': 'deadhead', 'locomotive': 22564, 'first_train_section': 28164, 'first_section': 22468, 'first_departure_time': 1536952260, 'first_arrival_time': 1536956400, 'second_train_section': 27016, 'second_section': 22330, 'second_departure_time': 1536968400, 'second_arrival_time': 1536976620}
154	{'task_type': 'regular', 'locomotive': 22564, 'train_section': 27016, 'section': 22330, 'departure_time': 1536968400, 'arrival_time': 1536976620}
155	{'task_type': 'regular', 'locomotive': 22564, 'train_section': 27119, 'section': 22398, 'departure_time': 1537046400, 'arrival_time': 1537052280}
156	{'task_type': 'regular', 'locomotive': 22564, 'train_section': 23000, 'section': 22336, 'departure_time': 1537064580, 'arrival_time': 1537070700}
157	{'task_type': 'regular', 'locomotive': 22564, 'train_section': 23553, 'section': 22398, 'departure_time': 1537132800, 'arrival_time': 1537135199}
158	{'task_type': 'regular', 'locomotive': 22565, 'train_section': 23594, 'section': 22281, 'departure_time': 1536938040, 'arrival_time': 1536943200}
159	{'task_type': 'regular', 'locomotive': 22565, 'train_section': 22864, 'section': 22343, 'departure_time': 1536956400, 'arrival_time': 1536967140}
160	{'task_type': 'deadhead', 'locomotive': 22565, 'first_train_section': 22864, 'first_section': 22343, 'first_departure_time': 1536956400, 'first_arrival_time': 1536967140, 'second_train_section': 24856, 'second_section': 22293, 'second_departure_time': 1536977880, 'second_arrival_time': 1536986340}
161	{'task_type': 'regular', 'locomotive': 22565, 'train_section': 24856, 'section': 22293, 'departure_time': 1536977880, 'arrival_time': 1536986340}
162	{'task_type': 'regular', 'locomotive': 22567, 'train_section': 25158, 'section': 22506, 'departure_time': 1536906840, 'arrival_time': 1536907620}
163	{'task_type': 'deadhead', 'locomotive': 22567, 'first_train_section': 25158, 'first_section': 22506, 'first_departure_time': 1536906840, 'first_arrival_time': 1536907620, 'second_train_section': 25567, 'second_section': 22500, 'second_departure_time': 1536932280, 'second_arrival_time': 1536935400}
164	{'task_type': 'regular', 'locomotive': 22567, 'train_section': 25567, 'section': 22500, 'departure_time': 1536932280, 'arrival_time': 1536935400}
165	{'task_type': 'regular', 'locomotive': 22567, 'train_section': 25570, 'section': 22361, 'departure_time': 1536935940, 'arrival_time': 1536938940}
166	{'task_type': 'regular', 'locomotive': 22567, 'train_section': 24086, 'section': 22500, 'departure_time': 1536939480, 'arrival_time': 1536942600}
167	{'task_type': 'regular', 'locomotive': 22567, 'train_section': 23496, 'section': 22356, 'departure_time': 1536956160, 'arrival_time': 1536964200}
168	{'task_type': 'regular', 'locomotive': 22567, 'train_section': 26361, 'section': 22260, 'departure_time': 1536992820, 'arrival_time': 1537001220}
169	{'task_type': 'regular', 'locomotive': 22567, 'train_section': 25956, 'section': 22356, 'departure_time': 1537003680, 'arrival_time': 1537010940}
170	{'task_type': 'regular', 'locomotive': 22575, 'train_section': 26504, 'section': 22258, 'departure_time': 1536907860, 'arrival_time': 1536910260}
171	{'task_type': 'deadhead', 'locomotive': 22575, 'first_train_section': 26504, 'first_section': 22258, 'first_departure_time': 1536907860, 'first_arrival_time': 1536910260, 'second_train_section': 26350, 'second_section': 22427, 'second_departure_time': 1536940800, 'second_arrival_time': 1536943680}
172	{'task_type': 'regular', 'locomotive': 22575, 'train_section': 26350, 'section': 22427, 'departure_time': 1536940800, 'arrival_time': 1536943680}
173	{'task_type': 'regular', 'locomotive': 22575, 'train_section': 26352, 'section': 22443, 'departure_time': 1536944400, 'arrival_time': 1536946200}
174	{'task_type': 'regular', 'locomotive': 22575, 'train_section': 26354, 'section': 22495, 'departure_time': 1536947580, 'arrival_time': 1536950460}
175	{'task_type': 'regular', 'locomotive': 22575, 'train_section': 26356, 'section': 22304, 'departure_time': 1536951540, 'arrival_time': 1536955980}
176	{'task_type': 'regular', 'locomotive': 22575, 'train_section': 26358, 'section': 22247, 'departure_time': 1536956160, 'arrival_time': 1536964860}
177	{'task_type': 'regular', 'locomotive': 22576, 'train_section': 24216, 'section': 22376, 'departure_time': 1536933000, 'arrival_time': 1536938280}
178	{'task_type': 'deadhead', 'locomotive': 22576, 'first_train_section': 24216, 'first_section': 22376, 'first_departure_time': 1536933000, 'first_arrival_time': 1536938280, 'second_train_section': 24160, 'second_section': 22243, 'second_departure_time': 1536942960, 'second_arrival_time': 1536943620}
179	{'task_type': 'regular', 'locomotive': 22576, 'train_section': 24160, 'section': 22243, 'departure_time': 1536942960, 'arrival_time': 1536943620}
180	{'task_type': 'deadhead', 'locomotive': 22576, 'first_train_section': 24160, 'first_section': 22243, 'first_departure_time': 1536942960, 'first_arrival_time': 1536943620, 'second_train_section': 24637, 'second_section': 22431, 'second_departure_time': 1536945540, 'second_arrival_time': 1536950400}
181	{'task_type': 'regular', 'locomotive': 22576, 'train_section': 24637, 'section': 22431, 'departure_time': 1536945540, 'arrival_time': 1536950400}
182	{'task_type': 'regular', 'locomotive': 22576, 'train_section': 24639, 'section': 22495, 'departure_time': 1536951840, 'arrival_time': 1536954660}
183	{'task_type': 'regular', 'locomotive': 22576, 'train_section': 24641, 'section': 22309, 'departure_time': 1536955740, 'arrival_time': 1536960480}
184	{'task_type': 'regular', 'locomotive': 22576, 'train_section': 28180, 'section': 22499, 'departure_time': 1536997500, 'arrival_time': 1537002660}
185	{'task_type': 'regular', 'locomotive': 22576, 'train_section': 26475, 'section': 22351, 'departure_time': 1537022880, 'arrival_time': 1537028040}
186	{'task_type': 'regular', 'locomotive': 22576, 'train_section': 26634, 'section': 22501, 'departure_time': 1537043040, 'arrival_time': 1537045260}
187	{'task_type': 'regular', 'locomotive': 22576, 'train_section': 26636, 'section': 22476, 'departure_time': 1537046220, 'arrival_time': 1537049820}
188	{'task_type': 'regular', 'locomotive': 22576, 'train_section': 26965, 'section': 22342, 'departure_time': 1537082340, 'arrival_time': 1537087620}
189	{'task_type': 'regular', 'locomotive': 22576, 'train_section': 26321, 'section': 22279, 'departure_time': 1537095000, 'arrival_time': 1537100580}
190	{'task_type': 'regular', 'locomotive': 22576, 'train_section': 23349, 'section': 22313, 'departure_time': 1537105020, 'arrival_time': 1537110480}
191	{'task_type': 'deadhead', 'locomotive': 22576, 'first_train_section': 23349, 'first_section': 22313, 'first_departure_time': 1537105020, 'first_arrival_time': 1537110480, 'second_train_section': 27270, 'second_section': 22295, 'second_departure_time': 1537119180, 'second_arrival_time': 1537120620}
192	{'task_type': 'regular', 'locomotive': 22576, 'train_section': 27270, 'section': 22295, 'departure_time': 1537119180, 'arrival_time': 1537120620}
193	{'task_type': 'regular', 'locomotive': 22577, 'train_section': 24958, 'section': 22273, 'departure_time': 1536896880, 'arrival_time': 1536901260}
194	{'task_type': 'deadhead', 'locomotive': 22577, 'first_train_section': 24958, 'first_section': 22273, 'first_departure_time': 1536896880, 'first_arrival_time': 1536901260, 'second_train_section': 27726, 'second_section': 22242, 'second_departure_time': 1536949560, 'second_arrival_time': 1536952680}
195	{'task_type': 'regular', 'locomotive': 22577, 'train_section': 27726, 'section': 22242, 'departure_time': 1536949560, 'arrival_time': 1536952680}
196	{'task_type': 'deadhead', 'locomotive': 22577, 'first_train_section': 27726, 'first_section': 22242, 'first_departure_time': 1536949560, 'first_arrival_time': 1536952680, 'second_train_section': 26226, 'second_section': 22407, 'second_departure_time': 1536999960, 'second_arrival_time': 1537006800}
197	{'task_type': 'regular', 'locomotive': 22577, 'train_section': 26226, 'section': 22407, 'departure_time': 1536999960, 'arrival_time': 1537006800}
198	{'task_type': 'deadhead', 'locomotive': 22577, 'first_train_section': 26226, 'first_section': 22407, 'first_departure_time': 1536999960, 'first_arrival_time': 1537006800, 'second_train_section': 22780, 'second_section': 22472, 'second_departure_time': 1537009980, 'second_arrival_time': 1537015140}
199	{'task_type': 'regular', 'locomotive': 22577, 'train_section': 22780, 'section': 22472, 'departure_time': 1537009980, 'arrival_time': 1537015140}
200	{'task_type': 'regular', 'locomotive': 22577, 'train_section': 27388, 'section': 22342, 'departure_time': 1537024740, 'arrival_time': 1537030020}
201	{'task_type': 'deadhead', 'locomotive': 22577, 'first_train_section': 27388, 'first_section': 22342, 'first_departure_time': 1537024740, 'first_arrival_time': 1537030020, 'second_train_section': 26760, 'second_section': 22379, 'second_departure_time': 1537073160, 'second_arrival_time': 1537074600}
202	{'task_type': 'regular', 'locomotive': 22577, 'train_section': 26760, 'section': 22379, 'departure_time': 1537073160, 'arrival_time': 1537074600}
203	{'task_type': 'deadhead', 'locomotive': 22577, 'first_train_section': 26760, 'first_section': 22379, 'first_departure_time': 1537073160, 'first_arrival_time': 1537074600, 'second_train_section': 23976, 'second_section': 22452, 'second_departure_time': 1537121760, 'second_arrival_time': 1537123560}
204	{'task_type': 'regular', 'locomotive': 22577, 'train_section': 23976, 'section': 22452, 'departure_time': 1537121760, 'arrival_time': 1537123560}
205	{'task_type': 'regular', 'locomotive': 22579, 'train_section': 24267, 'section': 22252, 'departure_time': 1536942840, 'arrival_time': 1536948360}
206	{'task_type': 'regular', 'locomotive': 22579, 'train_section': 24269, 'section': 22385, 'departure_time': 1536950820, 'arrival_time': 1536951600}
207	{'task_type': 'deadhead', 'locomotive': 22579, 'first_train_section': 24269, 'first_section': 22385, 'first_departure_time': 1536950820, 'first_arrival_time': 1536951600, 'second_train_section': 23849, 'second_section': 22419, 'second_departure_time': 1536979560, 'second_arrival_time': 1536986940}
208	{'task_type': 'regular', 'locomotive': 22579, 'train_section': 23849, 'section': 22419, 'departure_time': 1536979560, 'arrival_time': 1536986940}
209	{'task_type': 'regular', 'locomotive': 22579, 'train_section': 23267, 'section': 22253, 'departure_time': 1537000440, 'arrival_time': 1537005420}
210	{'task_type': 'deadhead', 'locomotive': 22579, 'first_train_section': 23267, 'first_section': 22253, 'first_departure_time': 1537000440, 'first_arrival_time': 1537005420, 'second_train_section': 25921, 'second_section': 22431, 'second_departure_time': 1537037100, 'second_arrival_time': 1537042380}
211	{'task_type': 'regular', 'locomotive': 22579, 'train_section': 25921, 'section': 22431, 'departure_time': 1537037100, 'arrival_time': 1537042380}
212	{'task_type': 'regular', 'locomotive': 22579, 'train_section': 25923, 'section': 22495, 'departure_time': 1537042920, 'arrival_time': 1537045620}
213	{'task_type': 'regular', 'locomotive': 22579, 'train_section': 25925, 'section': 22304, 'departure_time': 1537046160, 'arrival_time': 1537050600}
214	{'task_type': 'regular', 'locomotive': 22579, 'train_section': 25927, 'section': 22247, 'departure_time': 1537050780, 'arrival_time': 1537059480}
215	{'task_type': 'regular', 'locomotive': 22580, 'train_section': 25994, 'section': 22416, 'departure_time': 1536897240, 'arrival_time': 1536900900}
216	{'task_type': 'regular', 'locomotive': 22580, 'train_section': 28045, 'section': 22378, 'departure_time': 1536901500, 'arrival_time': 1536905160}
217	{'task_type': 'regular', 'locomotive': 22580, 'train_section': 25889, 'section': 22416, 'departure_time': 1536940440, 'arrival_time': 1536944100}
218	{'task_type': 'regular', 'locomotive': 22580, 'train_section': 28008, 'section': 22378, 'departure_time': 1536944700, 'arrival_time': 1536948360}
219	{'task_type': 'deadhead', 'locomotive': 22580, 'first_train_section': 28008, 'first_section': 22378, 'first_departure_time': 1536944700, 'first_arrival_time': 1536948360, 'second_train_section': 22718, 'second_section': 22427, 'second_departure_time': 1536950700, 'second_arrival_time': 1536953940}
220	{'task_type': 'regular', 'locomotive': 22580, 'train_section': 22718, 'section': 22427, 'departure_time': 1536950700, 'arrival_time': 1536953940}
221	{'task_type': 'regular', 'locomotive': 22580, 'train_section': 22720, 'section': 22443, 'departure_time': 1536954840, 'arrival_time': 1536956520}
222	{'task_type': 'regular', 'locomotive': 22580, 'train_section': 26116, 'section': 22496, 'departure_time': 1536956820, 'arrival_time': 1536961920}
223	{'task_type': 'deadhead', 'locomotive': 22580, 'first_train_section': 26116, 'first_section': 22496, 'first_departure_time': 1536956820, 'first_arrival_time': 1536961920, 'second_train_section': 27415, 'second_section': 22431, 'second_departure_time': 1536999480, 'second_arrival_time': 1537003440}
224	{'task_type': 'regular', 'locomotive': 22580, 'train_section': 27415, 'section': 22431, 'departure_time': 1536999480, 'arrival_time': 1537003440}
225	{'task_type': 'regular', 'locomotive': 22580, 'train_section': 24603, 'section': 22496, 'departure_time': 1537005480, 'arrival_time': 1537010460}
226	{'task_type': 'deadhead', 'locomotive': 22580, 'first_train_section': 24603, 'first_section': 22496, 'first_departure_time': 1537005480, 'first_arrival_time': 1537010460, 'second_train_section': 24682, 'second_section': 22458, 'second_departure_time': 1537019880, 'second_arrival_time': 1537029180}
227	{'task_type': 'regular', 'locomotive': 22580, 'train_section': 24682, 'section': 22458, 'departure_time': 1537019880, 'arrival_time': 1537029180}
228	{'task_type': 'regular', 'locomotive': 22580, 'train_section': 24684, 'section': 22500, 'departure_time': 1537029540, 'arrival_time': 1537031280}
229	{'task_type': 'regular', 'locomotive': 22580, 'train_section': 26665, 'section': 22356, 'departure_time': 1537090080, 'arrival_time': 1537097340}
230	{'task_type': 'regular', 'locomotive': 22580, 'train_section': 23467, 'section': 22260, 'departure_time': 1537132500, 'arrival_time': 1537135199}
231	{'task_type': 'regular', 'locomotive': 22581, 'train_section': 26556, 'section': 22256, 'departure_time': 1536900120, 'arrival_time': 1536903060}
232	{'task_type': 'deadhead', 'locomotive': 22581, 'first_train_section': 26556, 'first_section': 22256, 'first_departure_time': 1536900120, 'first_arrival_time': 1536903060, 'second_train_section': 23967, 'second_section': 22314, 'second_departure_time': 1536910440, 'second_arrival_time': 1536913140}
233	{'task_type': 'regular', 'locomotive': 22581, 'train_section': 23967, 'section': 22314, 'departure_time': 1536910440, 'arrival_time': 1536913140}
234	{'task_type': 'regular', 'locomotive': 22581, 'train_section': 24862, 'section': 22311, 'departure_time': 1536918000, 'arrival_time': 1536920760}
235	{'task_type': 'regular', 'locomotive': 22581, 'train_section': 26101, 'section': 22314, 'departure_time': 1536924840, 'arrival_time': 1536927540}
236	{'task_type': 'deadhead', 'locomotive': 22581, 'first_train_section': 26101, 'first_section': 22314, 'first_departure_time': 1536924840, 'first_arrival_time': 1536927540, 'second_train_section': 25883, 'second_section': 22313, 'second_departure_time': 1536936480, 'second_arrival_time': 1536941400}
237	{'task_type': 'regular', 'locomotive': 22581, 'train_section': 25883, 'section': 22313, 'departure_time': 1536936480, 'arrival_time': 1536941400}
238	{'task_type': 'deadhead', 'locomotive': 22581, 'first_train_section': 25883, 'first_section': 22313, 'first_departure_time': 1536936480, 'first_arrival_time': 1536941400, 'second_train_section': 26996, 'second_section': 22288, 'second_departure_time': 1536944160, 'second_arrival_time': 1536953040}
239	{'task_type': 'regular', 'locomotive': 22581, 'train_section': 26996, 'section': 22288, 'departure_time': 1536944160, 'arrival_time': 1536953040}
240	{'task_type': 'deadhead', 'locomotive': 22581, 'first_train_section': 26996, 'first_section': 22288, 'first_departure_time': 1536944160, 'first_arrival_time': 1536953040, 'second_train_section': 22967, 'second_section': 22332, 'second_departure_time': 1536957000, 'second_arrival_time': 1536961140}
241	{'task_type': 'regular', 'locomotive': 22581, 'train_section': 22967, 'section': 22332, 'departure_time': 1536957000, 'arrival_time': 1536961140}
242	{'task_type': 'regular', 'locomotive': 22581, 'train_section': 26981, 'section': 22467, 'departure_time': 1536979200, 'arrival_time': 1536981900}
243	{'task_type': 'regular', 'locomotive': 22581, 'train_section': 27662, 'section': 22280, 'departure_time': 1536983640, 'arrival_time': 1536990240}
244	{'task_type': 'regular', 'locomotive': 22581, 'train_section': 26373, 'section': 22327, 'departure_time': 1536995280, 'arrival_time': 1537001640}
245	{'task_type': 'deadhead', 'locomotive': 22581, 'first_train_section': 26373, 'first_section': 22327, 'first_departure_time': 1536995280, 'first_arrival_time': 1537001640, 'second_train_section': 26228, 'second_section': 22334, 'second_departure_time': 1537007880, 'second_arrival_time': 1537012080}
246	{'task_type': 'regular', 'locomotive': 22581, 'train_section': 26228, 'section': 22334, 'departure_time': 1537007880, 'arrival_time': 1537012080}
247	{'task_type': 'deadhead', 'locomotive': 22581, 'first_train_section': 26228, 'first_section': 22334, 'first_departure_time': 1537007880, 'first_arrival_time': 1537012080, 'second_train_section': 25532, 'second_section': 22329, 'second_departure_time': 1537016280, 'second_arrival_time': 1537017720}
248	{'task_type': 'regular', 'locomotive': 22581, 'train_section': 25532, 'section': 22329, 'departure_time': 1537016280, 'arrival_time': 1537017720}
249	{'task_type': 'deadhead', 'locomotive': 22581, 'first_train_section': 25532, 'first_section': 22329, 'first_departure_time': 1537016280, 'first_arrival_time': 1537017720, 'second_train_section': 27867, 'second_section': 22331, 'second_departure_time': 1537031280, 'second_arrival_time': 1537042200}
250	{'task_type': 'regular', 'locomotive': 22581, 'train_section': 27867, 'section': 22331, 'departure_time': 1537031280, 'arrival_time': 1537042200}
251	{'task_type': 'regular', 'locomotive': 22583, 'train_section': 23500, 'section': 22313, 'departure_time': 1536922080, 'arrival_time': 1536927000}
252	{'task_type': 'deadhead', 'locomotive': 22583, 'first_train_section': 23500, 'first_section': 22313, 'first_departure_time': 1536922080, 'first_arrival_time': 1536927000, 'second_train_section': 27712, 'second_section': 22276, 'second_departure_time': 1536937440, 'second_arrival_time': 1536937860}
253	{'task_type': 'regular', 'locomotive': 22583, 'train_section': 27712, 'section': 22276, 'departure_time': 1536937440, 'arrival_time': 1536937860}
254	{'task_type': 'regular', 'locomotive': 22583, 'train_section': 25393, 'section': 22342, 'departure_time': 1536938340, 'arrival_time': 1536943620}
255	{'task_type': 'deadhead', 'locomotive': 22583, 'first_train_section': 25393, 'first_section': 22342, 'first_departure_time': 1536938340, 'first_arrival_time': 1536943620, 'second_train_section': 23020, 'second_section': 22294, 'second_departure_time': 1536955680, 'second_arrival_time': 1536958920}
256	{'task_type': 'regular', 'locomotive': 22583, 'train_section': 23020, 'section': 22294, 'departure_time': 1536955680, 'arrival_time': 1536958920}
257	{'task_type': 'deadhead', 'locomotive': 22583, 'first_train_section': 23020, 'first_section': 22294, 'first_departure_time': 1536955680, 'first_arrival_time': 1536958920, 'second_train_section': 22982, 'second_section': 22451, 'second_departure_time': 1536965820, 'second_arrival_time': 1536972720}
258	{'task_type': 'regular', 'locomotive': 22583, 'train_section': 22982, 'section': 22451, 'departure_time': 1536965820, 'arrival_time': 1536972720}
259	{'task_type': 'regular', 'locomotive': 22583, 'train_section': 23741, 'section': 22348, 'departure_time': 1536981180, 'arrival_time': 1536984720}
260	{'task_type': 'regular', 'locomotive': 22583, 'train_section': 23743, 'section': 22477, 'departure_time': 1536985200, 'arrival_time': 1536987600}
261	{'task_type': 'regular', 'locomotive': 22583, 'train_section': 26481, 'section': 22499, 'departure_time': 1537011900, 'arrival_time': 1537017060}
262	{'task_type': 'regular', 'locomotive': 22583, 'train_section': 26684, 'section': 22342, 'departure_time': 1537017660, 'arrival_time': 1537023780}
263	{'task_type': 'regular', 'locomotive': 22583, 'train_section': 24850, 'section': 22277, 'departure_time': 1537040100, 'arrival_time': 1537043580}
264	{'task_type': 'regular', 'locomotive': 22584, 'train_section': 24893, 'section': 22412, 'departure_time': 1536895620, 'arrival_time': 1536902880}
265	{'task_type': 'deadhead', 'locomotive': 22584, 'first_train_section': 24893, 'first_section': 22412, 'first_departure_time': 1536895620, 'first_arrival_time': 1536902880, 'second_train_section': 27729, 'second_section': 22256, 'second_departure_time': 1536916680, 'second_arrival_time': 1536919380}
266	{'task_type': 'regular', 'locomotive': 22584, 'train_section': 27729, 'section': 22256, 'departure_time': 1536916680, 'arrival_time': 1536919380}
267	{'task_type': 'deadhead', 'locomotive': 22584, 'first_train_section': 27729, 'first_section': 22256, 'first_departure_time': 1536916680, 'first_arrival_time': 1536919380, 'second_train_section': 24291, 'second_section': 22257, 'second_departure_time': 1536933600, 'second_arrival_time': 1536934320}
268	{'task_type': 'regular', 'locomotive': 22584, 'train_section': 24291, 'section': 22257, 'departure_time': 1536933600, 'arrival_time': 1536934320}
269	{'task_type': 'regular', 'locomotive': 22584, 'train_section': 25318, 'section': 22469, 'departure_time': 1536938220, 'arrival_time': 1536940620}
270	{'task_type': 'deadhead', 'locomotive': 22584, 'first_train_section': 25318, 'first_section': 22469, 'first_departure_time': 1536938220, 'first_arrival_time': 1536940620, 'second_train_section': 26177, 'second_section': 22254, 'second_departure_time': 1536943680, 'second_arrival_time': 1536944340}
271	{'task_type': 'regular', 'locomotive': 22584, 'train_section': 26177, 'section': 22254, 'departure_time': 1536943680, 'arrival_time': 1536944340}
272	{'task_type': 'deadhead', 'locomotive': 22584, 'first_train_section': 26177, 'first_section': 22254, 'first_departure_time': 1536943680, 'first_arrival_time': 1536944340, 'second_train_section': 28160, 'second_section': 22446, 'second_departure_time': 1536945660, 'second_arrival_time': 1536946740}
273	{'task_type': 'regular', 'locomotive': 22584, 'train_section': 28160, 'section': 22446, 'departure_time': 1536945660, 'arrival_time': 1536946740}
274	{'task_type': 'regular', 'locomotive': 22584, 'train_section': 28162, 'section': 22255, 'departure_time': 1536948300, 'arrival_time': 1536949200}
275	{'task_type': 'regular', 'locomotive': 22584, 'train_section': 27325, 'section': 22469, 'departure_time': 1536952800, 'arrival_time': 1536954960}
276	{'task_type': 'regular', 'locomotive': 22584, 'train_section': 25321, 'section': 22449, 'departure_time': 1536964620, 'arrival_time': 1536966840}
277	{'task_type': 'deadhead', 'locomotive': 22584, 'first_train_section': 25321, 'first_section': 22449, 'first_departure_time': 1536964620, 'first_arrival_time': 1536966840, 'second_train_section': 25092, 'second_section': 22281, 'second_departure_time': 1536980760, 'second_arrival_time': 1536987720}
278	{'task_type': 'regular', 'locomotive': 22584, 'train_section': 25092, 'section': 22281, 'departure_time': 1536980760, 'arrival_time': 1536987720}
279	{'task_type': 'regular', 'locomotive': 22584, 'train_section': 26291, 'section': 22350, 'departure_time': 1536987840, 'arrival_time': 1536991500}
280	{'task_type': 'deadhead', 'locomotive': 22584, 'first_train_section': 26291, 'first_section': 22350, 'first_departure_time': 1536987840, 'first_arrival_time': 1536991500, 'second_train_section': 26150, 'second_section': 22347, 'second_departure_time': 1536995940, 'second_arrival_time': 1537001280}
281	{'task_type': 'regular', 'locomotive': 22584, 'train_section': 26150, 'section': 22347, 'departure_time': 1536995940, 'arrival_time': 1537001280}
282	{'task_type': 'regular', 'locomotive': 22584, 'train_section': 26152, 'section': 22471, 'departure_time': 1537001820, 'arrival_time': 1537004640}
283	{'task_type': 'deadhead', 'locomotive': 22584, 'first_train_section': 25674, 'first_section': 22328, 'first_departure_time': 1537006740, 'first_arrival_time': 1537020900, 'second_train_section': 25327, 'second_section': 22322, 'second_departure_time': 1537116720, 'second_arrival_time': 1537126620}
284	{'task_type': 'regular', 'locomotive': 22584, 'train_section': 25327, 'section': 22322, 'departure_time': 1537116720, 'arrival_time': 1537126620}
285	{'task_type': 'deadhead', 'locomotive': 22584, 'first_train_section': 25327, 'first_section': 22322, 'first_departure_time': 1537116720, 'first_arrival_time': 1537126620, 'second_train_section': 23210, 'second_section': 22290, 'second_departure_time': 1537131060, 'second_arrival_time': 1537135199}
286	{'task_type': 'regular', 'locomotive': 22584, 'train_section': 23210, 'section': 22290, 'departure_time': 1537131060, 'arrival_time': 1537135199}
287	{'task_type': 'regular', 'locomotive': 22585, 'train_section': 26798, 'section': 22500, 'departure_time': 1536938820, 'arrival_time': 1536941220}
288	{'task_type': 'regular', 'locomotive': 22585, 'train_section': 25859, 'section': 22360, 'departure_time': 1536943680, 'arrival_time': 1536955320}
289	{'task_type': 'regular', 'locomotive': 22586, 'train_section': 24127, 'section': 22351, 'departure_time': 1536936480, 'arrival_time': 1536941640}
290	{'task_type': 'regular', 'locomotive': 22586, 'train_section': 25862, 'section': 22500, 'departure_time': 1536946680, 'arrival_time': 1536949800}
291	{'task_type': 'regular', 'locomotive': 22586, 'train_section': 26397, 'section': 22357, 'departure_time': 1536988560, 'arrival_time': 1536992040}
292	{'task_type': 'regular', 'locomotive': 22587, 'train_section': 23953, 'section': 22333, 'departure_time': 1536905700, 'arrival_time': 1536908520}
293	{'task_type': 'deadhead', 'locomotive': 22587, 'first_train_section': 23953, 'first_section': 22333, 'first_departure_time': 1536905700, 'first_arrival_time': 1536908520, 'second_train_section': 26697, 'second_section': 22264, 'second_departure_time': 1536935340, 'second_arrival_time': 1536935760}
294	{'task_type': 'regular', 'locomotive': 22587, 'train_section': 26697, 'section': 22264, 'departure_time': 1536935340, 'arrival_time': 1536935760}
295	{'task_type': 'regular', 'locomotive': 22587, 'train_section': 23571, 'section': 22259, 'departure_time': 1536945840, 'arrival_time': 1536946140}
296	{'task_type': 'regular', 'locomotive': 22587, 'train_section': 23762, 'section': 22266, 'departure_time': 1536960300, 'arrival_time': 1536966840}
297	{'task_type': 'regular', 'locomotive': 22587, 'train_section': 25045, 'section': 22356, 'departure_time': 1536973320, 'arrival_time': 1536981060}
298	{'task_type': 'regular', 'locomotive': 22588, 'train_section': 27715, 'section': 22293, 'departure_time': 1536891480, 'arrival_time': 1536899940}
299	{'task_type': 'deadhead', 'locomotive': 22588, 'first_train_section': 27715, 'first_section': 22293, 'first_departure_time': 1536891480, 'first_arrival_time': 1536899940, 'second_train_section': 27322, 'second_section': 22286, 'second_departure_time': 1536904920, 'second_arrival_time': 1536908880}
300	{'task_type': 'regular', 'locomotive': 22588, 'train_section': 27322, 'section': 22286, 'departure_time': 1536904920, 'arrival_time': 1536908880}
301	{'task_type': 'regular', 'locomotive': 22588, 'train_section': 24988, 'section': 22389, 'departure_time': 1536931800, 'arrival_time': 1536938520}
302	{'task_type': 'deadhead', 'locomotive': 22588, 'first_train_section': 26275, 'first_section': 22464, 'first_departure_time': 1536947580, 'first_arrival_time': 1536962340, 'second_train_section': 25615, 'second_section': 22448, 'second_departure_time': 1536969360, 'second_arrival_time': 1536970620}
303	{'task_type': 'regular', 'locomotive': 22588, 'train_section': 25615, 'section': 22448, 'departure_time': 1536969360, 'arrival_time': 1536970620}
304	{'task_type': 'regular', 'locomotive': 22588, 'train_section': 25617, 'section': 22284, 'departure_time': 1536970980, 'arrival_time': 1536975900}
305	{'task_type': 'deadhead', 'locomotive': 22588, 'first_train_section': 25617, 'first_section': 22284, 'first_departure_time': 1536970980, 'first_arrival_time': 1536975900, 'second_train_section': 22654, 'second_section': 22412, 'second_departure_time': 1536982020, 'second_arrival_time': 1536989280}
306	{'task_type': 'regular', 'locomotive': 22588, 'train_section': 22654, 'section': 22412, 'departure_time': 1536982020, 'arrival_time': 1536989280}
307	{'task_type': 'regular', 'locomotive': 22588, 'train_section': 23458, 'section': 22492, 'departure_time': 1536992640, 'arrival_time': 1537001880}
308	{'task_type': 'deadhead', 'locomotive': 22588, 'first_train_section': 23458, 'first_section': 22492, 'first_departure_time': 1536992640, 'first_arrival_time': 1537001880, 'second_train_section': 23207, 'second_section': 22293, 'second_departure_time': 1537005840, 'second_arrival_time': 1537011300}
309	{'task_type': 'regular', 'locomotive': 22588, 'train_section': 23207, 'section': 22293, 'departure_time': 1537005840, 'arrival_time': 1537011300}
310	{'task_type': 'regular', 'locomotive': 22589, 'train_section': 27163, 'section': 22508, 'departure_time': 1536903180, 'arrival_time': 1536906120}
311	{'task_type': 'regular', 'locomotive': 22589, 'train_section': 26936, 'section': 22479, 'departure_time': 1536911340, 'arrival_time': 1536912960}
312	{'task_type': 'deadhead', 'locomotive': 22589, 'first_train_section': 26936, 'first_section': 22479, 'first_departure_time': 1536911340, 'first_arrival_time': 1536912960, 'second_train_section': 22962, 'second_section': 22263, 'second_departure_time': 1536932280, 'second_arrival_time': 1536934080}
313	{'task_type': 'regular', 'locomotive': 22589, 'train_section': 22962, 'section': 22263, 'departure_time': 1536932280, 'arrival_time': 1536934080}
314	{'task_type': 'regular', 'locomotive': 22589, 'train_section': 22964, 'section': 22247, 'departure_time': 1536934320, 'arrival_time': 1536945420}
315	{'task_type': 'deadhead', 'locomotive': 22589, 'first_train_section': 22964, 'first_section': 22247, 'first_departure_time': 1536934320, 'first_arrival_time': 1536945420, 'second_train_section': 26855, 'second_section': 22404, 'second_departure_time': 1536950280, 'second_arrival_time': 1536959100}
316	{'task_type': 'regular', 'locomotive': 22589, 'train_section': 26855, 'section': 22404, 'departure_time': 1536950280, 'arrival_time': 1536959100}
317	{'task_type': 'regular', 'locomotive': 22589, 'train_section': 26857, 'section': 22246, 'departure_time': 1536959520, 'arrival_time': 1536960780}
318	{'task_type': 'regular', 'locomotive': 22589, 'train_section': 23540, 'section': 22368, 'departure_time': 1536968880, 'arrival_time': 1536972600}
319	{'task_type': 'regular', 'locomotive': 22589, 'train_section': 23542, 'section': 22308, 'departure_time': 1536973200, 'arrival_time': 1536975960}
320	{'task_type': 'regular', 'locomotive': 22589, 'train_section': 23544, 'section': 22496, 'departure_time': 1536976800, 'arrival_time': 1536981600}
321	{'task_type': 'deadhead', 'locomotive': 22589, 'first_train_section': 23544, 'first_section': 22496, 'first_departure_time': 1536976800, 'first_arrival_time': 1536981600, 'second_train_section': 23936, 'second_section': 22435, 'second_departure_time': 1537006980, 'second_arrival_time': 1537012320}
322	{'task_type': 'regular', 'locomotive': 22589, 'train_section': 23936, 'section': 22435, 'departure_time': 1537006980, 'arrival_time': 1537012320}
323	{'task_type': 'deadhead', 'locomotive': 22589, 'first_train_section': 23936, 'first_section': 22435, 'first_departure_time': 1537006980, 'first_arrival_time': 1537012320, 'second_train_section': 28250, 'second_section': 22434, 'second_departure_time': 1537119360, 'second_arrival_time': 1537124640}
324	{'task_type': 'regular', 'locomotive': 22589, 'train_section': 28250, 'section': 22434, 'departure_time': 1537119360, 'arrival_time': 1537124640}
325	{'task_type': 'regular', 'locomotive': 22589, 'train_section': 28252, 'section': 22495, 'departure_time': 1537125300, 'arrival_time': 1537128300}
326	{'task_type': 'regular', 'locomotive': 22589, 'train_section': 28254, 'section': 22305, 'departure_time': 1537128900, 'arrival_time': 1537133940}
327	{'task_type': 'regular', 'locomotive': 22590, 'train_section': 27448, 'section': 22295, 'departure_time': 1536892620, 'arrival_time': 1536894000}
328	{'task_type': 'deadhead', 'locomotive': 22590, 'first_train_section': 27448, 'first_section': 22295, 'first_departure_time': 1536892620, 'first_arrival_time': 1536894000, 'second_train_section': 24508, 'second_section': 22482, 'second_departure_time': 1536922080, 'second_arrival_time': 1536923700}
329	{'task_type': 'regular', 'locomotive': 22590, 'train_section': 24508, 'section': 22482, 'departure_time': 1536922080, 'arrival_time': 1536923700}
330	{'task_type': 'regular', 'locomotive': 22590, 'train_section': 26931, 'section': 22367, 'departure_time': 1536940380, 'arrival_time': 1536941640}
331	{'task_type': 'regular', 'locomotive': 22590, 'train_section': 26933, 'section': 22247, 'departure_time': 1536942660, 'arrival_time': 1536951660}
332	{'task_type': 'deadhead', 'locomotive': 22590, 'first_train_section': 26933, 'first_section': 22247, 'first_departure_time': 1536942660, 'first_arrival_time': 1536951660, 'second_train_section': 22833, 'second_section': 22398, 'second_departure_time': 1536960000, 'second_arrival_time': 1536965880}
333	{'task_type': 'regular', 'locomotive': 22590, 'train_section': 22833, 'section': 22398, 'departure_time': 1536960000, 'arrival_time': 1536965880}
334	{'task_type': 'regular', 'locomotive': 22590, 'train_section': 25612, 'section': 22337, 'departure_time': 1536985920, 'arrival_time': 1536992760}
335	{'task_type': 'regular', 'locomotive': 22591, 'train_section': 24618, 'section': 22247, 'departure_time': 1536931620, 'arrival_time': 1536943020}
336	{'task_type': 'deadhead', 'locomotive': 22591, 'first_train_section': 24618, 'first_section': 22247, 'first_departure_time': 1536931620, 'first_arrival_time': 1536943020, 'second_train_section': 27337, 'second_section': 22407, 'second_departure_time': 1536949080, 'second_arrival_time': 1536955740}
337	{'task_type': 'regular', 'locomotive': 22591, 'train_section': 27337, 'section': 22407, 'departure_time': 1536949080, 'arrival_time': 1536955740}
338	{'task_type': 'regular', 'locomotive': 22591, 'train_section': 27339, 'section': 22334, 'departure_time': 1536956220, 'arrival_time': 1536959400}
339	{'task_type': 'regular', 'locomotive': 22591, 'train_section': 25610, 'section': 22323, 'departure_time': 1536980820, 'arrival_time': 1536984180}
340	{'task_type': 'deadhead', 'locomotive': 22591, 'first_train_section': 25610, 'first_section': 22323, 'first_departure_time': 1536980820, 'first_arrival_time': 1536984180, 'second_train_section': 22735, 'second_section': 22472, 'second_departure_time': 1536988380, 'second_arrival_time': 1536993540}
341	{'task_type': 'regular', 'locomotive': 22591, 'train_section': 22735, 'section': 22472, 'departure_time': 1536988380, 'arrival_time': 1536993540}
342	{'task_type': 'regular', 'locomotive': 22591, 'train_section': 23765, 'section': 22350, 'departure_time': 1536999900, 'arrival_time': 1537003920}
343	{'task_type': 'regular', 'locomotive': 22592, 'train_section': 25872, 'section': 22391, 'departure_time': 1536931560, 'arrival_time': 1536932280}
344	{'task_type': 'regular', 'locomotive': 22592, 'train_section': 23226, 'section': 22274, 'departure_time': 1536943740, 'arrival_time': 1536951000}
345	{'task_type': 'deadhead', 'locomotive': 22592, 'first_train_section': 23226, 'first_section': 22274, 'first_departure_time': 1536943740, 'first_arrival_time': 1536951000, 'second_train_section': 23473, 'second_section': 22404, 'second_departure_time': 1536960780, 'second_arrival_time': 1536969720}
346	{'task_type': 'regular', 'locomotive': 22592, 'train_section': 23473, 'section': 22404, 'departure_time': 1536960780, 'arrival_time': 1536969720}
347	{'task_type': 'regular', 'locomotive': 22592, 'train_section': 23475, 'section': 22245, 'departure_time': 1536969960, 'arrival_time': 1536974640}
348	{'task_type': 'regular', 'locomotive': 22592, 'train_section': 23477, 'section': 22308, 'departure_time': 1536975360, 'arrival_time': 1536978000}
349	{'task_type': 'regular', 'locomotive': 22592, 'train_section': 23479, 'section': 22496, 'departure_time': 1536978660, 'arrival_time': 1536982980}
350	{'task_type': 'deadhead', 'locomotive': 22592, 'first_train_section': 23479, 'first_section': 22496, 'first_departure_time': 1536978660, 'first_arrival_time': 1536982980, 'second_train_section': 23537, 'second_section': 22455, 'second_departure_time': 1536991080, 'second_arrival_time': 1537002480}
351	{'task_type': 'regular', 'locomotive': 22592, 'train_section': 23537, 'section': 22455, 'departure_time': 1536991080, 'arrival_time': 1537002480}
352	{'task_type': 'regular', 'locomotive': 22592, 'train_section': 23816, 'section': 22360, 'departure_time': 1537087680, 'arrival_time': 1537099320}
353	{'task_type': 'regular', 'locomotive': 22592, 'train_section': 23488, 'section': 22458, 'departure_time': 1537106280, 'arrival_time': 1537115580}
354	{'task_type': 'regular', 'locomotive': 22593, 'train_section': 26898, 'section': 22427, 'departure_time': 1536893820, 'arrival_time': 1536896820}
355	{'task_type': 'deadhead', 'locomotive': 22593, 'first_train_section': 26898, 'first_section': 22427, 'first_departure_time': 1536893820, 'first_arrival_time': 1536896820, 'second_train_section': 26907, 'second_section': 22247, 'second_departure_time': 1536908520, 'second_arrival_time': 1536917760}
356	{'task_type': 'regular', 'locomotive': 22593, 'train_section': 26907, 'section': 22247, 'departure_time': 1536908520, 'arrival_time': 1536917760}
357	{'task_type': 'deadhead', 'locomotive': 22593, 'first_train_section': 26907, 'first_section': 22247, 'first_departure_time': 1536908520, 'first_arrival_time': 1536917760, 'second_train_section': 26609, 'second_section': 22248, 'second_departure_time': 1536929760, 'second_arrival_time': 1536932400}
358	{'task_type': 'regular', 'locomotive': 22593, 'train_section': 26609, 'section': 22248, 'departure_time': 1536929760, 'arrival_time': 1536932400}
359	{'task_type': 'regular', 'locomotive': 22593, 'train_section': 26929, 'section': 22482, 'departure_time': 1536935100, 'arrival_time': 1536937020}
360	{'task_type': 'regular', 'locomotive': 22593, 'train_section': 22988, 'section': 22372, 'departure_time': 1536977340, 'arrival_time': 1536981300}
361	{'task_type': 'regular', 'locomotive': 22595, 'train_section': 23886, 'section': 22455, 'departure_time': 1536904680, 'arrival_time': 1536916080}
362	{'task_type': 'deadhead', 'locomotive': 22595, 'first_train_section': 23886, 'first_section': 22455, 'first_departure_time': 1536904680, 'first_arrival_time': 1536916080, 'second_train_section': 26875, 'second_section': 22261, 'second_departure_time': 1536925080, 'second_arrival_time': 1536926820}
363	{'task_type': 'regular', 'locomotive': 22595, 'train_section': 26875, 'section': 22261, 'departure_time': 1536925080, 'arrival_time': 1536926820}
364	{'task_type': 'regular', 'locomotive': 22595, 'train_section': 23291, 'section': 22479, 'departure_time': 1536930960, 'arrival_time': 1536932580}
365	{'task_type': 'regular', 'locomotive': 22595, 'train_section': 25300, 'section': 22261, 'departure_time': 1536935880, 'arrival_time': 1536937500}
366	{'task_type': 'regular', 'locomotive': 22595, 'train_section': 24991, 'section': 22483, 'departure_time': 1536945240, 'arrival_time': 1536948360}
367	{'task_type': 'regular', 'locomotive': 22595, 'train_section': 23860, 'section': 22505, 'departure_time': 1536957300, 'arrival_time': 1536962700}
368	{'task_type': 'regular', 'locomotive': 22595, 'train_section': 23862, 'section': 22308, 'departure_time': 1536963720, 'arrival_time': 1536966420}
369	{'task_type': 'regular', 'locomotive': 22595, 'train_section': 23864, 'section': 22496, 'departure_time': 1536967260, 'arrival_time': 1536971160}
370	{'task_type': 'deadhead', 'locomotive': 22595, 'first_train_section': 23864, 'first_section': 22496, 'first_departure_time': 1536967260, 'first_arrival_time': 1536971160, 'second_train_section': 24771, 'second_section': 22427, 'second_departure_time': 1536975960, 'second_arrival_time': 1536978900}
371	{'task_type': 'regular', 'locomotive': 22595, 'train_section': 24771, 'section': 22427, 'departure_time': 1536975960, 'arrival_time': 1536978900}
372	{'task_type': 'regular', 'locomotive': 22595, 'train_section': 24773, 'section': 22443, 'departure_time': 1536980040, 'arrival_time': 1536981840}
373	{'task_type': 'regular', 'locomotive': 22595, 'train_section': 24775, 'section': 22495, 'departure_time': 1536983460, 'arrival_time': 1536986460}
374	{'task_type': 'regular', 'locomotive': 22595, 'train_section': 24778, 'section': 22304, 'departure_time': 1536987600, 'arrival_time': 1536992700}
375	{'task_type': 'regular', 'locomotive': 22595, 'train_section': 24780, 'section': 22247, 'departure_time': 1536992880, 'arrival_time': 1537003080}
376	{'task_type': 'deadhead', 'locomotive': 22595, 'first_train_section': 24780, 'first_section': 22247, 'first_departure_time': 1536992880, 'first_arrival_time': 1537003080, 'second_train_section': 24981, 'second_section': 22404, 'second_departure_time': 1537014180, 'second_arrival_time': 1537022700}
377	{'task_type': 'regular', 'locomotive': 22595, 'train_section': 24981, 'section': 22404, 'departure_time': 1537014180, 'arrival_time': 1537022700}
378	{'task_type': 'regular', 'locomotive': 22595, 'train_section': 24984, 'section': 22249, 'departure_time': 1537022880, 'arrival_time': 1537028400}
379	{'task_type': 'regular', 'locomotive': 22596, 'train_section': 23846, 'section': 22340, 'departure_time': 1536931140, 'arrival_time': 1536946800}
380	{'task_type': 'regular', 'locomotive': 22596, 'train_section': 25963, 'section': 22233, 'departure_time': 1536992460, 'arrival_time': 1537007940}
381	{'task_type': 'regular', 'locomotive': 22596, 'train_section': 26483, 'section': 22340, 'departure_time': 1537017540, 'arrival_time': 1537033200}
382	{'task_type': 'regular', 'locomotive': 22596, 'train_section': 23321, 'section': 22233, 'departure_time': 1537078860, 'arrival_time': 1537094340}
383	{'task_type': 'regular', 'locomotive': 22596, 'train_section': 27209, 'section': 22340, 'departure_time': 1537103940, 'arrival_time': 1537119600}
384	{'task_type': 'regular', 'locomotive': 22598, 'train_section': 27279, 'section': 22312, 'departure_time': 1536906600, 'arrival_time': 1536907680}
385	{'task_type': 'deadhead', 'locomotive': 22598, 'first_train_section': 27279, 'first_section': 22312, 'first_departure_time': 1536906600, 'first_arrival_time': 1536907680, 'second_train_section': 27148, 'second_section': 22294, 'second_departure_time': 1536931380, 'second_arrival_time': 1536933540}
386	{'task_type': 'regular', 'locomotive': 22598, 'train_section': 27148, 'section': 22294, 'departure_time': 1536931380, 'arrival_time': 1536933540}
387	{'task_type': 'deadhead', 'locomotive': 22598, 'first_train_section': 27148, 'first_section': 22294, 'first_departure_time': 1536931380, 'first_arrival_time': 1536933540, 'second_train_section': 25275, 'second_section': 22256, 'second_departure_time': 1536945000, 'second_arrival_time': 1536947280}
388	{'task_type': 'regular', 'locomotive': 22598, 'train_section': 25275, 'section': 22256, 'departure_time': 1536945000, 'arrival_time': 1536947280}
389	{'task_type': 'deadhead', 'locomotive': 22598, 'first_train_section': 25275, 'first_section': 22256, 'first_departure_time': 1536945000, 'first_arrival_time': 1536947280, 'second_train_section': 27200, 'second_section': 22290, 'second_departure_time': 1536958260, 'second_arrival_time': 1536965100}
390	{'task_type': 'regular', 'locomotive': 22598, 'train_section': 27200, 'section': 22290, 'departure_time': 1536958260, 'arrival_time': 1536965100}
391	{'task_type': 'regular', 'locomotive': 22598, 'train_section': 27625, 'section': 22343, 'departure_time': 1536969660, 'arrival_time': 1536978060}
392	{'task_type': 'deadhead', 'locomotive': 22598, 'first_train_section': 27625, 'first_section': 22343, 'first_departure_time': 1536969660, 'first_arrival_time': 1536978060, 'second_train_section': 26727, 'second_section': 22256, 'second_departure_time': 1536986520, 'second_arrival_time': 1536989460}
393	{'task_type': 'regular', 'locomotive': 22598, 'train_section': 26727, 'section': 22256, 'departure_time': 1536986520, 'arrival_time': 1536989460}
394	{'task_type': 'deadhead', 'locomotive': 22598, 'first_train_section': 26727, 'first_section': 22256, 'first_departure_time': 1536986520, 'first_arrival_time': 1536989460, 'second_train_section': 27188, 'second_section': 22447, 'second_departure_time': 1536994380, 'second_arrival_time': 1536997440}
395	{'task_type': 'regular', 'locomotive': 22598, 'train_section': 27188, 'section': 22447, 'departure_time': 1536994380, 'arrival_time': 1536997440}
396	{'task_type': 'deadhead', 'locomotive': 22598, 'first_train_section': 27188, 'first_section': 22447, 'first_departure_time': 1536994380, 'first_arrival_time': 1536997440, 'second_train_section': 26612, 'second_section': 22313, 'second_departure_time': 1537008480, 'second_arrival_time': 1537013400}
397	{'task_type': 'regular', 'locomotive': 22598, 'train_section': 26612, 'section': 22313, 'departure_time': 1537008480, 'arrival_time': 1537013400}
398	{'task_type': 'deadhead', 'locomotive': 22598, 'first_train_section': 26612, 'first_section': 22313, 'first_departure_time': 1537008480, 'first_arrival_time': 1537013400, 'second_train_section': 25755, 'second_section': 22288, 'second_departure_time': 1537016340, 'second_arrival_time': 1537025100}
399	{'task_type': 'regular', 'locomotive': 22598, 'train_section': 25755, 'section': 22288, 'departure_time': 1537016340, 'arrival_time': 1537025100}
400	{'task_type': 'regular', 'locomotive': 22598, 'train_section': 25757, 'section': 22323, 'departure_time': 1537025940, 'arrival_time': 1537029840}
401	{'task_type': 'regular', 'locomotive': 22598, 'train_section': 25759, 'section': 22337, 'departure_time': 1537030980, 'arrival_time': 1537040820}
402	{'task_type': 'deadhead', 'locomotive': 22598, 'first_train_section': 25759, 'first_section': 22337, 'first_departure_time': 1537030980, 'first_arrival_time': 1537040820, 'second_train_section': 28121, 'second_section': 22404, 'second_departure_time': 1537123620, 'second_arrival_time': 1537132560}
403	{'task_type': 'regular', 'locomotive': 22598, 'train_section': 28121, 'section': 22404, 'departure_time': 1537123620, 'arrival_time': 1537132560}
404	{'task_type': 'regular', 'locomotive': 22598, 'train_section': 28123, 'section': 22249, 'departure_time': 1537132980, 'arrival_time': 1537135199}
405	{'task_type': 'regular', 'locomotive': 22599, 'train_section': 23168, 'section': 22336, 'departure_time': 1536891780, 'arrival_time': 1536897900}
406	{'task_type': 'regular', 'locomotive': 22599, 'train_section': 24254, 'section': 22400, 'departure_time': 1536900180, 'arrival_time': 1536904080}
407	{'task_type': 'deadhead', 'locomotive': 22599, 'first_train_section': 24254, 'first_section': 22400, 'first_departure_time': 1536900180, 'first_arrival_time': 1536904080, 'second_train_section': 23184, 'second_section': 22400, 'second_departure_time': 1536918600, 'second_arrival_time': 1536922020}
408	{'task_type': 'regular', 'locomotive': 22599, 'train_section': 23184, 'section': 22400, 'departure_time': 1536918600, 'arrival_time': 1536922020}
409	{'task_type': 'regular', 'locomotive': 22599, 'train_section': 23904, 'section': 22383, 'departure_time': 1536923520, 'arrival_time': 1536926940}
410	{'task_type': 'regular', 'locomotive': 22599, 'train_section': 23121, 'section': 22400, 'departure_time': 1536929400, 'arrival_time': 1536932820}
411	{'task_type': 'regular', 'locomotive': 22599, 'train_section': 28103, 'section': 22383, 'departure_time': 1536934320, 'arrival_time': 1536937740}
412	{'task_type': 'regular', 'locomotive': 22599, 'train_section': 28105, 'section': 22399, 'departure_time': 1536937800, 'arrival_time': 1536939240}
413	{'task_type': 'deadhead', 'locomotive': 22599, 'first_train_section': 24239, 'first_section': 22366, 'first_departure_time': 1536939240, 'first_arrival_time': 1536950220, 'second_train_section': 23768, 'second_section': 22273, 'second_departure_time': 1536997980, 'second_arrival_time': 1537002540}
414	{'task_type': 'regular', 'locomotive': 22599, 'train_section': 23768, 'section': 22273, 'departure_time': 1536997980, 'arrival_time': 1537002540}
415	{'task_type': 'regular', 'locomotive': 22599, 'train_section': 24236, 'section': 22397, 'departure_time': 1537055400, 'arrival_time': 1537063440}
416	{'task_type': 'regular', 'locomotive': 22599, 'train_section': 27298, 'section': 22327, 'departure_time': 1537088880, 'arrival_time': 1537095240}
417	{'task_type': 'regular', 'locomotive': 22601, 'train_section': 23931, 'section': 22273, 'departure_time': 1536895440, 'arrival_time': 1536900960}
418	{'task_type': 'deadhead', 'locomotive': 22601, 'first_train_section': 23931, 'first_section': 22273, 'first_departure_time': 1536895440, 'first_arrival_time': 1536900960, 'second_train_section': 23892, 'second_section': 22242, 'second_departure_time': 1536945840, 'second_arrival_time': 1536949020}
419	{'task_type': 'regular', 'locomotive': 22601, 'train_section': 23892, 'section': 22242, 'departure_time': 1536945840, 'arrival_time': 1536949020}
420	{'task_type': 'deadhead', 'locomotive': 22601, 'first_train_section': 23892, 'first_section': 22242, 'first_departure_time': 1536945840, 'first_arrival_time': 1536949020, 'second_train_section': 24913, 'second_section': 22404, 'second_departure_time': 1536954240, 'second_arrival_time': 1536962760}
421	{'task_type': 'regular', 'locomotive': 22601, 'train_section': 24913, 'section': 22404, 'departure_time': 1536954240, 'arrival_time': 1536962760}
422	{'task_type': 'regular', 'locomotive': 22601, 'train_section': 24915, 'section': 22245, 'departure_time': 1536962940, 'arrival_time': 1536967440}
423	{'task_type': 'regular', 'locomotive': 22601, 'train_section': 24917, 'section': 22308, 'departure_time': 1536968160, 'arrival_time': 1536970860}
424	{'task_type': 'regular', 'locomotive': 22601, 'train_section': 24919, 'section': 22496, 'departure_time': 1536971640, 'arrival_time': 1536975360}
425	{'task_type': 'deadhead', 'locomotive': 22601, 'first_train_section': 24919, 'first_section': 22496, 'first_departure_time': 1536971640, 'first_arrival_time': 1536975360, 'second_train_section': 26025, 'second_section': 22431, 'second_departure_time': 1537013160, 'second_arrival_time': 1537018200}
426	{'task_type': 'regular', 'locomotive': 22601, 'train_section': 26025, 'section': 22431, 'departure_time': 1537013160, 'arrival_time': 1537018200}
427	{'task_type': 'regular', 'locomotive': 22601, 'train_section': 26027, 'section': 22495, 'departure_time': 1537019280, 'arrival_time': 1537022040}
428	{'task_type': 'regular', 'locomotive': 22601, 'train_section': 26029, 'section': 22304, 'departure_time': 1537022640, 'arrival_time': 1537027200}
429	{'task_type': 'regular', 'locomotive': 22601, 'train_section': 26031, 'section': 22247, 'departure_time': 1537027380, 'arrival_time': 1537036620}
430	{'task_type': 'regular', 'locomotive': 22602, 'train_section': 26112, 'section': 22505, 'departure_time': 1536947040, 'arrival_time': 1536952140}
431	{'task_type': 'regular', 'locomotive': 22602, 'train_section': 26114, 'section': 22308, 'departure_time': 1536953100, 'arrival_time': 1536955860}
432	{'task_type': 'regular', 'locomotive': 22602, 'train_section': 22722, 'section': 22495, 'departure_time': 1536957240, 'arrival_time': 1536959940}
433	{'task_type': 'regular', 'locomotive': 22602, 'train_section': 22724, 'section': 22304, 'departure_time': 1536960720, 'arrival_time': 1536965280}
434	{'task_type': 'regular', 'locomotive': 22602, 'train_section': 22726, 'section': 22247, 'departure_time': 1536965940, 'arrival_time': 1536974760}
435	{'task_type': 'deadhead', 'locomotive': 22602, 'first_train_section': 22726, 'first_section': 22247, 'first_departure_time': 1536965940, 'first_arrival_time': 1536974760, 'second_train_section': 26766, 'second_section': 22403, 'second_departure_time': 1536999540, 'second_arrival_time': 1537002060}
436	{'task_type': 'regular', 'locomotive': 22602, 'train_section': 26766, 'section': 22403, 'departure_time': 1536999540, 'arrival_time': 1537002060}
437	{'task_type': 'regular', 'locomotive': 22604, 'train_section': 25697, 'section': 22510, 'departure_time': 1536892200, 'arrival_time': 1536893760}
438	{'task_type': 'deadhead', 'locomotive': 22604, 'first_train_section': 25697, 'first_section': 22510, 'first_departure_time': 1536892200, 'first_arrival_time': 1536893760, 'second_train_section': 27177, 'second_section': 22392, 'second_departure_time': 1536920700, 'second_arrival_time': 1536922080}
439	{'task_type': 'regular', 'locomotive': 22604, 'train_section': 27177, 'section': 22392, 'departure_time': 1536920700, 'arrival_time': 1536922080}
440	{'task_type': 'regular', 'locomotive': 22604, 'train_section': 27179, 'section': 22384, 'departure_time': 1536927900, 'arrival_time': 1536933300}
441	{'task_type': 'deadhead', 'locomotive': 22604, 'first_train_section': 27179, 'first_section': 22384, 'first_departure_time': 1536927900, 'first_arrival_time': 1536933300, 'second_train_section': 27999, 'second_section': 22472, 'second_departure_time': 1536945180, 'second_arrival_time': 1536950340}
442	{'task_type': 'regular', 'locomotive': 22604, 'train_section': 27999, 'section': 22472, 'departure_time': 1536945180, 'arrival_time': 1536950340}
443	{'task_type': 'deadhead', 'locomotive': 22604, 'first_train_section': 23961, 'first_section': 22237, 'first_departure_time': 1536962400, 'first_arrival_time': 1536985500, 'second_train_section': 24482, 'second_section': 22279, 'second_departure_time': 1536989760, 'second_arrival_time': 1536995220}
444	{'task_type': 'regular', 'locomotive': 22604, 'train_section': 24482, 'section': 22279, 'departure_time': 1536989760, 'arrival_time': 1536995220}
445	{'task_type': 'regular', 'locomotive': 22604, 'train_section': 26575, 'section': 22314, 'departure_time': 1536996840, 'arrival_time': 1536999540}
446	{'task_type': 'regular', 'locomotive': 22604, 'train_section': 25784, 'section': 22311, 'departure_time': 1537004400, 'arrival_time': 1537007160}
447	{'task_type': 'regular', 'locomotive': 22604, 'train_section': 25769, 'section': 22313, 'departure_time': 1537015680, 'arrival_time': 1537020600}
448	{'task_type': 'regular', 'locomotive': 22604, 'train_section': 23365, 'section': 22279, 'departure_time': 1537076160, 'arrival_time': 1537081620}
449	{'task_type': 'regular', 'locomotive': 22604, 'train_section': 24166, 'section': 22314, 'departure_time': 1537083240, 'arrival_time': 1537085940}
450	{'task_type': 'regular', 'locomotive': 22604, 'train_section': 23668, 'section': 22311, 'departure_time': 1537090800, 'arrival_time': 1537093560}
451	{'task_type': 'regular', 'locomotive': 22604, 'train_section': 25284, 'section': 22313, 'departure_time': 1537094880, 'arrival_time': 1537099800}
452	{'task_type': 'regular', 'locomotive': 22604, 'train_section': 24447, 'section': 22284, 'departure_time': 1537123920, 'arrival_time': 1537127580}
453	{'task_type': 'regular', 'locomotive': 22605, 'train_section': 26309, 'section': 22338, 'departure_time': 1536935040, 'arrival_time': 1536947160}
454	{'task_type': 'deadhead', 'locomotive': 22605, 'first_train_section': 26309, 'first_section': 22338, 'first_departure_time': 1536935040, 'first_arrival_time': 1536947160, 'second_train_section': 26198, 'second_section': 22431, 'second_departure_time': 1536948180, 'second_arrival_time': 1536952140}
455	{'task_type': 'regular', 'locomotive': 22605, 'train_section': 26198, 'section': 22431, 'departure_time': 1536948180, 'arrival_time': 1536952140}
456	{'task_type': 'regular', 'locomotive': 22605, 'train_section': 23414, 'section': 22496, 'departure_time': 1536953340, 'arrival_time': 1536957660}
457	{'task_type': 'deadhead', 'locomotive': 22605, 'first_train_section': 23414, 'first_section': 22496, 'first_departure_time': 1536953340, 'first_arrival_time': 1536957660, 'second_train_section': 22873, 'second_section': 22431, 'second_departure_time': 1536991800, 'second_arrival_time': 1536996420}
458	{'task_type': 'regular', 'locomotive': 22605, 'train_section': 22873, 'section': 22431, 'departure_time': 1536991800, 'arrival_time': 1536996420}
459	{'task_type': 'regular', 'locomotive': 22605, 'train_section': 22875, 'section': 22495, 'departure_time': 1536997680, 'arrival_time': 1537000560}
460	{'task_type': 'regular', 'locomotive': 22605, 'train_section': 22877, 'section': 22309, 'departure_time': 1537001160, 'arrival_time': 1537005720}
461	{'task_type': 'regular', 'locomotive': 22606, 'train_section': 28197, 'section': 22372, 'departure_time': 1536890940, 'arrival_time': 1536894900}
462	{'task_type': 'deadhead', 'locomotive': 22606, 'first_train_section': 28197, 'first_section': 22372, 'first_departure_time': 1536890940, 'first_arrival_time': 1536894900, 'second_train_section': 24732, 'second_section': 22264, 'second_departure_time': 1536940380, 'second_arrival_time': 1536940800}
463	{'task_type': 'regular', 'locomotive': 22606, 'train_section': 24732, 'section': 22264, 'departure_time': 1536940380, 'arrival_time': 1536940800}
464	{'task_type': 'regular', 'locomotive': 22606, 'train_section': 23760, 'section': 22259, 'departure_time': 1536959700, 'arrival_time': 1536960120}
465	{'task_type': 'deadhead', 'locomotive': 22606, 'first_train_section': 23760, 'first_section': 22259, 'first_departure_time': 1536959700, 'first_arrival_time': 1536960120, 'second_train_section': 23307, 'second_section': 22483, 'second_departure_time': 1536972720, 'second_arrival_time': 1536975780}
466	{'task_type': 'regular', 'locomotive': 22606, 'train_section': 23307, 'section': 22483, 'departure_time': 1536972720, 'arrival_time': 1536975780}
467	{'task_type': 'deadhead', 'locomotive': 22606, 'first_train_section': 23307, 'first_section': 22483, 'first_departure_time': 1536972720, 'first_arrival_time': 1536975780, 'second_train_section': 26147, 'second_section': 22499, 'second_departure_time': 1536990300, 'second_arrival_time': 1536995460}
468	{'task_type': 'regular', 'locomotive': 22606, 'train_section': 26147, 'section': 22499, 'departure_time': 1536990300, 'arrival_time': 1536995460}
469	{'task_type': 'regular', 'locomotive': 22606, 'train_section': 25965, 'section': 22351, 'departure_time': 1537008480, 'arrival_time': 1537013640}
470	{'task_type': 'regular', 'locomotive': 22606, 'train_section': 27207, 'section': 22499, 'departure_time': 1537098300, 'arrival_time': 1537103460}
471	{'task_type': 'regular', 'locomotive': 22606, 'train_section': 27476, 'section': 22347, 'departure_time': 1537111140, 'arrival_time': 1537116480}
472	{'task_type': 'regular', 'locomotive': 22606, 'train_section': 27478, 'section': 22471, 'departure_time': 1537117020, 'arrival_time': 1537119840}
473	{'task_type': 'regular', 'locomotive': 22606, 'train_section': 25483, 'section': 22332, 'departure_time': 1537129800, 'arrival_time': 1537133940}
474	{'task_type': 'regular', 'locomotive': 22609, 'train_section': 27847, 'section': 22430, 'departure_time': 1536890580, 'arrival_time': 1536892680}
475	{'task_type': 'deadhead', 'locomotive': 22609, 'first_train_section': 27847, 'first_section': 22430, 'first_departure_time': 1536890580, 'first_arrival_time': 1536892680, 'second_train_section': 22942, 'second_section': 22251, 'second_departure_time': 1536899340, 'second_arrival_time': 1536903060}
476	{'task_type': 'regular', 'locomotive': 22609, 'train_section': 22942, 'section': 22251, 'departure_time': 1536899340, 'arrival_time': 1536903060}
477	{'task_type': 'regular', 'locomotive': 22609, 'train_section': 23244, 'section': 22413, 'departure_time': 1536935520, 'arrival_time': 1536939360}
478	{'task_type': 'deadhead', 'locomotive': 22609, 'first_train_section': 23244, 'first_section': 22413, 'first_departure_time': 1536935520, 'first_arrival_time': 1536939360, 'second_train_section': 25508, 'second_section': 22416, 'second_departure_time': 1536947640, 'second_arrival_time': 1536951300}
479	{'task_type': 'regular', 'locomotive': 22609, 'train_section': 25508, 'section': 22416, 'departure_time': 1536947640, 'arrival_time': 1536951300}
480	{'task_type': 'regular', 'locomotive': 22609, 'train_section': 27006, 'section': 22378, 'departure_time': 1536951900, 'arrival_time': 1536955560}
481	{'task_type': 'regular', 'locomotive': 22609, 'train_section': 27242, 'section': 22416, 'departure_time': 1536981840, 'arrival_time': 1536985500}
482	{'task_type': 'regular', 'locomotive': 22609, 'train_section': 23828, 'section': 22378, 'departure_time': 1536986100, 'arrival_time': 1536989760}
483	{'task_type': 'regular', 'locomotive': 22609, 'train_section': 27761, 'section': 22416, 'departure_time': 1537001640, 'arrival_time': 1537005300}
484	{'task_type': 'regular', 'locomotive': 22609, 'train_section': 23273, 'section': 22378, 'departure_time': 1537016700, 'arrival_time': 1537020360}
485	{'task_type': 'regular', 'locomotive': 22609, 'train_section': 25016, 'section': 22416, 'departure_time': 1537037640, 'arrival_time': 1537041300}
486	{'task_type': 'regular', 'locomotive': 22610, 'train_section': 22924, 'section': 22427, 'departure_time': 1536901080, 'arrival_time': 1536904740}
487	{'task_type': 'deadhead', 'locomotive': 22610, 'first_train_section': 22924, 'first_section': 22427, 'first_departure_time': 1536901080, 'first_arrival_time': 1536904740, 'second_train_section': 22932, 'second_section': 22247, 'second_departure_time': 1536919200, 'second_arrival_time': 1536928620}
488	{'task_type': 'regular', 'locomotive': 22610, 'train_section': 22932, 'section': 22247, 'departure_time': 1536919200, 'arrival_time': 1536928620}
489	{'task_type': 'deadhead', 'locomotive': 22610, 'first_train_section': 22932, 'first_section': 22247, 'first_departure_time': 1536919200, 'first_arrival_time': 1536928620, 'second_train_section': 26066, 'second_section': 22396, 'second_departure_time': 1536929760, 'second_arrival_time': 1536931620}
490	{'task_type': 'regular', 'locomotive': 22610, 'train_section': 26066, 'section': 22396, 'departure_time': 1536929760, 'arrival_time': 1536931620}
491	{'task_type': 'deadhead', 'locomotive': 22610, 'first_train_section': 26066, 'first_section': 22396, 'first_departure_time': 1536929760, 'first_arrival_time': 1536931620, 'second_train_section': 25498, 'second_section': 22488, 'second_departure_time': 1536938040, 'second_arrival_time': 1536942420}
492	{'task_type': 'regular', 'locomotive': 22610, 'train_section': 25498, 'section': 22488, 'departure_time': 1536938040, 'arrival_time': 1536942420}
493	{'task_type': 'regular', 'locomotive': 22610, 'train_section': 24735, 'section': 22317, 'departure_time': 1536942720, 'arrival_time': 1536944460}
494	{'task_type': 'regular', 'locomotive': 22610, 'train_section': 24708, 'section': 22397, 'departure_time': 1536969000, 'arrival_time': 1536977040}
495	{'task_type': 'regular', 'locomotive': 22610, 'train_section': 26508, 'section': 22329, 'departure_time': 1536987480, 'arrival_time': 1536988920}
496	{'task_type': 'regular', 'locomotive': 22610, 'train_section': 24838, 'section': 22387, 'departure_time': 1536989880, 'arrival_time': 1536991320}
497	{'task_type': 'regular', 'locomotive': 22610, 'train_section': 24344, 'section': 22329, 'departure_time': 1537001880, 'arrival_time': 1537003320}
498	{'task_type': 'regular', 'locomotive': 22610, 'train_section': 23782, 'section': 22387, 'departure_time': 1537004280, 'arrival_time': 1537005720}
499	{'task_type': 'regular', 'locomotive': 22610, 'train_section': 27522, 'section': 22329, 'departure_time': 1537009080, 'arrival_time': 1537010520}
500	{'task_type': 'regular', 'locomotive': 22610, 'train_section': 24432, 'section': 22387, 'departure_time': 1537018680, 'arrival_time': 1537020120}
501	{'task_type': 'regular', 'locomotive': 22610, 'train_section': 27577, 'section': 22333, 'departure_time': 1537078500, 'arrival_time': 1537081320}
502	{'task_type': 'regular', 'locomotive': 22610, 'train_section': 27579, 'section': 22472, 'departure_time': 1537081980, 'arrival_time': 1537087140}
503	{'task_type': 'regular', 'locomotive': 22610, 'train_section': 27581, 'section': 22351, 'departure_time': 1537087680, 'arrival_time': 1537092840}
504	{'task_type': 'regular', 'locomotive': 22610, 'train_section': 27683, 'section': 22501, 'departure_time': 1537129440, 'arrival_time': 1537131660}
505	{'task_type': 'regular', 'locomotive': 22610, 'train_section': 27685, 'section': 22476, 'departure_time': 1537132620, 'arrival_time': 1537135199}
506	{'task_type': 'regular', 'locomotive': 22611, 'train_section': 24768, 'section': 22331, 'departure_time': 1536937680, 'arrival_time': 1536948540}
507	{'task_type': 'regular', 'locomotive': 22611, 'train_section': 27782, 'section': 22438, 'departure_time': 1536990600, 'arrival_time': 1537001460}
508	{'task_type': 'regular', 'locomotive': 22611, 'train_section': 24931, 'section': 22327, 'departure_time': 1537009680, 'arrival_time': 1537016040}
509	{'task_type': 'regular', 'locomotive': 22612, 'train_section': 26414, 'section': 22471, 'departure_time': 1536915420, 'arrival_time': 1536918240}
510	{'task_type': 'regular', 'locomotive': 22612, 'train_section': 24606, 'section': 22327, 'departure_time': 1536939780, 'arrival_time': 1536946860}
511	{'task_type': 'regular', 'locomotive': 22612, 'train_section': 23288, 'section': 22320, 'departure_time': 1537002300, 'arrival_time': 1537008660}
512	{'task_type': 'regular', 'locomotive': 22612, 'train_section': 23099, 'section': 22327, 'departure_time': 1537024080, 'arrival_time': 1537030500}
513	{'task_type': 'regular', 'locomotive': 22612, 'train_section': 25576, 'section': 22320, 'departure_time': 1537031100, 'arrival_time': 1537037460}
514	{'task_type': 'deadhead', 'locomotive': 22612, 'first_train_section': 25576, 'first_section': 22320, 'first_departure_time': 1537031100, 'first_arrival_time': 1537037460, 'second_train_section': 27562, 'second_section': 22324, 'second_departure_time': 1537045980, 'second_arrival_time': 1537051500}
515	{'task_type': 'regular', 'locomotive': 22612, 'train_section': 27562, 'section': 22324, 'departure_time': 1537045980, 'arrival_time': 1537051500}
516	{'task_type': 'deadhead', 'locomotive': 22612, 'first_train_section': 27562, 'first_section': 22324, 'first_departure_time': 1537045980, 'first_arrival_time': 1537051500, 'second_train_section': 26171, 'second_section': 22313, 'second_departure_time': 1537087680, 'second_arrival_time': 1537092600}
517	{'task_type': 'regular', 'locomotive': 22612, 'train_section': 26171, 'section': 22313, 'departure_time': 1537087680, 'arrival_time': 1537092600}
518	{'task_type': 'regular', 'locomotive': 22612, 'train_section': 25026, 'section': 22277, 'departure_time': 1537126500, 'arrival_time': 1537129980}
519	{'task_type': 'regular', 'locomotive': 22616, 'train_section': 22849, 'section': 22338, 'departure_time': 1536948120, 'arrival_time': 1536959220}
520	{'task_type': 'deadhead', 'locomotive': 22616, 'first_train_section': 22849, 'first_section': 22338, 'first_departure_time': 1536948120, 'first_arrival_time': 1536959220, 'second_train_section': 23674, 'second_section': 22427, 'second_departure_time': 1536961740, 'second_arrival_time': 1536964680}
521	{'task_type': 'regular', 'locomotive': 22616, 'train_section': 23674, 'section': 22427, 'departure_time': 1536961740, 'arrival_time': 1536964680}
522	{'task_type': 'regular', 'locomotive': 22616, 'train_section': 23676, 'section': 22443, 'departure_time': 1536965700, 'arrival_time': 1536967380}
523	{'task_type': 'regular', 'locomotive': 22616, 'train_section': 23678, 'section': 22495, 'departure_time': 1536968040, 'arrival_time': 1536970920}
524	{'task_type': 'regular', 'locomotive': 22616, 'train_section': 23680, 'section': 22304, 'departure_time': 1536971580, 'arrival_time': 1536976020}
525	{'task_type': 'regular', 'locomotive': 22616, 'train_section': 23682, 'section': 22247, 'departure_time': 1536976200, 'arrival_time': 1536986760}
526	{'task_type': 'regular', 'locomotive': 22618, 'train_section': 25489, 'section': 22438, 'departure_time': 1536940320, 'arrival_time': 1536951060}
527	{'task_type': 'deadhead', 'locomotive': 22618, 'first_train_section': 25489, 'first_section': 22438, 'first_departure_time': 1536940320, 'first_arrival_time': 1536951060, 'second_train_section': 26998, 'second_section': 22323, 'second_departure_time': 1536954540, 'second_arrival_time': 1536957780}
528	{'task_type': 'regular', 'locomotive': 22618, 'train_section': 26998, 'section': 22323, 'departure_time': 1536954540, 'arrival_time': 1536957780}
529	{'task_type': 'regular', 'locomotive': 22618, 'train_section': 27000, 'section': 22337, 'departure_time': 1536958920, 'arrival_time': 1536965580}
530	{'task_type': 'deadhead', 'locomotive': 22618, 'first_train_section': 27000, 'first_section': 22337, 'first_departure_time': 1536958920, 'first_arrival_time': 1536965580, 'second_train_section': 26268, 'second_section': 22407, 'second_departure_time': 1536971520, 'second_arrival_time': 1536978960}
531	{'task_type': 'regular', 'locomotive': 22618, 'train_section': 26268, 'section': 22407, 'departure_time': 1536971520, 'arrival_time': 1536978960}
532	{'task_type': 'regular', 'locomotive': 22618, 'train_section': 26270, 'section': 22334, 'departure_time': 1536979560, 'arrival_time': 1536982800}
533	{'task_type': 'deadhead', 'locomotive': 22618, 'first_train_section': 26270, 'first_section': 22334, 'first_departure_time': 1536979560, 'first_arrival_time': 1536982800, 'second_train_section': 27638, 'second_section': 22493, 'second_departure_time': 1536988740, 'second_arrival_time': 1536989460}
534	{'task_type': 'regular', 'locomotive': 22618, 'train_section': 27638, 'section': 22493, 'departure_time': 1536988740, 'arrival_time': 1536989460}
535	{'task_type': 'regular', 'locomotive': 22618, 'train_section': 25737, 'section': 22329, 'departure_time': 1536994680, 'arrival_time': 1536996120}
536	{'task_type': 'regular', 'locomotive': 22618, 'train_section': 23880, 'section': 22387, 'departure_time': 1536997080, 'arrival_time': 1536998520}
537	{'task_type': 'regular', 'locomotive': 22618, 'train_section': 24717, 'section': 22327, 'departure_time': 1537002480, 'arrival_time': 1537008840}
538	{'task_type': 'regular', 'locomotive': 22618, 'train_section': 24653, 'section': 22320, 'departure_time': 1537081500, 'arrival_time': 1537087860}
539	{'task_type': 'regular', 'locomotive': 22618, 'train_section': 24020, 'section': 22327, 'departure_time': 1537103280, 'arrival_time': 1537109640}
540	{'task_type': 'regular', 'locomotive': 22623, 'train_section': 25807, 'section': 22303, 'departure_time': 1536895440, 'arrival_time': 1536901320}
541	{'task_type': 'deadhead', 'locomotive': 22623, 'first_train_section': 25807, 'first_section': 22303, 'first_departure_time': 1536895440, 'first_arrival_time': 1536901320, 'second_train_section': 24585, 'second_section': 22436, 'second_departure_time': 1536933840, 'second_arrival_time': 1536935820}
542	{'task_type': 'regular', 'locomotive': 22623, 'train_section': 24585, 'section': 22436, 'departure_time': 1536933840, 'arrival_time': 1536935820}
543	{'task_type': 'regular', 'locomotive': 22623, 'train_section': 27151, 'section': 22454, 'departure_time': 1536938700, 'arrival_time': 1536944520}
544	{'task_type': 'regular', 'locomotive': 22624, 'train_section': 27942, 'section': 22354, 'departure_time': 1536896340, 'arrival_time': 1536900960}
545	{'task_type': 'deadhead', 'locomotive': 22624, 'first_train_section': 27942, 'first_section': 22354, 'first_departure_time': 1536896340, 'first_arrival_time': 1536900960, 'second_train_section': 24826, 'second_section': 22456, 'second_departure_time': 1536903300, 'second_arrival_time': 1536904800}
546	{'task_type': 'regular', 'locomotive': 22624, 'train_section': 24826, 'section': 22456, 'departure_time': 1536903300, 'arrival_time': 1536904800}
547	{'task_type': 'regular', 'locomotive': 22624, 'train_section': 24544, 'section': 22416, 'departure_time': 1536920640, 'arrival_time': 1536924300}
548	{'task_type': 'regular', 'locomotive': 22624, 'train_section': 28212, 'section': 22378, 'departure_time': 1536928500, 'arrival_time': 1536932160}
549	{'task_type': 'regular', 'locomotive': 22624, 'train_section': 28042, 'section': 22416, 'departure_time': 1536933240, 'arrival_time': 1536936900}
550	{'task_type': 'regular', 'locomotive': 22624, 'train_section': 24103, 'section': 22378, 'departure_time': 1536948300, 'arrival_time': 1536951960}
551	{'task_type': 'deadhead', 'locomotive': 22624, 'first_train_section': 27128, 'first_section': 22300, 'first_departure_time': 1536988980, 'first_arrival_time': 1536992400, 'second_train_section': 25775, 'second_section': 22378, 'second_departure_time': 1537005900, 'second_arrival_time': 1537009560}
552	{'task_type': 'regular', 'locomotive': 22624, 'train_section': 25775, 'section': 22378, 'departure_time': 1537005900, 'arrival_time': 1537009560}
553	{'task_type': 'regular', 'locomotive': 22624, 'train_section': 25665, 'section': 22416, 'departure_time': 1537016040, 'arrival_time': 1537019700}
554	{'task_type': 'regular', 'locomotive': 22624, 'train_section': 24946, 'section': 22378, 'departure_time': 1537023900, 'arrival_time': 1537027560}
555	{'task_type': 'regular', 'locomotive': 22628, 'train_section': 27844, 'section': 22492, 'departure_time': 1536938640, 'arrival_time': 1536947880}
556	{'task_type': 'deadhead', 'locomotive': 22628, 'first_train_section': 27844, 'first_section': 22492, 'first_departure_time': 1536938640, 'first_arrival_time': 1536947880, 'second_train_section': 24573, 'second_section': 22289, 'second_departure_time': 1536953100, 'second_arrival_time': 1536960720}
557	{'task_type': 'regular', 'locomotive': 22628, 'train_section': 24573, 'section': 22289, 'departure_time': 1536953100, 'arrival_time': 1536960720}
558	{'task_type': 'deadhead', 'locomotive': 22628, 'first_train_section': 24573, 'first_section': 22289, 'first_departure_time': 1536953100, 'first_arrival_time': 1536960720, 'second_train_section': 23116, 'second_section': 22323, 'second_departure_time': 1536963120, 'second_arrival_time': 1536966600}
559	{'task_type': 'regular', 'locomotive': 22628, 'train_section': 23116, 'section': 22323, 'departure_time': 1536963120, 'arrival_time': 1536966600}
560	{'task_type': 'regular', 'locomotive': 22628, 'train_section': 23118, 'section': 22337, 'departure_time': 1536968100, 'arrival_time': 1536975840}
561	{'task_type': 'deadhead', 'locomotive': 22628, 'first_train_section': 23118, 'first_section': 22337, 'first_departure_time': 1536968100, 'first_arrival_time': 1536975840, 'second_train_section': 27558, 'second_section': 22407, 'second_departure_time': 1537035480, 'second_arrival_time': 1537042140}
562	{'task_type': 'regular', 'locomotive': 22628, 'train_section': 27558, 'section': 22407, 'departure_time': 1537035480, 'arrival_time': 1537042140}
563	{'task_type': 'regular', 'locomotive': 22628, 'train_section': 27560, 'section': 22334, 'departure_time': 1537042620, 'arrival_time': 1537045800}
564	{'task_type': 'deadhead', 'locomotive': 22628, 'first_train_section': 27560, 'first_section': 22334, 'first_departure_time': 1537042620, 'first_arrival_time': 1537045800, 'second_train_section': 24390, 'second_section': 22330, 'second_departure_time': 1537054800, 'second_arrival_time': 1537063020}
565	{'task_type': 'regular', 'locomotive': 22628, 'train_section': 24390, 'section': 22330, 'departure_time': 1537054800, 'arrival_time': 1537063020}
566	{'task_type': 'regular', 'locomotive': 22630, 'train_section': 27665, 'section': 22438, 'departure_time': 1536933120, 'arrival_time': 1536943860}
567	{'task_type': 'regular', 'locomotive': 22630, 'train_section': 28142, 'section': 22331, 'departure_time': 1536944880, 'arrival_time': 1536955800}
568	{'task_type': 'regular', 'locomotive': 22630, 'train_section': 26690, 'section': 22437, 'departure_time': 1536964620, 'arrival_time': 1536969420}
569	{'task_type': 'regular', 'locomotive': 22630, 'train_section': 24318, 'section': 22320, 'departure_time': 1536980280, 'arrival_time': 1536986700}
570	{'task_type': 'deadhead', 'locomotive': 22630, 'first_train_section': 24318, 'first_section': 22320, 'first_departure_time': 1536980280, 'first_arrival_time': 1536986700, 'second_train_section': 26230, 'second_section': 22324, 'second_departure_time': 1537014180, 'second_arrival_time': 1537019580}
571	{'task_type': 'regular', 'locomotive': 22630, 'train_section': 26230, 'section': 22324, 'departure_time': 1537014180, 'arrival_time': 1537019580}
572	{'task_type': 'regular', 'locomotive': 22630, 'train_section': 25006, 'section': 22451, 'departure_time': 1537125420, 'arrival_time': 1537131420}
573	{'task_type': 'regular', 'locomotive': 22630, 'train_section': 25009, 'section': 22352, 'departure_time': 1537131720, 'arrival_time': 1537135199}
