1	{'task_type': 'regular', 'locomotive': 22550, 'train_section': 23197, 'section': 22285, 'departure_time': 1536840120, 'arrival_time': 1536849240}
2	{'task_type': 'deadhead', 'locomotive': 22550, 'first_train_section': 23197, 'first_section': 22285, 'first_departure_time': 1536840120, 'first_arrival_time': 1536849240, 'second_train_section': 23475, 'second_section': 22407, 'second_departure_time': 1536862680, 'second_arrival_time': 1536869340}
3	{'task_type': 'regular', 'locomotive': 22550, 'train_section': 23475, 'section': 22407, 'departure_time': 1536862680, 'arrival_time': 1536869340}
4	{'task_type': 'deadhead', 'locomotive': 22550, 'first_train_section': 23475, 'first_section': 22407, 'first_departure_time': 1536862680, 'first_arrival_time': 1536869340, 'second_train_section': 24339, 'second_section': 22326, 'second_departure_time': 1536894960, 'second_arrival_time': 1536901020}
5	{'task_type': 'regular', 'locomotive': 22550, 'train_section': 24339, 'section': 22326, 'departure_time': 1536894960, 'arrival_time': 1536901020}
6	{'task_type': 'deadhead', 'locomotive': 22550, 'first_train_section': 24339, 'first_section': 22326, 'first_departure_time': 1536894960, 'first_arrival_time': 1536901020, 'second_train_section': 23534, 'second_section': 22331, 'second_departure_time': 1536908880, 'second_arrival_time': 1536919680}
7	{'task_type': 'regular', 'locomotive': 22550, 'train_section': 23534, 'section': 22331, 'departure_time': 1536908880, 'arrival_time': 1536919680}
8	{'task_type': 'deadhead', 'locomotive': 22550, 'first_train_section': 23534, 'first_section': 22331, 'first_departure_time': 1536908880, 'first_arrival_time': 1536919680, 'second_train_section': 24254, 'second_section': 22310, 'second_departure_time': 1536938100, 'second_arrival_time': 1536939540}
9	{'task_type': 'regular', 'locomotive': 22550, 'train_section': 24254, 'section': 22310, 'departure_time': 1536938100, 'arrival_time': 1536939540}
10	{'task_type': 'deadhead', 'locomotive': 22550, 'first_train_section': 24254, 'first_section': 22310, 'first_departure_time': 1536938100, 'first_arrival_time': 1536939540, 'second_train_section': 22652, 'second_section': 22443, 'second_departure_time': 1536954840, 'second_arrival_time': 1536956520}
11	{'task_type': 'regular', 'locomotive': 22550, 'train_section': 22652, 'section': 22443, 'departure_time': 1536954840, 'arrival_time': 1536956520}
12	{'task_type': 'deadhead', 'locomotive': 22550, 'first_train_section': 24156, 'first_section': 22417, 'first_departure_time': 1536962400, 'first_arrival_time': 1536981840, 'second_train_section': 22754, 'second_section': 22431, 'second_departure_time': 1536991800, 'second_arrival_time': 1536996420}
13	{'task_type': 'regular', 'locomotive': 22550, 'train_section': 22754, 'section': 22431, 'departure_time': 1536991800, 'arrival_time': 1536996420}
14	{'task_type': 'regular', 'locomotive': 22550, 'train_section': 23873, 'section': 22495, 'departure_time': 1537005000, 'arrival_time': 1537007820}
15	{'task_type': 'deadhead', 'locomotive': 22550, 'first_train_section': 23873, 'first_section': 22495, 'first_departure_time': 1537005000, 'first_arrival_time': 1537007820, 'second_train_section': 23353, 'second_section': 22340, 'second_departure_time': 1537017540, 'second_arrival_time': 1537033200}
16	{'task_type': 'regular', 'locomotive': 22550, 'train_section': 23353, 'section': 22340, 'departure_time': 1537017540, 'arrival_time': 1537033200}
17	{'task_type': 'deadhead', 'locomotive': 22550, 'first_train_section': 23353, 'first_section': 22340, 'first_departure_time': 1537017540, 'first_arrival_time': 1537033200, 'second_train_section': 23163, 'second_section': 22313, 'second_departure_time': 1537087680, 'second_arrival_time': 1537092600}
18	{'task_type': 'regular', 'locomotive': 22550, 'train_section': 23163, 'section': 22313, 'departure_time': 1537087680, 'arrival_time': 1537092600}
19	{'task_type': 'deadhead', 'locomotive': 22550, 'first_train_section': 23163, 'first_section': 22313, 'first_departure_time': 1537087680, 'first_arrival_time': 1537092600, 'second_train_section': 23508, 'second_section': 22327, 'second_departure_time': 1537103280, 'second_arrival_time': 1537109640}
20	{'task_type': 'regular', 'locomotive': 22550, 'train_section': 23508, 'section': 22327, 'departure_time': 1537103280, 'arrival_time': 1537109640}
21	{'task_type': 'deadhead', 'locomotive': 22550, 'first_train_section': 23508, 'first_section': 22327, 'first_departure_time': 1537103280, 'first_arrival_time': 1537109640, 'second_train_section': 22732, 'second_section': 22332, 'second_departure_time': 1537129800, 'second_arrival_time': 1537133940}
22	{'task_type': 'regular', 'locomotive': 22550, 'train_section': 22732, 'section': 22332, 'departure_time': 1537129800, 'arrival_time': 1537133940}
23	{'task_type': 'regular', 'locomotive': 22552, 'train_section': 22810, 'section': 22448, 'departure_time': 1536969360, 'arrival_time': 1536970620}
24	{'task_type': 'regular', 'locomotive': 22552, 'train_section': 24185, 'section': 22281, 'departure_time': 1536980760, 'arrival_time': 1536987720}
25	{'task_type': 'deadhead', 'locomotive': 22552, 'first_train_section': 24185, 'first_section': 22281, 'first_departure_time': 1536980760, 'first_arrival_time': 1536987720, 'second_train_section': 23004, 'second_section': 22320, 'second_departure_time': 1537002300, 'second_arrival_time': 1537008660}
26	{'task_type': 'regular', 'locomotive': 22552, 'train_section': 23004, 'section': 22320, 'departure_time': 1537002300, 'arrival_time': 1537008660}
27	{'task_type': 'regular', 'locomotive': 22552, 'train_section': 23932, 'section': 22329, 'departure_time': 1537009080, 'arrival_time': 1537010520}
28	{'task_type': 'deadhead', 'locomotive': 22552, 'first_train_section': 23932, 'first_section': 22329, 'first_departure_time': 1537009080, 'first_arrival_time': 1537010520, 'second_train_section': 23169, 'second_section': 22458, 'second_departure_time': 1537106280, 'second_arrival_time': 1537115580}
29	{'task_type': 'regular', 'locomotive': 22552, 'train_section': 23169, 'section': 22458, 'departure_time': 1537106280, 'arrival_time': 1537115580}
30	{'task_type': 'regular', 'locomotive': 22554, 'train_section': 23080, 'section': 22416, 'departure_time': 1536843240, 'arrival_time': 1536846900}
31	{'task_type': 'deadhead', 'locomotive': 22554, 'first_train_section': 23080, 'first_section': 22416, 'first_departure_time': 1536843240, 'first_arrival_time': 1536846900, 'second_train_section': 23813, 'second_section': 22442, 'second_departure_time': 1536854160, 'second_arrival_time': 1536856920}
32	{'task_type': 'regular', 'locomotive': 22554, 'train_section': 23813, 'section': 22442, 'departure_time': 1536854160, 'arrival_time': 1536856920}
33	{'task_type': 'deadhead', 'locomotive': 22554, 'first_train_section': 23813, 'first_section': 22442, 'first_departure_time': 1536854160, 'first_arrival_time': 1536856920, 'second_train_section': 23817, 'second_section': 22432, 'second_departure_time': 1536859680, 'second_arrival_time': 1536861300}
34	{'task_type': 'regular', 'locomotive': 22554, 'train_section': 23817, 'section': 22432, 'departure_time': 1536859680, 'arrival_time': 1536861300}
35	{'task_type': 'deadhead', 'locomotive': 22554, 'first_train_section': 24051, 'first_section': 22417, 'first_departure_time': 1536865620, 'first_arrival_time': 1536870480, 'second_train_section': 24217, 'second_section': 22386, 'second_departure_time': 1536890280, 'second_arrival_time': 1536895080}
36	{'task_type': 'regular', 'locomotive': 22554, 'train_section': 24217, 'section': 22386, 'departure_time': 1536890280, 'arrival_time': 1536895080}
37	{'task_type': 'regular', 'locomotive': 22554, 'train_section': 23558, 'section': 22495, 'departure_time': 1536895320, 'arrival_time': 1536898260}
38	{'task_type': 'deadhead', 'locomotive': 22554, 'first_train_section': 23558, 'first_section': 22495, 'first_departure_time': 1536895320, 'first_arrival_time': 1536898260, 'second_train_section': 23785, 'second_section': 22245, 'second_departure_time': 1536910380, 'second_arrival_time': 1536915360}
39	{'task_type': 'regular', 'locomotive': 22554, 'train_section': 23785, 'section': 22245, 'departure_time': 1536910380, 'arrival_time': 1536915360}
40	{'task_type': 'deadhead', 'locomotive': 22554, 'first_train_section': 23785, 'first_section': 22245, 'first_departure_time': 1536910380, 'first_arrival_time': 1536915360, 'second_train_section': 23491, 'second_section': 22499, 'second_departure_time': 1536932700, 'second_arrival_time': 1536937860}
41	{'task_type': 'regular', 'locomotive': 22554, 'train_section': 23491, 'section': 22499, 'departure_time': 1536932700, 'arrival_time': 1536937860}
42	{'task_type': 'deadhead', 'locomotive': 22554, 'first_train_section': 23491, 'first_section': 22499, 'first_departure_time': 1536932700, 'first_arrival_time': 1536937860, 'second_train_section': 23496, 'second_section': 22471, 'second_departure_time': 1536944220, 'second_arrival_time': 1536947040}
43	{'task_type': 'regular', 'locomotive': 22554, 'train_section': 23496, 'section': 22471, 'departure_time': 1536944220, 'arrival_time': 1536947040}
44	{'task_type': 'deadhead', 'locomotive': 22554, 'first_train_section': 23496, 'first_section': 22471, 'first_departure_time': 1536944220, 'first_arrival_time': 1536947040, 'second_train_section': 22936, 'second_section': 22291, 'second_departure_time': 1536960360, 'second_arrival_time': 1536966240}
45	{'task_type': 'regular', 'locomotive': 22554, 'train_section': 22936, 'section': 22291, 'departure_time': 1536960360, 'arrival_time': 1536966240}
46	{'task_type': 'regular', 'locomotive': 22554, 'train_section': 23540, 'section': 22374, 'departure_time': 1536973080, 'arrival_time': 1536974820}
47	{'task_type': 'deadhead', 'locomotive': 22554, 'first_train_section': 23540, 'first_section': 22374, 'first_departure_time': 1536973080, 'first_arrival_time': 1536974820, 'second_train_section': 23148, 'second_section': 22499, 'second_departure_time': 1536990300, 'second_arrival_time': 1536995460}
48	{'task_type': 'regular', 'locomotive': 22554, 'train_section': 23148, 'section': 22499, 'departure_time': 1536990300, 'arrival_time': 1536995460}
49	{'task_type': 'deadhead', 'locomotive': 22554, 'first_train_section': 23148, 'first_section': 22499, 'first_departure_time': 1536990300, 'first_arrival_time': 1536995460, 'second_train_section': 23153, 'second_section': 22471, 'second_departure_time': 1537001820, 'second_arrival_time': 1537004640}
50	{'task_type': 'regular', 'locomotive': 22554, 'train_section': 23153, 'section': 22471, 'departure_time': 1537001820, 'arrival_time': 1537004640}
51	{'task_type': 'regular', 'locomotive': 22554, 'train_section': 24092, 'section': 22327, 'departure_time': 1537009680, 'arrival_time': 1537016040}
52	{'task_type': 'regular', 'locomotive': 22557, 'train_section': 23599, 'section': 22496, 'departure_time': 1536866940, 'arrival_time': 1536871260}
53	{'task_type': 'deadhead', 'locomotive': 22557, 'first_train_section': 23599, 'first_section': 22496, 'first_departure_time': 1536866940, 'first_arrival_time': 1536871260, 'second_train_section': 23918, 'second_section': 22308, 'second_departure_time': 1536885960, 'second_arrival_time': 1536888720}
54	{'task_type': 'regular', 'locomotive': 22557, 'train_section': 23918, 'section': 22308, 'departure_time': 1536885960, 'arrival_time': 1536888720}
55	{'task_type': 'regular', 'locomotive': 22557, 'train_section': 24058, 'section': 22496, 'departure_time': 1536890400, 'arrival_time': 1536895200}
56	{'task_type': 'deadhead', 'locomotive': 22557, 'first_train_section': 24058, 'first_section': 22496, 'first_departure_time': 1536890400, 'first_arrival_time': 1536895200, 'second_train_section': 23077, 'second_section': 22496, 'second_departure_time': 1536910860, 'second_arrival_time': 1536915660}
57	{'task_type': 'regular', 'locomotive': 22557, 'train_section': 23077, 'section': 22496, 'departure_time': 1536910860, 'arrival_time': 1536915660}
58	{'task_type': 'deadhead', 'locomotive': 22557, 'first_train_section': 23077, 'first_section': 22496, 'first_departure_time': 1536910860, 'first_arrival_time': 1536915660, 'second_train_section': 23859, 'second_section': 22416, 'second_departure_time': 1536920640, 'second_arrival_time': 1536924300}
59	{'task_type': 'regular', 'locomotive': 22557, 'train_section': 23859, 'section': 22416, 'departure_time': 1536920640, 'arrival_time': 1536924300}
60	{'task_type': 'deadhead', 'locomotive': 22557, 'first_train_section': 23859, 'first_section': 22416, 'first_departure_time': 1536920640, 'first_arrival_time': 1536924300, 'second_train_section': 24022, 'second_section': 22413, 'second_departure_time': 1536939120, 'second_arrival_time': 1536942960}
61	{'task_type': 'regular', 'locomotive': 22557, 'train_section': 24022, 'section': 22413, 'departure_time': 1536939120, 'arrival_time': 1536942960}
62	{'task_type': 'deadhead', 'locomotive': 22557, 'first_train_section': 24022, 'first_section': 22413, 'first_departure_time': 1536939120, 'first_arrival_time': 1536942960, 'second_train_section': 23575, 'second_section': 22378, 'second_departure_time': 1536948300, 'second_arrival_time': 1536951960}
63	{'task_type': 'regular', 'locomotive': 22557, 'train_section': 23575, 'section': 22378, 'departure_time': 1536948300, 'arrival_time': 1536951960}
64	{'task_type': 'deadhead', 'locomotive': 22557, 'first_train_section': 23575, 'first_section': 22378, 'first_departure_time': 1536948300, 'first_arrival_time': 1536951960, 'second_train_section': 24275, 'second_section': 22427, 'second_departure_time': 1536956700, 'second_arrival_time': 1536959580}
65	{'task_type': 'regular', 'locomotive': 22557, 'train_section': 24275, 'section': 22427, 'departure_time': 1536956700, 'arrival_time': 1536959580}
66	{'task_type': 'regular', 'locomotive': 22557, 'train_section': 24277, 'section': 22443, 'departure_time': 1536960660, 'arrival_time': 1536962460}
67	{'task_type': 'deadhead', 'locomotive': 22557, 'first_train_section': 24277, 'first_section': 22443, 'first_departure_time': 1536960660, 'first_arrival_time': 1536962460, 'second_train_section': 24281, 'second_section': 22304, 'second_departure_time': 1536967500, 'second_arrival_time': 1536971880}
68	{'task_type': 'regular', 'locomotive': 22557, 'train_section': 24281, 'section': 22304, 'departure_time': 1536967500, 'arrival_time': 1536971880}
69	{'task_type': 'regular', 'locomotive': 22557, 'train_section': 24283, 'section': 22247, 'departure_time': 1536973980, 'arrival_time': 1536983460}
70	{'task_type': 'deadhead', 'locomotive': 22557, 'first_train_section': 24283, 'first_section': 22247, 'first_departure_time': 1536973980, 'first_arrival_time': 1536983460, 'second_train_section': 23431, 'second_section': 22387, 'second_departure_time': 1536997080, 'second_arrival_time': 1536998520}
71	{'task_type': 'regular', 'locomotive': 22557, 'train_section': 23431, 'section': 22387, 'departure_time': 1536997080, 'arrival_time': 1536998520}
72	{'task_type': 'regular', 'locomotive': 22558, 'train_section': 23987, 'section': 22356, 'departure_time': 1536830880, 'arrival_time': 1536838140}
73	{'task_type': 'deadhead', 'locomotive': 22558, 'first_train_section': 23987, 'first_section': 22356, 'first_departure_time': 1536830880, 'first_arrival_time': 1536838140, 'second_train_section': 24318, 'second_section': 22275, 'second_departure_time': 1536843900, 'second_arrival_time': 1536850980}
74	{'task_type': 'regular', 'locomotive': 22558, 'train_section': 24318, 'section': 22275, 'departure_time': 1536843900, 'arrival_time': 1536850980}
75	{'task_type': 'deadhead', 'locomotive': 22558, 'first_train_section': 24318, 'first_section': 22275, 'first_departure_time': 1536843900, 'first_arrival_time': 1536850980, 'second_train_section': 22990, 'second_section': 22460, 'second_departure_time': 1536862860, 'second_arrival_time': 1536865200}
76	{'task_type': 'regular', 'locomotive': 22558, 'train_section': 22990, 'section': 22460, 'departure_time': 1536862860, 'arrival_time': 1536865200}
77	{'task_type': 'deadhead', 'locomotive': 22558, 'first_train_section': 22990, 'first_section': 22460, 'first_departure_time': 1536862860, 'first_arrival_time': 1536865200, 'second_train_section': 24265, 'second_section': 22431, 'second_departure_time': 1536865440, 'second_arrival_time': 1536869280}
78	{'task_type': 'regular', 'locomotive': 22558, 'train_section': 24265, 'section': 22431, 'departure_time': 1536865440, 'arrival_time': 1536869280}
79	{'task_type': 'regular', 'locomotive': 22558, 'train_section': 24267, 'section': 22495, 'departure_time': 1536870420, 'arrival_time': 1536873180}
80	{'task_type': 'regular', 'locomotive': 22558, 'train_section': 24269, 'section': 22306, 'departure_time': 1536874740, 'arrival_time': 1536878280}
81	{'task_type': 'deadhead', 'locomotive': 22558, 'first_train_section': 24269, 'first_section': 22306, 'first_departure_time': 1536874740, 'first_arrival_time': 1536878280, 'second_train_section': 24056, 'second_section': 22308, 'second_departure_time': 1536886800, 'second_arrival_time': 1536889560}
82	{'task_type': 'regular', 'locomotive': 22558, 'train_section': 24056, 'section': 22308, 'departure_time': 1536886800, 'arrival_time': 1536889560}
83	{'task_type': 'regular', 'locomotive': 22558, 'train_section': 23920, 'section': 22496, 'departure_time': 1536890700, 'arrival_time': 1536895500}
84	{'task_type': 'deadhead', 'locomotive': 22558, 'first_train_section': 23920, 'first_section': 22496, 'first_departure_time': 1536890700, 'first_arrival_time': 1536895500, 'second_train_section': 24182, 'second_section': 22378, 'second_departure_time': 1536901500, 'second_arrival_time': 1536905160}
85	{'task_type': 'regular', 'locomotive': 22558, 'train_section': 24182, 'section': 22378, 'departure_time': 1536901500, 'arrival_time': 1536905160}
86	{'task_type': 'regular', 'locomotive': 22558, 'train_section': 24034, 'section': 22416, 'departure_time': 1536935040, 'arrival_time': 1536938700}
87	{'task_type': 'deadhead', 'locomotive': 22558, 'first_train_section': 24034, 'first_section': 22416, 'first_departure_time': 1536935040, 'first_arrival_time': 1536938700, 'second_train_section': 23190, 'second_section': 22431, 'second_departure_time': 1536948180, 'second_arrival_time': 1536952140}
88	{'task_type': 'regular', 'locomotive': 22558, 'train_section': 23190, 'section': 22431, 'departure_time': 1536948180, 'arrival_time': 1536952140}
89	{'task_type': 'regular', 'locomotive': 22558, 'train_section': 23192, 'section': 22495, 'departure_time': 1536953280, 'arrival_time': 1536956220}
90	{'task_type': 'deadhead', 'locomotive': 22558, 'first_train_section': 23192, 'first_section': 22495, 'first_departure_time': 1536953280, 'first_arrival_time': 1536956220, 'second_train_section': 23382, 'second_section': 22369, 'second_departure_time': 1536978240, 'second_arrival_time': 1536981120}
91	{'task_type': 'regular', 'locomotive': 22558, 'train_section': 23382, 'section': 22369, 'departure_time': 1536978240, 'arrival_time': 1536981120}
92	{'task_type': 'deadhead', 'locomotive': 22558, 'first_train_section': 23382, 'first_section': 22369, 'first_departure_time': 1536978240, 'first_arrival_time': 1536981120, 'second_train_section': 23261, 'second_section': 22260, 'second_departure_time': 1536992820, 'second_arrival_time': 1537001220}
93	{'task_type': 'regular', 'locomotive': 22558, 'train_section': 23261, 'section': 22260, 'departure_time': 1536992820, 'arrival_time': 1537001220}
94	{'task_type': 'deadhead', 'locomotive': 22558, 'first_train_section': 23261, 'first_section': 22260, 'first_departure_time': 1536992820, 'first_arrival_time': 1537001220, 'second_train_section': 23037, 'second_section': 22416, 'second_departure_time': 1537026840, 'second_arrival_time': 1537030500}
95	{'task_type': 'regular', 'locomotive': 22558, 'train_section': 23037, 'section': 22416, 'departure_time': 1537026840, 'arrival_time': 1537030500}
96	{'task_type': 'deadhead', 'locomotive': 22558, 'first_train_section': 23037, 'first_section': 22416, 'first_departure_time': 1537026840, 'first_arrival_time': 1537030500, 'second_train_section': 23212, 'second_section': 22398, 'second_departure_time': 1537132800, 'second_arrival_time': 1537135199}
97	{'task_type': 'regular', 'locomotive': 22558, 'train_section': 23212, 'section': 22398, 'departure_time': 1537132800, 'arrival_time': 1537135199}
98	{'task_type': 'regular', 'locomotive': 22559, 'train_section': 23408, 'section': 22381, 'departure_time': 1536838320, 'arrival_time': 1536840240}
99	{'task_type': 'deadhead', 'locomotive': 22559, 'first_train_section': 23408, 'first_section': 22381, 'first_departure_time': 1536838320, 'first_arrival_time': 1536840240, 'second_train_section': 22591, 'second_section': 22257, 'second_departure_time': 1536847200, 'second_arrival_time': 1536847920}
100	{'task_type': 'regular', 'locomotive': 22559, 'train_section': 22591, 'section': 22257, 'departure_time': 1536847200, 'arrival_time': 1536847920}
101	{'task_type': 'deadhead', 'locomotive': 22559, 'first_train_section': 22591, 'first_section': 22257, 'first_departure_time': 1536847200, 'first_arrival_time': 1536847920, 'second_train_section': 23923, 'second_section': 22449, 'second_departure_time': 1536862380, 'second_arrival_time': 1536864540}
102	{'task_type': 'regular', 'locomotive': 22559, 'train_section': 23923, 'section': 22449, 'departure_time': 1536862380, 'arrival_time': 1536864540}
103	{'task_type': 'deadhead', 'locomotive': 22559, 'first_train_section': 23923, 'first_section': 22449, 'first_departure_time': 1536862380, 'first_arrival_time': 1536864540, 'second_train_section': 23479, 'second_section': 22322, 'second_departure_time': 1536873180, 'second_arrival_time': 1536881400}
104	{'task_type': 'regular', 'locomotive': 22559, 'train_section': 23479, 'section': 22322, 'departure_time': 1536873180, 'arrival_time': 1536881400}
105	{'task_type': 'deadhead', 'locomotive': 22559, 'first_train_section': 23479, 'first_section': 22322, 'first_departure_time': 1536873180, 'first_arrival_time': 1536881400, 'second_train_section': 23602, 'second_section': 22325, 'second_departure_time': 1536892500, 'second_arrival_time': 1536906780}
106	{'task_type': 'regular', 'locomotive': 22559, 'train_section': 23602, 'section': 22325, 'departure_time': 1536892500, 'arrival_time': 1536906780}
107	{'task_type': 'deadhead', 'locomotive': 22559, 'first_train_section': 23602, 'first_section': 22325, 'first_departure_time': 1536892500, 'first_arrival_time': 1536906780, 'second_train_section': 24262, 'second_section': 22399, 'second_departure_time': 1536937800, 'second_arrival_time': 1536939240}
108	{'task_type': 'regular', 'locomotive': 22559, 'train_section': 24262, 'section': 22399, 'departure_time': 1536937800, 'arrival_time': 1536939240}
109	{'task_type': 'deadhead', 'locomotive': 22559, 'first_train_section': 24262, 'first_section': 22399, 'first_departure_time': 1536937800, 'first_arrival_time': 1536939240, 'second_train_section': 23411, 'second_section': 22505, 'second_departure_time': 1536957300, 'second_arrival_time': 1536962700}
110	{'task_type': 'regular', 'locomotive': 22559, 'train_section': 23411, 'section': 22505, 'departure_time': 1536957300, 'arrival_time': 1536962700}
111	{'task_type': 'deadhead', 'locomotive': 22559, 'first_train_section': 23411, 'first_section': 22505, 'first_departure_time': 1536957300, 'first_arrival_time': 1536962700, 'second_train_section': 23023, 'second_section': 22483, 'second_departure_time': 1536972720, 'second_arrival_time': 1536975780}
112	{'task_type': 'regular', 'locomotive': 22559, 'train_section': 23023, 'section': 22483, 'departure_time': 1536972720, 'arrival_time': 1536975780}
113	{'task_type': 'deadhead', 'locomotive': 22559, 'first_train_section': 23023, 'first_section': 22483, 'first_departure_time': 1536972720, 'first_arrival_time': 1536975780, 'second_train_section': 22756, 'second_section': 22495, 'second_departure_time': 1536997680, 'second_arrival_time': 1537000560}
114	{'task_type': 'regular', 'locomotive': 22559, 'train_section': 22756, 'section': 22495, 'departure_time': 1536997680, 'arrival_time': 1537000560}
115	{'task_type': 'regular', 'locomotive': 22560, 'train_section': 24089, 'section': 22416, 'departure_time': 1536818040, 'arrival_time': 1536821700}
116	{'task_type': 'regular', 'locomotive': 22560, 'train_section': 22800, 'section': 22416, 'departure_time': 1536837840, 'arrival_time': 1536841500}
117	{'task_type': 'deadhead', 'locomotive': 22560, 'first_train_section': 22800, 'first_section': 22416, 'first_departure_time': 1536837840, 'first_arrival_time': 1536841500, 'second_train_section': 23984, 'second_section': 22513, 'second_departure_time': 1536853080, 'second_arrival_time': 1536854700}
118	{'task_type': 'regular', 'locomotive': 22560, 'train_section': 23984, 'section': 22513, 'departure_time': 1536853080, 'arrival_time': 1536854700}
119	{'task_type': 'deadhead', 'locomotive': 22560, 'first_train_section': 23322, 'first_section': 22473, 'first_departure_time': 1536854700, 'first_arrival_time': 1536875940, 'second_train_section': 23337, 'second_section': 22496, 'second_departure_time': 1536892260, 'second_arrival_time': 1536898620}
120	{'task_type': 'regular', 'locomotive': 22560, 'train_section': 23337, 'section': 22496, 'departure_time': 1536892260, 'arrival_time': 1536898620}
121	{'task_type': 'deadhead', 'locomotive': 22560, 'first_train_section': 23337, 'first_section': 22496, 'first_departure_time': 1536892260, 'first_arrival_time': 1536898620, 'second_train_section': 22933, 'second_section': 22429, 'second_departure_time': 1536901320, 'second_arrival_time': 1536903480}
122	{'task_type': 'regular', 'locomotive': 22560, 'train_section': 22933, 'section': 22429, 'departure_time': 1536901320, 'arrival_time': 1536903480}
123	{'task_type': 'deadhead', 'locomotive': 22560, 'first_train_section': 22933, 'first_section': 22429, 'first_departure_time': 1536901320, 'first_arrival_time': 1536903480, 'second_train_section': 23789, 'second_section': 22496, 'second_departure_time': 1536919080, 'second_arrival_time': 1536924060}
124	{'task_type': 'regular', 'locomotive': 22560, 'train_section': 23789, 'section': 22496, 'departure_time': 1536919080, 'arrival_time': 1536924060}
125	{'task_type': 'deadhead', 'locomotive': 22560, 'first_train_section': 23789, 'first_section': 22496, 'first_departure_time': 1536919080, 'first_arrival_time': 1536924060, 'second_train_section': 24251, 'second_section': 22418, 'second_departure_time': 1536931800, 'second_arrival_time': 1536933300}
126	{'task_type': 'regular', 'locomotive': 22560, 'train_section': 24251, 'section': 22418, 'departure_time': 1536931800, 'arrival_time': 1536933300}
127	{'task_type': 'deadhead', 'locomotive': 22560, 'first_train_section': 24251, 'first_section': 22418, 'first_departure_time': 1536931800, 'first_arrival_time': 1536933300, 'second_train_section': 23674, 'second_section': 22252, 'second_departure_time': 1536942840, 'second_arrival_time': 1536948360}
128	{'task_type': 'regular', 'locomotive': 22560, 'train_section': 23674, 'section': 22252, 'departure_time': 1536942840, 'arrival_time': 1536948360}
129	{'task_type': 'deadhead', 'locomotive': 22560, 'first_train_section': 23674, 'first_section': 22252, 'first_departure_time': 1536942840, 'first_arrival_time': 1536948360, 'second_train_section': 23200, 'second_section': 22416, 'second_departure_time': 1536951240, 'second_arrival_time': 1536954900}
130	{'task_type': 'regular', 'locomotive': 22560, 'train_section': 23200, 'section': 22416, 'departure_time': 1536951240, 'arrival_time': 1536954900}
131	{'task_type': 'deadhead', 'locomotive': 22560, 'first_train_section': 23200, 'first_section': 22416, 'first_departure_time': 1536951240, 'first_arrival_time': 1536954900, 'second_train_section': 23290, 'second_section': 22427, 'second_departure_time': 1536961740, 'second_arrival_time': 1536964680}
132	{'task_type': 'regular', 'locomotive': 22560, 'train_section': 23290, 'section': 22427, 'departure_time': 1536961740, 'arrival_time': 1536964680}
133	{'task_type': 'deadhead', 'locomotive': 22560, 'first_train_section': 22751, 'first_section': 22300, 'first_departure_time': 1536980760, 'first_arrival_time': 1536982500, 'second_train_section': 23896, 'second_section': 22308, 'second_departure_time': 1537002240, 'second_arrival_time': 1537004880}
134	{'task_type': 'regular', 'locomotive': 22560, 'train_section': 23896, 'section': 22308, 'departure_time': 1537002240, 'arrival_time': 1537004880}
135	{'task_type': 'deadhead', 'locomotive': 22560, 'first_train_section': 23896, 'first_section': 22308, 'first_departure_time': 1537002240, 'first_arrival_time': 1537004880, 'second_train_section': 23448, 'second_section': 22435, 'second_departure_time': 1537006980, 'second_arrival_time': 1537012320}
136	{'task_type': 'regular', 'locomotive': 22560, 'train_section': 23448, 'section': 22435, 'departure_time': 1537006980, 'arrival_time': 1537012320}
137	{'task_type': 'deadhead', 'locomotive': 22560, 'first_train_section': 23856, 'first_section': 22417, 'first_departure_time': 1537038420, 'first_arrival_time': 1537043280, 'second_train_section': 24069, 'second_section': 22477, 'second_departure_time': 1537071600, 'second_arrival_time': 1537074000}
138	{'task_type': 'regular', 'locomotive': 22560, 'train_section': 24069, 'section': 22477, 'departure_time': 1537071600, 'arrival_time': 1537074000}
139	{'task_type': 'deadhead', 'locomotive': 22560, 'first_train_section': 24069, 'first_section': 22477, 'first_departure_time': 1537071600, 'first_arrival_time': 1537074000, 'second_train_section': 23046, 'second_section': 22313, 'second_departure_time': 1537105020, 'second_arrival_time': 1537110480}
140	{'task_type': 'regular', 'locomotive': 22560, 'train_section': 23046, 'section': 22313, 'departure_time': 1537105020, 'arrival_time': 1537110480}
141	{'task_type': 'regular', 'locomotive': 22561, 'train_section': 23246, 'section': 22471, 'departure_time': 1536857820, 'arrival_time': 1536860640}
142	{'task_type': 'deadhead', 'locomotive': 22561, 'first_train_section': 23246, 'first_section': 22471, 'first_departure_time': 1536857820, 'first_arrival_time': 1536860640, 'second_train_section': 24298, 'second_section': 22495, 'second_departure_time': 1536882240, 'second_arrival_time': 1536885120}
143	{'task_type': 'regular', 'locomotive': 22561, 'train_section': 24298, 'section': 22495, 'departure_time': 1536882240, 'arrival_time': 1536885120}
144	{'task_type': 'regular', 'locomotive': 22561, 'train_section': 24300, 'section': 22309, 'departure_time': 1536885780, 'arrival_time': 1536890400}
145	{'task_type': 'deadhead', 'locomotive': 22561, 'first_train_section': 24300, 'first_section': 22309, 'first_departure_time': 1536885780, 'first_arrival_time': 1536890400, 'second_train_section': 24223, 'second_section': 22309, 'second_departure_time': 1536900960, 'second_arrival_time': 1536906480}
146	{'task_type': 'regular', 'locomotive': 22561, 'train_section': 24223, 'section': 22309, 'departure_time': 1536900960, 'arrival_time': 1536906480}
147	{'task_type': 'deadhead', 'locomotive': 22561, 'first_train_section': 24223, 'first_section': 22309, 'first_departure_time': 1536900960, 'first_arrival_time': 1536906480, 'second_train_section': 23787, 'second_section': 22308, 'second_departure_time': 1536915840, 'second_arrival_time': 1536918480}
148	{'task_type': 'regular', 'locomotive': 22561, 'train_section': 23787, 'section': 22308, 'departure_time': 1536915840, 'arrival_time': 1536918480}
149	{'task_type': 'deadhead', 'locomotive': 22561, 'first_train_section': 23787, 'first_section': 22308, 'first_departure_time': 1536915840, 'first_arrival_time': 1536918480, 'second_train_section': 22824, 'second_section': 22457, 'second_departure_time': 1536929520, 'second_arrival_time': 1536931620}
150	{'task_type': 'regular', 'locomotive': 22561, 'train_section': 22824, 'section': 22457, 'departure_time': 1536929520, 'arrival_time': 1536931620}
151	{'task_type': 'regular', 'locomotive': 22561, 'train_section': 23886, 'section': 22436, 'departure_time': 1536933840, 'arrival_time': 1536935820}
152	{'task_type': 'deadhead', 'locomotive': 22561, 'first_train_section': 24342, 'first_section': 22302, 'first_departure_time': 1536947100, 'first_arrival_time': 1536962340, 'second_train_section': 23138, 'second_section': 22245, 'second_departure_time': 1536969960, 'second_arrival_time': 1536974640}
153	{'task_type': 'regular', 'locomotive': 22561, 'train_section': 23138, 'section': 22245, 'departure_time': 1536969960, 'arrival_time': 1536974640}
154	{'task_type': 'deadhead', 'locomotive': 22561, 'first_train_section': 23138, 'first_section': 22245, 'first_departure_time': 1536969960, 'first_arrival_time': 1536974640, 'second_train_section': 22710, 'second_section': 22378, 'second_departure_time': 1536989700, 'second_arrival_time': 1536993360}
155	{'task_type': 'regular', 'locomotive': 22561, 'train_section': 22710, 'section': 22378, 'departure_time': 1536989700, 'arrival_time': 1536993360}
156	{'task_type': 'deadhead', 'locomotive': 22561, 'first_train_section': 22710, 'first_section': 22378, 'first_departure_time': 1536989700, 'first_arrival_time': 1536993360, 'second_train_section': 22987, 'second_section': 22378, 'second_departure_time': 1536998700, 'second_arrival_time': 1537002360}
157	{'task_type': 'regular', 'locomotive': 22561, 'train_section': 22987, 'section': 22378, 'departure_time': 1536998700, 'arrival_time': 1537002360}
158	{'task_type': 'deadhead', 'locomotive': 22561, 'first_train_section': 22987, 'first_section': 22378, 'first_departure_time': 1536998700, 'first_arrival_time': 1537002360, 'second_train_section': 23057, 'second_section': 22304, 'second_departure_time': 1537022640, 'second_arrival_time': 1537027200}
159	{'task_type': 'regular', 'locomotive': 22561, 'train_section': 23057, 'section': 22304, 'departure_time': 1537022640, 'arrival_time': 1537027200}
160	{'task_type': 'deadhead', 'locomotive': 22561, 'first_train_section': 23057, 'first_section': 22304, 'first_departure_time': 1537022640, 'first_arrival_time': 1537027200, 'second_train_section': 23758, 'second_section': 22330, 'second_departure_time': 1537054800, 'second_arrival_time': 1537063020}
161	{'task_type': 'regular', 'locomotive': 22561, 'train_section': 23758, 'section': 22330, 'departure_time': 1537054800, 'arrival_time': 1537063020}
162	{'task_type': 'deadhead', 'locomotive': 22561, 'first_train_section': 23758, 'first_section': 22330, 'first_departure_time': 1537054800, 'first_arrival_time': 1537063020, 'second_train_section': 23926, 'second_section': 22428, 'second_departure_time': 1537111320, 'second_arrival_time': 1537119540}
163	{'task_type': 'regular', 'locomotive': 22561, 'train_section': 23926, 'section': 22428, 'departure_time': 1537111320, 'arrival_time': 1537119540}
164	{'task_type': 'regular', 'locomotive': 22562, 'train_section': 24336, 'section': 22416, 'departure_time': 1536845040, 'arrival_time': 1536848700}
165	{'task_type': 'deadhead', 'locomotive': 22562, 'first_train_section': 24336, 'first_section': 22416, 'first_departure_time': 1536845040, 'first_arrival_time': 1536848700, 'second_train_section': 23829, 'second_section': 22277, 'second_departure_time': 1536860100, 'second_arrival_time': 1536863580}
166	{'task_type': 'regular', 'locomotive': 22562, 'train_section': 23829, 'section': 22277, 'departure_time': 1536860100, 'arrival_time': 1536863580}
167	{'task_type': 'deadhead', 'locomotive': 22562, 'first_train_section': 22767, 'first_section': 22237, 'first_departure_time': 1536876000, 'first_arrival_time': 1536899100, 'second_train_section': 24025, 'second_section': 22256, 'second_departure_time': 1536916680, 'second_arrival_time': 1536919380}
168	{'task_type': 'regular', 'locomotive': 22562, 'train_section': 24025, 'section': 22256, 'departure_time': 1536916680, 'arrival_time': 1536919380}
169	{'task_type': 'deadhead', 'locomotive': 22562, 'first_train_section': 24025, 'first_section': 22256, 'first_departure_time': 1536916680, 'first_arrival_time': 1536919380, 'second_train_section': 24007, 'second_section': 22275, 'second_departure_time': 1536930300, 'second_arrival_time': 1536937380}
170	{'task_type': 'regular', 'locomotive': 22562, 'train_section': 24007, 'section': 22275, 'departure_time': 1536930300, 'arrival_time': 1536937380}
171	{'task_type': 'regular', 'locomotive': 22562, 'train_section': 23650, 'section': 22330, 'departure_time': 1536968400, 'arrival_time': 1536976620}
172	{'task_type': 'deadhead', 'locomotive': 22562, 'first_train_section': 23650, 'first_section': 22330, 'first_departure_time': 1536968400, 'first_arrival_time': 1536976620, 'second_train_section': 23892, 'second_section': 22404, 'second_departure_time': 1536986220, 'second_arrival_time': 1536996420}
173	{'task_type': 'regular', 'locomotive': 22562, 'train_section': 23892, 'section': 22404, 'departure_time': 1536986220, 'arrival_time': 1536996420}
174	{'task_type': 'deadhead', 'locomotive': 22562, 'first_train_section': 23892, 'first_section': 22404, 'first_departure_time': 1536986220, 'first_arrival_time': 1536996420, 'second_train_section': 23055, 'second_section': 22495, 'second_departure_time': 1537019280, 'second_arrival_time': 1537022040}
175	{'task_type': 'regular', 'locomotive': 22562, 'train_section': 23055, 'section': 22495, 'departure_time': 1537019280, 'arrival_time': 1537022040}
176	{'task_type': 'deadhead', 'locomotive': 22562, 'first_train_section': 24138, 'first_section': 22377, 'first_departure_time': 1537041300, 'first_arrival_time': 1537048740, 'second_train_section': 24067, 'second_section': 22348, 'second_departure_time': 1537067580, 'second_arrival_time': 1537071120}
177	{'task_type': 'regular', 'locomotive': 22562, 'train_section': 24067, 'section': 22348, 'departure_time': 1537067580, 'arrival_time': 1537071120}
178	{'task_type': 'deadhead', 'locomotive': 22562, 'first_train_section': 24067, 'first_section': 22348, 'first_departure_time': 1537067580, 'first_arrival_time': 1537071120, 'second_train_section': 23034, 'second_section': 22351, 'second_departure_time': 1537094880, 'second_arrival_time': 1537100040}
179	{'task_type': 'regular', 'locomotive': 22562, 'train_section': 23034, 'section': 22351, 'departure_time': 1537094880, 'arrival_time': 1537100040}
180	{'task_type': 'regular', 'locomotive': 22562, 'train_section': 23171, 'section': 22500, 'departure_time': 1537115940, 'arrival_time': 1537117680}
181	{'task_type': 'regular', 'locomotive': 22563, 'train_section': 23566, 'section': 22318, 'departure_time': 1536845700, 'arrival_time': 1536850200}
182	{'task_type': 'regular', 'locomotive': 22563, 'train_section': 23252, 'section': 22488, 'departure_time': 1536851640, 'arrival_time': 1536856020}
183	{'task_type': 'deadhead', 'locomotive': 22563, 'first_train_section': 23258, 'first_section': 22359, 'first_departure_time': 1536872400, 'first_arrival_time': 1536895800, 'second_train_section': 23385, 'second_section': 22258, 'second_departure_time': 1536907860, 'second_arrival_time': 1536910260}
184	{'task_type': 'regular', 'locomotive': 22563, 'train_section': 23385, 'section': 22258, 'departure_time': 1536907860, 'arrival_time': 1536910260}
185	{'task_type': 'deadhead', 'locomotive': 22563, 'first_train_section': 23385, 'first_section': 22258, 'first_departure_time': 1536907860, 'first_arrival_time': 1536910260, 'second_train_section': 23838, 'second_section': 22482, 'second_departure_time': 1536922080, 'second_arrival_time': 1536923700}
186	{'task_type': 'regular', 'locomotive': 22563, 'train_section': 23838, 'section': 22482, 'departure_time': 1536922080, 'arrival_time': 1536923700}
187	{'task_type': 'deadhead', 'locomotive': 22563, 'first_train_section': 23838, 'first_section': 22482, 'first_departure_time': 1536922080, 'first_arrival_time': 1536923700, 'second_train_section': 23494, 'second_section': 22347, 'second_departure_time': 1536938340, 'second_arrival_time': 1536943680}
188	{'task_type': 'regular', 'locomotive': 22563, 'train_section': 23494, 'section': 22347, 'departure_time': 1536938340, 'arrival_time': 1536943680}
189	{'task_type': 'deadhead', 'locomotive': 22563, 'first_train_section': 23494, 'first_section': 22347, 'first_departure_time': 1536938340, 'first_arrival_time': 1536943680, 'second_train_section': 22797, 'second_section': 22332, 'second_departure_time': 1536957000, 'second_arrival_time': 1536961140}
190	{'task_type': 'regular', 'locomotive': 22563, 'train_section': 22797, 'section': 22332, 'departure_time': 1536957000, 'arrival_time': 1536961140}
191	{'task_type': 'deadhead', 'locomotive': 22563, 'first_train_section': 22797, 'first_section': 22332, 'first_departure_time': 1536957000, 'first_arrival_time': 1536961140, 'second_train_section': 23298, 'second_section': 22247, 'second_departure_time': 1536976200, 'second_arrival_time': 1536986760}
192	{'task_type': 'regular', 'locomotive': 22563, 'train_section': 23298, 'section': 22247, 'departure_time': 1536976200, 'arrival_time': 1536986760}
193	{'task_type': 'deadhead', 'locomotive': 22563, 'first_train_section': 23298, 'first_section': 22247, 'first_departure_time': 1536976200, 'first_arrival_time': 1536986760, 'second_train_section': 23524, 'second_section': 22403, 'second_departure_time': 1536999540, 'second_arrival_time': 1537002060}
194	{'task_type': 'regular', 'locomotive': 22563, 'train_section': 23524, 'section': 22403, 'departure_time': 1536999540, 'arrival_time': 1537002060}
195	{'task_type': 'deadhead', 'locomotive': 22563, 'first_train_section': 23524, 'first_section': 22403, 'first_departure_time': 1536999540, 'first_arrival_time': 1537002060, 'second_train_section': 24119, 'second_section': 22404, 'second_departure_time': 1537014180, 'second_arrival_time': 1537022700}
196	{'task_type': 'regular', 'locomotive': 22563, 'train_section': 24119, 'section': 22404, 'departure_time': 1537014180, 'arrival_time': 1537022700}
197	{'task_type': 'regular', 'locomotive': 22563, 'train_section': 23059, 'section': 22247, 'departure_time': 1537027380, 'arrival_time': 1537036620}
198	{'task_type': 'deadhead', 'locomotive': 22563, 'first_train_section': 23059, 'first_section': 22247, 'first_departure_time': 1537027380, 'first_arrival_time': 1537036620, 'second_train_section': 22827, 'second_section': 22336, 'second_departure_time': 1537064580, 'second_arrival_time': 1537070700}
199	{'task_type': 'regular', 'locomotive': 22563, 'train_section': 22827, 'section': 22336, 'departure_time': 1537064580, 'arrival_time': 1537070700}
200	{'task_type': 'deadhead', 'locomotive': 22563, 'first_train_section': 22827, 'first_section': 22336, 'first_departure_time': 1537064580, 'first_arrival_time': 1537070700, 'second_train_section': 23471, 'second_section': 22356, 'second_departure_time': 1537090080, 'second_arrival_time': 1537097340}
201	{'task_type': 'regular', 'locomotive': 22563, 'train_section': 23471, 'section': 22356, 'departure_time': 1537090080, 'arrival_time': 1537097340}
202	{'task_type': 'deadhead', 'locomotive': 22563, 'first_train_section': 23471, 'first_section': 22356, 'first_departure_time': 1537090080, 'first_arrival_time': 1537097340, 'second_train_section': 24147, 'second_section': 22416, 'second_departure_time': 1537120440, 'second_arrival_time': 1537124100}
203	{'task_type': 'regular', 'locomotive': 22563, 'train_section': 24147, 'section': 22416, 'departure_time': 1537120440, 'arrival_time': 1537124100}
204	{'task_type': 'regular', 'locomotive': 22565, 'train_section': 22723, 'section': 22324, 'departure_time': 1536788760, 'arrival_time': 1536794100}
205	{'task_type': 'deadhead', 'locomotive': 22565, 'first_train_section': 22723, 'first_section': 22324, 'first_departure_time': 1536788760, 'first_arrival_time': 1536794100, 'second_train_section': 22898, 'second_section': 22351, 'second_departure_time': 1536835680, 'second_arrival_time': 1536840840}
206	{'task_type': 'regular', 'locomotive': 22565, 'train_section': 22898, 'section': 22351, 'departure_time': 1536835680, 'arrival_time': 1536840840}
207	{'task_type': 'deadhead', 'locomotive': 22565, 'first_train_section': 22898, 'first_section': 22351, 'first_departure_time': 1536835680, 'first_arrival_time': 1536840840, 'second_train_section': 23615, 'second_section': 22482, 'second_departure_time': 1536848700, 'second_arrival_time': 1536850620}
208	{'task_type': 'regular', 'locomotive': 22565, 'train_section': 23615, 'section': 22482, 'departure_time': 1536848700, 'arrival_time': 1536850620}
209	{'task_type': 'regular', 'locomotive': 22565, 'train_section': 23617, 'section': 22367, 'departure_time': 1536853980, 'arrival_time': 1536855240}
210	{'task_type': 'regular', 'locomotive': 22565, 'train_section': 23619, 'section': 22247, 'departure_time': 1536856260, 'arrival_time': 1536865260}
211	{'task_type': 'deadhead', 'locomotive': 22565, 'first_train_section': 23619, 'first_section': 22247, 'first_departure_time': 1536856260, 'first_arrival_time': 1536865260, 'second_train_section': 23331, 'second_section': 22404, 'second_departure_time': 1536874380, 'second_arrival_time': 1536883320}
212	{'task_type': 'regular', 'locomotive': 22565, 'train_section': 23331, 'section': 22404, 'departure_time': 1536874380, 'arrival_time': 1536883320}
213	{'task_type': 'deadhead', 'locomotive': 22565, 'first_train_section': 23331, 'first_section': 22404, 'first_departure_time': 1536874380, 'first_arrival_time': 1536883320, 'second_train_section': 24220, 'second_section': 22495, 'second_departure_time': 1536896460, 'second_arrival_time': 1536899460}
214	{'task_type': 'regular', 'locomotive': 22565, 'train_section': 24220, 'section': 22495, 'departure_time': 1536896460, 'arrival_time': 1536899460}
215	{'task_type': 'deadhead', 'locomotive': 22565, 'first_train_section': 24220, 'first_section': 22495, 'first_departure_time': 1536896460, 'first_arrival_time': 1536899460, 'second_train_section': 23313, 'second_section': 22499, 'second_departure_time': 1536911100, 'second_arrival_time': 1536916260}
216	{'task_type': 'regular', 'locomotive': 22565, 'train_section': 23313, 'section': 22499, 'departure_time': 1536911100, 'arrival_time': 1536916260}
217	{'task_type': 'deadhead', 'locomotive': 22565, 'first_train_section': 23313, 'first_section': 22499, 'first_departure_time': 1536911100, 'first_arrival_time': 1536916260, 'second_train_section': 22770, 'second_section': 22472, 'second_departure_time': 1536923580, 'second_arrival_time': 1536928740}
218	{'task_type': 'regular', 'locomotive': 22565, 'train_section': 22770, 'section': 22472, 'departure_time': 1536923580, 'arrival_time': 1536928740}
219	{'task_type': 'deadhead', 'locomotive': 22565, 'first_train_section': 22770, 'first_section': 22472, 'first_departure_time': 1536923580, 'first_arrival_time': 1536928740, 'second_train_section': 24330, 'second_section': 22261, 'second_departure_time': 1536935880, 'second_arrival_time': 1536937500}
220	{'task_type': 'regular', 'locomotive': 22565, 'train_section': 24330, 'section': 22261, 'departure_time': 1536935880, 'arrival_time': 1536937500}
221	{'task_type': 'deadhead', 'locomotive': 22565, 'first_train_section': 24330, 'first_section': 22261, 'first_departure_time': 1536935880, 'first_arrival_time': 1536937500, 'second_train_section': 24309, 'second_section': 22441, 'second_departure_time': 1536949860, 'second_arrival_time': 1536952980}
222	{'task_type': 'regular', 'locomotive': 22565, 'train_section': 24309, 'section': 22441, 'departure_time': 1536949860, 'arrival_time': 1536952980}
223	{'task_type': 'deadhead', 'locomotive': 22565, 'first_train_section': 24309, 'first_section': 22441, 'first_departure_time': 1536949860, 'first_arrival_time': 1536952980, 'second_train_section': 22812, 'second_section': 22284, 'second_departure_time': 1536970980, 'second_arrival_time': 1536975900}
224	{'task_type': 'regular', 'locomotive': 22565, 'train_section': 22812, 'section': 22284, 'departure_time': 1536970980, 'arrival_time': 1536975900}
225	{'task_type': 'deadhead', 'locomotive': 22565, 'first_train_section': 22812, 'first_section': 22284, 'first_departure_time': 1536970980, 'first_arrival_time': 1536975900, 'second_train_section': 23499, 'second_section': 22256, 'second_departure_time': 1536986520, 'second_arrival_time': 1536989460}
226	{'task_type': 'regular', 'locomotive': 22565, 'train_section': 23499, 'section': 22256, 'departure_time': 1536986520, 'arrival_time': 1536989460}
227	{'task_type': 'deadhead', 'locomotive': 22565, 'first_train_section': 23499, 'first_section': 22256, 'first_departure_time': 1536986520, 'first_arrival_time': 1536989460, 'second_train_section': 22776, 'second_section': 22313, 'second_departure_time': 1537001280, 'second_arrival_time': 1537006200}
228	{'task_type': 'regular', 'locomotive': 22565, 'train_section': 22776, 'section': 22313, 'departure_time': 1537001280, 'arrival_time': 1537006200}
229	{'task_type': 'deadhead', 'locomotive': 22565, 'first_train_section': 22776, 'first_section': 22313, 'first_departure_time': 1537001280, 'first_arrival_time': 1537006200, 'second_train_section': 23973, 'second_section': 22458, 'second_departure_time': 1537019880, 'second_arrival_time': 1537029180}
230	{'task_type': 'regular', 'locomotive': 22565, 'train_section': 23973, 'section': 22458, 'departure_time': 1537019880, 'arrival_time': 1537029180}
231	{'task_type': 'deadhead', 'locomotive': 22565, 'first_train_section': 23973, 'first_section': 22458, 'first_departure_time': 1537019880, 'first_arrival_time': 1537029180, 'second_train_section': 23622, 'second_section': 22344, 'second_departure_time': 1537120980, 'second_arrival_time': 1537122000}
232	{'task_type': 'regular', 'locomotive': 22565, 'train_section': 23622, 'section': 22344, 'departure_time': 1537120980, 'arrival_time': 1537122000}
233	{'task_type': 'regular', 'locomotive': 22568, 'train_section': 23166, 'section': 22242, 'departure_time': 1536844860, 'arrival_time': 1536847620}
234	{'task_type': 'deadhead', 'locomotive': 22568, 'first_train_section': 23166, 'first_section': 22242, 'first_departure_time': 1536844860, 'first_arrival_time': 1536847620, 'second_train_section': 22599, 'second_section': 22399, 'second_departure_time': 1536851400, 'second_arrival_time': 1536852840}
235	{'task_type': 'regular', 'locomotive': 22568, 'train_section': 22599, 'section': 22399, 'departure_time': 1536851400, 'arrival_time': 1536852840}
236	{'task_type': 'deadhead', 'locomotive': 22568, 'first_train_section': 22599, 'first_section': 22399, 'first_departure_time': 1536851400, 'first_arrival_time': 1536852840, 'second_train_section': 23780, 'second_section': 22261, 'second_departure_time': 1536867900, 'second_arrival_time': 1536869460}
237	{'task_type': 'regular', 'locomotive': 22568, 'train_section': 23780, 'section': 22261, 'departure_time': 1536867900, 'arrival_time': 1536869460}
238	{'task_type': 'deadhead', 'locomotive': 22568, 'first_train_section': 23780, 'first_section': 22261, 'first_departure_time': 1536867900, 'first_arrival_time': 1536869460, 'second_train_section': 23556, 'second_section': 22431, 'second_departure_time': 1536890040, 'second_arrival_time': 1536894180}
239	{'task_type': 'regular', 'locomotive': 22568, 'train_section': 23556, 'section': 22431, 'departure_time': 1536890040, 'arrival_time': 1536894180}
240	{'task_type': 'deadhead', 'locomotive': 22568, 'first_train_section': 23556, 'first_section': 22431, 'first_departure_time': 1536890040, 'first_arrival_time': 1536894180, 'second_train_section': 23075, 'second_section': 22308, 'second_departure_time': 1536907260, 'second_arrival_time': 1536909960}
241	{'task_type': 'regular', 'locomotive': 22568, 'train_section': 23075, 'section': 22308, 'departure_time': 1536907260, 'arrival_time': 1536909960}
242	{'task_type': 'deadhead', 'locomotive': 22568, 'first_train_section': 23075, 'first_section': 22308, 'first_departure_time': 1536907260, 'first_arrival_time': 1536909960, 'second_train_section': 24324, 'second_section': 22285, 'second_departure_time': 1536926520, 'second_arrival_time': 1536935640}
243	{'task_type': 'regular', 'locomotive': 22568, 'train_section': 24324, 'section': 22285, 'departure_time': 1536926520, 'arrival_time': 1536935640}
244	{'task_type': 'deadhead', 'locomotive': 22568, 'first_train_section': 24324, 'first_section': 22285, 'first_departure_time': 1536926520, 'first_arrival_time': 1536935640, 'second_train_section': 24010, 'second_section': 22331, 'second_departure_time': 1536937680, 'second_arrival_time': 1536948540}
245	{'task_type': 'regular', 'locomotive': 22568, 'train_section': 24010, 'section': 22331, 'departure_time': 1536937680, 'arrival_time': 1536948540}
246	{'task_type': 'regular', 'locomotive': 22568, 'train_section': 23482, 'section': 22437, 'departure_time': 1536964620, 'arrival_time': 1536969420}
247	{'task_type': 'deadhead', 'locomotive': 22568, 'first_train_section': 23482, 'first_section': 22437, 'first_departure_time': 1536964620, 'first_arrival_time': 1536969420, 'second_train_section': 23346, 'second_section': 22348, 'second_departure_time': 1536981180, 'second_arrival_time': 1536984720}
248	{'task_type': 'regular', 'locomotive': 22568, 'train_section': 23346, 'section': 22348, 'departure_time': 1536981180, 'arrival_time': 1536984720}
249	{'task_type': 'deadhead', 'locomotive': 22568, 'first_train_section': 23346, 'first_section': 22348, 'first_departure_time': 1536981180, 'first_arrival_time': 1536984720, 'second_train_section': 23871, 'second_section': 22431, 'second_departure_time': 1536999480, 'second_arrival_time': 1537003440}
250	{'task_type': 'regular', 'locomotive': 22568, 'train_section': 23871, 'section': 22431, 'departure_time': 1536999480, 'arrival_time': 1537003440}
251	{'task_type': 'regular', 'locomotive': 22568, 'train_section': 23898, 'section': 22496, 'departure_time': 1537005480, 'arrival_time': 1537010460}
252	{'task_type': 'deadhead', 'locomotive': 22568, 'first_train_section': 23898, 'first_section': 22496, 'first_departure_time': 1537005480, 'first_arrival_time': 1537010460, 'second_train_section': 23053, 'second_section': 22431, 'second_departure_time': 1537013160, 'second_arrival_time': 1537018200}
253	{'task_type': 'regular', 'locomotive': 22568, 'train_section': 23053, 'section': 22431, 'departure_time': 1537013160, 'arrival_time': 1537018200}
254	{'task_type': 'regular', 'locomotive': 22569, 'train_section': 23287, 'section': 22441, 'departure_time': 1536832440, 'arrival_time': 1536836400}
255	{'task_type': 'deadhead', 'locomotive': 22569, 'first_train_section': 23287, 'first_section': 22441, 'first_departure_time': 1536832440, 'first_arrival_time': 1536836400, 'second_train_section': 22630, 'second_section': 22475, 'second_departure_time': 1536849060, 'second_arrival_time': 1536853080}
256	{'task_type': 'regular', 'locomotive': 22569, 'train_section': 22630, 'section': 22475, 'departure_time': 1536849060, 'arrival_time': 1536853080}
257	{'task_type': 'deadhead', 'locomotive': 22569, 'first_train_section': 24286, 'first_section': 22502, 'first_departure_time': 1536865500, 'first_arrival_time': 1536875940, 'second_train_section': 23569, 'second_section': 22483, 'second_departure_time': 1536886320, 'second_arrival_time': 1536889380}
258	{'task_type': 'regular', 'locomotive': 22569, 'train_section': 23569, 'section': 22483, 'departure_time': 1536886320, 'arrival_time': 1536889380}
259	{'task_type': 'deadhead', 'locomotive': 22569, 'first_train_section': 23569, 'first_section': 22483, 'first_departure_time': 1536886320, 'first_arrival_time': 1536889380, 'second_train_section': 22910, 'second_section': 22303, 'second_departure_time': 1536895440, 'second_arrival_time': 1536901320}
260	{'task_type': 'regular', 'locomotive': 22569, 'train_section': 22910, 'section': 22303, 'departure_time': 1536895440, 'arrival_time': 1536901320}
261	{'task_type': 'deadhead', 'locomotive': 22569, 'first_train_section': 22910, 'first_section': 22303, 'first_departure_time': 1536895440, 'first_arrival_time': 1536901320, 'second_train_section': 22794, 'second_section': 22447, 'second_departure_time': 1536923520, 'second_arrival_time': 1536926400}
262	{'task_type': 'regular', 'locomotive': 22569, 'train_section': 22794, 'section': 22447, 'departure_time': 1536923520, 'arrival_time': 1536926400}
263	{'task_type': 'deadhead', 'locomotive': 22569, 'first_train_section': 22794, 'first_section': 22447, 'first_departure_time': 1536923520, 'first_arrival_time': 1536926400, 'second_train_section': 23181, 'second_section': 22254, 'second_departure_time': 1536943680, 'second_arrival_time': 1536944340}
264	{'task_type': 'regular', 'locomotive': 22569, 'train_section': 23181, 'section': 22254, 'departure_time': 1536943680, 'arrival_time': 1536944340}
265	{'task_type': 'deadhead', 'locomotive': 22569, 'first_train_section': 23181, 'first_section': 22254, 'first_departure_time': 1536943680, 'first_arrival_time': 1536944340, 'second_train_section': 22658, 'second_section': 22247, 'second_departure_time': 1536965940, 'second_arrival_time': 1536974760}
266	{'task_type': 'regular', 'locomotive': 22569, 'train_section': 22658, 'section': 22247, 'departure_time': 1536965940, 'arrival_time': 1536974760}
267	{'task_type': 'deadhead', 'locomotive': 22569, 'first_train_section': 22658, 'first_section': 22247, 'first_departure_time': 1536965940, 'first_arrival_time': 1536974760, 'second_train_section': 22807, 'second_section': 22337, 'second_departure_time': 1536985920, 'second_arrival_time': 1536992760}
268	{'task_type': 'regular', 'locomotive': 22569, 'train_section': 22807, 'section': 22337, 'departure_time': 1536985920, 'arrival_time': 1536992760}
269	{'task_type': 'deadhead', 'locomotive': 22569, 'first_train_section': 22807, 'first_section': 22337, 'first_departure_time': 1536985920, 'first_arrival_time': 1536992760, 'second_train_section': 23875, 'second_section': 22304, 'second_departure_time': 1537009320, 'second_arrival_time': 1537014480}
270	{'task_type': 'regular', 'locomotive': 22569, 'train_section': 23875, 'section': 22304, 'departure_time': 1537009320, 'arrival_time': 1537014480}
271	{'task_type': 'regular', 'locomotive': 22572, 'train_section': 23224, 'section': 22273, 'departure_time': 1536809040, 'arrival_time': 1536814560}
272	{'task_type': 'regular', 'locomotive': 22572, 'train_section': 23226, 'section': 22393, 'departure_time': 1536814740, 'arrival_time': 1536816480}
273	{'task_type': 'deadhead', 'locomotive': 22572, 'first_train_section': 23226, 'first_section': 22393, 'first_departure_time': 1536814740, 'first_arrival_time': 1536816480, 'second_train_section': 23978, 'second_section': 22383, 'second_departure_time': 1536837120, 'second_arrival_time': 1536840540}
274	{'task_type': 'regular', 'locomotive': 22572, 'train_section': 23978, 'section': 22383, 'departure_time': 1536837120, 'arrival_time': 1536840540}
275	{'task_type': 'deadhead', 'locomotive': 22572, 'first_train_section': 23978, 'first_section': 22383, 'first_departure_time': 1536837120, 'first_arrival_time': 1536840540, 'second_train_section': 23395, 'second_section': 22404, 'second_departure_time': 1536841380, 'second_arrival_time': 1536849900}
276	{'task_type': 'regular', 'locomotive': 22572, 'train_section': 23395, 'section': 22404, 'departure_time': 1536841380, 'arrival_time': 1536849900}
277	{'task_type': 'regular', 'locomotive': 22572, 'train_section': 23595, 'section': 22245, 'departure_time': 1536856740, 'arrival_time': 1536861780}
278	{'task_type': 'regular', 'locomotive': 22572, 'train_section': 23597, 'section': 22308, 'departure_time': 1536862800, 'arrival_time': 1536865560}
279	{'task_type': 'deadhead', 'locomotive': 22572, 'first_train_section': 23597, 'first_section': 22308, 'first_departure_time': 1536862800, 'first_arrival_time': 1536865560, 'second_train_section': 23333, 'second_section': 22245, 'second_departure_time': 1536883560, 'second_arrival_time': 1536888240}
280	{'task_type': 'regular', 'locomotive': 22572, 'train_section': 23333, 'section': 22245, 'departure_time': 1536883560, 'arrival_time': 1536888240}
281	{'task_type': 'deadhead', 'locomotive': 22572, 'first_train_section': 23333, 'first_section': 22245, 'first_departure_time': 1536883560, 'first_arrival_time': 1536888240, 'second_train_section': 23145, 'second_section': 22378, 'second_departure_time': 1536899700, 'second_arrival_time': 1536903360}
282	{'task_type': 'regular', 'locomotive': 22572, 'train_section': 23145, 'section': 22378, 'departure_time': 1536899700, 'arrival_time': 1536903360}
283	{'task_type': 'deadhead', 'locomotive': 22572, 'first_train_section': 23145, 'first_section': 22378, 'first_departure_time': 1536899700, 'first_arrival_time': 1536903360, 'second_train_section': 22939, 'second_section': 22360, 'second_departure_time': 1536943680, 'second_arrival_time': 1536955320}
284	{'task_type': 'regular', 'locomotive': 22572, 'train_section': 22939, 'section': 22360, 'departure_time': 1536943680, 'arrival_time': 1536955320}
285	{'task_type': 'deadhead', 'locomotive': 22572, 'first_train_section': 22939, 'first_section': 22360, 'first_departure_time': 1536943680, 'first_arrival_time': 1536955320, 'second_train_section': 22999, 'second_section': 22233, 'second_departure_time': 1536992460, 'second_arrival_time': 1537007940}
286	{'task_type': 'regular', 'locomotive': 22572, 'train_section': 22999, 'section': 22233, 'departure_time': 1536992460, 'arrival_time': 1537007940}
287	{'task_type': 'deadhead', 'locomotive': 22572, 'first_train_section': 22999, 'first_section': 22233, 'first_departure_time': 1536992460, 'first_arrival_time': 1537007940, 'second_train_section': 23795, 'second_section': 22387, 'second_departure_time': 1537018680, 'second_arrival_time': 1537020120}
288	{'task_type': 'regular', 'locomotive': 22572, 'train_section': 23795, 'section': 22387, 'departure_time': 1537018680, 'arrival_time': 1537020120}
289	{'task_type': 'deadhead', 'locomotive': 22572, 'first_train_section': 22729, 'first_section': 22359, 'first_departure_time': 1537045200, 'first_arrival_time': 1537048740, 'second_train_section': 24345, 'second_section': 22322, 'second_departure_time': 1537116720, 'second_arrival_time': 1537126620}
290	{'task_type': 'regular', 'locomotive': 22572, 'train_section': 24345, 'section': 22322, 'departure_time': 1537116720, 'arrival_time': 1537126620}
291	{'task_type': 'regular', 'locomotive': 22573, 'train_section': 23883, 'section': 22416, 'departure_time': 1536810840, 'arrival_time': 1536814500}
292	{'task_type': 'deadhead', 'locomotive': 22573, 'first_train_section': 23883, 'first_section': 22416, 'first_departure_time': 1536810840, 'first_arrival_time': 1536814500, 'second_train_section': 23792, 'second_section': 22416, 'second_departure_time': 1536836040, 'second_arrival_time': 1536839700}
293	{'task_type': 'regular', 'locomotive': 22573, 'train_section': 23792, 'section': 22416, 'departure_time': 1536836040, 'arrival_time': 1536839700}
294	{'task_type': 'deadhead', 'locomotive': 22573, 'first_train_section': 23792, 'first_section': 22416, 'first_departure_time': 1536836040, 'first_arrival_time': 1536839700, 'second_train_section': 23850, 'second_section': 22342, 'second_departure_time': 1536851940, 'second_arrival_time': 1536857220}
295	{'task_type': 'regular', 'locomotive': 22573, 'train_section': 23850, 'section': 22342, 'departure_time': 1536851940, 'arrival_time': 1536857220}
296	{'task_type': 'deadhead', 'locomotive': 22573, 'first_train_section': 23850, 'first_section': 22342, 'first_departure_time': 1536851940, 'first_arrival_time': 1536857220, 'second_train_section': 23693, 'second_section': 22378, 'second_departure_time': 1536865500, 'second_arrival_time': 1536869160}
297	{'task_type': 'regular', 'locomotive': 22573, 'train_section': 23693, 'section': 22378, 'departure_time': 1536865500, 'arrival_time': 1536869160}
298	{'task_type': 'regular', 'locomotive': 22573, 'train_section': 23590, 'section': 22416, 'departure_time': 1536899040, 'arrival_time': 1536902700}
299	{'task_type': 'deadhead', 'locomotive': 22573, 'first_train_section': 23590, 'first_section': 22416, 'first_departure_time': 1536899040, 'first_arrival_time': 1536902700, 'second_train_section': 22650, 'second_section': 22427, 'second_departure_time': 1536950700, 'second_arrival_time': 1536953940}
300	{'task_type': 'regular', 'locomotive': 22573, 'train_section': 22650, 'section': 22427, 'departure_time': 1536950700, 'arrival_time': 1536953940}
301	{'task_type': 'deadhead', 'locomotive': 22573, 'first_train_section': 22650, 'first_section': 22427, 'first_departure_time': 1536950700, 'first_arrival_time': 1536953940, 'second_train_section': 22805, 'second_section': 22323, 'second_departure_time': 1536980820, 'second_arrival_time': 1536984180}
302	{'task_type': 'regular', 'locomotive': 22573, 'train_section': 22805, 'section': 22323, 'departure_time': 1536980820, 'arrival_time': 1536984180}
303	{'task_type': 'deadhead', 'locomotive': 22573, 'first_train_section': 22805, 'first_section': 22323, 'first_departure_time': 1536980820, 'first_arrival_time': 1536984180, 'second_train_section': 23437, 'second_section': 22313, 'second_departure_time': 1537008480, 'second_arrival_time': 1537013400}
304	{'task_type': 'regular', 'locomotive': 22573, 'train_section': 23437, 'section': 22313, 'departure_time': 1537008480, 'arrival_time': 1537013400}
305	{'task_type': 'regular', 'locomotive': 22574, 'train_section': 23767, 'section': 22479, 'departure_time': 1536844560, 'arrival_time': 1536846180}
306	{'task_type': 'deadhead', 'locomotive': 22574, 'first_train_section': 23767, 'first_section': 22479, 'first_departure_time': 1536844560, 'first_arrival_time': 1536846180, 'second_train_section': 23398, 'second_section': 22249, 'second_departure_time': 1536850080, 'second_arrival_time': 1536856080}
307	{'task_type': 'regular', 'locomotive': 22574, 'train_section': 23398, 'section': 22249, 'departure_time': 1536850080, 'arrival_time': 1536856080}
308	{'task_type': 'deadhead', 'locomotive': 22574, 'first_train_section': 23807, 'first_section': 22359, 'first_departure_time': 1536859800, 'first_arrival_time': 1536872400, 'second_train_section': 23916, 'second_section': 22505, 'second_departure_time': 1536880500, 'second_arrival_time': 1536885240}
309	{'task_type': 'regular', 'locomotive': 22574, 'train_section': 23916, 'section': 22505, 'departure_time': 1536880500, 'arrival_time': 1536885240}
310	{'task_type': 'deadhead', 'locomotive': 22574, 'first_train_section': 23916, 'first_section': 22505, 'first_departure_time': 1536880500, 'first_arrival_time': 1536885240, 'second_train_section': 23099, 'second_section': 22512, 'second_departure_time': 1536899340, 'second_arrival_time': 1536902700}
311	{'task_type': 'regular', 'locomotive': 22574, 'train_section': 23099, 'section': 22512, 'departure_time': 1536899340, 'arrival_time': 1536902700}
312	{'task_type': 'deadhead', 'locomotive': 22574, 'first_train_section': 23099, 'first_section': 22512, 'first_departure_time': 1536899340, 'first_arrival_time': 1536902700, 'second_train_section': 23485, 'second_section': 22378, 'second_departure_time': 1536908700, 'second_arrival_time': 1536912360}
313	{'task_type': 'regular', 'locomotive': 22574, 'train_section': 23485, 'section': 22378, 'departure_time': 1536908700, 'arrival_time': 1536912360}
314	{'task_type': 'deadhead', 'locomotive': 22574, 'first_train_section': 23485, 'first_section': 22378, 'first_departure_time': 1536908700, 'first_arrival_time': 1536912360, 'second_train_section': 22791, 'second_section': 22457, 'second_departure_time': 1536922320, 'second_arrival_time': 1536924300}
315	{'task_type': 'regular', 'locomotive': 22574, 'train_section': 22791, 'section': 22457, 'departure_time': 1536922320, 'arrival_time': 1536924300}
316	{'task_type': 'deadhead', 'locomotive': 22574, 'first_train_section': 22791, 'first_section': 22457, 'first_departure_time': 1536922320, 'first_arrival_time': 1536924300, 'second_train_section': 22942, 'second_section': 22500, 'second_departure_time': 1536946680, 'second_arrival_time': 1536949800}
317	{'task_type': 'regular', 'locomotive': 22574, 'train_section': 22942, 'section': 22500, 'departure_time': 1536946680, 'arrival_time': 1536949800}
318	{'task_type': 'deadhead', 'locomotive': 22574, 'first_train_section': 22942, 'first_section': 22500, 'first_departure_time': 1536946680, 'first_arrival_time': 1536949800, 'second_train_section': 22656, 'second_section': 22304, 'second_departure_time': 1536960720, 'second_arrival_time': 1536965280}
319	{'task_type': 'regular', 'locomotive': 22574, 'train_section': 22656, 'section': 22304, 'departure_time': 1536960720, 'arrival_time': 1536965280}
320	{'task_type': 'deadhead', 'locomotive': 22574, 'first_train_section': 22656, 'first_section': 22304, 'first_departure_time': 1536960720, 'first_arrival_time': 1536965280, 'second_train_section': 23151, 'second_section': 22347, 'second_departure_time': 1536995940, 'second_arrival_time': 1537001280}
321	{'task_type': 'regular', 'locomotive': 22574, 'train_section': 23151, 'section': 22347, 'departure_time': 1536995940, 'arrival_time': 1537001280}
322	{'task_type': 'deadhead', 'locomotive': 22574, 'first_train_section': 23151, 'first_section': 22347, 'first_departure_time': 1536995940, 'first_arrival_time': 1537001280, 'second_train_section': 24122, 'second_section': 22249, 'second_departure_time': 1537022880, 'second_arrival_time': 1537028400}
323	{'task_type': 'regular', 'locomotive': 22574, 'train_section': 24122, 'section': 22249, 'departure_time': 1537022880, 'arrival_time': 1537028400}
324	{'task_type': 'deadhead', 'locomotive': 22574, 'first_train_section': 24169, 'first_section': 22502, 'first_departure_time': 1537048860, 'first_arrival_time': 1537074900, 'second_train_section': 24107, 'second_section': 22378, 'second_departure_time': 1537113900, 'second_arrival_time': 1537117560}
325	{'task_type': 'regular', 'locomotive': 22574, 'train_section': 24107, 'section': 22378, 'departure_time': 1537113900, 'arrival_time': 1537117560}
326	{'task_type': 'regular', 'locomotive': 22575, 'train_section': 23761, 'section': 22416, 'departure_time': 1536812640, 'arrival_time': 1536816300}
327	{'task_type': 'regular', 'locomotive': 22575, 'train_section': 23801, 'section': 22378, 'departure_time': 1536847500, 'arrival_time': 1536851160}
328	{'task_type': 'deadhead', 'locomotive': 22575, 'first_train_section': 23801, 'first_section': 22378, 'first_departure_time': 1536847500, 'first_arrival_time': 1536851160, 'second_train_section': 23815, 'second_section': 22433, 'second_departure_time': 1536857760, 'second_arrival_time': 1536858240}
329	{'task_type': 'regular', 'locomotive': 22575, 'train_section': 23815, 'section': 22433, 'departure_time': 1536857760, 'arrival_time': 1536858240}
330	{'task_type': 'deadhead', 'locomotive': 22575, 'first_train_section': 23815, 'first_section': 22433, 'first_departure_time': 1536857760, 'first_arrival_time': 1536858240, 'second_train_section': 22713, 'second_section': 22431, 'second_departure_time': 1536861780, 'second_arrival_time': 1536865740}
331	{'task_type': 'regular', 'locomotive': 22575, 'train_section': 22713, 'section': 22431, 'departure_time': 1536861780, 'arrival_time': 1536865740}
332	{'task_type': 'regular', 'locomotive': 22575, 'train_section': 22715, 'section': 22495, 'departure_time': 1536866880, 'arrival_time': 1536869820}
333	{'task_type': 'regular', 'locomotive': 22575, 'train_section': 22717, 'section': 22307, 'departure_time': 1536870660, 'arrival_time': 1536872700}
334	{'task_type': 'deadhead', 'locomotive': 22575, 'first_train_section': 22717, 'first_section': 22307, 'first_departure_time': 1536870660, 'first_arrival_time': 1536872700, 'second_train_section': 24054, 'second_section': 22368, 'second_departure_time': 1536882480, 'second_arrival_time': 1536886200}
335	{'task_type': 'regular', 'locomotive': 22575, 'train_section': 24054, 'section': 22368, 'departure_time': 1536882480, 'arrival_time': 1536886200}
336	{'task_type': 'regular', 'locomotive': 22575, 'train_section': 23335, 'section': 22308, 'departure_time': 1536888960, 'arrival_time': 1536891600}
337	{'task_type': 'deadhead', 'locomotive': 22575, 'first_train_section': 23335, 'first_section': 22308, 'first_departure_time': 1536888960, 'first_arrival_time': 1536891600, 'second_train_section': 23560, 'second_section': 22307, 'second_departure_time': 1536900000, 'second_arrival_time': 1536902340}
338	{'task_type': 'regular', 'locomotive': 22575, 'train_section': 23560, 'section': 22307, 'departure_time': 1536900000, 'arrival_time': 1536902340}
339	{'task_type': 'deadhead', 'locomotive': 22575, 'first_train_section': 23560, 'first_section': 22307, 'first_departure_time': 1536900000, 'first_arrival_time': 1536902340, 'second_train_section': 24226, 'second_section': 22506, 'second_departure_time': 1536906840, 'second_arrival_time': 1536907620}
340	{'task_type': 'regular', 'locomotive': 22575, 'train_section': 24226, 'section': 22506, 'departure_time': 1536906840, 'arrival_time': 1536907620}
341	{'task_type': 'deadhead', 'locomotive': 22575, 'first_train_section': 24226, 'first_section': 22506, 'first_departure_time': 1536906840, 'first_arrival_time': 1536907620, 'second_train_section': 23014, 'second_section': 22309, 'second_departure_time': 1536914760, 'second_arrival_time': 1536919320}
342	{'task_type': 'regular', 'locomotive': 22575, 'train_section': 23014, 'section': 22309, 'departure_time': 1536914760, 'arrival_time': 1536919320}
343	{'task_type': 'deadhead', 'locomotive': 22575, 'first_train_section': 23014, 'first_section': 22309, 'first_departure_time': 1536914760, 'first_arrival_time': 1536919320, 'second_train_section': 23215, 'second_section': 22362, 'second_departure_time': 1536922860, 'second_arrival_time': 1536925500}
344	{'task_type': 'regular', 'locomotive': 22575, 'train_section': 23215, 'section': 22362, 'departure_time': 1536922860, 'arrival_time': 1536925500}
345	{'task_type': 'deadhead', 'locomotive': 22575, 'first_train_section': 23215, 'first_section': 22362, 'first_departure_time': 1536922860, 'first_arrival_time': 1536925500, 'second_train_section': 23362, 'second_section': 22378, 'second_departure_time': 1536946500, 'second_arrival_time': 1536950160}
346	{'task_type': 'regular', 'locomotive': 22575, 'train_section': 23362, 'section': 22378, 'departure_time': 1536946500, 'arrival_time': 1536950160}
347	{'task_type': 'deadhead', 'locomotive': 22575, 'first_train_section': 23362, 'first_section': 22378, 'first_departure_time': 1536946500, 'first_arrival_time': 1536950160, 'second_train_section': 24279, 'second_section': 22495, 'second_departure_time': 1536963900, 'second_arrival_time': 1536966840}
348	{'task_type': 'regular', 'locomotive': 22575, 'train_section': 24279, 'section': 22495, 'departure_time': 1536963900, 'arrival_time': 1536966840}
349	{'task_type': 'regular', 'locomotive': 22575, 'train_section': 23140, 'section': 22308, 'departure_time': 1536975360, 'arrival_time': 1536978000}
350	{'task_type': 'deadhead', 'locomotive': 22575, 'first_train_section': 23140, 'first_section': 22308, 'first_departure_time': 1536975360, 'first_arrival_time': 1536978000, 'second_train_section': 23348, 'second_section': 22477, 'second_departure_time': 1536985200, 'second_arrival_time': 1536987600}
351	{'task_type': 'regular', 'locomotive': 22575, 'train_section': 23348, 'section': 22477, 'departure_time': 1536985200, 'arrival_time': 1536987600}
352	{'task_type': 'deadhead', 'locomotive': 22575, 'first_train_section': 23671, 'first_section': 22319, 'first_departure_time': 1537008840, 'first_arrival_time': 1537048740, 'second_train_section': 23679, 'second_section': 22378, 'second_departure_time': 1537074300, 'second_arrival_time': 1537077960}
353	{'task_type': 'regular', 'locomotive': 22575, 'train_section': 23679, 'section': 22378, 'departure_time': 1537074300, 'arrival_time': 1537077960}
354	{'task_type': 'deadhead', 'locomotive': 22575, 'first_train_section': 23679, 'first_section': 22378, 'first_departure_time': 1537074300, 'first_arrival_time': 1537077960, 'second_train_section': 23238, 'second_section': 22279, 'second_departure_time': 1537095000, 'second_arrival_time': 1537100580}
355	{'task_type': 'regular', 'locomotive': 22575, 'train_section': 23238, 'section': 22279, 'departure_time': 1537095000, 'arrival_time': 1537100580}
356	{'task_type': 'regular', 'locomotive': 22576, 'train_section': 23488, 'section': 22438, 'departure_time': 1536832320, 'arrival_time': 1536843060}
357	{'task_type': 'deadhead', 'locomotive': 22576, 'first_train_section': 23488, 'first_section': 22438, 'first_departure_time': 1536832320, 'first_arrival_time': 1536843060, 'second_train_section': 23810, 'second_section': 22344, 'second_departure_time': 1536865080, 'second_arrival_time': 1536866100}
358	{'task_type': 'regular', 'locomotive': 22576, 'train_section': 23810, 'section': 22344, 'departure_time': 1536865080, 'arrival_time': 1536866100}
359	{'task_type': 'deadhead', 'locomotive': 22576, 'first_train_section': 23810, 'first_section': 22344, 'first_departure_time': 1536865080, 'first_arrival_time': 1536866100, 'second_train_section': 22919, 'second_section': 22343, 'second_departure_time': 1536870000, 'second_arrival_time': 1536880740}
360	{'task_type': 'regular', 'locomotive': 22576, 'train_section': 22919, 'section': 22343, 'departure_time': 1536870000, 'arrival_time': 1536880740}
361	{'task_type': 'deadhead', 'locomotive': 22576, 'first_train_section': 22919, 'first_section': 22343, 'first_departure_time': 1536870000, 'first_arrival_time': 1536880740, 'second_train_section': 23835, 'second_section': 22335, 'second_departure_time': 1536898320, 'second_arrival_time': 1536902100}
362	{'task_type': 'regular', 'locomotive': 22576, 'train_section': 23835, 'section': 22335, 'departure_time': 1536898320, 'arrival_time': 1536902100}
363	{'task_type': 'deadhead', 'locomotive': 22576, 'first_train_section': 23835, 'first_section': 22335, 'first_departure_time': 1536898320, 'first_arrival_time': 1536902100, 'second_train_section': 22993, 'second_section': 22494, 'second_departure_time': 1536903900, 'second_arrival_time': 1536906120}
364	{'task_type': 'regular', 'locomotive': 22576, 'train_section': 22993, 'section': 22494, 'departure_time': 1536903900, 'arrival_time': 1536906120}
365	{'task_type': 'regular', 'locomotive': 22576, 'train_section': 23255, 'section': 22387, 'departure_time': 1536907920, 'arrival_time': 1536909720}
366	{'task_type': 'deadhead', 'locomotive': 22576, 'first_train_section': 23255, 'first_section': 22387, 'first_departure_time': 1536907920, 'first_arrival_time': 1536909720, 'second_train_section': 23187, 'second_section': 22313, 'second_departure_time': 1536922080, 'second_arrival_time': 1536927000}
367	{'task_type': 'regular', 'locomotive': 22576, 'train_section': 23187, 'section': 22313, 'departure_time': 1536922080, 'arrival_time': 1536927000}
368	{'task_type': 'deadhead', 'locomotive': 22576, 'first_train_section': 23187, 'first_section': 22313, 'first_departure_time': 1536922080, 'first_arrival_time': 1536927000, 'second_train_section': 23676, 'second_section': 22385, 'second_departure_time': 1536950820, 'second_arrival_time': 1536951600}
369	{'task_type': 'regular', 'locomotive': 22576, 'train_section': 23676, 'section': 22385, 'departure_time': 1536950820, 'arrival_time': 1536951600}
370	{'task_type': 'deadhead', 'locomotive': 22576, 'first_train_section': 23676, 'first_section': 22385, 'first_departure_time': 1536950820, 'first_arrival_time': 1536951600, 'second_train_section': 23292, 'second_section': 22443, 'second_departure_time': 1536965700, 'second_arrival_time': 1536967380}
371	{'task_type': 'regular', 'locomotive': 22576, 'train_section': 23292, 'section': 22443, 'departure_time': 1536965700, 'arrival_time': 1536967380}
372	{'task_type': 'regular', 'locomotive': 22576, 'train_section': 23294, 'section': 22495, 'departure_time': 1536968040, 'arrival_time': 1536970920}
373	{'task_type': 'regular', 'locomotive': 22576, 'train_section': 23296, 'section': 22304, 'departure_time': 1536971580, 'arrival_time': 1536976020}
374	{'task_type': 'deadhead', 'locomotive': 22576, 'first_train_section': 23296, 'first_section': 22304, 'first_departure_time': 1536971580, 'first_arrival_time': 1536976020, 'second_train_section': 23284, 'second_section': 22357, 'second_departure_time': 1536988560, 'second_arrival_time': 1536992040}
375	{'task_type': 'regular', 'locomotive': 22576, 'train_section': 23284, 'section': 22357, 'departure_time': 1536988560, 'arrival_time': 1536992040}
376	{'task_type': 'deadhead', 'locomotive': 22576, 'first_train_section': 23284, 'first_section': 22357, 'first_departure_time': 1536988560, 'first_arrival_time': 1536992040, 'second_train_section': 22758, 'second_section': 22309, 'second_departure_time': 1537001160, 'second_arrival_time': 1537005720}
377	{'task_type': 'regular', 'locomotive': 22576, 'train_section': 22758, 'section': 22309, 'departure_time': 1537001160, 'arrival_time': 1537005720}
378	{'task_type': 'deadhead', 'locomotive': 22576, 'first_train_section': 22758, 'first_section': 22309, 'first_departure_time': 1537001160, 'first_arrival_time': 1537005720, 'second_train_section': 23351, 'second_section': 22499, 'second_departure_time': 1537011900, 'second_arrival_time': 1537017060}
379	{'task_type': 'regular', 'locomotive': 22576, 'train_section': 23351, 'section': 22499, 'departure_time': 1537011900, 'arrival_time': 1537017060}
380	{'task_type': 'deadhead', 'locomotive': 22576, 'first_train_section': 23351, 'first_section': 22499, 'first_departure_time': 1537011900, 'first_arrival_time': 1537017060, 'second_train_section': 23975, 'second_section': 22500, 'second_departure_time': 1537029540, 'second_arrival_time': 1537031280}
381	{'task_type': 'regular', 'locomotive': 22576, 'train_section': 23975, 'section': 22500, 'departure_time': 1537029540, 'arrival_time': 1537031280}
382	{'task_type': 'regular', 'locomotive': 22577, 'train_section': 22890, 'section': 22273, 'departure_time': 1536810480, 'arrival_time': 1536814860}
383	{'task_type': 'deadhead', 'locomotive': 22577, 'first_train_section': 22890, 'first_section': 22273, 'first_departure_time': 1536810480, 'first_arrival_time': 1536814860, 'second_train_section': 24081, 'second_section': 22404, 'second_departure_time': 1536821220, 'second_arrival_time': 1536831120}
384	{'task_type': 'regular', 'locomotive': 22577, 'train_section': 24081, 'section': 22404, 'departure_time': 1536821220, 'arrival_time': 1536831120}
385	{'task_type': 'regular', 'locomotive': 22577, 'train_section': 24083, 'section': 22249, 'departure_time': 1536831360, 'arrival_time': 1536838800}
386	{'task_type': 'deadhead', 'locomotive': 22577, 'first_train_section': 24083, 'first_section': 22249, 'first_departure_time': 1536831360, 'first_arrival_time': 1536838800, 'second_train_section': 23241, 'second_section': 22499, 'second_departure_time': 1536846300, 'second_arrival_time': 1536851460}
387	{'task_type': 'regular', 'locomotive': 22577, 'train_section': 23241, 'section': 22499, 'departure_time': 1536846300, 'arrival_time': 1536851460}
388	{'task_type': 'regular', 'locomotive': 22577, 'train_section': 23244, 'section': 22347, 'departure_time': 1536851940, 'arrival_time': 1536857280}
389	{'task_type': 'deadhead', 'locomotive': 22577, 'first_train_section': 23244, 'first_section': 22347, 'first_departure_time': 1536851940, 'first_arrival_time': 1536857280, 'second_train_section': 23477, 'second_section': 22334, 'second_departure_time': 1536869820, 'second_arrival_time': 1536873000}
390	{'task_type': 'regular', 'locomotive': 22577, 'train_section': 23477, 'section': 22334, 'departure_time': 1536869820, 'arrival_time': 1536873000}
391	{'task_type': 'deadhead', 'locomotive': 22577, 'first_train_section': 23477, 'first_section': 22334, 'first_departure_time': 1536869820, 'first_arrival_time': 1536873000, 'second_train_section': 23156, 'second_section': 22330, 'second_departure_time': 1536882000, 'second_arrival_time': 1536890220}
392	{'task_type': 'regular', 'locomotive': 22577, 'train_section': 23156, 'section': 22330, 'departure_time': 1536882000, 'arrival_time': 1536890220}
393	{'task_type': 'deadhead', 'locomotive': 22577, 'first_train_section': 23156, 'first_section': 22330, 'first_departure_time': 1536882000, 'first_arrival_time': 1536890220, 'second_train_section': 23783, 'second_section': 22404, 'second_departure_time': 1536899820, 'second_arrival_time': 1536910020}
394	{'task_type': 'regular', 'locomotive': 22577, 'train_section': 23783, 'section': 22404, 'departure_time': 1536899820, 'arrival_time': 1536910020}
395	{'task_type': 'deadhead', 'locomotive': 22577, 'first_train_section': 23783, 'first_section': 22404, 'first_departure_time': 1536899820, 'first_arrival_time': 1536910020, 'second_train_section': 23083, 'second_section': 22396, 'second_departure_time': 1536929760, 'second_arrival_time': 1536931620}
396	{'task_type': 'regular', 'locomotive': 22577, 'train_section': 23083, 'section': 22396, 'departure_time': 1536929760, 'arrival_time': 1536931620}
397	{'task_type': 'deadhead', 'locomotive': 22577, 'first_train_section': 23083, 'first_section': 22396, 'first_departure_time': 1536929760, 'first_arrival_time': 1536931620, 'second_train_section': 23194, 'second_section': 22307, 'second_departure_time': 1536957060, 'second_arrival_time': 1536959100}
398	{'task_type': 'regular', 'locomotive': 22577, 'train_section': 23194, 'section': 22307, 'departure_time': 1536957060, 'arrival_time': 1536959100}
399	{'task_type': 'deadhead', 'locomotive': 22577, 'first_train_section': 23194, 'first_section': 22307, 'first_departure_time': 1536957060, 'first_arrival_time': 1536959100, 'second_train_section': 23413, 'second_section': 22308, 'second_departure_time': 1536963720, 'second_arrival_time': 1536966420}
400	{'task_type': 'regular', 'locomotive': 22577, 'train_section': 23413, 'section': 22308, 'departure_time': 1536963720, 'arrival_time': 1536966420}
401	{'task_type': 'regular', 'locomotive': 22577, 'train_section': 23415, 'section': 22496, 'departure_time': 1536967260, 'arrival_time': 1536971160}
402	{'task_type': 'deadhead', 'locomotive': 22577, 'first_train_section': 23415, 'first_section': 22496, 'first_departure_time': 1536967260, 'first_arrival_time': 1536971160, 'second_train_section': 23142, 'second_section': 22496, 'second_departure_time': 1536978660, 'second_arrival_time': 1536982980}
403	{'task_type': 'regular', 'locomotive': 22577, 'train_section': 23142, 'section': 22496, 'departure_time': 1536978660, 'arrival_time': 1536982980}
404	{'task_type': 'deadhead', 'locomotive': 22577, 'first_train_section': 23142, 'first_section': 22496, 'first_departure_time': 1536978660, 'first_arrival_time': 1536982980, 'second_train_section': 23894, 'second_section': 22245, 'second_departure_time': 1536996780, 'second_arrival_time': 1537001760}
405	{'task_type': 'regular', 'locomotive': 22577, 'train_section': 23894, 'section': 22245, 'departure_time': 1536996780, 'arrival_time': 1537001760}
406	{'task_type': 'deadhead', 'locomotive': 22577, 'first_train_section': 23894, 'first_section': 22245, 'first_departure_time': 1536996780, 'first_arrival_time': 1537001760, 'second_train_section': 23877, 'second_section': 22247, 'second_departure_time': 1537014720, 'second_arrival_time': 1537025820}
407	{'task_type': 'regular', 'locomotive': 22577, 'train_section': 23877, 'section': 22247, 'departure_time': 1537014720, 'arrival_time': 1537025820}
408	{'task_type': 'deadhead', 'locomotive': 22577, 'first_train_section': 23877, 'first_section': 22247, 'first_departure_time': 1537014720, 'first_arrival_time': 1537025820, 'second_train_section': 23032, 'second_section': 22233, 'second_departure_time': 1537078860, 'second_arrival_time': 1537094340}
409	{'task_type': 'regular', 'locomotive': 22577, 'train_section': 23032, 'section': 22233, 'departure_time': 1537078860, 'arrival_time': 1537094340}
410	{'task_type': 'deadhead', 'locomotive': 22577, 'first_train_section': 23032, 'first_section': 22233, 'first_departure_time': 1537078860, 'first_arrival_time': 1537094340, 'second_train_section': 23130, 'second_section': 22260, 'second_departure_time': 1537132500, 'second_arrival_time': 1537135199}
411	{'task_type': 'regular', 'locomotive': 22577, 'train_section': 23130, 'section': 22260, 'departure_time': 1537132500, 'arrival_time': 1537135199}
412	{'task_type': 'regular', 'locomotive': 22579, 'train_section': 22979, 'section': 22331, 'departure_time': 1536829680, 'arrival_time': 1536840480}
413	{'task_type': 'deadhead', 'locomotive': 22579, 'first_train_section': 22979, 'first_section': 22331, 'first_departure_time': 1536829680, 'first_arrival_time': 1536840480, 'second_train_section': 23465, 'second_section': 22400, 'second_departure_time': 1536857400, 'second_arrival_time': 1536860820}
414	{'task_type': 'regular', 'locomotive': 22579, 'train_section': 23465, 'section': 22400, 'departure_time': 1536857400, 'arrival_time': 1536860820}
415	{'task_type': 'deadhead', 'locomotive': 22579, 'first_train_section': 23465, 'first_section': 22400, 'first_departure_time': 1536857400, 'first_arrival_time': 1536860820, 'second_train_section': 24003, 'second_section': 22247, 'second_departure_time': 1536873240, 'second_arrival_time': 1536884100}
416	{'task_type': 'regular', 'locomotive': 22579, 'train_section': 24003, 'section': 22247, 'departure_time': 1536873240, 'arrival_time': 1536884100}
417	{'task_type': 'deadhead', 'locomotive': 22579, 'first_train_section': 24003, 'first_section': 22247, 'first_departure_time': 1536873240, 'first_arrival_time': 1536884100, 'second_train_section': 23071, 'second_section': 22404, 'second_departure_time': 1536891660, 'second_arrival_time': 1536900900}
418	{'task_type': 'regular', 'locomotive': 22579, 'train_section': 23071, 'section': 22404, 'departure_time': 1536891660, 'arrival_time': 1536900900}
419	{'task_type': 'regular', 'locomotive': 22579, 'train_section': 23073, 'section': 22245, 'departure_time': 1536901080, 'arrival_time': 1536906540}
420	{'task_type': 'deadhead', 'locomotive': 22579, 'first_train_section': 23073, 'first_section': 22245, 'first_departure_time': 1536901080, 'first_arrival_time': 1536906540, 'second_train_section': 23012, 'second_section': 22495, 'second_departure_time': 1536911280, 'second_arrival_time': 1536914160}
421	{'task_type': 'regular', 'locomotive': 22579, 'train_section': 23012, 'section': 22495, 'departure_time': 1536911280, 'arrival_time': 1536914160}
422	{'task_type': 'deadhead', 'locomotive': 22579, 'first_train_section': 23012, 'first_section': 22495, 'first_departure_time': 1536911280, 'first_arrival_time': 1536914160, 'second_train_section': 24315, 'second_section': 22278, 'second_departure_time': 1536929880, 'second_arrival_time': 1536936480}
423	{'task_type': 'regular', 'locomotive': 22579, 'train_section': 24315, 'section': 22278, 'departure_time': 1536929880, 'arrival_time': 1536936480}
424	{'task_type': 'deadhead', 'locomotive': 22579, 'first_train_section': 24315, 'first_section': 22278, 'first_departure_time': 1536929880, 'first_arrival_time': 1536936480, 'second_train_section': 22619, 'second_section': 22342, 'second_departure_time': 1536938340, 'second_arrival_time': 1536943620}
425	{'task_type': 'regular', 'locomotive': 22579, 'train_section': 22619, 'section': 22342, 'departure_time': 1536938340, 'arrival_time': 1536943620}
426	{'task_type': 'deadhead', 'locomotive': 22579, 'first_train_section': 22619, 'first_section': 22342, 'first_departure_time': 1536938340, 'first_arrival_time': 1536943620, 'second_train_section': 22748, 'second_section': 22343, 'second_departure_time': 1536956400, 'second_arrival_time': 1536967140}
427	{'task_type': 'regular', 'locomotive': 22579, 'train_section': 22748, 'section': 22343, 'departure_time': 1536956400, 'arrival_time': 1536967140}
428	{'task_type': 'deadhead', 'locomotive': 22579, 'first_train_section': 22748, 'first_section': 22343, 'first_departure_time': 1536956400, 'first_arrival_time': 1536967140, 'second_train_section': 22803, 'second_section': 22288, 'second_departure_time': 1536973620, 'second_arrival_time': 1536980160}
429	{'task_type': 'regular', 'locomotive': 22579, 'train_section': 22803, 'section': 22288, 'departure_time': 1536973620, 'arrival_time': 1536980160}
430	{'task_type': 'deadhead', 'locomotive': 22579, 'first_train_section': 22803, 'first_section': 22288, 'first_departure_time': 1536973620, 'first_arrival_time': 1536980160, 'second_train_section': 23823, 'second_section': 22279, 'second_departure_time': 1536989760, 'second_arrival_time': 1536995220}
431	{'task_type': 'regular', 'locomotive': 22579, 'train_section': 23823, 'section': 22279, 'departure_time': 1536989760, 'arrival_time': 1536995220}
432	{'task_type': 'deadhead', 'locomotive': 22579, 'first_train_section': 23823, 'first_section': 22279, 'first_departure_time': 1536989760, 'first_arrival_time': 1536995220, 'second_train_section': 23001, 'second_section': 22351, 'second_departure_time': 1537008480, 'second_arrival_time': 1537013640}
433	{'task_type': 'regular', 'locomotive': 22579, 'train_section': 23001, 'section': 22351, 'departure_time': 1537008480, 'arrival_time': 1537013640}
434	{'task_type': 'deadhead', 'locomotive': 22579, 'first_train_section': 23001, 'first_section': 22351, 'first_departure_time': 1537008480, 'first_arrival_time': 1537013640, 'second_train_section': 23862, 'second_section': 22342, 'second_departure_time': 1537024740, 'second_arrival_time': 1537030020}
435	{'task_type': 'regular', 'locomotive': 22579, 'train_section': 23862, 'section': 22342, 'departure_time': 1537024740, 'arrival_time': 1537030020}
436	{'task_type': 'regular', 'locomotive': 22580, 'train_section': 23587, 'section': 22360, 'departure_time': 1536857280, 'arrival_time': 1536868920}
437	{'task_type': 'deadhead', 'locomotive': 22580, 'first_train_section': 23587, 'first_section': 22360, 'first_departure_time': 1536857280, 'first_arrival_time': 1536868920, 'second_train_section': 24296, 'second_section': 22431, 'second_departure_time': 1536877140, 'second_arrival_time': 1536881340}
438	{'task_type': 'regular', 'locomotive': 22580, 'train_section': 24296, 'section': 22431, 'departure_time': 1536877140, 'arrival_time': 1536881340}
439	{'task_type': 'deadhead', 'locomotive': 22580, 'first_train_section': 24296, 'first_section': 22431, 'first_departure_time': 1536877140, 'first_arrival_time': 1536881340, 'second_train_section': 24248, 'second_section': 22339, 'second_departure_time': 1536898440, 'second_arrival_time': 1536900000}
440	{'task_type': 'regular', 'locomotive': 22580, 'train_section': 24248, 'section': 22339, 'departure_time': 1536898440, 'arrival_time': 1536900000}
441	{'task_type': 'deadhead', 'locomotive': 22580, 'first_train_section': 24248, 'first_section': 22339, 'first_departure_time': 1536898440, 'first_arrival_time': 1536900000, 'second_train_section': 24306, 'second_section': 22331, 'second_departure_time': 1536944880, 'second_arrival_time': 1536955800}
442	{'task_type': 'regular', 'locomotive': 22580, 'train_section': 24306, 'section': 22331, 'departure_time': 1536944880, 'arrival_time': 1536955800}
443	{'task_type': 'deadhead', 'locomotive': 22580, 'first_train_section': 24306, 'first_section': 22331, 'first_departure_time': 1536944880, 'first_arrival_time': 1536955800, 'second_train_section': 23389, 'second_section': 22329, 'second_departure_time': 1536987480, 'second_arrival_time': 1536988920}
444	{'task_type': 'regular', 'locomotive': 22580, 'train_section': 23389, 'section': 22329, 'departure_time': 1536987480, 'arrival_time': 1536988920}
445	{'task_type': 'regular', 'locomotive': 22580, 'train_section': 23356, 'section': 22387, 'departure_time': 1537004280, 'arrival_time': 1537005720}
446	{'task_type': 'regular', 'locomotive': 22582, 'train_section': 23847, 'section': 22378, 'departure_time': 1536811500, 'arrival_time': 1536815160}
447	{'task_type': 'deadhead', 'locomotive': 22582, 'first_train_section': 24040, 'first_section': 22353, 'first_departure_time': 1536876000, 'first_arrival_time': 1536896340, 'second_train_section': 23010, 'second_section': 22431, 'second_departure_time': 1536905400, 'second_arrival_time': 1536910020}
448	{'task_type': 'regular', 'locomotive': 22582, 'train_section': 23010, 'section': 22431, 'departure_time': 1536905400, 'arrival_time': 1536910020}
449	{'task_type': 'deadhead', 'locomotive': 22582, 'first_train_section': 23010, 'first_section': 22431, 'first_departure_time': 1536905400, 'first_arrival_time': 1536910020, 'second_train_section': 24260, 'second_section': 22383, 'second_departure_time': 1536934320, 'second_arrival_time': 1536937740}
450	{'task_type': 'regular', 'locomotive': 22582, 'train_section': 24260, 'section': 22383, 'departure_time': 1536934320, 'arrival_time': 1536937740}
451	{'task_type': 'deadhead', 'locomotive': 22582, 'first_train_section': 24260, 'first_section': 22383, 'first_departure_time': 1536934320, 'first_arrival_time': 1536937740, 'second_train_section': 23177, 'second_section': 22356, 'second_departure_time': 1536956160, 'second_arrival_time': 1536964200}
452	{'task_type': 'regular', 'locomotive': 22582, 'train_section': 23177, 'section': 22356, 'departure_time': 1536956160, 'arrival_time': 1536964200}
453	{'task_type': 'deadhead', 'locomotive': 22582, 'first_train_section': 23177, 'first_section': 22356, 'first_departure_time': 1536956160, 'first_arrival_time': 1536964200, 'second_train_section': 23764, 'second_section': 22447, 'second_departure_time': 1536994380, 'second_arrival_time': 1536997440}
454	{'task_type': 'regular', 'locomotive': 22582, 'train_section': 23764, 'section': 22447, 'departure_time': 1536994380, 'arrival_time': 1536997440}
455	{'task_type': 'deadhead', 'locomotive': 22582, 'first_train_section': 23764, 'first_section': 22447, 'first_departure_time': 1536994380, 'first_arrival_time': 1536997440, 'second_train_section': 23726, 'second_section': 22329, 'second_departure_time': 1537001880, 'second_arrival_time': 1537003320}
456	{'task_type': 'regular', 'locomotive': 22582, 'train_section': 23726, 'section': 22329, 'departure_time': 1537001880, 'arrival_time': 1537003320}
457	{'task_type': 'deadhead', 'locomotive': 22586, 'first_train_section': 22913, 'first_section': 22328, 'first_departure_time': 1536833940, 'first_arrival_time': 1536848100, 'second_train_section': 23729, 'second_section': 22376, 'second_departure_time': 1536867900, 'second_arrival_time': 1536873600}
458	{'task_type': 'regular', 'locomotive': 22586, 'train_section': 23729, 'section': 22376, 'departure_time': 1536867900, 'arrival_time': 1536873600}
459	{'task_type': 'deadhead', 'locomotive': 22586, 'first_train_section': 23729, 'first_section': 22376, 'first_departure_time': 1536867900, 'first_arrival_time': 1536873600, 'second_train_section': 22616, 'second_section': 22292, 'second_departure_time': 1536886500, 'second_arrival_time': 1536888780}
460	{'task_type': 'regular', 'locomotive': 22586, 'train_section': 22616, 'section': 22292, 'departure_time': 1536886500, 'arrival_time': 1536888780}
461	{'task_type': 'deadhead', 'locomotive': 22586, 'first_train_section': 22616, 'first_section': 22292, 'first_departure_time': 1536886500, 'first_arrival_time': 1536888780, 'second_train_section': 24303, 'second_section': 22461, 'second_departure_time': 1536899040, 'second_arrival_time': 1536902400}
462	{'task_type': 'regular', 'locomotive': 22586, 'train_section': 24303, 'section': 22461, 'departure_time': 1536899040, 'arrival_time': 1536902400}
463	{'task_type': 'deadhead', 'locomotive': 22586, 'first_train_section': 24303, 'first_section': 22461, 'first_departure_time': 1536899040, 'first_arrival_time': 1536902400, 'second_train_section': 23468, 'second_section': 22314, 'second_departure_time': 1536910440, 'second_arrival_time': 1536913140}
464	{'task_type': 'regular', 'locomotive': 22586, 'train_section': 23468, 'section': 22314, 'departure_time': 1536910440, 'arrival_time': 1536913140}
465	{'task_type': 'deadhead', 'locomotive': 22586, 'first_train_section': 23468, 'first_section': 22314, 'first_departure_time': 1536910440, 'first_arrival_time': 1536913140, 'second_train_section': 23232, 'second_section': 22338, 'second_departure_time': 1536935040, 'second_arrival_time': 1536947160}
466	{'task_type': 'regular', 'locomotive': 22586, 'train_section': 23232, 'section': 22338, 'departure_time': 1536935040, 'arrival_time': 1536947160}
467	{'task_type': 'deadhead', 'locomotive': 22586, 'first_train_section': 23232, 'first_section': 22338, 'first_departure_time': 1536935040, 'first_arrival_time': 1536947160, 'second_train_section': 24037, 'second_section': 22460, 'second_departure_time': 1536949260, 'second_arrival_time': 1536951600}
468	{'task_type': 'regular', 'locomotive': 22586, 'train_section': 24037, 'section': 22460, 'departure_time': 1536949260, 'arrival_time': 1536951600}
469	{'task_type': 'deadhead', 'locomotive': 22586, 'first_train_section': 24037, 'first_section': 22460, 'first_departure_time': 1536949260, 'first_arrival_time': 1536951600, 'second_train_section': 22654, 'second_section': 22495, 'second_departure_time': 1536957240, 'second_arrival_time': 1536959940}
470	{'task_type': 'regular', 'locomotive': 22586, 'train_section': 22654, 'section': 22495, 'departure_time': 1536957240, 'arrival_time': 1536959940}
471	{'task_type': 'deadhead', 'locomotive': 22586, 'first_train_section': 22654, 'first_section': 22495, 'first_departure_time': 1536957240, 'first_arrival_time': 1536959940, 'second_train_section': 23124, 'second_section': 22492, 'second_departure_time': 1536992640, 'second_arrival_time': 1537001880}
472	{'task_type': 'regular', 'locomotive': 22586, 'train_section': 23124, 'section': 22492, 'departure_time': 1536992640, 'arrival_time': 1537001880}
