1	{'task_type': 'regular', 'locomotive': 22550, 'train_section': 24092, 'section': 22416, 'departure_time': 1536864840, 'arrival_time': 1536868500}
2	{'task_type': 'deadhead', 'locomotive': 22550, 'first_train_section': 24092, 'first_section': 22416, 'first_departure_time': 1536864840, 'first_arrival_time': 1536868500, 'second_train_section': 23553, 'second_section': 22375, 'second_departure_time': 1536871560, 'second_arrival_time': 1536880140}
3	{'task_type': 'regular', 'locomotive': 22550, 'train_section': 23553, 'section': 22375, 'departure_time': 1536871560, 'arrival_time': 1536880140}
4	{'task_type': 'deadhead', 'locomotive': 22550, 'first_train_section': 23553, 'first_section': 22375, 'first_departure_time': 1536871560, 'first_arrival_time': 1536880140, 'second_train_section': 23927, 'second_section': 22325, 'second_departure_time': 1536892500, 'second_arrival_time': 1536906780}
5	{'task_type': 'regular', 'locomotive': 22550, 'train_section': 23927, 'section': 22325, 'departure_time': 1536892500, 'arrival_time': 1536906780}
6	{'task_type': 'deadhead', 'locomotive': 22550, 'first_train_section': 23927, 'first_section': 22325, 'first_departure_time': 1536892500, 'first_arrival_time': 1536906780, 'second_train_section': 25926, 'second_section': 22438, 'second_departure_time': 1536911520, 'second_arrival_time': 1536922260}
7	{'task_type': 'regular', 'locomotive': 22550, 'train_section': 25926, 'section': 22438, 'departure_time': 1536911520, 'arrival_time': 1536922260}
8	{'task_type': 'regular', 'locomotive': 22550, 'train_section': 24801, 'section': 22333, 'departure_time': 1536934500, 'arrival_time': 1536937320}
9	{'task_type': 'regular', 'locomotive': 22550, 'train_section': 27251, 'section': 22472, 'departure_time': 1536945180, 'arrival_time': 1536950340}
10	{'task_type': 'deadhead', 'locomotive': 22550, 'first_train_section': 27251, 'first_section': 22472, 'first_departure_time': 1536945180, 'first_arrival_time': 1536950340, 'second_train_section': 26067, 'second_section': 22309, 'second_departure_time': 1536963960, 'second_arrival_time': 1536968820}
11	{'task_type': 'regular', 'locomotive': 22550, 'train_section': 26067, 'section': 22309, 'departure_time': 1536963960, 'arrival_time': 1536968820}
12	{'task_type': 'deadhead', 'locomotive': 22550, 'first_train_section': 26067, 'first_section': 22309, 'first_departure_time': 1536963960, 'first_arrival_time': 1536968820, 'second_train_section': 23355, 'second_section': 22308, 'second_departure_time': 1536975360, 'second_arrival_time': 1536978000}
13	{'task_type': 'regular', 'locomotive': 22550, 'train_section': 23355, 'section': 22308, 'departure_time': 1536975360, 'arrival_time': 1536978000}
14	{'task_type': 'deadhead', 'locomotive': 22550, 'first_train_section': 23355, 'first_section': 22308, 'first_departure_time': 1536975360, 'first_arrival_time': 1536978000, 'second_train_section': 24473, 'second_section': 22247, 'second_departure_time': 1536992880, 'second_arrival_time': 1537003080}
15	{'task_type': 'regular', 'locomotive': 22550, 'train_section': 24473, 'section': 22247, 'departure_time': 1536992880, 'arrival_time': 1537003080}
16	{'task_type': 'deadhead', 'locomotive': 22550, 'first_train_section': 24473, 'first_section': 22247, 'first_departure_time': 1536992880, 'first_arrival_time': 1537003080, 'second_train_section': 26370, 'second_section': 22378, 'second_departure_time': 1537034700, 'second_arrival_time': 1537038360}
17	{'task_type': 'regular', 'locomotive': 22550, 'train_section': 26370, 'section': 22378, 'departure_time': 1537034700, 'arrival_time': 1537038360}
18	{'task_type': 'deadhead', 'locomotive': 22550, 'first_train_section': 26370, 'first_section': 22378, 'first_departure_time': 1537034700, 'first_arrival_time': 1537038360, 'second_train_section': 22953, 'second_section': 22336, 'second_departure_time': 1537064580, 'second_arrival_time': 1537070700}
19	{'task_type': 'regular', 'locomotive': 22550, 'train_section': 22953, 'section': 22336, 'departure_time': 1537064580, 'arrival_time': 1537070700}
20	{'task_type': 'deadhead', 'locomotive': 22550, 'first_train_section': 22953, 'first_section': 22336, 'first_departure_time': 1537064580, 'first_arrival_time': 1537070700, 'second_train_section': 26662, 'second_section': 22327, 'second_departure_time': 1537088880, 'second_arrival_time': 1537095240}
21	{'task_type': 'regular', 'locomotive': 22550, 'train_section': 26662, 'section': 22327, 'departure_time': 1537088880, 'arrival_time': 1537095240}
22	{'task_type': 'deadhead', 'locomotive': 22550, 'first_train_section': 26662, 'first_section': 22327, 'first_departure_time': 1537088880, 'first_arrival_time': 1537095240, 'second_train_section': 27239, 'second_section': 22416, 'second_departure_time': 1537120440, 'second_arrival_time': 1537124100}
23	{'task_type': 'regular', 'locomotive': 22550, 'train_section': 27239, 'section': 22416, 'departure_time': 1537120440, 'arrival_time': 1537124100}
24	{'task_type': 'regular', 'locomotive': 22556, 'train_section': 24264, 'section': 22259, 'departure_time': 1536872820, 'arrival_time': 1536873240}
25	{'task_type': 'regular', 'locomotive': 22556, 'train_section': 24446, 'section': 22266, 'departure_time': 1536873900, 'arrival_time': 1536880440}
26	{'task_type': 'deadhead', 'locomotive': 22556, 'first_train_section': 24446, 'first_section': 22266, 'first_departure_time': 1536873900, 'first_arrival_time': 1536880440, 'second_train_section': 26332, 'second_section': 22427, 'second_departure_time': 1536893820, 'second_arrival_time': 1536896820}
27	{'task_type': 'regular', 'locomotive': 22556, 'train_section': 26332, 'section': 22427, 'departure_time': 1536893820, 'arrival_time': 1536896820}
28	{'task_type': 'deadhead', 'locomotive': 22556, 'first_train_section': 26332, 'first_section': 22427, 'first_departure_time': 1536893820, 'first_arrival_time': 1536896820, 'second_train_section': 26339, 'second_section': 22304, 'second_departure_time': 1536903300, 'second_arrival_time': 1536908340}
29	{'task_type': 'regular', 'locomotive': 22556, 'train_section': 26339, 'section': 22304, 'departure_time': 1536903300, 'arrival_time': 1536908340}
30	{'task_type': 'regular', 'locomotive': 22556, 'train_section': 26587, 'section': 22245, 'departure_time': 1536910380, 'arrival_time': 1536915360}
31	{'task_type': 'deadhead', 'locomotive': 22556, 'first_train_section': 26587, 'first_section': 22245, 'first_departure_time': 1536910380, 'first_arrival_time': 1536915360, 'second_train_section': 26309, 'second_section': 22261, 'second_departure_time': 1536925080, 'second_arrival_time': 1536926820}
32	{'task_type': 'regular', 'locomotive': 22556, 'train_section': 26309, 'section': 22261, 'departure_time': 1536925080, 'arrival_time': 1536926820}
33	{'task_type': 'deadhead', 'locomotive': 22556, 'first_train_section': 26309, 'first_section': 22261, 'first_departure_time': 1536925080, 'first_arrival_time': 1536926820, 'second_train_section': 24323, 'second_section': 22247, 'second_departure_time': 1536931620, 'second_arrival_time': 1536943020}
34	{'task_type': 'regular', 'locomotive': 22556, 'train_section': 24323, 'section': 22247, 'departure_time': 1536931620, 'arrival_time': 1536943020}
35	{'task_type': 'deadhead', 'locomotive': 22556, 'first_train_section': 24323, 'first_section': 22247, 'first_departure_time': 1536931620, 'first_arrival_time': 1536943020, 'second_train_section': 27010, 'second_section': 22242, 'second_departure_time': 1536949560, 'second_arrival_time': 1536952680}
36	{'task_type': 'regular', 'locomotive': 22556, 'train_section': 27010, 'section': 22242, 'departure_time': 1536949560, 'arrival_time': 1536952680}
37	{'task_type': 'deadhead', 'locomotive': 22556, 'first_train_section': 27010, 'first_section': 22242, 'first_departure_time': 1536949560, 'first_arrival_time': 1536952680, 'second_train_section': 23351, 'second_section': 22404, 'second_departure_time': 1536960780, 'second_arrival_time': 1536969720}
38	{'task_type': 'regular', 'locomotive': 22556, 'train_section': 23351, 'section': 22404, 'departure_time': 1536960780, 'arrival_time': 1536969720}
39	{'task_type': 'deadhead', 'locomotive': 22556, 'first_train_section': 23351, 'first_section': 22404, 'first_departure_time': 1536960780, 'first_arrival_time': 1536969720, 'second_train_section': 27066, 'second_section': 22438, 'second_departure_time': 1536990600, 'second_arrival_time': 1537001460}
40	{'task_type': 'regular', 'locomotive': 22556, 'train_section': 27066, 'section': 22438, 'departure_time': 1536990600, 'arrival_time': 1537001460}
41	{'task_type': 'regular', 'locomotive': 22556, 'train_section': 26847, 'section': 22329, 'departure_time': 1537009080, 'arrival_time': 1537010520}
42	{'task_type': 'deadhead', 'locomotive': 22556, 'first_train_section': 26847, 'first_section': 22329, 'first_departure_time': 1537009080, 'first_arrival_time': 1537010520, 'second_train_section': 27134, 'second_section': 22331, 'second_departure_time': 1537031280, 'second_arrival_time': 1537042200}
43	{'task_type': 'regular', 'locomotive': 22556, 'train_section': 27134, 'section': 22331, 'departure_time': 1537031280, 'arrival_time': 1537042200}
44	{'task_type': 'regular', 'locomotive': 22557, 'train_section': 23795, 'section': 22322, 'departure_time': 1536873180, 'arrival_time': 1536881400}
45	{'task_type': 'deadhead', 'locomotive': 22557, 'first_train_section': 23795, 'first_section': 22322, 'first_departure_time': 1536873180, 'first_arrival_time': 1536881400, 'second_train_section': 24957, 'second_section': 22447, 'second_departure_time': 1536893100, 'second_arrival_time': 1536895800}
46	{'task_type': 'regular', 'locomotive': 22557, 'train_section': 24957, 'section': 22447, 'departure_time': 1536893100, 'arrival_time': 1536895800}
47	{'task_type': 'regular', 'locomotive': 22557, 'train_section': 26044, 'section': 22256, 'departure_time': 1536900120, 'arrival_time': 1536903060}
48	{'task_type': 'deadhead', 'locomotive': 22557, 'first_train_section': 26044, 'first_section': 22256, 'first_departure_time': 1536900120, 'first_arrival_time': 1536903060, 'second_train_section': 24192, 'second_section': 22290, 'second_departure_time': 1536905160, 'second_arrival_time': 1536912300}
49	{'task_type': 'regular', 'locomotive': 22557, 'train_section': 24192, 'section': 22290, 'departure_time': 1536905160, 'arrival_time': 1536912300}
50	{'task_type': 'deadhead', 'locomotive': 22557, 'first_train_section': 24192, 'first_section': 22290, 'first_departure_time': 1536905160, 'first_arrival_time': 1536912300, 'second_train_section': 25655, 'second_section': 22314, 'second_departure_time': 1536924840, 'second_arrival_time': 1536927540}
51	{'task_type': 'regular', 'locomotive': 22557, 'train_section': 25655, 'section': 22314, 'departure_time': 1536924840, 'arrival_time': 1536927540}
52	{'task_type': 'deadhead', 'locomotive': 22557, 'first_train_section': 25655, 'first_section': 22314, 'first_departure_time': 1536924840, 'first_arrival_time': 1536927540, 'second_train_section': 24029, 'second_section': 22257, 'second_departure_time': 1536933600, 'second_arrival_time': 1536934320}
53	{'task_type': 'regular', 'locomotive': 22557, 'train_section': 24029, 'section': 22257, 'departure_time': 1536933600, 'arrival_time': 1536934320}
54	{'task_type': 'deadhead', 'locomotive': 22557, 'first_train_section': 25805, 'first_section': 22464, 'first_departure_time': 1536947580, 'first_arrival_time': 1536962340, 'second_train_section': 24466, 'second_section': 22443, 'second_departure_time': 1536980040, 'second_arrival_time': 1536981840}
55	{'task_type': 'regular', 'locomotive': 22557, 'train_section': 24466, 'section': 22443, 'departure_time': 1536980040, 'arrival_time': 1536981840}
56	{'task_type': 'regular', 'locomotive': 22557, 'train_section': 26266, 'section': 22496, 'departure_time': 1536983400, 'arrival_time': 1536989580}
57	{'task_type': 'deadhead', 'locomotive': 22557, 'first_train_section': 26266, 'first_section': 22496, 'first_departure_time': 1536983400, 'first_arrival_time': 1536989580, 'second_train_section': 23412, 'second_section': 22455, 'second_departure_time': 1536991080, 'second_arrival_time': 1537002480}
58	{'task_type': 'regular', 'locomotive': 22557, 'train_section': 23412, 'section': 22455, 'departure_time': 1536991080, 'arrival_time': 1537002480}
59	{'task_type': 'regular', 'locomotive': 22557, 'train_section': 25532, 'section': 22356, 'departure_time': 1537003680, 'arrival_time': 1537010940}
60	{'task_type': 'deadhead', 'locomotive': 22557, 'first_train_section': 24258, 'first_section': 22417, 'first_departure_time': 1537038420, 'first_arrival_time': 1537043280, 'second_train_section': 23368, 'second_section': 22500, 'second_departure_time': 1537115940, 'second_arrival_time': 1537117680}
61	{'task_type': 'regular', 'locomotive': 22557, 'train_section': 23368, 'section': 22500, 'departure_time': 1537115940, 'arrival_time': 1537117680}
62	{'task_type': 'regular', 'locomotive': 22558, 'train_section': 24979, 'section': 22272, 'departure_time': 1536841920, 'arrival_time': 1536842640}
63	{'task_type': 'deadhead', 'locomotive': 22558, 'first_train_section': 24979, 'first_section': 22272, 'first_departure_time': 1536841920, 'first_arrival_time': 1536842640, 'second_train_section': 25043, 'second_section': 22394, 'second_departure_time': 1536850320, 'second_arrival_time': 1536854760}
64	{'task_type': 'regular', 'locomotive': 22558, 'train_section': 25043, 'section': 22394, 'departure_time': 1536850320, 'arrival_time': 1536854760}
65	{'task_type': 'deadhead', 'locomotive': 22558, 'first_train_section': 25043, 'first_section': 22394, 'first_departure_time': 1536850320, 'first_arrival_time': 1536854760, 'second_train_section': 26781, 'second_section': 22365, 'second_departure_time': 1536892980, 'second_arrival_time': 1536896160}
66	{'task_type': 'regular', 'locomotive': 22558, 'train_section': 26781, 'section': 22365, 'departure_time': 1536892980, 'arrival_time': 1536896160}
67	{'task_type': 'deadhead', 'locomotive': 22558, 'first_train_section': 26781, 'first_section': 22365, 'first_departure_time': 1536892980, 'first_arrival_time': 1536896160, 'second_train_section': 25320, 'second_section': 22410, 'second_departure_time': 1536908460, 'second_arrival_time': 1536911280}
68	{'task_type': 'regular', 'locomotive': 22558, 'train_section': 25320, 'section': 22410, 'departure_time': 1536908460, 'arrival_time': 1536911280}
69	{'task_type': 'deadhead', 'locomotive': 22558, 'first_train_section': 25320, 'first_section': 22410, 'first_departure_time': 1536908460, 'first_arrival_time': 1536911280, 'second_train_section': 23727, 'second_section': 22383, 'second_departure_time': 1536923520, 'second_arrival_time': 1536926940}
70	{'task_type': 'regular', 'locomotive': 22558, 'train_section': 23727, 'section': 22383, 'departure_time': 1536923520, 'arrival_time': 1536926940}
71	{'task_type': 'regular', 'locomotive': 22558, 'train_section': 25623, 'section': 22396, 'departure_time': 1536929760, 'arrival_time': 1536931620}
72	{'task_type': 'deadhead', 'locomotive': 22558, 'first_train_section': 25623, 'first_section': 22396, 'first_departure_time': 1536929760, 'first_arrival_time': 1536931620, 'second_train_section': 25102, 'second_section': 22488, 'second_departure_time': 1536938040, 'second_arrival_time': 1536942420}
73	{'task_type': 'regular', 'locomotive': 22558, 'train_section': 25102, 'section': 22488, 'departure_time': 1536938040, 'arrival_time': 1536942420}
74	{'task_type': 'deadhead', 'locomotive': 22558, 'first_train_section': 25102, 'first_section': 22488, 'first_departure_time': 1536938040, 'first_arrival_time': 1536942420, 'second_train_section': 26698, 'second_section': 22407, 'second_departure_time': 1536949080, 'second_arrival_time': 1536955740}
75	{'task_type': 'regular', 'locomotive': 22558, 'train_section': 26698, 'section': 22407, 'departure_time': 1536949080, 'arrival_time': 1536955740}
76	{'task_type': 'deadhead', 'locomotive': 22558, 'first_train_section': 26698, 'first_section': 22407, 'first_departure_time': 1536949080, 'first_arrival_time': 1536955740, 'second_train_section': 26150, 'second_section': 22437, 'second_departure_time': 1536964620, 'second_arrival_time': 1536969420}
77	{'task_type': 'regular', 'locomotive': 22558, 'train_section': 26150, 'section': 22437, 'departure_time': 1536964620, 'arrival_time': 1536969420}
78	{'task_type': 'deadhead', 'locomotive': 22558, 'first_train_section': 26150, 'first_section': 22437, 'first_departure_time': 1536964620, 'first_arrival_time': 1536969420, 'second_train_section': 25536, 'second_section': 22233, 'second_departure_time': 1536992460, 'second_arrival_time': 1537007940}
79	{'task_type': 'regular', 'locomotive': 22558, 'train_section': 25536, 'section': 22233, 'departure_time': 1536992460, 'arrival_time': 1537007940}
80	{'task_type': 'deadhead', 'locomotive': 22558, 'first_train_section': 25536, 'first_section': 22233, 'first_departure_time': 1536992460, 'first_arrival_time': 1537007940, 'second_train_section': 26760, 'second_section': 22247, 'second_departure_time': 1537014720, 'second_arrival_time': 1537025820}
81	{'task_type': 'regular', 'locomotive': 22558, 'train_section': 26760, 'section': 22247, 'departure_time': 1537014720, 'arrival_time': 1537025820}
82	{'task_type': 'deadhead', 'locomotive': 22558, 'first_train_section': 25087, 'first_section': 22359, 'first_departure_time': 1537045200, 'first_arrival_time': 1537048740, 'second_train_section': 26936, 'second_section': 22490, 'second_departure_time': 1537069140, 'second_arrival_time': 1537073340}
83	{'task_type': 'regular', 'locomotive': 22558, 'train_section': 26936, 'section': 22490, 'departure_time': 1537069140, 'arrival_time': 1537073340}
84	{'task_type': 'deadhead', 'locomotive': 22558, 'first_train_section': 26936, 'first_section': 22490, 'first_departure_time': 1537069140, 'first_arrival_time': 1537073340, 'second_train_section': 26888, 'second_section': 22351, 'second_departure_time': 1537087680, 'second_arrival_time': 1537092840}
85	{'task_type': 'regular', 'locomotive': 22558, 'train_section': 26888, 'section': 22351, 'departure_time': 1537087680, 'arrival_time': 1537092840}
86	{'task_type': 'regular', 'locomotive': 22559, 'train_section': 24622, 'section': 22294, 'departure_time': 1536869280, 'arrival_time': 1536872520}
87	{'task_type': 'regular', 'locomotive': 22559, 'train_section': 24574, 'section': 22412, 'departure_time': 1536895620, 'arrival_time': 1536902880}
88	{'task_type': 'deadhead', 'locomotive': 22559, 'first_train_section': 24574, 'first_section': 22412, 'first_departure_time': 1536895620, 'first_arrival_time': 1536902880, 'second_train_section': 23766, 'second_section': 22351, 'second_departure_time': 1536914880, 'second_arrival_time': 1536920040}
89	{'task_type': 'regular', 'locomotive': 22559, 'train_section': 23766, 'section': 22351, 'departure_time': 1536914880, 'arrival_time': 1536920040}
90	{'task_type': 'deadhead', 'locomotive': 22559, 'first_train_section': 23766, 'first_section': 22351, 'first_departure_time': 1536914880, 'first_arrival_time': 1536920040, 'second_train_section': 24296, 'second_section': 22436, 'second_departure_time': 1536933840, 'second_arrival_time': 1536935820}
91	{'task_type': 'regular', 'locomotive': 22559, 'train_section': 24296, 'section': 22436, 'departure_time': 1536933840, 'arrival_time': 1536935820}
92	{'task_type': 'deadhead', 'locomotive': 22559, 'first_train_section': 24296, 'first_section': 22436, 'first_departure_time': 1536933840, 'first_arrival_time': 1536935820, 'second_train_section': 25868, 'second_section': 22427, 'second_departure_time': 1536940800, 'second_arrival_time': 1536943680}
93	{'task_type': 'regular', 'locomotive': 22559, 'train_section': 25868, 'section': 22427, 'departure_time': 1536940800, 'arrival_time': 1536943680}
94	{'task_type': 'deadhead', 'locomotive': 22559, 'first_train_section': 25868, 'first_section': 22427, 'first_departure_time': 1536940800, 'first_arrival_time': 1536943680, 'second_train_section': 25872, 'second_section': 22495, 'second_departure_time': 1536947580, 'second_arrival_time': 1536950460}
95	{'task_type': 'regular', 'locomotive': 22559, 'train_section': 25872, 'section': 22495, 'departure_time': 1536947580, 'arrival_time': 1536950460}
96	{'task_type': 'deadhead', 'locomotive': 22559, 'first_train_section': 25872, 'first_section': 22495, 'first_departure_time': 1536947580, 'first_arrival_time': 1536950460, 'second_train_section': 23298, 'second_section': 22496, 'second_departure_time': 1536953340, 'second_arrival_time': 1536957660}
97	{'task_type': 'regular', 'locomotive': 22559, 'train_section': 23298, 'section': 22496, 'departure_time': 1536953340, 'arrival_time': 1536957660}
98	{'task_type': 'deadhead', 'locomotive': 22559, 'first_train_section': 23298, 'first_section': 22496, 'first_departure_time': 1536953340, 'first_arrival_time': 1536957660, 'second_train_section': 24878, 'second_section': 22304, 'second_departure_time': 1536967500, 'second_arrival_time': 1536971880}
99	{'task_type': 'regular', 'locomotive': 22559, 'train_section': 24878, 'section': 22304, 'departure_time': 1536967500, 'arrival_time': 1536971880}
100	{'task_type': 'deadhead', 'locomotive': 22559, 'first_train_section': 24878, 'first_section': 22304, 'first_departure_time': 1536967500, 'first_arrival_time': 1536971880, 'second_train_section': 22944, 'second_section': 22372, 'second_departure_time': 1536977340, 'second_arrival_time': 1536981300}
101	{'task_type': 'regular', 'locomotive': 22559, 'train_section': 22944, 'section': 22372, 'departure_time': 1536977340, 'arrival_time': 1536981300}
102	{'task_type': 'deadhead', 'locomotive': 22559, 'first_train_section': 22944, 'first_section': 22372, 'first_departure_time': 1536977340, 'first_arrival_time': 1536981300, 'second_train_section': 25480, 'second_section': 22378, 'second_departure_time': 1536998700, 'second_arrival_time': 1537002360}
103	{'task_type': 'regular', 'locomotive': 22559, 'train_section': 25480, 'section': 22378, 'departure_time': 1536998700, 'arrival_time': 1537002360}
104	{'task_type': 'deadhead', 'locomotive': 22559, 'first_train_section': 25480, 'first_section': 22378, 'first_departure_time': 1536998700, 'first_arrival_time': 1537002360, 'second_train_section': 25815, 'second_section': 22309, 'second_departure_time': 1537042140, 'second_arrival_time': 1537046880}
105	{'task_type': 'regular', 'locomotive': 22559, 'train_section': 25815, 'section': 22309, 'departure_time': 1537042140, 'arrival_time': 1537046880}
106	{'task_type': 'deadhead', 'locomotive': 22559, 'first_train_section': 25815, 'first_section': 22309, 'first_departure_time': 1537042140, 'first_arrival_time': 1537046880, 'second_train_section': 27074, 'second_section': 22477, 'second_departure_time': 1537071600, 'second_arrival_time': 1537074000}
107	{'task_type': 'regular', 'locomotive': 22559, 'train_section': 27074, 'section': 22477, 'departure_time': 1537071600, 'arrival_time': 1537074000}
108	{'task_type': 'regular', 'locomotive': 22560, 'train_section': 26960, 'section': 22356, 'departure_time': 1536830880, 'arrival_time': 1536838140}
109	{'task_type': 'deadhead', 'locomotive': 22560, 'first_train_section': 26960, 'first_section': 22356, 'first_departure_time': 1536830880, 'first_arrival_time': 1536838140, 'second_train_section': 24138, 'second_section': 22479, 'second_departure_time': 1536844560, 'second_arrival_time': 1536846180}
110	{'task_type': 'regular', 'locomotive': 22560, 'train_section': 24138, 'section': 22479, 'departure_time': 1536844560, 'arrival_time': 1536846180}
111	{'task_type': 'deadhead', 'locomotive': 22560, 'first_train_section': 24138, 'first_section': 22479, 'first_departure_time': 1536844560, 'first_arrival_time': 1536846180, 'second_train_section': 24437, 'second_section': 22504, 'second_departure_time': 1536868020, 'second_arrival_time': 1536873060}
112	{'task_type': 'regular', 'locomotive': 22560, 'train_section': 24437, 'section': 22504, 'departure_time': 1536868020, 'arrival_time': 1536873060}
113	{'task_type': 'regular', 'locomotive': 22560, 'train_section': 26921, 'section': 22249, 'departure_time': 1536873780, 'arrival_time': 1536878580}
114	{'task_type': 'deadhead', 'locomotive': 22560, 'first_train_section': 26921, 'first_section': 22249, 'first_departure_time': 1536873780, 'first_arrival_time': 1536878580, 'second_train_section': 26830, 'second_section': 22308, 'second_departure_time': 1536885960, 'second_arrival_time': 1536888720}
115	{'task_type': 'regular', 'locomotive': 22560, 'train_section': 26830, 'section': 22308, 'departure_time': 1536885960, 'arrival_time': 1536888720}
116	{'task_type': 'regular', 'locomotive': 22560, 'train_section': 23865, 'section': 22495, 'departure_time': 1536895320, 'arrival_time': 1536898260}
117	{'task_type': 'deadhead', 'locomotive': 22560, 'first_train_section': 23865, 'first_section': 22495, 'first_departure_time': 1536895320, 'first_arrival_time': 1536898260, 'second_train_section': 24791, 'second_section': 22506, 'second_departure_time': 1536906840, 'second_arrival_time': 1536907620}
118	{'task_type': 'regular', 'locomotive': 22560, 'train_section': 24791, 'section': 22506, 'departure_time': 1536906840, 'arrival_time': 1536907620}
119	{'task_type': 'deadhead', 'locomotive': 22560, 'first_train_section': 24791, 'first_section': 22506, 'first_departure_time': 1536906840, 'first_arrival_time': 1536907620, 'second_train_section': 22899, 'second_section': 22304, 'second_departure_time': 1536914100, 'second_arrival_time': 1536919020}
120	{'task_type': 'regular', 'locomotive': 22560, 'train_section': 22899, 'section': 22304, 'departure_time': 1536914100, 'arrival_time': 1536919020}
121	{'task_type': 'regular', 'locomotive': 22560, 'train_section': 22901, 'section': 22247, 'departure_time': 1536919200, 'arrival_time': 1536928620}
122	{'task_type': 'deadhead', 'locomotive': 22560, 'first_train_section': 22901, 'first_section': 22247, 'first_departure_time': 1536919200, 'first_arrival_time': 1536928620, 'second_train_section': 24803, 'second_section': 22472, 'second_departure_time': 1536937980, 'second_arrival_time': 1536943140}
123	{'task_type': 'regular', 'locomotive': 22560, 'train_section': 24803, 'section': 22472, 'departure_time': 1536937980, 'arrival_time': 1536943140}
124	{'task_type': 'deadhead', 'locomotive': 22560, 'first_train_section': 24803, 'first_section': 22472, 'first_departure_time': 1536937980, 'first_arrival_time': 1536943140, 'second_train_section': 27116, 'second_section': 22462, 'second_departure_time': 1536955680, 'second_arrival_time': 1536958380}
125	{'task_type': 'regular', 'locomotive': 22560, 'train_section': 27116, 'section': 22462, 'departure_time': 1536955680, 'arrival_time': 1536958380}
126	{'task_type': 'deadhead', 'locomotive': 22560, 'first_train_section': 27116, 'first_section': 22462, 'first_departure_time': 1536955680, 'first_arrival_time': 1536958380, 'second_train_section': 26431, 'second_section': 22330, 'second_departure_time': 1536968400, 'second_arrival_time': 1536976620}
127	{'task_type': 'regular', 'locomotive': 22560, 'train_section': 26431, 'section': 22330, 'departure_time': 1536968400, 'arrival_time': 1536976620}
128	{'task_type': 'deadhead', 'locomotive': 22560, 'first_train_section': 26431, 'first_section': 22330, 'first_departure_time': 1536968400, 'first_arrival_time': 1536976620, 'second_train_section': 26945, 'second_section': 22493, 'second_departure_time': 1536988740, 'second_arrival_time': 1536989460}
129	{'task_type': 'regular', 'locomotive': 22560, 'train_section': 26945, 'section': 22493, 'departure_time': 1536988740, 'arrival_time': 1536989460}
130	{'task_type': 'regular', 'locomotive': 22560, 'train_section': 25329, 'section': 22329, 'departure_time': 1536994680, 'arrival_time': 1536996120}
131	{'task_type': 'deadhead', 'locomotive': 22560, 'first_train_section': 25329, 'first_section': 22329, 'first_departure_time': 1536994680, 'first_arrival_time': 1536996120, 'second_train_section': 24384, 'second_section': 22458, 'second_departure_time': 1537019880, 'second_arrival_time': 1537029180}
132	{'task_type': 'regular', 'locomotive': 22560, 'train_section': 24384, 'section': 22458, 'departure_time': 1537019880, 'arrival_time': 1537029180}
133	{'task_type': 'deadhead', 'locomotive': 22561, 'first_train_section': 23117, 'first_section': 22237, 'first_departure_time': 1536863580, 'first_arrival_time': 1536875940, 'second_train_section': 24577, 'second_section': 22452, 'second_departure_time': 1536886320, 'second_arrival_time': 1536889020}
134	{'task_type': 'regular', 'locomotive': 22561, 'train_section': 24577, 'section': 22452, 'departure_time': 1536886320, 'arrival_time': 1536889020}
135	{'task_type': 'deadhead', 'locomotive': 22561, 'first_train_section': 24577, 'first_section': 22452, 'first_departure_time': 1536886320, 'first_arrival_time': 1536889020, 'second_train_section': 27418, 'second_section': 22326, 'second_departure_time': 1536894960, 'second_arrival_time': 1536901020}
136	{'task_type': 'regular', 'locomotive': 22561, 'train_section': 27418, 'section': 22326, 'departure_time': 1536894960, 'arrival_time': 1536901020}
137	{'task_type': 'deadhead', 'locomotive': 22561, 'first_train_section': 27418, 'first_section': 22326, 'first_departure_time': 1536894960, 'first_arrival_time': 1536901020, 'second_train_section': 25853, 'second_section': 22387, 'second_departure_time': 1536907920, 'second_arrival_time': 1536909720}
138	{'task_type': 'regular', 'locomotive': 22561, 'train_section': 25853, 'section': 22387, 'departure_time': 1536907920, 'arrival_time': 1536909720}
139	{'task_type': 'deadhead', 'locomotive': 22561, 'first_train_section': 25853, 'first_section': 22387, 'first_departure_time': 1536907920, 'first_arrival_time': 1536909720, 'second_train_section': 27013, 'second_section': 22256, 'second_departure_time': 1536916680, 'second_arrival_time': 1536919380}
140	{'task_type': 'regular', 'locomotive': 22561, 'train_section': 27013, 'section': 22256, 'departure_time': 1536916680, 'arrival_time': 1536919380}
141	{'task_type': 'deadhead', 'locomotive': 22561, 'first_train_section': 27013, 'first_section': 22256, 'first_departure_time': 1536916680, 'first_arrival_time': 1536919380, 'second_train_section': 27200, 'second_section': 22278, 'second_departure_time': 1536922680, 'second_arrival_time': 1536929460}
142	{'task_type': 'regular', 'locomotive': 22561, 'train_section': 27200, 'section': 22278, 'departure_time': 1536922680, 'arrival_time': 1536929460}
143	{'task_type': 'deadhead', 'locomotive': 22561, 'first_train_section': 27200, 'first_section': 22278, 'first_departure_time': 1536922680, 'first_arrival_time': 1536929460, 'second_train_section': 23912, 'second_section': 22351, 'second_departure_time': 1536936480, 'second_arrival_time': 1536941640}
144	{'task_type': 'regular', 'locomotive': 22561, 'train_section': 23912, 'section': 22351, 'departure_time': 1536936480, 'arrival_time': 1536941640}
145	{'task_type': 'deadhead', 'locomotive': 22561, 'first_train_section': 23912, 'first_section': 22351, 'first_departure_time': 1536936480, 'first_arrival_time': 1536941640, 'second_train_section': 25876, 'second_section': 22247, 'second_departure_time': 1536956160, 'second_arrival_time': 1536964860}
146	{'task_type': 'regular', 'locomotive': 22561, 'train_section': 25876, 'section': 22247, 'departure_time': 1536956160, 'arrival_time': 1536964860}
147	{'task_type': 'deadhead', 'locomotive': 22561, 'first_train_section': 25876, 'first_section': 22247, 'first_departure_time': 1536956160, 'first_arrival_time': 1536964860, 'second_train_section': 25798, 'second_section': 22407, 'second_departure_time': 1536971520, 'second_arrival_time': 1536978960}
148	{'task_type': 'regular', 'locomotive': 22561, 'train_section': 25798, 'section': 22407, 'departure_time': 1536971520, 'arrival_time': 1536978960}
149	{'task_type': 'deadhead', 'locomotive': 22561, 'first_train_section': 25798, 'first_section': 22407, 'first_departure_time': 1536971520, 'first_arrival_time': 1536978960, 'second_train_section': 24525, 'second_section': 22387, 'second_departure_time': 1536989880, 'second_arrival_time': 1536991320}
150	{'task_type': 'regular', 'locomotive': 22561, 'train_section': 24525, 'section': 22387, 'departure_time': 1536989880, 'arrival_time': 1536991320}
151	{'task_type': 'deadhead', 'locomotive': 22561, 'first_train_section': 24525, 'first_section': 22387, 'first_departure_time': 1536989880, 'first_arrival_time': 1536991320, 'second_train_section': 26758, 'second_section': 22304, 'second_departure_time': 1537009320, 'second_arrival_time': 1537014480}
152	{'task_type': 'regular', 'locomotive': 22561, 'train_section': 26758, 'section': 22304, 'departure_time': 1537009320, 'arrival_time': 1537014480}
153	{'task_type': 'deadhead', 'locomotive': 22561, 'first_train_section': 26758, 'first_section': 22304, 'first_departure_time': 1537009320, 'first_arrival_time': 1537014480, 'second_train_section': 24386, 'second_section': 22500, 'second_departure_time': 1537029540, 'second_arrival_time': 1537031280}
154	{'task_type': 'regular', 'locomotive': 22561, 'train_section': 24386, 'section': 22500, 'departure_time': 1537029540, 'arrival_time': 1537031280}
155	{'task_type': 'deadhead', 'locomotive': 22561, 'first_train_section': 24386, 'first_section': 22500, 'first_departure_time': 1537029540, 'first_arrival_time': 1537031280, 'second_train_section': 26111, 'second_section': 22476, 'second_departure_time': 1537046220, 'second_arrival_time': 1537049820}
156	{'task_type': 'regular', 'locomotive': 22561, 'train_section': 26111, 'section': 22476, 'departure_time': 1537046220, 'arrival_time': 1537049820}
157	{'task_type': 'regular', 'locomotive': 22561, 'train_section': 26582, 'section': 22340, 'departure_time': 1537103940, 'arrival_time': 1537119600}
158	{'task_type': 'regular', 'locomotive': 22562, 'train_section': 22980, 'section': 22304, 'departure_time': 1536865140, 'arrival_time': 1536869580}
159	{'task_type': 'regular', 'locomotive': 22562, 'train_section': 22982, 'section': 22247, 'departure_time': 1536869760, 'arrival_time': 1536878460}
160	{'task_type': 'deadhead', 'locomotive': 22562, 'first_train_section': 22982, 'first_section': 22247, 'first_departure_time': 1536869760, 'first_arrival_time': 1536878460, 'second_train_section': 26779, 'second_section': 22408, 'second_departure_time': 1536890280, 'second_arrival_time': 1536892740}
161	{'task_type': 'regular', 'locomotive': 22562, 'train_section': 26779, 'section': 22408, 'departure_time': 1536890280, 'arrival_time': 1536892740}
162	{'task_type': 'deadhead', 'locomotive': 22562, 'first_train_section': 26779, 'first_section': 22408, 'first_departure_time': 1536890280, 'first_arrival_time': 1536892740, 'second_train_section': 24211, 'second_section': 22335, 'second_departure_time': 1536898320, 'second_arrival_time': 1536902100}
163	{'task_type': 'regular', 'locomotive': 22562, 'train_section': 24211, 'section': 22335, 'departure_time': 1536898320, 'arrival_time': 1536902100}
164	{'task_type': 'deadhead', 'locomotive': 22562, 'first_train_section': 24211, 'first_section': 22335, 'first_departure_time': 1536898320, 'first_arrival_time': 1536902100, 'second_train_section': 25523, 'second_section': 22494, 'second_departure_time': 1536903900, 'second_arrival_time': 1536906120}
165	{'task_type': 'regular', 'locomotive': 22562, 'train_section': 25523, 'section': 22494, 'departure_time': 1536903900, 'arrival_time': 1536906120}
166	{'task_type': 'deadhead', 'locomotive': 22562, 'first_train_section': 25523, 'first_section': 22494, 'first_departure_time': 1536903900, 'first_arrival_time': 1536906120, 'second_train_section': 23833, 'second_section': 22331, 'second_departure_time': 1536908880, 'second_arrival_time': 1536919680}
167	{'task_type': 'regular', 'locomotive': 22562, 'train_section': 23833, 'section': 22331, 'departure_time': 1536908880, 'arrival_time': 1536919680}
168	{'task_type': 'deadhead', 'locomotive': 22562, 'first_train_section': 23833, 'first_section': 22331, 'first_departure_time': 1536908880, 'first_arrival_time': 1536919680, 'second_train_section': 25462, 'second_section': 22313, 'second_departure_time': 1536936480, 'second_arrival_time': 1536941400}
169	{'task_type': 'regular', 'locomotive': 22562, 'train_section': 25462, 'section': 22313, 'departure_time': 1536936480, 'arrival_time': 1536941400}
170	{'task_type': 'deadhead', 'locomotive': 22562, 'first_train_section': 25462, 'first_section': 22313, 'first_departure_time': 1536936480, 'first_arrival_time': 1536941400, 'second_train_section': 27383, 'second_section': 22446, 'second_departure_time': 1536945660, 'second_arrival_time': 1536946740}
171	{'task_type': 'regular', 'locomotive': 22562, 'train_section': 27383, 'section': 22446, 'departure_time': 1536945660, 'arrival_time': 1536946740}
172	{'task_type': 'deadhead', 'locomotive': 22562, 'first_train_section': 27383, 'first_section': 22446, 'first_departure_time': 1536945660, 'first_arrival_time': 1536946740, 'second_train_section': 27387, 'second_section': 22468, 'second_departure_time': 1536952260, 'second_arrival_time': 1536956400}
173	{'task_type': 'regular', 'locomotive': 22562, 'train_section': 27387, 'section': 22468, 'departure_time': 1536952260, 'arrival_time': 1536956400}
174	{'task_type': 'deadhead', 'locomotive': 22562, 'first_train_section': 27387, 'first_section': 22468, 'first_departure_time': 1536952260, 'first_arrival_time': 1536956400, 'second_train_section': 26702, 'second_section': 22322, 'second_departure_time': 1536959580, 'second_arrival_time': 1536967800}
175	{'task_type': 'regular', 'locomotive': 22562, 'train_section': 26702, 'section': 22322, 'departure_time': 1536959580, 'arrival_time': 1536967800}
176	{'task_type': 'deadhead', 'locomotive': 22562, 'first_train_section': 26702, 'first_section': 22322, 'first_departure_time': 1536959580, 'first_arrival_time': 1536967800, 'second_train_section': 25218, 'second_section': 22284, 'second_departure_time': 1536970980, 'second_arrival_time': 1536975900}
177	{'task_type': 'regular', 'locomotive': 22562, 'train_section': 25218, 'section': 22284, 'departure_time': 1536970980, 'arrival_time': 1536975900}
178	{'task_type': 'deadhead', 'locomotive': 22562, 'first_train_section': 25218, 'first_section': 22284, 'first_departure_time': 1536970980, 'first_arrival_time': 1536975900, 'second_train_section': 24738, 'second_section': 22281, 'second_departure_time': 1536980760, 'second_arrival_time': 1536987720}
179	{'task_type': 'regular', 'locomotive': 22562, 'train_section': 24738, 'section': 22281, 'departure_time': 1536980760, 'arrival_time': 1536987720}
180	{'task_type': 'deadhead', 'locomotive': 22562, 'first_train_section': 24738, 'first_section': 22281, 'first_departure_time': 1536980760, 'first_arrival_time': 1536987720, 'second_train_section': 24309, 'second_section': 22308, 'second_departure_time': 1537002240, 'second_arrival_time': 1537004880}
181	{'task_type': 'regular', 'locomotive': 22562, 'train_section': 24309, 'section': 22308, 'departure_time': 1537002240, 'arrival_time': 1537004880}
182	{'task_type': 'deadhead', 'locomotive': 22562, 'first_train_section': 24309, 'first_section': 22308, 'first_departure_time': 1537002240, 'first_arrival_time': 1537004880, 'second_train_section': 26740, 'second_section': 22342, 'second_departure_time': 1537024740, 'second_arrival_time': 1537030020}
183	{'task_type': 'regular', 'locomotive': 22562, 'train_section': 26740, 'section': 22342, 'departure_time': 1537024740, 'arrival_time': 1537030020}
184	{'task_type': 'deadhead', 'locomotive': 22562, 'first_train_section': 27149, 'first_section': 22417, 'first_departure_time': 1537077960, 'first_arrival_time': 1537088040, 'second_train_section': 23850, 'second_section': 22378, 'second_departure_time': 1537103100, 'second_arrival_time': 1537106760}
185	{'task_type': 'regular', 'locomotive': 22562, 'train_section': 23850, 'section': 22378, 'departure_time': 1537103100, 'arrival_time': 1537106760}
186	{'task_type': 'regular', 'locomotive': 22566, 'train_section': 23879, 'section': 22318, 'departure_time': 1536845700, 'arrival_time': 1536850200}
187	{'task_type': 'regular', 'locomotive': 22566, 'train_section': 25850, 'section': 22488, 'departure_time': 1536851640, 'arrival_time': 1536856020}
188	{'task_type': 'deadhead', 'locomotive': 22566, 'first_train_section': 25850, 'first_section': 22488, 'first_departure_time': 1536851640, 'first_arrival_time': 1536856020, 'second_train_section': 25741, 'second_section': 22365, 'second_departure_time': 1536863820, 'second_arrival_time': 1536867360}
189	{'task_type': 'regular', 'locomotive': 22566, 'train_section': 25741, 'section': 22365, 'departure_time': 1536863820, 'arrival_time': 1536867360}
190	{'task_type': 'deadhead', 'locomotive': 22566, 'first_train_section': 25741, 'first_section': 22365, 'first_departure_time': 1536863820, 'first_arrival_time': 1536867360, 'second_train_section': 23270, 'second_section': 22404, 'second_departure_time': 1536891660, 'second_arrival_time': 1536900900}
191	{'task_type': 'regular', 'locomotive': 22566, 'train_section': 23270, 'section': 22404, 'departure_time': 1536891660, 'arrival_time': 1536900900}
192	{'task_type': 'deadhead', 'locomotive': 22566, 'first_train_section': 23270, 'first_section': 22404, 'first_departure_time': 1536891660, 'first_arrival_time': 1536900900, 'second_train_section': 26001, 'second_section': 22258, 'second_departure_time': 1536907860, 'second_arrival_time': 1536910260}
193	{'task_type': 'regular', 'locomotive': 22566, 'train_section': 26001, 'section': 22258, 'departure_time': 1536907860, 'arrival_time': 1536910260}
194	{'task_type': 'deadhead', 'locomotive': 22566, 'first_train_section': 26001, 'first_section': 22258, 'first_departure_time': 1536907860, 'first_arrival_time': 1536910260, 'second_train_section': 26591, 'second_section': 22496, 'second_departure_time': 1536919080, 'second_arrival_time': 1536924060}
195	{'task_type': 'regular', 'locomotive': 22566, 'train_section': 26591, 'section': 22496, 'departure_time': 1536919080, 'arrival_time': 1536924060}
196	{'task_type': 'deadhead', 'locomotive': 22566, 'first_train_section': 26591, 'first_section': 22496, 'first_departure_time': 1536919080, 'first_arrival_time': 1536924060, 'second_train_section': 24816, 'second_section': 22424, 'second_departure_time': 1536925680, 'second_arrival_time': 1536930540}
197	{'task_type': 'regular', 'locomotive': 22566, 'train_section': 24816, 'section': 22424, 'departure_time': 1536925680, 'arrival_time': 1536930540}
198	{'task_type': 'deadhead', 'locomotive': 22566, 'first_train_section': 24816, 'first_section': 22424, 'first_departure_time': 1536925680, 'first_arrival_time': 1536930540, 'second_train_section': 25468, 'second_section': 22416, 'second_departure_time': 1536940440, 'second_arrival_time': 1536944100}
199	{'task_type': 'regular', 'locomotive': 22566, 'train_section': 25468, 'section': 22416, 'departure_time': 1536940440, 'arrival_time': 1536944100}
200	{'task_type': 'regular', 'locomotive': 22566, 'train_section': 27257, 'section': 22378, 'departure_time': 1536944700, 'arrival_time': 1536948360}
201	{'task_type': 'deadhead', 'locomotive': 22566, 'first_train_section': 27257, 'first_section': 22378, 'first_departure_time': 1536944700, 'first_arrival_time': 1536948360, 'second_train_section': 24501, 'second_section': 22460, 'second_departure_time': 1536949260, 'second_arrival_time': 1536951600}
202	{'task_type': 'regular', 'locomotive': 22566, 'train_section': 24501, 'section': 22460, 'departure_time': 1536949260, 'arrival_time': 1536951600}
203	{'task_type': 'deadhead', 'locomotive': 22566, 'first_train_section': 24501, 'first_section': 22460, 'first_departure_time': 1536949260, 'first_arrival_time': 1536951600, 'second_train_section': 22706, 'second_section': 22495, 'second_departure_time': 1536957240, 'second_arrival_time': 1536959940}
204	{'task_type': 'regular', 'locomotive': 22566, 'train_section': 22706, 'section': 22495, 'departure_time': 1536957240, 'arrival_time': 1536959940}
205	{'task_type': 'regular', 'locomotive': 22566, 'train_section': 22708, 'section': 22304, 'departure_time': 1536960720, 'arrival_time': 1536965280}
206	{'task_type': 'regular', 'locomotive': 22566, 'train_section': 23548, 'section': 22247, 'departure_time': 1536976200, 'arrival_time': 1536986760}
207	{'task_type': 'deadhead', 'locomotive': 22566, 'first_train_section': 23548, 'first_section': 22247, 'first_departure_time': 1536976200, 'first_arrival_time': 1536986760, 'second_train_section': 23187, 'second_section': 22320, 'second_departure_time': 1537002300, 'second_arrival_time': 1537008660}
208	{'task_type': 'regular', 'locomotive': 22566, 'train_section': 23187, 'section': 22320, 'departure_time': 1537002300, 'arrival_time': 1537008660}
209	{'task_type': 'regular', 'locomotive': 22566, 'train_section': 24592, 'section': 22327, 'departure_time': 1537009680, 'arrival_time': 1537016040}
210	{'task_type': 'deadhead', 'locomotive': 22566, 'first_train_section': 24592, 'first_section': 22327, 'first_departure_time': 1537009680, 'first_arrival_time': 1537016040, 'second_train_section': 25813, 'second_section': 22495, 'second_departure_time': 1537038240, 'second_arrival_time': 1537041060}
211	{'task_type': 'regular', 'locomotive': 22566, 'train_section': 25813, 'section': 22495, 'departure_time': 1537038240, 'arrival_time': 1537041060}
212	{'task_type': 'deadhead', 'locomotive': 22566, 'first_train_section': 25813, 'first_section': 22495, 'first_departure_time': 1537038240, 'first_arrival_time': 1537041060, 'second_train_section': 26137, 'second_section': 22356, 'second_departure_time': 1537090080, 'second_arrival_time': 1537097340}
213	{'task_type': 'regular', 'locomotive': 22566, 'train_section': 26137, 'section': 22356, 'departure_time': 1537090080, 'arrival_time': 1537097340}
214	{'task_type': 'deadhead', 'locomotive': 22566, 'first_train_section': 26137, 'first_section': 22356, 'first_departure_time': 1537090080, 'first_arrival_time': 1537097340, 'second_train_section': 25090, 'second_section': 22332, 'second_departure_time': 1537129800, 'second_arrival_time': 1537133940}
215	{'task_type': 'regular', 'locomotive': 22566, 'train_section': 25090, 'section': 22332, 'departure_time': 1537129800, 'arrival_time': 1537133940}
216	{'task_type': 'regular', 'locomotive': 22572, 'train_section': 23551, 'section': 22301, 'departure_time': 1536863460, 'arrival_time': 1536865560}
217	{'task_type': 'regular', 'locomotive': 22572, 'train_section': 24082, 'section': 22376, 'departure_time': 1536867900, 'arrival_time': 1536873600}
218	{'task_type': 'deadhead', 'locomotive': 22572, 'first_train_section': 24082, 'first_section': 22376, 'first_departure_time': 1536867900, 'first_arrival_time': 1536873600, 'second_train_section': 26534, 'second_section': 22425, 'second_departure_time': 1536876300, 'second_arrival_time': 1536877860}
219	{'task_type': 'regular', 'locomotive': 22572, 'train_section': 26534, 'section': 22425, 'departure_time': 1536876300, 'arrival_time': 1536877860}
220	{'task_type': 'deadhead', 'locomotive': 22572, 'first_train_section': 26534, 'first_section': 22425, 'first_departure_time': 1536876300, 'first_arrival_time': 1536877860, 'second_train_section': 27053, 'second_section': 22308, 'second_departure_time': 1536886800, 'second_arrival_time': 1536889560}
221	{'task_type': 'regular', 'locomotive': 22572, 'train_section': 27053, 'section': 22308, 'departure_time': 1536886800, 'arrival_time': 1536889560}
222	{'task_type': 'regular', 'locomotive': 22572, 'train_section': 23592, 'section': 22496, 'departure_time': 1536892260, 'arrival_time': 1536898620}
223	{'task_type': 'deadhead', 'locomotive': 22572, 'first_train_section': 23592, 'first_section': 22496, 'first_departure_time': 1536892260, 'first_arrival_time': 1536898620, 'second_train_section': 22893, 'second_section': 22427, 'second_departure_time': 1536901080, 'second_arrival_time': 1536904740}
224	{'task_type': 'regular', 'locomotive': 22572, 'train_section': 22893, 'section': 22427, 'departure_time': 1536901080, 'arrival_time': 1536904740}
225	{'task_type': 'deadhead', 'locomotive': 22572, 'first_train_section': 22893, 'first_section': 22427, 'first_departure_time': 1536901080, 'first_arrival_time': 1536904740, 'second_train_section': 23568, 'second_section': 22416, 'second_departure_time': 1536917040, 'second_arrival_time': 1536920700}
226	{'task_type': 'regular', 'locomotive': 22572, 'train_section': 23568, 'section': 22416, 'departure_time': 1536917040, 'arrival_time': 1536920700}
227	{'task_type': 'regular', 'locomotive': 22572, 'train_section': 27424, 'section': 22378, 'departure_time': 1536928500, 'arrival_time': 1536932160}
228	{'task_type': 'regular', 'locomotive': 22572, 'train_section': 24498, 'section': 22416, 'departure_time': 1536935040, 'arrival_time': 1536938700}
229	{'task_type': 'deadhead', 'locomotive': 22572, 'first_train_section': 24498, 'first_section': 22416, 'first_departure_time': 1536935040, 'first_arrival_time': 1536938700, 'second_train_section': 25992, 'second_section': 22416, 'second_departure_time': 1536944040, 'second_arrival_time': 1536947700}
230	{'task_type': 'regular', 'locomotive': 22572, 'train_section': 25992, 'section': 22416, 'departure_time': 1536944040, 'arrival_time': 1536947700}
231	{'task_type': 'deadhead', 'locomotive': 22572, 'first_train_section': 25992, 'first_section': 22416, 'first_departure_time': 1536944040, 'first_arrival_time': 1536947700, 'second_train_section': 26508, 'second_section': 22376, 'second_departure_time': 1536953760, 'second_arrival_time': 1536957960}
232	{'task_type': 'regular', 'locomotive': 22572, 'train_section': 26508, 'section': 22376, 'departure_time': 1536953760, 'arrival_time': 1536957960}
233	{'task_type': 'deadhead', 'locomotive': 22572, 'first_train_section': 23668, 'first_section': 22473, 'first_departure_time': 1536962460, 'first_arrival_time': 1537048740, 'second_train_section': 24167, 'second_section': 22429, 'second_departure_time': 1537131240, 'second_arrival_time': 1537133880}
234	{'task_type': 'regular', 'locomotive': 22572, 'train_section': 24167, 'section': 22429, 'departure_time': 1537131240, 'arrival_time': 1537133880}
235	{'task_type': 'regular', 'locomotive': 22573, 'train_section': 23483, 'section': 22471, 'departure_time': 1536857820, 'arrival_time': 1536860640}
236	{'task_type': 'deadhead', 'locomotive': 22573, 'first_train_section': 23483, 'first_section': 22471, 'first_departure_time': 1536857820, 'first_arrival_time': 1536860640, 'second_train_section': 22747, 'second_section': 22468, 'second_departure_time': 1536865860, 'second_arrival_time': 1536870000}
237	{'task_type': 'regular', 'locomotive': 22573, 'train_section': 22747, 'section': 22468, 'departure_time': 1536865860, 'arrival_time': 1536870000}
238	{'task_type': 'deadhead', 'locomotive': 22573, 'first_train_section': 22747, 'first_section': 22468, 'first_departure_time': 1536865860, 'first_arrival_time': 1536870000, 'second_train_section': 25115, 'second_section': 22404, 'second_departure_time': 1536883380, 'second_arrival_time': 1536892020}
239	{'task_type': 'regular', 'locomotive': 22573, 'train_section': 25115, 'section': 22404, 'departure_time': 1536883380, 'arrival_time': 1536892020}
240	{'task_type': 'regular', 'locomotive': 22573, 'train_section': 23272, 'section': 22245, 'departure_time': 1536901080, 'arrival_time': 1536906540}
241	{'task_type': 'regular', 'locomotive': 22573, 'train_section': 23274, 'section': 22308, 'departure_time': 1536907260, 'arrival_time': 1536909960}
242	{'task_type': 'deadhead', 'locomotive': 22573, 'first_train_section': 23274, 'first_section': 22308, 'first_departure_time': 1536907260, 'first_arrival_time': 1536909960, 'second_train_section': 24281, 'second_section': 22378, 'second_departure_time': 1536921300, 'second_arrival_time': 1536924960}
243	{'task_type': 'regular', 'locomotive': 22573, 'train_section': 24281, 'section': 22378, 'departure_time': 1536921300, 'arrival_time': 1536924960}
244	{'task_type': 'deadhead', 'locomotive': 22573, 'first_train_section': 24281, 'first_section': 22378, 'first_departure_time': 1536921300, 'first_arrival_time': 1536924960, 'second_train_section': 23978, 'second_section': 22376, 'second_departure_time': 1536933000, 'second_arrival_time': 1536938280}
245	{'task_type': 'regular', 'locomotive': 22573, 'train_section': 23978, 'section': 22376, 'departure_time': 1536933000, 'arrival_time': 1536938280}
246	{'task_type': 'deadhead', 'locomotive': 22573, 'first_train_section': 23978, 'first_section': 22376, 'first_departure_time': 1536933000, 'first_arrival_time': 1536938280, 'second_train_section': 26531, 'second_section': 22454, 'second_departure_time': 1536938700, 'second_arrival_time': 1536944520}
247	{'task_type': 'regular', 'locomotive': 22573, 'train_section': 26531, 'section': 22454, 'departure_time': 1536938700, 'arrival_time': 1536944520}
248	{'task_type': 'deadhead', 'locomotive': 22573, 'first_train_section': 26531, 'first_section': 22454, 'first_departure_time': 1536938700, 'first_arrival_time': 1536944520, 'second_train_section': 24346, 'second_section': 22309, 'second_departure_time': 1536955740, 'second_arrival_time': 1536960480}
249	{'task_type': 'regular', 'locomotive': 22573, 'train_section': 24346, 'section': 22309, 'departure_time': 1536955740, 'arrival_time': 1536960480}
250	{'task_type': 'deadhead', 'locomotive': 22573, 'first_train_section': 24346, 'first_section': 22309, 'first_departure_time': 1536955740, 'first_arrival_time': 1536960480, 'second_train_section': 26932, 'second_section': 22343, 'second_departure_time': 1536969660, 'second_arrival_time': 1536978060}
251	{'task_type': 'regular', 'locomotive': 22573, 'train_section': 26932, 'section': 22343, 'departure_time': 1536969660, 'arrival_time': 1536978060}
252	{'task_type': 'deadhead', 'locomotive': 22573, 'first_train_section': 26932, 'first_section': 22343, 'first_departure_time': 1536969660, 'first_arrival_time': 1536978060, 'second_train_section': 26957, 'second_section': 22280, 'second_departure_time': 1536983640, 'second_arrival_time': 1536990240}
253	{'task_type': 'regular', 'locomotive': 22573, 'train_section': 26957, 'section': 22280, 'departure_time': 1536983640, 'arrival_time': 1536990240}
254	{'task_type': 'deadhead', 'locomotive': 22573, 'first_train_section': 26957, 'first_section': 22280, 'first_departure_time': 1536983640, 'first_arrival_time': 1536990240, 'second_train_section': 23336, 'second_section': 22492, 'second_departure_time': 1536992640, 'second_arrival_time': 1537001880}
255	{'task_type': 'regular', 'locomotive': 22573, 'train_section': 23336, 'section': 22492, 'departure_time': 1536992640, 'arrival_time': 1537001880}
256	{'task_type': 'deadhead', 'locomotive': 22573, 'first_train_section': 23336, 'first_section': 22492, 'first_departure_time': 1536992640, 'first_arrival_time': 1537001880, 'second_train_section': 23126, 'second_section': 22293, 'second_departure_time': 1537005840, 'second_arrival_time': 1537011300}
257	{'task_type': 'regular', 'locomotive': 22573, 'train_section': 23126, 'section': 22293, 'departure_time': 1537005840, 'arrival_time': 1537011300}
258	{'task_type': 'deadhead', 'locomotive': 22573, 'first_train_section': 25626, 'first_section': 22502, 'first_departure_time': 1537048860, 'first_arrival_time': 1537074900, 'second_train_section': 24664, 'second_section': 22352, 'second_departure_time': 1537131720, 'second_arrival_time': 1537135199}
259	{'task_type': 'regular', 'locomotive': 22573, 'train_section': 24664, 'section': 22352, 'departure_time': 1537131720, 'arrival_time': 1537135199}
260	{'task_type': 'regular', 'locomotive': 22574, 'train_section': 25547, 'section': 22505, 'departure_time': 1536870900, 'arrival_time': 1536876300}
261	{'task_type': 'regular', 'locomotive': 22574, 'train_section': 25549, 'section': 22308, 'departure_time': 1536877320, 'arrival_time': 1536880020}
262	{'task_type': 'deadhead', 'locomotive': 22574, 'first_train_section': 25549, 'first_section': 22308, 'first_departure_time': 1536877320, 'first_arrival_time': 1536880020, 'second_train_section': 26966, 'second_section': 22378, 'second_departure_time': 1536894540, 'second_arrival_time': 1536898200}
263	{'task_type': 'regular', 'locomotive': 22574, 'train_section': 26966, 'section': 22378, 'departure_time': 1536894540, 'arrival_time': 1536898200}
264	{'task_type': 'deadhead', 'locomotive': 22574, 'first_train_section': 26966, 'first_section': 22378, 'first_departure_time': 1536894540, 'first_arrival_time': 1536898200, 'second_train_section': 23196, 'second_section': 22431, 'second_departure_time': 1536905400, 'second_arrival_time': 1536910020}
265	{'task_type': 'regular', 'locomotive': 22574, 'train_section': 23196, 'section': 22431, 'departure_time': 1536905400, 'arrival_time': 1536910020}
266	{'task_type': 'deadhead', 'locomotive': 22574, 'first_train_section': 23196, 'first_section': 22431, 'first_departure_time': 1536905400, 'first_arrival_time': 1536910020, 'second_train_section': 23200, 'second_section': 22309, 'second_departure_time': 1536914760, 'second_arrival_time': 1536919320}
267	{'task_type': 'regular', 'locomotive': 22574, 'train_section': 23200, 'section': 22309, 'departure_time': 1536914760, 'arrival_time': 1536919320}
268	{'task_type': 'deadhead', 'locomotive': 22574, 'first_train_section': 23200, 'first_section': 22309, 'first_departure_time': 1536914760, 'first_arrival_time': 1536919320, 'second_train_section': 24838, 'second_section': 22418, 'second_departure_time': 1536931800, 'second_arrival_time': 1536933300}
269	{'task_type': 'regular', 'locomotive': 22574, 'train_section': 24838, 'section': 22418, 'departure_time': 1536931800, 'arrival_time': 1536933300}
270	{'task_type': 'deadhead', 'locomotive': 22574, 'first_train_section': 24838, 'first_section': 22418, 'first_departure_time': 1536931800, 'first_arrival_time': 1536933300, 'second_train_section': 27007, 'second_section': 22413, 'second_departure_time': 1536939120, 'second_arrival_time': 1536942960}
271	{'task_type': 'regular', 'locomotive': 22574, 'train_section': 27007, 'section': 22413, 'departure_time': 1536939120, 'arrival_time': 1536942960}
272	{'task_type': 'deadhead', 'locomotive': 22574, 'first_train_section': 27007, 'first_section': 22413, 'first_departure_time': 1536939120, 'first_arrival_time': 1536942960, 'second_train_section': 23645, 'second_section': 22378, 'second_departure_time': 1536946500, 'second_arrival_time': 1536950160}
273	{'task_type': 'regular', 'locomotive': 22574, 'train_section': 23645, 'section': 22378, 'departure_time': 1536946500, 'arrival_time': 1536950160}
274	{'task_type': 'regular', 'locomotive': 22574, 'train_section': 25753, 'section': 22416, 'departure_time': 1536951240, 'arrival_time': 1536954900}
275	{'task_type': 'regular', 'locomotive': 22577, 'train_section': 27185, 'section': 22305, 'departure_time': 1536869700, 'arrival_time': 1536874740}
276	{'task_type': 'deadhead', 'locomotive': 22577, 'first_train_section': 27185, 'first_section': 22305, 'first_departure_time': 1536869700, 'first_arrival_time': 1536874740, 'second_train_section': 27368, 'second_section': 22309, 'second_departure_time': 1536885780, 'second_arrival_time': 1536890400}
277	{'task_type': 'regular', 'locomotive': 22577, 'train_section': 27368, 'section': 22309, 'departure_time': 1536885780, 'arrival_time': 1536890400}
278	{'task_type': 'deadhead', 'locomotive': 22577, 'first_train_section': 27368, 'first_section': 22309, 'first_departure_time': 1536885780, 'first_arrival_time': 1536890400, 'second_train_section': 25119, 'second_section': 22308, 'second_departure_time': 1536897300, 'second_arrival_time': 1536900000}
279	{'task_type': 'regular', 'locomotive': 22577, 'train_section': 25119, 'section': 22308, 'departure_time': 1536897300, 'arrival_time': 1536900000}
280	{'task_type': 'regular', 'locomotive': 22577, 'train_section': 25121, 'section': 22496, 'departure_time': 1536900780, 'arrival_time': 1536904980}
281	{'task_type': 'regular', 'locomotive': 22577, 'train_section': 23425, 'section': 22416, 'departure_time': 1536922440, 'arrival_time': 1536926100}
282	{'task_type': 'regular', 'locomotive': 22577, 'train_section': 23601, 'section': 22378, 'departure_time': 1536930300, 'arrival_time': 1536933960}
283	{'task_type': 'deadhead', 'locomotive': 22577, 'first_train_section': 23601, 'first_section': 22378, 'first_departure_time': 1536930300, 'first_arrival_time': 1536933960, 'second_train_section': 23153, 'second_section': 22413, 'second_departure_time': 1536935520, 'second_arrival_time': 1536939360}
284	{'task_type': 'regular', 'locomotive': 22577, 'train_section': 23153, 'section': 22413, 'departure_time': 1536935520, 'arrival_time': 1536939360}
285	{'task_type': 'deadhead', 'locomotive': 22577, 'first_train_section': 23153, 'first_section': 22413, 'first_departure_time': 1536935520, 'first_arrival_time': 1536939360, 'second_train_section': 24342, 'second_section': 22431, 'second_departure_time': 1536945540, 'second_arrival_time': 1536950400}
286	{'task_type': 'regular', 'locomotive': 22577, 'train_section': 24342, 'section': 22431, 'departure_time': 1536945540, 'arrival_time': 1536950400}
287	{'task_type': 'deadhead', 'locomotive': 22577, 'first_train_section': 24342, 'first_section': 22431, 'first_departure_time': 1536945540, 'first_arrival_time': 1536950400, 'second_train_section': 25738, 'second_section': 22307, 'second_departure_time': 1536957060, 'second_arrival_time': 1536959100}
288	{'task_type': 'regular', 'locomotive': 22577, 'train_section': 25738, 'section': 22307, 'departure_time': 1536957060, 'arrival_time': 1536959100}
289	{'task_type': 'deadhead', 'locomotive': 22577, 'first_train_section': 25738, 'first_section': 22307, 'first_departure_time': 1536957060, 'first_arrival_time': 1536959100, 'second_train_section': 23353, 'second_section': 22245, 'second_departure_time': 1536969960, 'second_arrival_time': 1536974640}
290	{'task_type': 'regular', 'locomotive': 22577, 'train_section': 23353, 'section': 22245, 'departure_time': 1536969960, 'arrival_time': 1536974640}
291	{'task_type': 'deadhead', 'locomotive': 22577, 'first_train_section': 23353, 'first_section': 22245, 'first_departure_time': 1536969960, 'first_arrival_time': 1536974640, 'second_train_section': 24468, 'second_section': 22495, 'second_departure_time': 1536983460, 'second_arrival_time': 1536986460}
292	{'task_type': 'regular', 'locomotive': 22577, 'train_section': 24468, 'section': 22495, 'departure_time': 1536983460, 'arrival_time': 1536986460}
293	{'task_type': 'deadhead', 'locomotive': 22577, 'first_train_section': 24240, 'first_section': 22417, 'first_departure_time': 1537002360, 'first_arrival_time': 1537019640, 'second_train_section': 27072, 'second_section': 22348, 'second_departure_time': 1537067580, 'second_arrival_time': 1537071120}
294	{'task_type': 'regular', 'locomotive': 22577, 'train_section': 27072, 'section': 22348, 'departure_time': 1537067580, 'arrival_time': 1537071120}
295	{'task_type': 'regular', 'locomotive': 22578, 'train_section': 23967, 'section': 22445, 'departure_time': 1536863640, 'arrival_time': 1536869400}
296	{'task_type': 'deadhead', 'locomotive': 22578, 'first_train_section': 23967, 'first_section': 22445, 'first_departure_time': 1536863640, 'first_arrival_time': 1536869400, 'second_train_section': 24655, 'second_section': 22429, 'second_departure_time': 1536872040, 'second_arrival_time': 1536874680}
297	{'task_type': 'regular', 'locomotive': 22578, 'train_section': 24655, 'section': 22429, 'departure_time': 1536872040, 'arrival_time': 1536874680}
298	{'task_type': 'deadhead', 'locomotive': 22578, 'first_train_section': 24655, 'first_section': 22429, 'first_departure_time': 1536872040, 'first_arrival_time': 1536874680, 'second_train_section': 27364, 'second_section': 22431, 'second_departure_time': 1536877140, 'second_arrival_time': 1536881340}
299	{'task_type': 'regular', 'locomotive': 22578, 'train_section': 27364, 'section': 22431, 'departure_time': 1536877140, 'arrival_time': 1536881340}
300	{'task_type': 'deadhead', 'locomotive': 22578, 'first_train_section': 27364, 'first_section': 22431, 'first_departure_time': 1536877140, 'first_arrival_time': 1536881340, 'second_train_section': 27409, 'second_section': 22372, 'second_departure_time': 1536890940, 'second_arrival_time': 1536894900}
301	{'task_type': 'regular', 'locomotive': 22578, 'train_section': 27409, 'section': 22372, 'departure_time': 1536890940, 'arrival_time': 1536894900}
302	{'task_type': 'deadhead', 'locomotive': 22578, 'first_train_section': 27409, 'first_section': 22372, 'first_departure_time': 1536890940, 'first_arrival_time': 1536894900, 'second_train_section': 24844, 'second_section': 22361, 'second_departure_time': 1536900480, 'second_arrival_time': 1536902940}
303	{'task_type': 'regular', 'locomotive': 22578, 'train_section': 24844, 'section': 22361, 'departure_time': 1536900480, 'arrival_time': 1536902940}
304	{'task_type': 'deadhead', 'locomotive': 22578, 'first_train_section': 24844, 'first_section': 22361, 'first_departure_time': 1536900480, 'first_arrival_time': 1536902940, 'second_train_section': 26549, 'second_section': 22343, 'second_departure_time': 1536921600, 'second_arrival_time': 1536930120}
305	{'task_type': 'regular', 'locomotive': 22578, 'train_section': 26549, 'section': 22343, 'departure_time': 1536921600, 'arrival_time': 1536930120}
306	{'task_type': 'deadhead', 'locomotive': 22578, 'first_train_section': 26549, 'first_section': 22343, 'first_departure_time': 1536921600, 'first_arrival_time': 1536930120, 'second_train_section': 26528, 'second_section': 22294, 'second_departure_time': 1536931380, 'second_arrival_time': 1536933540}
307	{'task_type': 'regular', 'locomotive': 22578, 'train_section': 26528, 'section': 22294, 'departure_time': 1536931380, 'arrival_time': 1536933540}
308	{'task_type': 'deadhead', 'locomotive': 22578, 'first_train_section': 26528, 'first_section': 22294, 'first_departure_time': 1536931380, 'first_arrival_time': 1536933540, 'second_train_section': 24942, 'second_section': 22469, 'second_departure_time': 1536938220, 'second_arrival_time': 1536940620}
309	{'task_type': 'regular', 'locomotive': 22578, 'train_section': 24942, 'section': 22469, 'departure_time': 1536938220, 'arrival_time': 1536940620}
310	{'task_type': 'regular', 'locomotive': 22578, 'train_section': 27113, 'section': 22452, 'departure_time': 1536948960, 'arrival_time': 1536950760}
311	{'task_type': 'deadhead', 'locomotive': 22578, 'first_train_section': 27113, 'first_section': 22452, 'first_departure_time': 1536948960, 'first_arrival_time': 1536950760, 'second_train_section': 24410, 'second_section': 22397, 'second_departure_time': 1536969000, 'second_arrival_time': 1536977040}
312	{'task_type': 'regular', 'locomotive': 22578, 'train_section': 24410, 'section': 22397, 'departure_time': 1536969000, 'arrival_time': 1536977040}
313	{'task_type': 'regular', 'locomotive': 22578, 'train_section': 26005, 'section': 22329, 'departure_time': 1536987480, 'arrival_time': 1536988920}
314	{'task_type': 'deadhead', 'locomotive': 22578, 'first_train_section': 26005, 'first_section': 22329, 'first_departure_time': 1536987480, 'first_arrival_time': 1536988920, 'second_train_section': 25888, 'second_section': 22327, 'second_departure_time': 1536995280, 'second_arrival_time': 1537001640}
315	{'task_type': 'regular', 'locomotive': 22578, 'train_section': 25888, 'section': 22327, 'departure_time': 1536995280, 'arrival_time': 1537001640}
316	{'task_type': 'deadhead', 'locomotive': 22578, 'first_train_section': 26472, 'first_section': 22319, 'first_departure_time': 1537008840, 'first_arrival_time': 1537048740, 'second_train_section': 23945, 'second_section': 22314, 'second_departure_time': 1537083240, 'second_arrival_time': 1537085940}
317	{'task_type': 'regular', 'locomotive': 22578, 'train_section': 23945, 'section': 22314, 'departure_time': 1537083240, 'arrival_time': 1537085940}
318	{'task_type': 'deadhead', 'locomotive': 22578, 'first_train_section': 23945, 'first_section': 22314, 'first_departure_time': 1537083240, 'first_arrival_time': 1537085940, 'second_train_section': 26511, 'second_section': 22284, 'second_departure_time': 1537116720, 'second_arrival_time': 1537120380}
319	{'task_type': 'regular', 'locomotive': 22578, 'train_section': 26511, 'section': 22284, 'departure_time': 1537116720, 'arrival_time': 1537120380}
320	{'task_type': 'regular', 'locomotive': 22579, 'train_section': 26942, 'section': 22383, 'departure_time': 1536837120, 'arrival_time': 1536840540}
321	{'task_type': 'deadhead', 'locomotive': 22579, 'first_train_section': 26942, 'first_section': 22383, 'first_departure_time': 1536837120, 'first_arrival_time': 1536840540, 'second_train_section': 22639, 'second_section': 22383, 'second_departure_time': 1536847920, 'second_arrival_time': 1536851340}
322	{'task_type': 'regular', 'locomotive': 22579, 'train_section': 22639, 'section': 22383, 'departure_time': 1536847920, 'arrival_time': 1536851340}
323	{'task_type': 'deadhead', 'locomotive': 22579, 'first_train_section': 22639, 'first_section': 22383, 'first_departure_time': 1536847920, 'first_arrival_time': 1536851340, 'second_train_section': 25966, 'second_section': 22317, 'second_departure_time': 1536856320, 'second_arrival_time': 1536858060}
324	{'task_type': 'regular', 'locomotive': 22579, 'train_section': 25966, 'section': 22317, 'departure_time': 1536856320, 'arrival_time': 1536858060}
325	{'task_type': 'deadhead', 'locomotive': 22579, 'first_train_section': 25966, 'first_section': 22317, 'first_departure_time': 1536856320, 'first_arrival_time': 1536858060, 'second_train_section': 24275, 'second_section': 22235, 'second_departure_time': 1536893940, 'second_arrival_time': 1536894420}
326	{'task_type': 'regular', 'locomotive': 22579, 'train_section': 24275, 'section': 22235, 'departure_time': 1536893940, 'arrival_time': 1536894420}
327	{'task_type': 'deadhead', 'locomotive': 22579, 'first_train_section': 24275, 'first_section': 22235, 'first_departure_time': 1536893940, 'first_arrival_time': 1536894420, 'second_train_section': 25915, 'second_section': 22390, 'second_departure_time': 1536900420, 'second_arrival_time': 1536902220}
328	{'task_type': 'regular', 'locomotive': 22579, 'train_section': 25915, 'section': 22390, 'departure_time': 1536900420, 'arrival_time': 1536902220}
329	{'task_type': 'deadhead', 'locomotive': 22579, 'first_train_section': 25915, 'first_section': 22390, 'first_departure_time': 1536900420, 'first_arrival_time': 1536902220, 'second_train_section': 23933, 'second_section': 22381, 'second_departure_time': 1536924720, 'second_arrival_time': 1536926640}
330	{'task_type': 'regular', 'locomotive': 22579, 'train_section': 23933, 'section': 22381, 'departure_time': 1536924720, 'arrival_time': 1536926640}
331	{'task_type': 'deadhead', 'locomotive': 22579, 'first_train_section': 23933, 'first_section': 22381, 'first_departure_time': 1536924720, 'first_arrival_time': 1536926640, 'second_train_section': 24896, 'second_section': 22278, 'second_departure_time': 1536929880, 'second_arrival_time': 1536936480}
332	{'task_type': 'regular', 'locomotive': 22579, 'train_section': 24896, 'section': 22278, 'departure_time': 1536929880, 'arrival_time': 1536936480}
333	{'task_type': 'deadhead', 'locomotive': 22579, 'first_train_section': 24896, 'first_section': 22278, 'first_departure_time': 1536929880, 'first_arrival_time': 1536936480, 'second_train_section': 24805, 'second_section': 22351, 'second_departure_time': 1536943680, 'second_arrival_time': 1536948840}
334	{'task_type': 'regular', 'locomotive': 22579, 'train_section': 24805, 'section': 22351, 'departure_time': 1536943680, 'arrival_time': 1536948840}
335	{'task_type': 'deadhead', 'locomotive': 22579, 'first_train_section': 24805, 'first_section': 22351, 'first_departure_time': 1536943680, 'first_arrival_time': 1536948840, 'second_train_section': 23374, 'second_section': 22356, 'second_departure_time': 1536956160, 'second_arrival_time': 1536964200}
336	{'task_type': 'regular', 'locomotive': 22579, 'train_section': 23374, 'section': 22356, 'departure_time': 1536956160, 'arrival_time': 1536964200}
337	{'task_type': 'deadhead', 'locomotive': 22579, 'first_train_section': 23374, 'first_section': 22356, 'first_departure_time': 1536956160, 'first_arrival_time': 1536964200, 'second_train_section': 26605, 'second_section': 22247, 'second_departure_time': 1536966780, 'second_arrival_time': 1536976140}
338	{'task_type': 'regular', 'locomotive': 22579, 'train_section': 26605, 'section': 22247, 'departure_time': 1536966780, 'arrival_time': 1536976140}
339	{'task_type': 'deadhead', 'locomotive': 22579, 'first_train_section': 26605, 'first_section': 22247, 'first_departure_time': 1536966780, 'first_arrival_time': 1536976140, 'second_train_section': 24305, 'second_section': 22404, 'second_departure_time': 1536986220, 'second_arrival_time': 1536996420}
340	{'task_type': 'regular', 'locomotive': 22579, 'train_section': 24305, 'section': 22404, 'departure_time': 1536986220, 'arrival_time': 1536996420}
341	{'task_type': 'deadhead', 'locomotive': 22579, 'first_train_section': 24305, 'first_section': 22404, 'first_departure_time': 1536986220, 'first_arrival_time': 1536996420, 'second_train_section': 24311, 'second_section': 22496, 'second_departure_time': 1537005480, 'second_arrival_time': 1537010460}
342	{'task_type': 'regular', 'locomotive': 22579, 'train_section': 24311, 'section': 22496, 'departure_time': 1537005480, 'arrival_time': 1537010460}
343	{'task_type': 'deadhead', 'locomotive': 22579, 'first_train_section': 24311, 'first_section': 22496, 'first_departure_time': 1537005480, 'first_arrival_time': 1537010460, 'second_train_section': 26109, 'second_section': 22501, 'second_departure_time': 1537043040, 'second_arrival_time': 1537045260}
344	{'task_type': 'regular', 'locomotive': 22579, 'train_section': 26109, 'section': 22501, 'departure_time': 1537043040, 'arrival_time': 1537045260}
345	{'task_type': 'deadhead', 'locomotive': 22579, 'first_train_section': 26109, 'first_section': 22501, 'first_departure_time': 1537043040, 'first_arrival_time': 1537045260, 'second_train_section': 26387, 'second_section': 22342, 'second_departure_time': 1537082340, 'second_arrival_time': 1537087620}
346	{'task_type': 'regular', 'locomotive': 22579, 'train_section': 26387, 'section': 22342, 'departure_time': 1537082340, 'arrival_time': 1537087620}
347	{'task_type': 'deadhead', 'locomotive': 22579, 'first_train_section': 26387, 'first_section': 22342, 'first_departure_time': 1537082340, 'first_arrival_time': 1537087620, 'second_train_section': 27152, 'second_section': 22378, 'second_departure_time': 1537113900, 'second_arrival_time': 1537117560}
348	{'task_type': 'regular', 'locomotive': 22579, 'train_section': 27152, 'section': 22378, 'departure_time': 1537113900, 'arrival_time': 1537117560}
349	{'task_type': 'regular', 'locomotive': 22580, 'train_section': 24863, 'section': 22284, 'departure_time': 1536864720, 'arrival_time': 1536868380}
350	{'task_type': 'deadhead', 'locomotive': 22580, 'first_train_section': 25020, 'first_section': 22250, 'first_departure_time': 1536876060, 'first_arrival_time': 1536897060, 'second_train_section': 25603, 'second_section': 22485, 'second_departure_time': 1536911640, 'second_arrival_time': 1536919080}
351	{'task_type': 'regular', 'locomotive': 22580, 'train_section': 25603, 'section': 22485, 'departure_time': 1536911640, 'arrival_time': 1536919080}
352	{'task_type': 'regular', 'locomotive': 22580, 'train_section': 25605, 'section': 22264, 'departure_time': 1536920400, 'arrival_time': 1536920820}
353	{'task_type': 'deadhead', 'locomotive': 22580, 'first_train_section': 25605, 'first_section': 22264, 'first_departure_time': 1536920400, 'first_arrival_time': 1536920820, 'second_train_section': 24429, 'second_section': 22485, 'second_departure_time': 1536929940, 'second_arrival_time': 1536938580}
354	{'task_type': 'regular', 'locomotive': 22580, 'train_section': 24429, 'section': 22485, 'departure_time': 1536929940, 'arrival_time': 1536938580}
355	{'task_type': 'regular', 'locomotive': 22580, 'train_section': 24431, 'section': 22264, 'departure_time': 1536940380, 'arrival_time': 1536940800}
356	{'task_type': 'deadhead', 'locomotive': 22580, 'first_train_section': 24431, 'first_section': 22264, 'first_departure_time': 1536940380, 'first_arrival_time': 1536940800, 'second_train_section': 24652, 'second_section': 22483, 'second_departure_time': 1536945240, 'second_arrival_time': 1536948360}
357	{'task_type': 'regular', 'locomotive': 22580, 'train_section': 24652, 'section': 22483, 'departure_time': 1536945240, 'arrival_time': 1536948360}
358	{'task_type': 'deadhead', 'locomotive': 22580, 'first_train_section': 24652, 'first_section': 22483, 'first_departure_time': 1536945240, 'first_arrival_time': 1536948360, 'second_train_section': 24376, 'second_section': 22501, 'second_departure_time': 1536956640, 'second_arrival_time': 1536958860}
359	{'task_type': 'regular', 'locomotive': 22580, 'train_section': 24376, 'section': 22501, 'departure_time': 1536956640, 'arrival_time': 1536958860}
360	{'task_type': 'deadhead', 'locomotive': 22580, 'first_train_section': 24376, 'first_section': 22501, 'first_departure_time': 1536956640, 'first_arrival_time': 1536958860, 'second_train_section': 26929, 'second_section': 22481, 'second_departure_time': 1536961080, 'second_arrival_time': 1536966000}
361	{'task_type': 'regular', 'locomotive': 22580, 'train_section': 26929, 'section': 22481, 'departure_time': 1536961080, 'arrival_time': 1536966000}
362	{'task_type': 'regular', 'locomotive': 22580, 'train_section': 22941, 'section': 22345, 'departure_time': 1536973560, 'arrival_time': 1536976500}
363	{'task_type': 'deadhead', 'locomotive': 22580, 'first_train_section': 22941, 'first_section': 22345, 'first_departure_time': 1536973560, 'first_arrival_time': 1536976500, 'second_train_section': 27454, 'second_section': 22342, 'second_departure_time': 1536988860, 'second_arrival_time': 1536994980}
364	{'task_type': 'regular', 'locomotive': 22580, 'train_section': 27454, 'section': 22342, 'departure_time': 1536988860, 'arrival_time': 1536994980}
365	{'task_type': 'deadhead', 'locomotive': 22580, 'first_train_section': 27454, 'first_section': 22342, 'first_departure_time': 1536988860, 'first_arrival_time': 1536994980, 'second_train_section': 25373, 'second_section': 22311, 'second_departure_time': 1537004400, 'second_arrival_time': 1537007160}
366	{'task_type': 'regular', 'locomotive': 22580, 'train_section': 25373, 'section': 22311, 'departure_time': 1537004400, 'arrival_time': 1537007160}
367	{'task_type': 'regular', 'locomotive': 22580, 'train_section': 25361, 'section': 22313, 'departure_time': 1537015680, 'arrival_time': 1537020600}
368	{'task_type': 'deadhead', 'locomotive': 22580, 'first_train_section': 25361, 'first_section': 22313, 'first_departure_time': 1537015680, 'first_arrival_time': 1537020600, 'second_train_section': 26344, 'second_section': 22344, 'second_departure_time': 1537120980, 'second_arrival_time': 1537122000}
369	{'task_type': 'regular', 'locomotive': 22580, 'train_section': 26344, 'section': 22344, 'departure_time': 1537120980, 'arrival_time': 1537122000}
370	{'task_type': 'regular', 'locomotive': 22581, 'train_section': 25107, 'section': 22263, 'departure_time': 1536845880, 'arrival_time': 1536847680}
371	{'task_type': 'deadhead', 'locomotive': 22581, 'first_train_section': 25107, 'first_section': 22263, 'first_departure_time': 1536845880, 'first_arrival_time': 1536847680, 'second_train_section': 26577, 'second_section': 22261, 'second_departure_time': 1536867900, 'second_arrival_time': 1536869460}
372	{'task_type': 'regular', 'locomotive': 22581, 'train_section': 26577, 'section': 22261, 'departure_time': 1536867900, 'arrival_time': 1536869460}
373	{'task_type': 'deadhead', 'locomotive': 22581, 'first_train_section': 26577, 'first_section': 22261, 'first_departure_time': 1536867900, 'first_arrival_time': 1536869460, 'second_train_section': 23214, 'second_section': 22246, 'second_departure_time': 1536873120, 'second_arrival_time': 1536874380}
374	{'task_type': 'regular', 'locomotive': 22581, 'train_section': 23214, 'section': 22246, 'departure_time': 1536873120, 'arrival_time': 1536874380}
375	{'task_type': 'deadhead', 'locomotive': 22581, 'first_train_section': 23214, 'first_section': 22246, 'first_departure_time': 1536873120, 'first_arrival_time': 1536874380, 'second_train_section': 26828, 'second_section': 22505, 'second_departure_time': 1536880500, 'second_arrival_time': 1536885240}
376	{'task_type': 'regular', 'locomotive': 22581, 'train_section': 26828, 'section': 22505, 'departure_time': 1536880500, 'arrival_time': 1536885240}
377	{'task_type': 'deadhead', 'locomotive': 22581, 'first_train_section': 26828, 'first_section': 22505, 'first_departure_time': 1536880500, 'first_arrival_time': 1536885240, 'second_train_section': 23957, 'second_section': 22474, 'second_departure_time': 1536895200, 'second_arrival_time': 1536896880}
378	{'task_type': 'regular', 'locomotive': 22581, 'train_section': 23957, 'section': 22474, 'departure_time': 1536895200, 'arrival_time': 1536896880}
379	{'task_type': 'regular', 'locomotive': 22581, 'train_section': 25641, 'section': 22512, 'departure_time': 1536899340, 'arrival_time': 1536902700}
380	{'task_type': 'regular', 'locomotive': 22581, 'train_section': 24513, 'section': 22456, 'departure_time': 1536903300, 'arrival_time': 1536904800}
381	{'task_type': 'regular', 'locomotive': 22581, 'train_section': 27285, 'section': 22416, 'departure_time': 1536933240, 'arrival_time': 1536936900}
382	{'task_type': 'deadhead', 'locomotive': 22581, 'first_train_section': 27285, 'first_section': 22416, 'first_departure_time': 1536933240, 'first_arrival_time': 1536936900, 'second_train_section': 25870, 'second_section': 22443, 'second_departure_time': 1536944400, 'second_arrival_time': 1536946200}
383	{'task_type': 'regular', 'locomotive': 22581, 'train_section': 25870, 'section': 22443, 'departure_time': 1536944400, 'arrival_time': 1536946200}
384	{'task_type': 'deadhead', 'locomotive': 22581, 'first_train_section': 25870, 'first_section': 22443, 'first_departure_time': 1536944400, 'first_arrival_time': 1536946200, 'second_train_section': 26063, 'second_section': 22431, 'second_departure_time': 1536954060, 'second_arrival_time': 1536958260}
385	{'task_type': 'regular', 'locomotive': 22581, 'train_section': 26063, 'section': 22431, 'departure_time': 1536954060, 'arrival_time': 1536958260}
386	{'task_type': 'deadhead', 'locomotive': 22581, 'first_train_section': 26063, 'first_section': 22431, 'first_departure_time': 1536954060, 'first_arrival_time': 1536958260, 'second_train_section': 24464, 'second_section': 22427, 'second_departure_time': 1536975960, 'second_arrival_time': 1536978900}
387	{'task_type': 'regular', 'locomotive': 22581, 'train_section': 24464, 'section': 22427, 'departure_time': 1536975960, 'arrival_time': 1536978900}
388	{'task_type': 'deadhead', 'locomotive': 22581, 'first_train_section': 24464, 'first_section': 22427, 'first_departure_time': 1536975960, 'first_arrival_time': 1536978900, 'second_train_section': 24471, 'second_section': 22304, 'second_departure_time': 1536987600, 'second_arrival_time': 1536992700}
389	{'task_type': 'regular', 'locomotive': 22581, 'train_section': 24471, 'section': 22304, 'departure_time': 1536987600, 'arrival_time': 1536992700}
390	{'task_type': 'deadhead', 'locomotive': 22581, 'first_train_section': 24471, 'first_section': 22304, 'first_departure_time': 1536987600, 'first_arrival_time': 1536992700, 'second_train_section': 23622, 'second_section': 22350, 'second_departure_time': 1536999900, 'second_arrival_time': 1537003920}
391	{'task_type': 'regular', 'locomotive': 22581, 'train_section': 23622, 'section': 22350, 'departure_time': 1536999900, 'arrival_time': 1537003920}
392	{'task_type': 'deadhead', 'locomotive': 22581, 'first_train_section': 23622, 'first_section': 22350, 'first_departure_time': 1536999900, 'first_arrival_time': 1537003920, 'second_train_section': 25972, 'second_section': 22351, 'second_departure_time': 1537022880, 'second_arrival_time': 1537028040}
393	{'task_type': 'regular', 'locomotive': 22581, 'train_section': 25972, 'section': 22351, 'departure_time': 1537022880, 'arrival_time': 1537028040}
394	{'task_type': 'regular', 'locomotive': 22582, 'train_section': 22745, 'section': 22255, 'departure_time': 1536861900, 'arrival_time': 1536862800}
395	{'task_type': 'deadhead', 'locomotive': 22582, 'first_train_section': 22745, 'first_section': 22255, 'first_departure_time': 1536861900, 'first_arrival_time': 1536862800, 'second_train_section': 25909, 'second_section': 22277, 'second_departure_time': 1536867300, 'second_arrival_time': 1536870780}
396	{'task_type': 'regular', 'locomotive': 22582, 'train_section': 25909, 'section': 22277, 'departure_time': 1536867300, 'arrival_time': 1536870780}
397	{'task_type': 'deadhead', 'locomotive': 22582, 'first_train_section': 25909, 'first_section': 22277, 'first_departure_time': 1536867300, 'first_arrival_time': 1536870780, 'second_train_section': 27403, 'second_section': 22451, 'second_departure_time': 1536879420, 'second_arrival_time': 1536886320}
398	{'task_type': 'regular', 'locomotive': 22582, 'train_section': 27403, 'section': 22451, 'departure_time': 1536879420, 'arrival_time': 1536886320}
399	{'task_type': 'regular', 'locomotive': 22582, 'train_section': 27406, 'section': 22345, 'departure_time': 1536887160, 'arrival_time': 1536890100}
400	{'task_type': 'deadhead', 'locomotive': 22582, 'first_train_section': 27406, 'first_section': 22345, 'first_departure_time': 1536887160, 'first_arrival_time': 1536890100, 'second_train_section': 23867, 'second_section': 22307, 'second_departure_time': 1536900000, 'second_arrival_time': 1536902340}
401	{'task_type': 'regular', 'locomotive': 22582, 'train_section': 23867, 'section': 22307, 'departure_time': 1536900000, 'arrival_time': 1536902340}
402	{'task_type': 'deadhead', 'locomotive': 22582, 'first_train_section': 23867, 'first_section': 22307, 'first_departure_time': 1536900000, 'first_arrival_time': 1536902340, 'second_train_section': 26643, 'second_section': 22312, 'second_departure_time': 1536906600, 'second_arrival_time': 1536907680}
403	{'task_type': 'regular', 'locomotive': 22582, 'train_section': 26643, 'section': 22312, 'departure_time': 1536906600, 'arrival_time': 1536907680}
404	{'task_type': 'deadhead', 'locomotive': 22582, 'first_train_section': 26643, 'first_section': 22312, 'first_departure_time': 1536906600, 'first_arrival_time': 1536907680, 'second_train_section': 26557, 'second_section': 22392, 'second_departure_time': 1536920700, 'second_arrival_time': 1536922080}
405	{'task_type': 'regular', 'locomotive': 22582, 'train_section': 26557, 'section': 22392, 'departure_time': 1536920700, 'arrival_time': 1536922080}
406	{'task_type': 'deadhead', 'locomotive': 22582, 'first_train_section': 26557, 'first_section': 22392, 'first_departure_time': 1536920700, 'first_arrival_time': 1536922080, 'second_train_section': 25947, 'second_section': 22404, 'second_departure_time': 1536927780, 'second_arrival_time': 1536936300}
407	{'task_type': 'regular', 'locomotive': 22582, 'train_section': 25947, 'section': 22404, 'departure_time': 1536927780, 'arrival_time': 1536936300}
408	{'task_type': 'regular', 'locomotive': 22582, 'train_section': 26364, 'section': 22247, 'departure_time': 1536942660, 'arrival_time': 1536951660}
409	{'task_type': 'deadhead', 'locomotive': 22582, 'first_train_section': 26364, 'first_section': 22247, 'first_departure_time': 1536942660, 'first_arrival_time': 1536951660, 'second_train_section': 22710, 'second_section': 22247, 'second_departure_time': 1536965940, 'second_arrival_time': 1536974760}
410	{'task_type': 'regular', 'locomotive': 22582, 'train_section': 22710, 'section': 22247, 'departure_time': 1536965940, 'arrival_time': 1536974760}
411	{'task_type': 'deadhead', 'locomotive': 22582, 'first_train_section': 22710, 'first_section': 22247, 'first_departure_time': 1536965940, 'first_arrival_time': 1536974760, 'second_train_section': 25124, 'second_section': 22404, 'second_departure_time': 1536978060, 'second_arrival_time': 1536987300}
412	{'task_type': 'regular', 'locomotive': 22582, 'train_section': 25124, 'section': 22404, 'departure_time': 1536978060, 'arrival_time': 1536987300}
413	{'task_type': 'deadhead', 'locomotive': 22582, 'first_train_section': 25124, 'first_section': 22404, 'first_departure_time': 1536978060, 'first_arrival_time': 1536987300, 'second_train_section': 24416, 'second_section': 22327, 'second_departure_time': 1537002480, 'second_arrival_time': 1537008840}
414	{'task_type': 'regular', 'locomotive': 22582, 'train_section': 24416, 'section': 22327, 'departure_time': 1537002480, 'arrival_time': 1537008840}
415	{'task_type': 'deadhead', 'locomotive': 22582, 'first_train_section': 24416, 'first_section': 22327, 'first_departure_time': 1537002480, 'first_arrival_time': 1537008840, 'second_train_section': 23032, 'second_section': 22327, 'second_departure_time': 1537024080, 'second_arrival_time': 1537030500}
416	{'task_type': 'regular', 'locomotive': 22582, 'train_section': 23032, 'section': 22327, 'departure_time': 1537024080, 'arrival_time': 1537030500}
417	{'task_type': 'deadhead', 'locomotive': 22582, 'first_train_section': 23032, 'first_section': 22327, 'first_departure_time': 1537024080, 'first_arrival_time': 1537030500, 'second_train_section': 24026, 'second_section': 22378, 'second_departure_time': 1537074300, 'second_arrival_time': 1537077960}
418	{'task_type': 'regular', 'locomotive': 22582, 'train_section': 24026, 'section': 22378, 'departure_time': 1537074300, 'arrival_time': 1537077960}
419	{'task_type': 'regular', 'locomotive': 22583, 'train_section': 27415, 'section': 22316, 'departure_time': 1536839640, 'arrival_time': 1536847860}
420	{'task_type': 'deadhead', 'locomotive': 22583, 'first_train_section': 27415, 'first_section': 22316, 'first_departure_time': 1536839640, 'first_arrival_time': 1536847860, 'second_train_section': 26646, 'second_section': 22442, 'second_departure_time': 1536854160, 'second_arrival_time': 1536856920}
421	{'task_type': 'regular', 'locomotive': 22583, 'train_section': 26646, 'section': 22442, 'departure_time': 1536854160, 'arrival_time': 1536856920}
422	{'task_type': 'regular', 'locomotive': 22583, 'train_section': 26648, 'section': 22433, 'departure_time': 1536857760, 'arrival_time': 1536858240}
423	{'task_type': 'regular', 'locomotive': 22583, 'train_section': 26650, 'section': 22432, 'departure_time': 1536859680, 'arrival_time': 1536861300}
424	{'task_type': 'regular', 'locomotive': 22583, 'train_section': 23163, 'section': 22460, 'departure_time': 1536862860, 'arrival_time': 1536865200}
425	{'task_type': 'deadhead', 'locomotive': 22583, 'first_train_section': 23163, 'first_section': 22460, 'first_departure_time': 1536862860, 'first_arrival_time': 1536865200, 'second_train_section': 24185, 'second_section': 22431, 'second_departure_time': 1536867660, 'second_arrival_time': 1536871860}
426	{'task_type': 'regular', 'locomotive': 22583, 'train_section': 24185, 'section': 22431, 'departure_time': 1536867660, 'arrival_time': 1536871860}
427	{'task_type': 'deadhead', 'locomotive': 22583, 'first_train_section': 24185, 'first_section': 22431, 'first_departure_time': 1536867660, 'first_arrival_time': 1536871860, 'second_train_section': 27349, 'second_section': 22306, 'second_departure_time': 1536874740, 'second_arrival_time': 1536878280}
428	{'task_type': 'regular', 'locomotive': 22583, 'train_section': 27349, 'section': 22306, 'departure_time': 1536874740, 'arrival_time': 1536878280}
429	{'task_type': 'deadhead', 'locomotive': 22583, 'first_train_section': 27349, 'first_section': 22306, 'first_departure_time': 1536874740, 'first_arrival_time': 1536878280, 'second_train_section': 26269, 'second_section': 22483, 'second_departure_time': 1536886320, 'second_arrival_time': 1536889380}
430	{'task_type': 'regular', 'locomotive': 22583, 'train_section': 26269, 'section': 22483, 'departure_time': 1536886320, 'arrival_time': 1536889380}
431	{'task_type': 'deadhead', 'locomotive': 22583, 'first_train_section': 26269, 'first_section': 22483, 'first_departure_time': 1536886320, 'first_arrival_time': 1536889380, 'second_train_section': 25393, 'second_section': 22303, 'second_departure_time': 1536895440, 'second_arrival_time': 1536901320}
432	{'task_type': 'regular', 'locomotive': 22583, 'train_section': 25393, 'section': 22303, 'departure_time': 1536895440, 'arrival_time': 1536901320}
433	{'task_type': 'deadhead', 'locomotive': 22583, 'first_train_section': 25393, 'first_section': 22303, 'first_departure_time': 1536895440, 'first_arrival_time': 1536901320, 'second_train_section': 22895, 'second_section': 22443, 'second_departure_time': 1536905460, 'second_arrival_time': 1536907260}
434	{'task_type': 'regular', 'locomotive': 22583, 'train_section': 22895, 'section': 22443, 'departure_time': 1536905460, 'arrival_time': 1536907260}
435	{'task_type': 'regular', 'locomotive': 22583, 'train_section': 22897, 'section': 22495, 'departure_time': 1536909180, 'arrival_time': 1536912120}
436	{'task_type': 'deadhead', 'locomotive': 22583, 'first_train_section': 22897, 'first_section': 22495, 'first_departure_time': 1536909180, 'first_arrival_time': 1536912120, 'second_train_section': 25529, 'second_section': 22350, 'second_departure_time': 1536922140, 'second_arrival_time': 1536925800}
437	{'task_type': 'regular', 'locomotive': 22583, 'train_section': 25529, 'section': 22350, 'departure_time': 1536922140, 'arrival_time': 1536925800}
438	{'task_type': 'deadhead', 'locomotive': 22583, 'first_train_section': 25529, 'first_section': 22350, 'first_departure_time': 1536922140, 'first_arrival_time': 1536925800, 'second_train_section': 26232, 'second_section': 22500, 'second_departure_time': 1536938820, 'second_arrival_time': 1536941220}
439	{'task_type': 'regular', 'locomotive': 22583, 'train_section': 26232, 'section': 22500, 'departure_time': 1536938820, 'arrival_time': 1536941220}
440	{'task_type': 'deadhead', 'locomotive': 22583, 'first_train_section': 26232, 'first_section': 22500, 'first_departure_time': 1536938820, 'first_arrival_time': 1536941220, 'second_train_section': 25874, 'second_section': 22304, 'second_departure_time': 1536951540, 'second_arrival_time': 1536955980}
441	{'task_type': 'regular', 'locomotive': 22583, 'train_section': 25874, 'section': 22304, 'departure_time': 1536951540, 'arrival_time': 1536955980}
442	{'task_type': 'deadhead', 'locomotive': 22583, 'first_train_section': 25874, 'first_section': 22304, 'first_departure_time': 1536951540, 'first_arrival_time': 1536955980, 'second_train_section': 23694, 'second_section': 22308, 'second_departure_time': 1536963720, 'second_arrival_time': 1536966420}
443	{'task_type': 'regular', 'locomotive': 22583, 'train_section': 23694, 'section': 22308, 'departure_time': 1536963720, 'arrival_time': 1536966420}
444	{'task_type': 'regular', 'locomotive': 22583, 'train_section': 23544, 'section': 22495, 'departure_time': 1536968040, 'arrival_time': 1536970920}
445	{'task_type': 'deadhead', 'locomotive': 22583, 'first_train_section': 23544, 'first_section': 22495, 'first_departure_time': 1536968040, 'first_arrival_time': 1536970920, 'second_train_section': 23604, 'second_section': 22348, 'second_departure_time': 1536981180, 'second_arrival_time': 1536984720}
446	{'task_type': 'regular', 'locomotive': 22583, 'train_section': 23604, 'section': 22348, 'departure_time': 1536981180, 'arrival_time': 1536984720}
447	{'task_type': 'deadhead', 'locomotive': 22583, 'first_train_section': 23604, 'first_section': 22348, 'first_departure_time': 1536981180, 'first_arrival_time': 1536984720, 'second_train_section': 24307, 'second_section': 22245, 'second_departure_time': 1536996780, 'second_arrival_time': 1537001760}
448	{'task_type': 'regular', 'locomotive': 22583, 'train_section': 24307, 'section': 22245, 'departure_time': 1536996780, 'arrival_time': 1537001760}
449	{'task_type': 'deadhead', 'locomotive': 22583, 'first_train_section': 24307, 'first_section': 22245, 'first_departure_time': 1536996780, 'first_arrival_time': 1537001760, 'second_train_section': 26756, 'second_section': 22495, 'second_departure_time': 1537005000, 'second_arrival_time': 1537007820}
450	{'task_type': 'regular', 'locomotive': 22583, 'train_section': 26756, 'section': 22495, 'departure_time': 1537005000, 'arrival_time': 1537007820}
451	{'task_type': 'deadhead', 'locomotive': 22583, 'first_train_section': 26756, 'first_section': 22495, 'first_departure_time': 1537005000, 'first_arrival_time': 1537007820, 'second_train_section': 25980, 'second_section': 22340, 'second_departure_time': 1537017540, 'second_arrival_time': 1537033200}
452	{'task_type': 'regular', 'locomotive': 22583, 'train_section': 25980, 'section': 22340, 'departure_time': 1537017540, 'arrival_time': 1537033200}
453	{'task_type': 'deadhead', 'locomotive': 22583, 'first_train_section': 25980, 'first_section': 22340, 'first_departure_time': 1537017540, 'first_arrival_time': 1537033200, 'second_train_section': 26884, 'second_section': 22333, 'second_departure_time': 1537078500, 'second_arrival_time': 1537081320}
454	{'task_type': 'regular', 'locomotive': 22583, 'train_section': 26884, 'section': 22333, 'departure_time': 1537078500, 'arrival_time': 1537081320}
455	{'task_type': 'deadhead', 'locomotive': 22583, 'first_train_section': 26884, 'first_section': 22333, 'first_departure_time': 1537078500, 'first_arrival_time': 1537081320, 'second_train_section': 24951, 'second_section': 22322, 'second_departure_time': 1537116720, 'second_arrival_time': 1537126620}
456	{'task_type': 'regular', 'locomotive': 22583, 'train_section': 24951, 'section': 22322, 'departure_time': 1537116720, 'arrival_time': 1537126620}
457	{'task_type': 'regular', 'locomotive': 22584, 'train_section': 24278, 'section': 22383, 'departure_time': 1536832560, 'arrival_time': 1536836700}
458	{'task_type': 'regular', 'locomotive': 22584, 'train_section': 26716, 'section': 22401, 'departure_time': 1536838500, 'arrival_time': 1536839880}
459	{'task_type': 'regular', 'locomotive': 22584, 'train_section': 25897, 'section': 22466, 'departure_time': 1536840300, 'arrival_time': 1536841440}
460	{'task_type': 'deadhead', 'locomotive': 22584, 'first_train_section': 25897, 'first_section': 22466, 'first_departure_time': 1536840300, 'first_arrival_time': 1536841440, 'second_train_section': 22641, 'second_section': 22399, 'second_departure_time': 1536851400, 'second_arrival_time': 1536852840}
461	{'task_type': 'regular', 'locomotive': 22584, 'train_section': 22641, 'section': 22399, 'departure_time': 1536851400, 'arrival_time': 1536852840}
462	{'task_type': 'deadhead', 'locomotive': 22584, 'first_train_section': 22641, 'first_section': 22399, 'first_departure_time': 1536851400, 'first_arrival_time': 1536852840, 'second_train_section': 23743, 'second_section': 22273, 'second_departure_time': 1536895440, 'second_arrival_time': 1536900960}
463	{'task_type': 'regular', 'locomotive': 22584, 'train_section': 23743, 'section': 22273, 'departure_time': 1536895440, 'arrival_time': 1536900960}
464	{'task_type': 'regular', 'locomotive': 22584, 'train_section': 23745, 'section': 22393, 'departure_time': 1536901140, 'arrival_time': 1536902880}
465	{'task_type': 'deadhead', 'locomotive': 22584, 'first_train_section': 23745, 'first_section': 22393, 'first_departure_time': 1536901140, 'first_arrival_time': 1536902880, 'second_train_section': 25286, 'second_section': 22270, 'second_departure_time': 1536916560, 'second_arrival_time': 1536918480}
466	{'task_type': 'regular', 'locomotive': 22584, 'train_section': 25286, 'section': 22270, 'departure_time': 1536916560, 'arrival_time': 1536918480}
467	{'task_type': 'deadhead', 'locomotive': 22584, 'first_train_section': 25286, 'first_section': 22270, 'first_departure_time': 1536916560, 'first_arrival_time': 1536918480, 'second_train_section': 25451, 'second_section': 22391, 'second_departure_time': 1536931560, 'second_arrival_time': 1536932280}
468	{'task_type': 'regular', 'locomotive': 22584, 'train_section': 25451, 'section': 22391, 'departure_time': 1536931560, 'arrival_time': 1536932280}
469	{'task_type': 'deadhead', 'locomotive': 22584, 'first_train_section': 25451, 'first_section': 22391, 'first_departure_time': 1536931560, 'first_arrival_time': 1536932280, 'second_train_section': 27374, 'second_section': 22331, 'second_departure_time': 1536944880, 'second_arrival_time': 1536955800}
470	{'task_type': 'regular', 'locomotive': 22584, 'train_section': 27374, 'section': 22331, 'departure_time': 1536944880, 'arrival_time': 1536955800}
471	{'task_type': 'deadhead', 'locomotive': 22584, 'first_train_section': 27374, 'first_section': 22331, 'first_departure_time': 1536944880, 'first_arrival_time': 1536955800, 'second_train_section': 25209, 'second_section': 22288, 'second_departure_time': 1536973620, 'second_arrival_time': 1536980160}
472	{'task_type': 'regular', 'locomotive': 22584, 'train_section': 25209, 'section': 22288, 'departure_time': 1536973620, 'arrival_time': 1536980160}
473	{'task_type': 'regular', 'locomotive': 22584, 'train_section': 25211, 'section': 22323, 'departure_time': 1536980820, 'arrival_time': 1536984180}
474	{'task_type': 'deadhead', 'locomotive': 22584, 'first_train_section': 25211, 'first_section': 22323, 'first_departure_time': 1536980820, 'first_arrival_time': 1536984180, 'second_train_section': 23712, 'second_section': 22387, 'second_departure_time': 1536997080, 'second_arrival_time': 1536998520}
475	{'task_type': 'regular', 'locomotive': 22584, 'train_section': 23712, 'section': 22387, 'departure_time': 1536997080, 'arrival_time': 1536998520}
476	{'task_type': 'deadhead', 'locomotive': 22584, 'first_train_section': 25266, 'first_section': 22328, 'first_departure_time': 1537006740, 'first_arrival_time': 1537020900, 'second_train_section': 26878, 'second_section': 22324, 'second_departure_time': 1537045980, 'second_arrival_time': 1537051500}
477	{'task_type': 'regular', 'locomotive': 22584, 'train_section': 26878, 'section': 22324, 'departure_time': 1537045980, 'arrival_time': 1537051500}
478	{'task_type': 'deadhead', 'locomotive': 22584, 'first_train_section': 26878, 'first_section': 22324, 'first_departure_time': 1537045980, 'first_arrival_time': 1537051500, 'second_train_section': 23261, 'second_section': 22279, 'second_departure_time': 1537076160, 'second_arrival_time': 1537081620}
479	{'task_type': 'regular', 'locomotive': 22584, 'train_section': 23261, 'section': 22279, 'departure_time': 1537076160, 'arrival_time': 1537081620}
480	{'task_type': 'deadhead', 'locomotive': 22584, 'first_train_section': 23261, 'first_section': 22279, 'first_departure_time': 1537076160, 'first_arrival_time': 1537081620, 'second_train_section': 23428, 'second_section': 22398, 'second_departure_time': 1537132800, 'second_arrival_time': 1537135199}
481	{'task_type': 'regular', 'locomotive': 22584, 'train_section': 23428, 'section': 22398, 'departure_time': 1537132800, 'arrival_time': 1537135199}
482	{'task_type': 'deadhead', 'locomotive': 22586, 'first_train_section': 24883, 'first_section': 22502, 'first_departure_time': 1536865500, 'first_arrival_time': 1536875940, 'second_train_section': 23863, 'second_section': 22431, 'second_departure_time': 1536890040, 'second_arrival_time': 1536894180}
483	{'task_type': 'regular', 'locomotive': 22586, 'train_section': 23863, 'section': 22431, 'departure_time': 1536890040, 'arrival_time': 1536894180}
484	{'task_type': 'deadhead', 'locomotive': 22586, 'first_train_section': 23863, 'first_section': 22431, 'first_departure_time': 1536890040, 'first_arrival_time': 1536894180, 'second_train_section': 25429, 'second_section': 22429, 'second_departure_time': 1536901320, 'second_arrival_time': 1536903480}
485	{'task_type': 'regular', 'locomotive': 22586, 'train_section': 25429, 'section': 22429, 'departure_time': 1536901320, 'arrival_time': 1536903480}
486	{'task_type': 'deadhead', 'locomotive': 22586, 'first_train_section': 25429, 'first_section': 22429, 'first_departure_time': 1536901320, 'first_arrival_time': 1536903480, 'second_train_section': 23198, 'second_section': 22495, 'second_departure_time': 1536911280, 'second_arrival_time': 1536914160}
487	{'task_type': 'regular', 'locomotive': 22586, 'train_section': 23198, 'section': 22495, 'departure_time': 1536911280, 'arrival_time': 1536914160}
488	{'task_type': 'deadhead', 'locomotive': 22586, 'first_train_section': 23198, 'first_section': 22495, 'first_departure_time': 1536911280, 'first_arrival_time': 1536914160, 'second_train_section': 24228, 'second_section': 22482, 'second_departure_time': 1536922080, 'second_arrival_time': 1536923700}
489	{'task_type': 'regular', 'locomotive': 22586, 'train_section': 24228, 'section': 22482, 'departure_time': 1536922080, 'arrival_time': 1536923700}
490	{'task_type': 'deadhead', 'locomotive': 22586, 'first_train_section': 24228, 'first_section': 22482, 'first_departure_time': 1536922080, 'first_arrival_time': 1536923700, 'second_train_section': 24452, 'second_section': 22275, 'second_departure_time': 1536930300, 'second_arrival_time': 1536937380}
491	{'task_type': 'regular', 'locomotive': 22586, 'train_section': 24452, 'section': 22275, 'departure_time': 1536930300, 'arrival_time': 1536937380}
492	{'task_type': 'deadhead', 'locomotive': 22586, 'first_train_section': 23129, 'first_section': 22328, 'first_departure_time': 1536947040, 'first_arrival_time': 1536956760, 'second_train_section': 23206, 'second_section': 22483, 'second_departure_time': 1536972720, 'second_arrival_time': 1536975780}
493	{'task_type': 'regular', 'locomotive': 22586, 'train_section': 23206, 'section': 22483, 'departure_time': 1536972720, 'arrival_time': 1536975780}
494	{'task_type': 'deadhead', 'locomotive': 22586, 'first_train_section': 23206, 'first_section': 22483, 'first_departure_time': 1536972720, 'first_arrival_time': 1536975780, 'second_train_section': 25879, 'second_section': 22260, 'second_departure_time': 1536992820, 'second_arrival_time': 1537001220}
495	{'task_type': 'regular', 'locomotive': 22586, 'train_section': 25879, 'section': 22260, 'departure_time': 1536992820, 'arrival_time': 1537001220}
496	{'task_type': 'deadhead', 'locomotive': 22586, 'first_train_section': 25879, 'first_section': 22260, 'first_departure_time': 1536992820, 'first_arrival_time': 1537001220, 'second_train_section': 24537, 'second_section': 22277, 'second_departure_time': 1537040100, 'second_arrival_time': 1537043580}
497	{'task_type': 'regular', 'locomotive': 22586, 'train_section': 24537, 'section': 22277, 'departure_time': 1537040100, 'arrival_time': 1537043580}
498	{'task_type': 'deadhead', 'locomotive': 22586, 'first_train_section': 24537, 'first_section': 22277, 'first_departure_time': 1537040100, 'first_arrival_time': 1537043580, 'second_train_section': 23222, 'second_section': 22351, 'second_departure_time': 1537094880, 'second_arrival_time': 1537100040}
499	{'task_type': 'regular', 'locomotive': 22586, 'train_section': 23222, 'section': 22351, 'departure_time': 1537094880, 'arrival_time': 1537100040}
500	{'task_type': 'regular', 'locomotive': 22588, 'train_section': 22868, 'section': 22378, 'departure_time': 1536860100, 'arrival_time': 1536863760}
501	{'task_type': 'deadhead', 'locomotive': 22588, 'first_train_section': 22868, 'first_section': 22378, 'first_departure_time': 1536860100, 'first_arrival_time': 1536863760, 'second_train_section': 27345, 'second_section': 22431, 'second_departure_time': 1536865440, 'second_arrival_time': 1536869280}
502	{'task_type': 'regular', 'locomotive': 22588, 'train_section': 27345, 'section': 22431, 'departure_time': 1536865440, 'arrival_time': 1536869280}
503	{'task_type': 'regular', 'locomotive': 22588, 'train_section': 27347, 'section': 22495, 'departure_time': 1536870420, 'arrival_time': 1536873180}
504	{'task_type': 'deadhead', 'locomotive': 22588, 'first_train_section': 27347, 'first_section': 22495, 'first_departure_time': 1536870420, 'first_arrival_time': 1536873180, 'second_train_section': 25551, 'second_section': 22496, 'second_departure_time': 1536880860, 'second_arrival_time': 1536884760}
505	{'task_type': 'regular', 'locomotive': 22588, 'train_section': 25551, 'section': 22496, 'departure_time': 1536880860, 'arrival_time': 1536884760}
506	{'task_type': 'deadhead', 'locomotive': 22588, 'first_train_section': 25551, 'first_section': 22496, 'first_departure_time': 1536880860, 'first_arrival_time': 1536884760, 'second_train_section': 27055, 'second_section': 22496, 'second_departure_time': 1536890400, 'second_arrival_time': 1536895200}
507	{'task_type': 'regular', 'locomotive': 22588, 'train_section': 27055, 'section': 22496, 'departure_time': 1536890400, 'arrival_time': 1536895200}
508	{'task_type': 'deadhead', 'locomotive': 22588, 'first_train_section': 27055, 'first_section': 22496, 'first_departure_time': 1536890400, 'first_arrival_time': 1536895200, 'second_train_section': 23360, 'second_section': 22378, 'second_departure_time': 1536899700, 'second_arrival_time': 1536903360}
509	{'task_type': 'regular', 'locomotive': 22588, 'train_section': 23360, 'section': 22378, 'departure_time': 1536899700, 'arrival_time': 1536903360}
510	{'task_type': 'deadhead', 'locomotive': 22588, 'first_train_section': 23360, 'first_section': 22378, 'first_departure_time': 1536899700, 'first_arrival_time': 1536903360, 'second_train_section': 23276, 'second_section': 22496, 'second_departure_time': 1536910860, 'second_arrival_time': 1536915660}
511	{'task_type': 'regular', 'locomotive': 22588, 'train_section': 23276, 'section': 22496, 'departure_time': 1536910860, 'arrival_time': 1536915660}
512	{'task_type': 'deadhead', 'locomotive': 22588, 'first_train_section': 23276, 'first_section': 22496, 'first_departure_time': 1536910860, 'first_arrival_time': 1536915660, 'second_train_section': 24319, 'second_section': 22495, 'second_departure_time': 1536922440, 'second_arrival_time': 1536925440}
513	{'task_type': 'regular', 'locomotive': 22588, 'train_section': 24319, 'section': 22495, 'departure_time': 1536922440, 'arrival_time': 1536925440}
514	{'task_type': 'deadhead', 'locomotive': 22588, 'first_train_section': 24319, 'first_section': 22495, 'first_departure_time': 1536922440, 'first_arrival_time': 1536925440, 'second_train_section': 26159, 'second_section': 22499, 'second_departure_time': 1536932700, 'second_arrival_time': 1536937860}
515	{'task_type': 'regular', 'locomotive': 22588, 'train_section': 26159, 'section': 22499, 'departure_time': 1536932700, 'arrival_time': 1536937860}
516	{'task_type': 'regular', 'locomotive': 22588, 'train_section': 25008, 'section': 22342, 'departure_time': 1536938340, 'arrival_time': 1536943620}
517	{'task_type': 'deadhead', 'locomotive': 22588, 'first_train_section': 25008, 'first_section': 22342, 'first_departure_time': 1536938340, 'first_arrival_time': 1536943620, 'second_train_section': 26421, 'second_section': 22378, 'second_departure_time': 1536951900, 'second_arrival_time': 1536955560}
518	{'task_type': 'regular', 'locomotive': 22588, 'train_section': 26421, 'section': 22378, 'departure_time': 1536951900, 'arrival_time': 1536955560}
519	{'task_type': 'deadhead', 'locomotive': 22588, 'first_train_section': 26421, 'first_section': 22378, 'first_departure_time': 1536951900, 'first_arrival_time': 1536955560, 'second_train_section': 24874, 'second_section': 22443, 'second_departure_time': 1536960660, 'second_arrival_time': 1536962460}
520	{'task_type': 'regular', 'locomotive': 22588, 'train_section': 24874, 'section': 22443, 'departure_time': 1536960660, 'arrival_time': 1536962460}
521	{'task_type': 'regular', 'locomotive': 22588, 'train_section': 23696, 'section': 22496, 'departure_time': 1536967260, 'arrival_time': 1536971160}
522	{'task_type': 'deadhead', 'locomotive': 22588, 'first_train_section': 23696, 'first_section': 22496, 'first_departure_time': 1536967260, 'first_arrival_time': 1536971160, 'second_train_section': 23419, 'second_section': 22496, 'second_departure_time': 1536976800, 'second_arrival_time': 1536981600}
523	{'task_type': 'regular', 'locomotive': 22588, 'train_section': 23419, 'section': 22496, 'departure_time': 1536976800, 'arrival_time': 1536981600}
524	{'task_type': 'deadhead', 'locomotive': 22588, 'first_train_section': 23419, 'first_section': 22496, 'first_departure_time': 1536976800, 'first_arrival_time': 1536981600, 'second_train_section': 22844, 'second_section': 22495, 'second_departure_time': 1536997680, 'second_arrival_time': 1537000560}
525	{'task_type': 'regular', 'locomotive': 22588, 'train_section': 22844, 'section': 22495, 'departure_time': 1536997680, 'arrival_time': 1537000560}
526	{'task_type': 'deadhead', 'locomotive': 22588, 'first_train_section': 22844, 'first_section': 22495, 'first_departure_time': 1536997680, 'first_arrival_time': 1537000560, 'second_train_section': 25347, 'second_section': 22288, 'second_departure_time': 1537016340, 'second_arrival_time': 1537025100}
527	{'task_type': 'regular', 'locomotive': 22588, 'train_section': 25347, 'section': 22288, 'departure_time': 1537016340, 'arrival_time': 1537025100}
528	{'task_type': 'deadhead', 'locomotive': 22588, 'first_train_section': 25347, 'first_section': 22288, 'first_departure_time': 1537016340, 'first_arrival_time': 1537025100, 'second_train_section': 23366, 'second_section': 22458, 'second_departure_time': 1537106280, 'second_arrival_time': 1537115580}
529	{'task_type': 'regular', 'locomotive': 22588, 'train_section': 23366, 'section': 22458, 'departure_time': 1537106280, 'arrival_time': 1537115580}
530	{'task_type': 'deadhead', 'locomotive': 22588, 'first_train_section': 23366, 'first_section': 22458, 'first_departure_time': 1537106280, 'first_arrival_time': 1537115580, 'second_train_section': 27461, 'second_section': 22305, 'second_departure_time': 1537128900, 'second_arrival_time': 1537133940}
531	{'task_type': 'regular', 'locomotive': 22588, 'train_section': 27461, 'section': 22305, 'departure_time': 1537128900, 'arrival_time': 1537133940}
532	{'task_type': 'regular', 'locomotive': 22589, 'train_section': 26553, 'section': 22356, 'departure_time': 1536869760, 'arrival_time': 1536877800}
533	{'task_type': 'deadhead', 'locomotive': 22589, 'first_train_section': 26553, 'first_section': 22356, 'first_departure_time': 1536869760, 'first_arrival_time': 1536877800, 'second_train_section': 27051, 'second_section': 22368, 'second_departure_time': 1536882480, 'second_arrival_time': 1536886200}
534	{'task_type': 'regular', 'locomotive': 22589, 'train_section': 27051, 'section': 22368, 'departure_time': 1536882480, 'arrival_time': 1536886200}
535	{'task_type': 'deadhead', 'locomotive': 22589, 'first_train_section': 27051, 'first_section': 22368, 'first_departure_time': 1536882480, 'first_arrival_time': 1536886200, 'second_train_section': 26832, 'second_section': 22496, 'second_departure_time': 1536890700, 'second_arrival_time': 1536895500}
536	{'task_type': 'regular', 'locomotive': 22589, 'train_section': 26832, 'section': 22496, 'departure_time': 1536890700, 'arrival_time': 1536895500}
537	{'task_type': 'deadhead', 'locomotive': 22589, 'first_train_section': 26832, 'first_section': 22496, 'first_departure_time': 1536890700, 'first_arrival_time': 1536895500, 'second_train_section': 27288, 'second_section': 22378, 'second_departure_time': 1536901500, 'second_arrival_time': 1536905160}
538	{'task_type': 'regular', 'locomotive': 22589, 'train_section': 27288, 'section': 22378, 'departure_time': 1536901500, 'arrival_time': 1536905160}
539	{'task_type': 'deadhead', 'locomotive': 22589, 'first_train_section': 24963, 'first_section': 22417, 'first_departure_time': 1536905160, 'first_arrival_time': 1536917040, 'second_train_section': 25168, 'second_section': 22457, 'second_departure_time': 1536922320, 'second_arrival_time': 1536924300}
540	{'task_type': 'regular', 'locomotive': 22589, 'train_section': 25168, 'section': 22457, 'departure_time': 1536922320, 'arrival_time': 1536924300}
541	{'task_type': 'deadhead', 'locomotive': 22589, 'first_train_section': 25168, 'first_section': 22457, 'first_departure_time': 1536922320, 'first_arrival_time': 1536924300, 'second_train_section': 25240, 'second_section': 22457, 'second_departure_time': 1536929520, 'second_arrival_time': 1536931620}
542	{'task_type': 'regular', 'locomotive': 22589, 'train_section': 25240, 'section': 22457, 'departure_time': 1536929520, 'arrival_time': 1536931620}
543	{'task_type': 'deadhead', 'locomotive': 22589, 'first_train_section': 25240, 'first_section': 22457, 'first_departure_time': 1536929520, 'first_arrival_time': 1536931620, 'second_train_section': 24012, 'second_section': 22252, 'second_departure_time': 1536942840, 'second_arrival_time': 1536948360}
544	{'task_type': 'regular', 'locomotive': 22589, 'train_section': 24012, 'section': 22252, 'departure_time': 1536942840, 'arrival_time': 1536948360}
545	{'task_type': 'deadhead', 'locomotive': 22589, 'first_train_section': 24012, 'first_section': 22252, 'first_departure_time': 1536942840, 'first_arrival_time': 1536948360, 'second_train_section': 22702, 'second_section': 22427, 'second_departure_time': 1536950700, 'second_arrival_time': 1536953940}
546	{'task_type': 'regular', 'locomotive': 22589, 'train_section': 22702, 'section': 22427, 'departure_time': 1536950700, 'arrival_time': 1536953940}
547	{'task_type': 'deadhead', 'locomotive': 22589, 'first_train_section': 27248, 'first_section': 22417, 'first_departure_time': 1536962400, 'first_arrival_time': 1536981840, 'second_train_section': 25075, 'second_section': 22378, 'second_departure_time': 1536989700, 'second_arrival_time': 1536993360}
548	{'task_type': 'regular', 'locomotive': 22589, 'train_section': 25075, 'section': 22378, 'departure_time': 1536989700, 'arrival_time': 1536993360}
549	{'task_type': 'deadhead', 'locomotive': 22589, 'first_train_section': 25075, 'first_section': 22378, 'first_departure_time': 1536989700, 'first_arrival_time': 1536993360, 'second_train_section': 23169, 'second_section': 22253, 'second_departure_time': 1537000440, 'second_arrival_time': 1537005420}
550	{'task_type': 'regular', 'locomotive': 22589, 'train_section': 23169, 'section': 22253, 'departure_time': 1537000440, 'arrival_time': 1537005420}
551	{'task_type': 'deadhead', 'locomotive': 22589, 'first_train_section': 23169, 'first_section': 22253, 'first_departure_time': 1537000440, 'first_arrival_time': 1537005420, 'second_train_section': 25566, 'second_section': 22416, 'second_departure_time': 1537026840, 'second_arrival_time': 1537030500}
552	{'task_type': 'regular', 'locomotive': 22589, 'train_section': 25566, 'section': 22416, 'departure_time': 1537026840, 'arrival_time': 1537030500}
553	{'task_type': 'deadhead', 'locomotive': 22589, 'first_train_section': 22653, 'first_section': 22377, 'first_departure_time': 1537048800, 'first_arrival_time': 1537074300, 'second_train_section': 24911, 'second_section': 22313, 'second_departure_time': 1537094880, 'second_arrival_time': 1537099800}
554	{'task_type': 'regular', 'locomotive': 22589, 'train_section': 24911, 'section': 22313, 'departure_time': 1537094880, 'arrival_time': 1537099800}
555	{'task_type': 'deadhead', 'locomotive': 22589, 'first_train_section': 24911, 'first_section': 22313, 'first_departure_time': 1537094880, 'first_arrival_time': 1537099800, 'second_train_section': 26634, 'second_section': 22295, 'second_departure_time': 1537119180, 'second_arrival_time': 1537120620}
556	{'task_type': 'regular', 'locomotive': 22589, 'train_section': 26634, 'section': 22295, 'departure_time': 1537119180, 'arrival_time': 1537120620}
557	{'task_type': 'regular', 'locomotive': 22590, 'train_section': 23922, 'section': 22308, 'departure_time': 1536862800, 'arrival_time': 1536865560}
558	{'task_type': 'regular', 'locomotive': 22590, 'train_section': 23924, 'section': 22496, 'departure_time': 1536866940, 'arrival_time': 1536871260}
559	{'task_type': 'deadhead', 'locomotive': 22590, 'first_train_section': 23900, 'first_section': 22377, 'first_departure_time': 1536875700, 'first_arrival_time': 1536875940, 'second_train_section': 22650, 'second_section': 22292, 'second_departure_time': 1536886500, 'second_arrival_time': 1536888780}
560	{'task_type': 'regular', 'locomotive': 22590, 'train_section': 22650, 'section': 22292, 'departure_time': 1536886500, 'arrival_time': 1536888780}
561	{'task_type': 'deadhead', 'locomotive': 22590, 'first_train_section': 22650, 'first_section': 22292, 'first_departure_time': 1536886500, 'first_arrival_time': 1536888780, 'second_train_section': 26784, 'second_section': 22295, 'second_departure_time': 1536892620, 'second_arrival_time': 1536894000}
562	{'task_type': 'regular', 'locomotive': 22590, 'train_section': 26784, 'section': 22295, 'departure_time': 1536892620, 'arrival_time': 1536894000}
563	{'task_type': 'deadhead', 'locomotive': 22590, 'first_train_section': 26784, 'first_section': 22295, 'first_departure_time': 1536892620, 'first_arrival_time': 1536894000, 'second_train_section': 24988, 'second_section': 22463, 'second_departure_time': 1536898380, 'second_arrival_time': 1536907260}
564	{'task_type': 'regular', 'locomotive': 22590, 'train_section': 24988, 'section': 22463, 'departure_time': 1536898380, 'arrival_time': 1536907260}
565	{'task_type': 'regular', 'locomotive': 22590, 'train_section': 23776, 'section': 22314, 'departure_time': 1536910440, 'arrival_time': 1536913140}
566	{'task_type': 'deadhead', 'locomotive': 22590, 'first_train_section': 23776, 'first_section': 22314, 'first_departure_time': 1536910440, 'first_arrival_time': 1536913140, 'second_train_section': 23378, 'second_section': 22313, 'second_departure_time': 1536922080, 'second_arrival_time': 1536927000}
567	{'task_type': 'regular', 'locomotive': 22590, 'train_section': 23378, 'section': 22313, 'departure_time': 1536922080, 'arrival_time': 1536927000}
568	{'task_type': 'deadhead', 'locomotive': 22590, 'first_train_section': 23378, 'first_section': 22313, 'first_departure_time': 1536922080, 'first_arrival_time': 1536927000, 'second_train_section': 24649, 'second_section': 22389, 'second_departure_time': 1536931800, 'second_arrival_time': 1536938520}
569	{'task_type': 'regular', 'locomotive': 22590, 'train_section': 24649, 'section': 22389, 'departure_time': 1536931800, 'arrival_time': 1536938520}
570	{'task_type': 'deadhead', 'locomotive': 22590, 'first_train_section': 24649, 'first_section': 22389, 'first_departure_time': 1536931800, 'first_arrival_time': 1536938520, 'second_train_section': 23888, 'second_section': 22378, 'second_departure_time': 1536948300, 'second_arrival_time': 1536951960}
571	{'task_type': 'regular', 'locomotive': 22590, 'train_section': 23888, 'section': 22378, 'departure_time': 1536948300, 'arrival_time': 1536951960}
572	{'task_type': 'deadhead', 'locomotive': 22590, 'first_train_section': 23888, 'first_section': 22378, 'first_departure_time': 1536948300, 'first_arrival_time': 1536951960, 'second_train_section': 24872, 'second_section': 22427, 'second_departure_time': 1536956700, 'second_arrival_time': 1536959580}
573	{'task_type': 'regular', 'locomotive': 22590, 'train_section': 24872, 'section': 22427, 'departure_time': 1536956700, 'arrival_time': 1536959580}
574	{'task_type': 'deadhead', 'locomotive': 22590, 'first_train_section': 24872, 'first_section': 22427, 'first_departure_time': 1536956700, 'first_arrival_time': 1536959580, 'second_train_section': 24876, 'second_section': 22495, 'second_departure_time': 1536963900, 'second_arrival_time': 1536966840}
575	{'task_type': 'regular', 'locomotive': 22590, 'train_section': 24876, 'section': 22495, 'departure_time': 1536963900, 'arrival_time': 1536966840}
576	{'task_type': 'regular', 'locomotive': 22590, 'train_section': 23546, 'section': 22304, 'departure_time': 1536971580, 'arrival_time': 1536976020}
577	{'task_type': 'deadhead', 'locomotive': 22590, 'first_train_section': 23546, 'first_section': 22304, 'first_departure_time': 1536971580, 'first_arrival_time': 1536976020, 'second_train_section': 25756, 'second_section': 22407, 'second_departure_time': 1536999960, 'second_arrival_time': 1537006800}
578	{'task_type': 'regular', 'locomotive': 22590, 'train_section': 25756, 'section': 22407, 'departure_time': 1536999960, 'arrival_time': 1537006800}
579	{'task_type': 'deadhead', 'locomotive': 22590, 'first_train_section': 25756, 'first_section': 22407, 'first_departure_time': 1536999960, 'first_arrival_time': 1537006800, 'second_train_section': 25811, 'second_section': 22431, 'second_departure_time': 1537031940, 'second_arrival_time': 1537036800}
580	{'task_type': 'regular', 'locomotive': 22590, 'train_section': 25811, 'section': 22431, 'departure_time': 1537031940, 'arrival_time': 1537036800}
581	{'task_type': 'deadhead', 'locomotive': 22592, 'first_train_section': 23577, 'first_section': 22473, 'first_departure_time': 1536854700, 'first_arrival_time': 1536875940, 'second_train_section': 24782, 'second_section': 22386, 'second_departure_time': 1536890280, 'second_arrival_time': 1536895080}
582	{'task_type': 'regular', 'locomotive': 22592, 'train_section': 24782, 'section': 22386, 'departure_time': 1536890280, 'arrival_time': 1536895080}
583	{'task_type': 'regular', 'locomotive': 22592, 'train_section': 26336, 'section': 22495, 'departure_time': 1536899640, 'arrival_time': 1536902460}
584	{'task_type': 'deadhead', 'locomotive': 22592, 'first_train_section': 26336, 'first_section': 22495, 'first_departure_time': 1536899640, 'first_arrival_time': 1536902460, 'second_train_section': 23565, 'second_section': 22499, 'second_departure_time': 1536911100, 'second_arrival_time': 1536916260}
585	{'task_type': 'regular', 'locomotive': 22592, 'train_section': 23565, 'section': 22499, 'departure_time': 1536911100, 'arrival_time': 1536916260}
586	{'task_type': 'deadhead', 'locomotive': 22592, 'first_train_section': 23565, 'first_section': 22499, 'first_departure_time': 1536911100, 'first_arrival_time': 1536916260, 'second_train_section': 22911, 'second_section': 22447, 'second_departure_time': 1536923520, 'second_arrival_time': 1536926400}
587	{'task_type': 'regular', 'locomotive': 22592, 'train_section': 22911, 'section': 22447, 'departure_time': 1536923520, 'arrival_time': 1536926400}
588	{'task_type': 'deadhead', 'locomotive': 22592, 'first_train_section': 22911, 'first_section': 22447, 'first_departure_time': 1536923520, 'first_arrival_time': 1536926400, 'second_train_section': 24841, 'second_section': 22310, 'second_departure_time': 1536938100, 'second_arrival_time': 1536939540}
589	{'task_type': 'regular', 'locomotive': 22592, 'train_section': 24841, 'section': 22310, 'departure_time': 1536938100, 'arrival_time': 1536939540}
590	{'task_type': 'deadhead', 'locomotive': 22592, 'first_train_section': 24841, 'first_section': 22310, 'first_departure_time': 1536938100, 'first_arrival_time': 1536939540, 'second_train_section': 24902, 'second_section': 22256, 'second_departure_time': 1536945000, 'second_arrival_time': 1536947280}
591	{'task_type': 'regular', 'locomotive': 22592, 'train_section': 24902, 'section': 22256, 'departure_time': 1536945000, 'arrival_time': 1536947280}
592	{'task_type': 'deadhead', 'locomotive': 22592, 'first_train_section': 24902, 'first_section': 22256, 'first_departure_time': 1536945000, 'first_arrival_time': 1536947280, 'second_train_section': 24284, 'second_section': 22289, 'second_departure_time': 1536953100, 'second_arrival_time': 1536960720}
593	{'task_type': 'regular', 'locomotive': 22592, 'train_section': 24284, 'section': 22289, 'departure_time': 1536953100, 'arrival_time': 1536960720}
594	{'task_type': 'deadhead', 'locomotive': 22592, 'first_train_section': 24284, 'first_section': 22289, 'first_departure_time': 1536953100, 'first_arrival_time': 1536960720, 'second_train_section': 24056, 'second_section': 22320, 'second_departure_time': 1536980280, 'second_arrival_time': 1536986700}
595	{'task_type': 'regular', 'locomotive': 22592, 'train_section': 24056, 'section': 22320, 'departure_time': 1536980280, 'arrival_time': 1536986700}
596	{'task_type': 'deadhead', 'locomotive': 22592, 'first_train_section': 24056, 'first_section': 22320, 'first_departure_time': 1536980280, 'first_arrival_time': 1536986700, 'second_train_section': 25760, 'second_section': 22324, 'second_departure_time': 1537014180, 'second_arrival_time': 1537019580}
597	{'task_type': 'regular', 'locomotive': 22592, 'train_section': 25760, 'section': 22324, 'departure_time': 1537014180, 'arrival_time': 1537019580}
598	{'task_type': 'deadhead', 'locomotive': 22592, 'first_train_section': 25760, 'first_section': 22324, 'first_departure_time': 1537014180, 'first_arrival_time': 1537019580, 'second_train_section': 25710, 'second_section': 22313, 'second_departure_time': 1537087680, 'second_arrival_time': 1537092600}
599	{'task_type': 'regular', 'locomotive': 22592, 'train_section': 25710, 'section': 22313, 'departure_time': 1537087680, 'arrival_time': 1537092600}
600	{'task_type': 'deadhead', 'locomotive': 22592, 'first_train_section': 25710, 'first_section': 22313, 'first_departure_time': 1537087680, 'first_arrival_time': 1537092600, 'second_train_section': 24661, 'second_section': 22451, 'second_departure_time': 1537125420, 'second_arrival_time': 1537131420}
601	{'task_type': 'regular', 'locomotive': 22592, 'train_section': 24661, 'section': 22451, 'departure_time': 1537125420, 'arrival_time': 1537131420}
602	{'task_type': 'regular', 'locomotive': 22593, 'train_section': 26841, 'section': 22449, 'departure_time': 1536862380, 'arrival_time': 1536864540}
603	{'task_type': 'deadhead', 'locomotive': 22593, 'first_train_section': 25133, 'first_section': 22237, 'first_departure_time': 1536876000, 'first_arrival_time': 1536899100, 'second_train_section': 26546, 'second_section': 22481, 'second_departure_time': 1536909360, 'second_arrival_time': 1536914280}
604	{'task_type': 'regular', 'locomotive': 22593, 'train_section': 26546, 'section': 22481, 'departure_time': 1536909360, 'arrival_time': 1536914280}
605	{'task_type': 'deadhead', 'locomotive': 22593, 'first_train_section': 26546, 'first_section': 22481, 'first_departure_time': 1536909360, 'first_arrival_time': 1536914280, 'second_train_section': 24534, 'second_section': 22287, 'second_departure_time': 1536926880, 'second_arrival_time': 1536928260}
606	{'task_type': 'regular', 'locomotive': 22593, 'train_section': 24534, 'section': 22287, 'departure_time': 1536926880, 'arrival_time': 1536928260}
607	{'task_type': 'deadhead', 'locomotive': 22593, 'first_train_section': 24534, 'first_section': 22287, 'first_departure_time': 1536926880, 'first_arrival_time': 1536928260, 'second_train_section': 25272, 'second_section': 22279, 'second_departure_time': 1536933000, 'second_arrival_time': 1536937920}
608	{'task_type': 'regular', 'locomotive': 22593, 'train_section': 25272, 'section': 22279, 'departure_time': 1536933000, 'arrival_time': 1536937920}
609	{'task_type': 'regular', 'locomotive': 22593, 'train_section': 27128, 'section': 22315, 'departure_time': 1536943680, 'arrival_time': 1536948180}
610	{'task_type': 'deadhead', 'locomotive': 22593, 'first_train_section': 27128, 'first_section': 22315, 'first_departure_time': 1536943680, 'first_arrival_time': 1536948180, 'second_train_section': 22926, 'second_section': 22332, 'second_departure_time': 1536957000, 'second_arrival_time': 1536961140}
611	{'task_type': 'regular', 'locomotive': 22593, 'train_section': 22926, 'section': 22332, 'departure_time': 1536957000, 'arrival_time': 1536961140}
612	{'task_type': 'deadhead', 'locomotive': 22593, 'first_train_section': 22926, 'first_section': 22332, 'first_departure_time': 1536957000, 'first_arrival_time': 1536961140, 'second_train_section': 22938, 'second_section': 22451, 'second_departure_time': 1536965820, 'second_arrival_time': 1536972720}
613	{'task_type': 'regular', 'locomotive': 22593, 'train_section': 22938, 'section': 22451, 'departure_time': 1536965820, 'arrival_time': 1536972720}
614	{'task_type': 'deadhead', 'locomotive': 22593, 'first_train_section': 22938, 'first_section': 22451, 'first_departure_time': 1536965820, 'first_arrival_time': 1536972720, 'second_train_section': 23671, 'second_section': 22378, 'second_departure_time': 1536986100, 'second_arrival_time': 1536989760}
615	{'task_type': 'regular', 'locomotive': 22593, 'train_section': 23671, 'section': 22378, 'departure_time': 1536986100, 'arrival_time': 1536989760}
616	{'task_type': 'deadhead', 'locomotive': 22593, 'first_train_section': 23671, 'first_section': 22378, 'first_departure_time': 1536986100, 'first_arrival_time': 1536989760, 'second_train_section': 22842, 'second_section': 22431, 'second_departure_time': 1536991800, 'second_arrival_time': 1536996420}
617	{'task_type': 'regular', 'locomotive': 22593, 'train_section': 22842, 'section': 22431, 'departure_time': 1536991800, 'arrival_time': 1536996420}
618	{'task_type': 'deadhead', 'locomotive': 22593, 'first_train_section': 22842, 'first_section': 22431, 'first_departure_time': 1536991800, 'first_arrival_time': 1536996420, 'second_train_section': 26874, 'second_section': 22407, 'second_departure_time': 1537035480, 'second_arrival_time': 1537042140}
619	{'task_type': 'regular', 'locomotive': 22593, 'train_section': 26874, 'section': 22407, 'departure_time': 1537035480, 'arrival_time': 1537042140}
620	{'task_type': 'regular', 'locomotive': 22595, 'train_section': 26297, 'section': 22320, 'departure_time': 1536893880, 'arrival_time': 1536900300}
621	{'task_type': 'regular', 'locomotive': 22595, 'train_section': 25963, 'section': 22329, 'departure_time': 1536901080, 'arrival_time': 1536902520}
622	{'task_type': 'deadhead', 'locomotive': 22595, 'first_train_section': 25963, 'first_section': 22329, 'first_departure_time': 1536901080, 'first_arrival_time': 1536902520, 'second_train_section': 23762, 'second_section': 22333, 'second_departure_time': 1536905700, 'second_arrival_time': 1536908520}
623	{'task_type': 'regular', 'locomotive': 22595, 'train_section': 23762, 'section': 22333, 'departure_time': 1536905700, 'arrival_time': 1536908520}
624	{'task_type': 'regular', 'locomotive': 22595, 'train_section': 23764, 'section': 22472, 'departure_time': 1536909180, 'arrival_time': 1536914340}
625	{'task_type': 'deadhead', 'locomotive': 22595, 'first_train_section': 23764, 'first_section': 22472, 'first_departure_time': 1536909180, 'first_arrival_time': 1536914340, 'second_train_section': 24321, 'second_section': 22304, 'second_departure_time': 1536926520, 'second_arrival_time': 1536931380}
626	{'task_type': 'regular', 'locomotive': 22595, 'train_section': 24321, 'section': 22304, 'departure_time': 1536926520, 'arrival_time': 1536931380}
627	{'task_type': 'regular', 'locomotive': 22595, 'train_section': 25950, 'section': 22249, 'departure_time': 1536936480, 'arrival_time': 1536942480}
628	{'task_type': 'deadhead', 'locomotive': 22595, 'first_train_section': 25950, 'first_section': 22249, 'first_departure_time': 1536936480, 'first_arrival_time': 1536942480, 'second_train_section': 27377, 'second_section': 22441, 'second_departure_time': 1536949860, 'second_arrival_time': 1536952980}
629	{'task_type': 'regular', 'locomotive': 22595, 'train_section': 27377, 'section': 22441, 'departure_time': 1536949860, 'arrival_time': 1536952980}
630	{'task_type': 'deadhead', 'locomotive': 22595, 'first_train_section': 27377, 'first_section': 22441, 'first_departure_time': 1536949860, 'first_arrival_time': 1536952980, 'second_train_section': 23540, 'second_section': 22427, 'second_departure_time': 1536961740, 'second_arrival_time': 1536964680}
631	{'task_type': 'regular', 'locomotive': 22595, 'train_section': 23540, 'section': 22427, 'departure_time': 1536961740, 'arrival_time': 1536964680}
632	{'task_type': 'regular', 'locomotive': 22595, 'train_section': 23542, 'section': 22443, 'departure_time': 1536965700, 'arrival_time': 1536967380}
633	{'task_type': 'deadhead', 'locomotive': 22595, 'first_train_section': 23542, 'first_section': 22443, 'first_departure_time': 1536965700, 'first_arrival_time': 1536967380, 'second_train_section': 26263, 'second_section': 22308, 'second_departure_time': 1536979380, 'second_arrival_time': 1536982140}
634	{'task_type': 'regular', 'locomotive': 22595, 'train_section': 26263, 'section': 22308, 'departure_time': 1536979380, 'arrival_time': 1536982140}
635	{'task_type': 'deadhead', 'locomotive': 22595, 'first_train_section': 26263, 'first_section': 22308, 'first_departure_time': 1536979380, 'first_arrival_time': 1536982140, 'second_train_section': 22758, 'second_section': 22416, 'second_departure_time': 1537005240, 'second_arrival_time': 1537008900}
636	{'task_type': 'regular', 'locomotive': 22595, 'train_section': 22758, 'section': 22416, 'departure_time': 1537005240, 'arrival_time': 1537008900}
637	{'task_type': 'regular', 'locomotive': 22595, 'train_section': 24607, 'section': 22378, 'departure_time': 1537023900, 'arrival_time': 1537027560}
638	{'task_type': 'deadhead', 'locomotive': 22595, 'first_train_section': 24607, 'first_section': 22378, 'first_departure_time': 1537023900, 'first_arrival_time': 1537027560, 'second_train_section': 25501, 'second_section': 22304, 'second_departure_time': 1537046160, 'second_arrival_time': 1537050600}
639	{'task_type': 'regular', 'locomotive': 22595, 'train_section': 25501, 'section': 22304, 'departure_time': 1537046160, 'arrival_time': 1537050600}
640	{'task_type': 'deadhead', 'locomotive': 22595, 'first_train_section': 25501, 'first_section': 22304, 'first_departure_time': 1537046160, 'first_arrival_time': 1537050600, 'second_train_section': 24073, 'second_section': 22455, 'second_departure_time': 1537077480, 'second_arrival_time': 1537088880}
641	{'task_type': 'regular', 'locomotive': 22595, 'train_section': 24073, 'section': 22455, 'departure_time': 1537077480, 'arrival_time': 1537088880}
642	{'task_type': 'deadhead', 'locomotive': 22595, 'first_train_section': 24073, 'first_section': 22455, 'first_departure_time': 1537077480, 'first_arrival_time': 1537088880, 'second_train_section': 23345, 'second_section': 22260, 'second_departure_time': 1537132500, 'second_arrival_time': 1537135199}
643	{'task_type': 'regular', 'locomotive': 22595, 'train_section': 23345, 'section': 22260, 'departure_time': 1537132500, 'arrival_time': 1537135199}
644	{'task_type': 'regular', 'locomotive': 22597, 'train_section': 23595, 'section': 22331, 'departure_time': 1536858480, 'arrival_time': 1536869400}
645	{'task_type': 'regular', 'locomotive': 22597, 'train_section': 24413, 'section': 22438, 'departure_time': 1536896520, 'arrival_time': 1536907860}
646	{'task_type': 'deadhead', 'locomotive': 22597, 'first_train_section': 24413, 'first_section': 22438, 'first_departure_time': 1536896520, 'first_arrival_time': 1536907860, 'second_train_section': 23069, 'second_section': 22438, 'second_departure_time': 1536918720, 'second_arrival_time': 1536929460}
647	{'task_type': 'regular', 'locomotive': 22597, 'train_section': 23069, 'section': 22438, 'departure_time': 1536918720, 'arrival_time': 1536929460}
648	{'task_type': 'regular', 'locomotive': 22597, 'train_section': 26117, 'section': 22331, 'departure_time': 1536930480, 'arrival_time': 1536941280}
649	{'task_type': 'deadhead', 'locomotive': 22597, 'first_train_section': 25046, 'first_section': 22319, 'first_departure_time': 1536946860, 'first_arrival_time': 1536962340, 'second_train_section': 25800, 'second_section': 22334, 'second_departure_time': 1536979560, 'second_arrival_time': 1536982800}
650	{'task_type': 'regular', 'locomotive': 22597, 'train_section': 25800, 'section': 22334, 'departure_time': 1536979560, 'arrival_time': 1536982800}
651	{'task_type': 'regular', 'locomotive': 22597, 'train_section': 25802, 'section': 22322, 'departure_time': 1536983820, 'arrival_time': 1536993480}
652	{'task_type': 'deadhead', 'locomotive': 22597, 'first_train_section': 25802, 'first_section': 22322, 'first_departure_time': 1536983820, 'first_arrival_time': 1536993480, 'second_train_section': 22877, 'second_section': 22313, 'second_departure_time': 1537001280, 'second_arrival_time': 1537006200}
653	{'task_type': 'regular', 'locomotive': 22597, 'train_section': 22877, 'section': 22313, 'departure_time': 1537001280, 'arrival_time': 1537006200}
654	{'task_type': 'deadhead', 'locomotive': 22597, 'first_train_section': 22877, 'first_section': 22313, 'first_departure_time': 1537001280, 'first_arrival_time': 1537006200, 'second_train_section': 25180, 'second_section': 22320, 'second_departure_time': 1537031100, 'second_arrival_time': 1537037460}
655	{'task_type': 'regular', 'locomotive': 22597, 'train_section': 25180, 'section': 22320, 'departure_time': 1537031100, 'arrival_time': 1537037460}
656	{'task_type': 'deadhead', 'locomotive': 22597, 'first_train_section': 25180, 'first_section': 22320, 'first_departure_time': 1537031100, 'first_arrival_time': 1537037460, 'second_train_section': 23534, 'second_section': 22311, 'second_departure_time': 1537090800, 'second_arrival_time': 1537093560}
657	{'task_type': 'regular', 'locomotive': 22597, 'train_section': 23534, 'section': 22311, 'departure_time': 1537090800, 'arrival_time': 1537093560}
658	{'task_type': 'regular', 'locomotive': 22599, 'train_section': 23730, 'section': 22386, 'departure_time': 1536866520, 'arrival_time': 1536871560}
659	{'task_type': 'regular', 'locomotive': 22599, 'train_section': 24187, 'section': 22495, 'departure_time': 1536873780, 'arrival_time': 1536876720}
660	{'task_type': 'deadhead', 'locomotive': 22599, 'first_train_section': 24187, 'first_section': 22495, 'first_departure_time': 1536873780, 'first_arrival_time': 1536876720, 'second_train_section': 27119, 'second_section': 22430, 'second_departure_time': 1536890580, 'second_arrival_time': 1536892680}
661	{'task_type': 'regular', 'locomotive': 22599, 'train_section': 27119, 'section': 22430, 'departure_time': 1536890580, 'arrival_time': 1536892680}
662	{'task_type': 'deadhead', 'locomotive': 22599, 'first_train_section': 27119, 'first_section': 22430, 'first_departure_time': 1536890580, 'first_arrival_time': 1536892680, 'second_train_section': 23836, 'second_section': 22378, 'second_departure_time': 1536897900, 'second_arrival_time': 1536901560}
663	{'task_type': 'regular', 'locomotive': 22599, 'train_section': 23836, 'section': 22378, 'departure_time': 1536897900, 'arrival_time': 1536901560}
664	{'task_type': 'deadhead', 'locomotive': 22599, 'first_train_section': 23836, 'first_section': 22378, 'first_departure_time': 1536897900, 'first_arrival_time': 1536901560, 'second_train_section': 24476, 'second_section': 22507, 'second_departure_time': 1536914760, 'second_arrival_time': 1536918360}
665	{'task_type': 'regular', 'locomotive': 22599, 'train_section': 24476, 'section': 22507, 'departure_time': 1536914760, 'arrival_time': 1536918360}
666	{'task_type': 'deadhead', 'locomotive': 22599, 'first_train_section': 24476, 'first_section': 22507, 'first_departure_time': 1536914760, 'first_arrival_time': 1536918360, 'second_train_section': 24927, 'second_section': 22261, 'second_departure_time': 1536935880, 'second_arrival_time': 1536937500}
667	{'task_type': 'regular', 'locomotive': 22599, 'train_section': 24927, 'section': 22261, 'departure_time': 1536935880, 'arrival_time': 1536937500}
668	{'task_type': 'deadhead', 'locomotive': 22599, 'first_train_section': 24927, 'first_section': 22261, 'first_departure_time': 1536935880, 'first_arrival_time': 1536937500, 'second_train_section': 23294, 'second_section': 22245, 'second_departure_time': 1536943140, 'second_arrival_time': 1536948180}
669	{'task_type': 'regular', 'locomotive': 22599, 'train_section': 23294, 'section': 22245, 'departure_time': 1536943140, 'arrival_time': 1536948180}
670	{'task_type': 'deadhead', 'locomotive': 22599, 'first_train_section': 23294, 'first_section': 22245, 'first_departure_time': 1536943140, 'first_arrival_time': 1536948180, 'second_train_section': 22833, 'second_section': 22343, 'second_departure_time': 1536956400, 'second_arrival_time': 1536967140}
671	{'task_type': 'regular', 'locomotive': 22599, 'train_section': 22833, 'section': 22343, 'departure_time': 1536956400, 'arrival_time': 1536967140}
672	{'task_type': 'deadhead', 'locomotive': 22599, 'first_train_section': 22833, 'first_section': 22343, 'first_departure_time': 1536956400, 'first_arrival_time': 1536967140, 'second_train_section': 23662, 'second_section': 22369, 'second_departure_time': 1536978240, 'second_arrival_time': 1536981120}
673	{'task_type': 'regular', 'locomotive': 22599, 'train_section': 23662, 'section': 22369, 'departure_time': 1536978240, 'arrival_time': 1536981120}
674	{'task_type': 'deadhead', 'locomotive': 22599, 'first_train_section': 23662, 'first_section': 22369, 'first_departure_time': 1536978240, 'first_arrival_time': 1536981120, 'second_train_section': 27400, 'second_section': 22499, 'second_departure_time': 1536997500, 'second_arrival_time': 1537002660}
675	{'task_type': 'regular', 'locomotive': 22599, 'train_section': 27400, 'section': 22499, 'departure_time': 1536997500, 'arrival_time': 1537002660}
676	{'task_type': 'regular', 'locomotive': 22599, 'train_section': 25538, 'section': 22351, 'departure_time': 1537008480, 'arrival_time': 1537013640}
677	{'task_type': 'deadhead', 'locomotive': 22599, 'first_train_section': 26011, 'first_section': 22502, 'first_departure_time': 1537038300, 'first_arrival_time': 1537048740, 'second_train_section': 23220, 'second_section': 22233, 'second_departure_time': 1537078860, 'second_arrival_time': 1537094340}
678	{'task_type': 'regular', 'locomotive': 22599, 'train_section': 23220, 'section': 22233, 'departure_time': 1537078860, 'arrival_time': 1537094340}
679	{'task_type': 'regular', 'locomotive': 22600, 'train_section': 26640, 'section': 22344, 'departure_time': 1536865080, 'arrival_time': 1536866100}
680	{'task_type': 'deadhead', 'locomotive': 22600, 'first_train_section': 26640, 'first_section': 22344, 'first_departure_time': 1536865080, 'first_arrival_time': 1536866100, 'second_train_section': 24440, 'second_section': 22247, 'second_departure_time': 1536873240, 'second_arrival_time': 1536884100}
681	{'task_type': 'regular', 'locomotive': 22600, 'train_section': 24440, 'section': 22247, 'departure_time': 1536873240, 'arrival_time': 1536884100}
682	{'task_type': 'deadhead', 'locomotive': 22600, 'first_train_section': 24440, 'first_section': 22247, 'first_departure_time': 1536873240, 'first_arrival_time': 1536884100, 'second_train_section': 24619, 'second_section': 22273, 'second_departure_time': 1536896880, 'second_arrival_time': 1536901260}
683	{'task_type': 'regular', 'locomotive': 22600, 'train_section': 24619, 'section': 22273, 'departure_time': 1536896880, 'arrival_time': 1536901260}
684	{'task_type': 'deadhead', 'locomotive': 22600, 'first_train_section': 24619, 'first_section': 22273, 'first_departure_time': 1536896880, 'first_arrival_time': 1536901260, 'second_train_section': 23225, 'second_section': 22409, 'second_departure_time': 1536904740, 'second_arrival_time': 1536912240}
685	{'task_type': 'regular', 'locomotive': 22600, 'train_section': 23225, 'section': 22409, 'departure_time': 1536904740, 'arrival_time': 1536912240}
686	{'task_type': 'deadhead', 'locomotive': 22600, 'first_train_section': 23225, 'first_section': 22409, 'first_departure_time': 1536904740, 'first_arrival_time': 1536912240, 'second_train_section': 23103, 'second_section': 22400, 'second_departure_time': 1536918600, 'second_arrival_time': 1536922020}
687	{'task_type': 'regular', 'locomotive': 22600, 'train_section': 23103, 'section': 22400, 'departure_time': 1536918600, 'arrival_time': 1536922020}
688	{'task_type': 'deadhead', 'locomotive': 22600, 'first_train_section': 23103, 'first_section': 22400, 'first_departure_time': 1536918600, 'first_arrival_time': 1536922020, 'second_train_section': 26559, 'second_section': 22384, 'second_departure_time': 1536927900, 'second_arrival_time': 1536933300}
689	{'task_type': 'regular', 'locomotive': 22600, 'train_section': 26559, 'section': 22384, 'departure_time': 1536927900, 'arrival_time': 1536933300}
690	{'task_type': 'deadhead', 'locomotive': 22600, 'first_train_section': 26559, 'first_section': 22384, 'first_departure_time': 1536927900, 'first_arrival_time': 1536933300, 'second_train_section': 27342, 'second_section': 22399, 'second_departure_time': 1536937800, 'second_arrival_time': 1536939240}
691	{'task_type': 'regular', 'locomotive': 22600, 'train_section': 27342, 'section': 22399, 'departure_time': 1536937800, 'arrival_time': 1536939240}
692	{'task_type': 'deadhead', 'locomotive': 22600, 'first_train_section': 27342, 'first_section': 22399, 'first_departure_time': 1536937800, 'first_arrival_time': 1536939240, 'second_train_section': 23724, 'second_section': 22242, 'second_departure_time': 1536945840, 'second_arrival_time': 1536949020}
693	{'task_type': 'regular', 'locomotive': 22600, 'train_section': 23724, 'section': 22242, 'departure_time': 1536945840, 'arrival_time': 1536949020}
694	{'task_type': 'deadhead', 'locomotive': 22600, 'first_train_section': 23724, 'first_section': 22242, 'first_departure_time': 1536945840, 'first_arrival_time': 1536949020, 'second_train_section': 22802, 'second_section': 22398, 'second_departure_time': 1536960000, 'second_arrival_time': 1536965880}
695	{'task_type': 'regular', 'locomotive': 22600, 'train_section': 22802, 'section': 22398, 'departure_time': 1536960000, 'arrival_time': 1536965880}
696	{'task_type': 'deadhead', 'locomotive': 22600, 'first_train_section': 22802, 'first_section': 22398, 'first_departure_time': 1536960000, 'first_arrival_time': 1536965880, 'second_train_section': 25906, 'second_section': 22357, 'second_departure_time': 1536988560, 'second_arrival_time': 1536992040}
697	{'task_type': 'regular', 'locomotive': 22600, 'train_section': 25906, 'section': 22357, 'departure_time': 1536988560, 'arrival_time': 1536992040}
698	{'task_type': 'deadhead', 'locomotive': 22600, 'first_train_section': 25906, 'first_section': 22357, 'first_departure_time': 1536988560, 'first_arrival_time': 1536992040, 'second_train_section': 25367, 'second_section': 22378, 'second_departure_time': 1537005900, 'second_arrival_time': 1537009560}
699	{'task_type': 'regular', 'locomotive': 22600, 'train_section': 25367, 'section': 22378, 'departure_time': 1537005900, 'arrival_time': 1537009560}
700	{'task_type': 'deadhead', 'locomotive': 22600, 'first_train_section': 25367, 'first_section': 22378, 'first_departure_time': 1537005900, 'first_arrival_time': 1537009560, 'second_train_section': 25591, 'second_section': 22431, 'second_departure_time': 1537013160, 'second_arrival_time': 1537018200}
701	{'task_type': 'regular', 'locomotive': 22600, 'train_section': 25591, 'section': 22431, 'departure_time': 1537013160, 'arrival_time': 1537018200}
702	{'task_type': 'regular', 'locomotive': 22600, 'train_section': 25593, 'section': 22495, 'departure_time': 1537019280, 'arrival_time': 1537022040}
703	{'task_type': 'regular', 'locomotive': 22600, 'train_section': 25595, 'section': 22304, 'departure_time': 1537022640, 'arrival_time': 1537027200}
704	{'task_type': 'deadhead', 'locomotive': 22600, 'first_train_section': 25595, 'first_section': 22304, 'first_departure_time': 1537022640, 'first_arrival_time': 1537027200, 'second_train_section': 24122, 'second_section': 22330, 'second_departure_time': 1537054800, 'second_arrival_time': 1537063020}
705	{'task_type': 'regular', 'locomotive': 22600, 'train_section': 24122, 'section': 22330, 'departure_time': 1537054800, 'arrival_time': 1537063020}
706	{'task_type': 'deadhead', 'locomotive': 22600, 'first_train_section': 24122, 'first_section': 22330, 'first_departure_time': 1537054800, 'first_arrival_time': 1537063020, 'second_train_section': 23659, 'second_section': 22360, 'second_departure_time': 1537087680, 'second_arrival_time': 1537099320}
707	{'task_type': 'regular', 'locomotive': 22600, 'train_section': 23659, 'section': 22360, 'departure_time': 1537087680, 'arrival_time': 1537099320}
708	{'task_type': 'deadhead', 'locomotive': 22600, 'first_train_section': 23659, 'first_section': 22360, 'first_departure_time': 1537087680, 'first_arrival_time': 1537099320, 'second_train_section': 24352, 'second_section': 22428, 'second_departure_time': 1537111320, 'second_arrival_time': 1537119540}
709	{'task_type': 'regular', 'locomotive': 22600, 'train_section': 24352, 'section': 22428, 'departure_time': 1537111320, 'arrival_time': 1537119540}
710	{'task_type': 'regular', 'locomotive': 22602, 'train_section': 23779, 'section': 22439, 'departure_time': 1536864720, 'arrival_time': 1536871800}
711	{'task_type': 'deadhead', 'locomotive': 22602, 'first_train_section': 23779, 'first_section': 22439, 'first_departure_time': 1536864720, 'first_arrival_time': 1536871800, 'second_train_section': 25703, 'second_section': 22330, 'second_departure_time': 1536882000, 'second_arrival_time': 1536890220}
712	{'task_type': 'regular', 'locomotive': 22602, 'train_section': 25703, 'section': 22330, 'departure_time': 1536882000, 'arrival_time': 1536890220}
713	{'task_type': 'deadhead', 'locomotive': 22602, 'first_train_section': 25703, 'first_section': 22330, 'first_departure_time': 1536882000, 'first_arrival_time': 1536890220, 'second_train_section': 25289, 'second_section': 22510, 'second_departure_time': 1536892200, 'second_arrival_time': 1536893760}
714	{'task_type': 'regular', 'locomotive': 22602, 'train_section': 25289, 'section': 22510, 'departure_time': 1536892200, 'arrival_time': 1536893760}
715	{'task_type': 'deadhead', 'locomotive': 22602, 'first_train_section': 25289, 'first_section': 22510, 'first_departure_time': 1536892200, 'first_arrival_time': 1536893760, 'second_train_section': 25483, 'second_section': 22383, 'second_departure_time': 1536897480, 'second_arrival_time': 1536901680}
716	{'task_type': 'regular', 'locomotive': 22602, 'train_section': 25483, 'section': 22383, 'departure_time': 1536897480, 'arrival_time': 1536901680}
717	{'task_type': 'regular', 'locomotive': 22602, 'train_section': 25485, 'section': 22401, 'departure_time': 1536901740, 'arrival_time': 1536903060}
718	{'task_type': 'deadhead', 'locomotive': 22602, 'first_train_section': 25485, 'first_section': 22401, 'first_departure_time': 1536901740, 'first_arrival_time': 1536903060, 'second_train_section': 26969, 'second_section': 22403, 'second_departure_time': 1536903960, 'second_arrival_time': 1536906720}
719	{'task_type': 'regular', 'locomotive': 22602, 'train_section': 26969, 'section': 22403, 'departure_time': 1536903960, 'arrival_time': 1536906720}
720	{'task_type': 'deadhead', 'locomotive': 22602, 'first_train_section': 26969, 'first_section': 22403, 'first_departure_time': 1536903960, 'first_arrival_time': 1536906720, 'second_train_section': 23475, 'second_section': 22489, 'second_departure_time': 1536918420, 'second_arrival_time': 1536921420}
721	{'task_type': 'regular', 'locomotive': 22602, 'train_section': 23475, 'section': 22489, 'departure_time': 1536918420, 'arrival_time': 1536921420}
722	{'task_type': 'deadhead', 'locomotive': 22602, 'first_train_section': 23475, 'first_section': 22489, 'first_departure_time': 1536918420, 'first_arrival_time': 1536921420, 'second_train_section': 25969, 'second_section': 22401, 'second_departure_time': 1536924900, 'second_arrival_time': 1536926280}
723	{'task_type': 'regular', 'locomotive': 22602, 'train_section': 25969, 'section': 22401, 'departure_time': 1536924900, 'arrival_time': 1536926280}
724	{'task_type': 'deadhead', 'locomotive': 22602, 'first_train_section': 25969, 'first_section': 22401, 'first_departure_time': 1536924900, 'first_arrival_time': 1536926280, 'second_train_section': 27340, 'second_section': 22383, 'second_departure_time': 1536934320, 'second_arrival_time': 1536937740}
725	{'task_type': 'regular', 'locomotive': 22602, 'train_section': 27340, 'section': 22383, 'departure_time': 1536934320, 'arrival_time': 1536937740}
726	{'task_type': 'deadhead', 'locomotive': 22602, 'first_train_section': 27340, 'first_section': 22383, 'first_departure_time': 1536934320, 'first_arrival_time': 1536937740, 'second_train_section': 24434, 'second_section': 22317, 'second_departure_time': 1536942720, 'second_arrival_time': 1536944460}
727	{'task_type': 'regular', 'locomotive': 22602, 'train_section': 24434, 'section': 22317, 'departure_time': 1536942720, 'arrival_time': 1536944460}
728	{'task_type': 'deadhead', 'locomotive': 22602, 'first_train_section': 24434, 'first_section': 22317, 'first_departure_time': 1536942720, 'first_arrival_time': 1536944460, 'second_train_section': 26289, 'second_section': 22404, 'second_departure_time': 1536950280, 'second_arrival_time': 1536959100}
729	{'task_type': 'regular', 'locomotive': 22602, 'train_section': 26289, 'section': 22404, 'departure_time': 1536950280, 'arrival_time': 1536959100}
730	{'task_type': 'regular', 'locomotive': 22602, 'train_section': 26291, 'section': 22246, 'departure_time': 1536959520, 'arrival_time': 1536960780}
731	{'task_type': 'deadhead', 'locomotive': 22602, 'first_train_section': 26291, 'first_section': 22246, 'first_departure_time': 1536959520, 'first_arrival_time': 1536960780, 'second_train_section': 23417, 'second_section': 22308, 'second_departure_time': 1536973200, 'second_arrival_time': 1536975960}
732	{'task_type': 'regular', 'locomotive': 22602, 'train_section': 23417, 'section': 22308, 'departure_time': 1536973200, 'arrival_time': 1536975960}
733	{'task_type': 'regular', 'locomotive': 22602, 'train_section': 23357, 'section': 22496, 'departure_time': 1536978660, 'arrival_time': 1536982980}
734	{'task_type': 'deadhead', 'locomotive': 22602, 'first_train_section': 26514, 'first_section': 22300, 'first_departure_time': 1536988980, 'first_arrival_time': 1536992400, 'second_train_section': 26754, 'second_section': 22431, 'second_departure_time': 1536999480, 'second_arrival_time': 1537003440}
735	{'task_type': 'regular', 'locomotive': 22602, 'train_section': 26754, 'section': 22431, 'departure_time': 1536999480, 'arrival_time': 1537003440}
736	{'task_type': 'deadhead', 'locomotive': 22602, 'first_train_section': 26754, 'first_section': 22431, 'first_departure_time': 1536999480, 'first_arrival_time': 1537003440, 'second_train_section': 24645, 'second_section': 22249, 'second_departure_time': 1537022880, 'second_arrival_time': 1537028400}
737	{'task_type': 'regular', 'locomotive': 22602, 'train_section': 24645, 'section': 22249, 'departure_time': 1537022880, 'arrival_time': 1537028400}
738	{'task_type': 'regular', 'locomotive': 22604, 'train_section': 22974, 'section': 22427, 'departure_time': 1536854400, 'arrival_time': 1536857280}
739	{'task_type': 'deadhead', 'locomotive': 22604, 'first_train_section': 22974, 'first_section': 22427, 'first_departure_time': 1536854400, 'first_arrival_time': 1536857280, 'second_train_section': 22978, 'second_section': 22495, 'second_departure_time': 1536861180, 'second_arrival_time': 1536864060}
740	{'task_type': 'regular', 'locomotive': 22604, 'train_section': 22978, 'section': 22495, 'departure_time': 1536861180, 'arrival_time': 1536864060}
741	{'task_type': 'deadhead', 'locomotive': 22604, 'first_train_section': 22978, 'first_section': 22495, 'first_departure_time': 1536861180, 'first_arrival_time': 1536864060, 'second_train_section': 22785, 'second_section': 22495, 'second_departure_time': 1536866880, 'second_arrival_time': 1536869820}
742	{'task_type': 'regular', 'locomotive': 22604, 'train_section': 22785, 'section': 22495, 'departure_time': 1536866880, 'arrival_time': 1536869820}
743	{'task_type': 'regular', 'locomotive': 22604, 'train_section': 22787, 'section': 22307, 'departure_time': 1536870660, 'arrival_time': 1536872700}
744	{'task_type': 'deadhead', 'locomotive': 22604, 'first_train_section': 22787, 'first_section': 22307, 'first_departure_time': 1536870660, 'first_arrival_time': 1536872700, 'second_train_section': 24266, 'second_section': 22265, 'second_departure_time': 1536876060, 'second_arrival_time': 1536879780}
745	{'task_type': 'regular', 'locomotive': 22604, 'train_section': 24266, 'section': 22265, 'departure_time': 1536876060, 'arrival_time': 1536879780}
746	{'task_type': 'deadhead', 'locomotive': 22604, 'first_train_section': 24266, 'first_section': 22265, 'first_departure_time': 1536876060, 'first_arrival_time': 1536879780, 'second_train_section': 25117, 'second_section': 22245, 'second_departure_time': 1536892200, 'second_arrival_time': 1536896580}
747	{'task_type': 'regular', 'locomotive': 22604, 'train_section': 25117, 'section': 22245, 'departure_time': 1536892200, 'arrival_time': 1536896580}
748	{'task_type': 'deadhead', 'locomotive': 22604, 'first_train_section': 25117, 'first_section': 22245, 'first_departure_time': 1536892200, 'first_arrival_time': 1536896580, 'second_train_section': 26543, 'second_section': 22508, 'second_departure_time': 1536903180, 'second_arrival_time': 1536906120}
749	{'task_type': 'regular', 'locomotive': 22604, 'train_section': 26543, 'section': 22508, 'departure_time': 1536903180, 'arrival_time': 1536906120}
750	{'task_type': 'regular', 'locomotive': 22604, 'train_section': 26367, 'section': 22479, 'departure_time': 1536911340, 'arrival_time': 1536912960}
751	{'task_type': 'deadhead', 'locomotive': 22604, 'first_train_section': 26367, 'first_section': 22479, 'first_departure_time': 1536911340, 'first_arrival_time': 1536912960, 'second_train_section': 23431, 'second_section': 22362, 'second_departure_time': 1536922860, 'second_arrival_time': 1536925500}
752	{'task_type': 'regular', 'locomotive': 22604, 'train_section': 23431, 'section': 22362, 'departure_time': 1536922860, 'arrival_time': 1536925500}
753	{'task_type': 'deadhead', 'locomotive': 22604, 'first_train_section': 23431, 'first_section': 22362, 'first_departure_time': 1536922860, 'first_arrival_time': 1536925500, 'second_train_section': 25174, 'second_section': 22361, 'second_departure_time': 1536935940, 'second_arrival_time': 1536938940}
754	{'task_type': 'regular', 'locomotive': 22604, 'train_section': 25174, 'section': 22361, 'departure_time': 1536935940, 'arrival_time': 1536938940}
755	{'task_type': 'deadhead', 'locomotive': 22604, 'first_train_section': 25174, 'first_section': 22361, 'first_departure_time': 1536935940, 'first_arrival_time': 1536938940, 'second_train_section': 23296, 'second_section': 22308, 'second_departure_time': 1536949200, 'second_arrival_time': 1536951960}
756	{'task_type': 'regular', 'locomotive': 22604, 'train_section': 23296, 'section': 22308, 'departure_time': 1536949200, 'arrival_time': 1536951960}
757	{'task_type': 'regular', 'locomotive': 22604, 'train_section': 25736, 'section': 22495, 'departure_time': 1536953280, 'arrival_time': 1536956220}
758	{'task_type': 'deadhead', 'locomotive': 22604, 'first_train_section': 25736, 'first_section': 22495, 'first_departure_time': 1536953280, 'first_arrival_time': 1536956220, 'second_train_section': 26602, 'second_section': 22478, 'second_departure_time': 1536963660, 'second_arrival_time': 1536966180}
759	{'task_type': 'regular', 'locomotive': 22604, 'train_section': 26602, 'section': 22478, 'departure_time': 1536963660, 'arrival_time': 1536966180}
760	{'task_type': 'regular', 'locomotive': 22604, 'train_section': 24880, 'section': 22247, 'departure_time': 1536973980, 'arrival_time': 1536983460}
761	{'task_type': 'deadhead', 'locomotive': 22604, 'first_train_section': 24880, 'first_section': 22247, 'first_departure_time': 1536973980, 'first_arrival_time': 1536983460, 'second_train_section': 23625, 'second_section': 22273, 'second_departure_time': 1536997980, 'second_arrival_time': 1537002540}
762	{'task_type': 'regular', 'locomotive': 22604, 'train_section': 23625, 'section': 22273, 'departure_time': 1536997980, 'arrival_time': 1537002540}
763	{'task_type': 'deadhead', 'locomotive': 22604, 'first_train_section': 23625, 'first_section': 22273, 'first_departure_time': 1536997980, 'first_arrival_time': 1537002540, 'second_train_section': 25136, 'second_section': 22329, 'second_departure_time': 1537016280, 'second_arrival_time': 1537017720}
764	{'task_type': 'regular', 'locomotive': 22604, 'train_section': 25136, 'section': 22329, 'departure_time': 1537016280, 'arrival_time': 1537017720}
765	{'task_type': 'regular', 'locomotive': 22605, 'train_section': 26659, 'section': 22277, 'departure_time': 1536860100, 'arrival_time': 1536863580}
766	{'task_type': 'deadhead', 'locomotive': 22605, 'first_train_section': 26659, 'first_section': 22277, 'first_departure_time': 1536860100, 'first_arrival_time': 1536863580, 'second_train_section': 23087, 'second_section': 22343, 'second_departure_time': 1536870000, 'second_arrival_time': 1536880740}
767	{'task_type': 'regular', 'locomotive': 22605, 'train_section': 23087, 'section': 22343, 'departure_time': 1536870000, 'arrival_time': 1536880740}
768	{'task_type': 'deadhead', 'locomotive': 22605, 'first_train_section': 23087, 'first_section': 22343, 'first_departure_time': 1536870000, 'first_arrival_time': 1536880740, 'second_train_section': 25269, 'second_section': 22467, 'second_departure_time': 1536892800, 'second_arrival_time': 1536895500}
769	{'task_type': 'regular', 'locomotive': 22605, 'train_section': 25269, 'section': 22467, 'departure_time': 1536892800, 'arrival_time': 1536895500}
770	{'task_type': 'deadhead', 'locomotive': 22605, 'first_train_section': 25269, 'first_section': 22467, 'first_departure_time': 1536892800, 'first_arrival_time': 1536895500, 'second_train_section': 24179, 'second_section': 22388, 'second_departure_time': 1536903480, 'second_arrival_time': 1536905580}
771	{'task_type': 'regular', 'locomotive': 22605, 'train_section': 24179, 'section': 22388, 'departure_time': 1536903480, 'arrival_time': 1536905580}
772	{'task_type': 'deadhead', 'locomotive': 22605, 'first_train_section': 24179, 'first_section': 22388, 'first_departure_time': 1536903480, 'first_arrival_time': 1536905580, 'second_train_section': 22962, 'second_section': 22292, 'second_departure_time': 1536916800, 'second_arrival_time': 1536920880}
773	{'task_type': 'regular', 'locomotive': 22605, 'train_section': 22962, 'section': 22292, 'departure_time': 1536916800, 'arrival_time': 1536920880}
774	{'task_type': 'deadhead', 'locomotive': 22605, 'first_train_section': 22962, 'first_section': 22292, 'first_departure_time': 1536916800, 'first_arrival_time': 1536920880, 'second_train_section': 24924, 'second_section': 22285, 'second_departure_time': 1536926520, 'second_arrival_time': 1536935640}
775	{'task_type': 'regular', 'locomotive': 22605, 'train_section': 24924, 'section': 22285, 'departure_time': 1536926520, 'arrival_time': 1536935640}
776	{'task_type': 'deadhead', 'locomotive': 22605, 'first_train_section': 24924, 'first_section': 22285, 'first_departure_time': 1536926520, 'first_arrival_time': 1536935640, 'second_train_section': 26164, 'second_section': 22471, 'second_departure_time': 1536944220, 'second_arrival_time': 1536947040}
777	{'task_type': 'regular', 'locomotive': 22605, 'train_section': 26164, 'section': 22471, 'departure_time': 1536944220, 'arrival_time': 1536947040}
778	{'task_type': 'deadhead', 'locomotive': 22605, 'first_train_section': 26164, 'first_section': 22471, 'first_departure_time': 1536944220, 'first_arrival_time': 1536947040, 'second_train_section': 25432, 'second_section': 22291, 'second_departure_time': 1536960360, 'second_arrival_time': 1536966240}
779	{'task_type': 'regular', 'locomotive': 22605, 'train_section': 25432, 'section': 22291, 'departure_time': 1536960360, 'arrival_time': 1536966240}
780	{'task_type': 'regular', 'locomotive': 22605, 'train_section': 26226, 'section': 22374, 'departure_time': 1536973080, 'arrival_time': 1536974820}
781	{'task_type': 'deadhead', 'locomotive': 22605, 'first_train_section': 26226, 'first_section': 22374, 'first_departure_time': 1536973080, 'first_arrival_time': 1536974820, 'second_train_section': 24202, 'second_section': 22279, 'second_departure_time': 1536989760, 'second_arrival_time': 1536995220}
782	{'task_type': 'regular', 'locomotive': 22605, 'train_section': 24202, 'section': 22279, 'departure_time': 1536989760, 'arrival_time': 1536995220}
783	{'task_type': 'deadhead', 'locomotive': 22605, 'first_train_section': 24202, 'first_section': 22279, 'first_departure_time': 1536989760, 'first_arrival_time': 1536995220, 'second_train_section': 25497, 'second_section': 22431, 'second_departure_time': 1537037100, 'second_arrival_time': 1537042380}
784	{'task_type': 'regular', 'locomotive': 22605, 'train_section': 25497, 'section': 22431, 'departure_time': 1537037100, 'arrival_time': 1537042380}
785	{'task_type': 'deadhead', 'locomotive': 22605, 'first_train_section': 25497, 'first_section': 22431, 'first_departure_time': 1537037100, 'first_arrival_time': 1537042380, 'second_train_section': 26580, 'second_section': 22499, 'second_departure_time': 1537098300, 'second_arrival_time': 1537103460}
786	{'task_type': 'regular', 'locomotive': 22605, 'train_section': 26580, 'section': 22499, 'departure_time': 1537098300, 'arrival_time': 1537103460}
787	{'task_type': 'deadhead', 'locomotive': 22605, 'first_train_section': 26580, 'first_section': 22499, 'first_departure_time': 1537098300, 'first_arrival_time': 1537103460, 'second_train_section': 27457, 'second_section': 22434, 'second_departure_time': 1537119360, 'second_arrival_time': 1537124640}
788	{'task_type': 'regular', 'locomotive': 22605, 'train_section': 27457, 'section': 22434, 'departure_time': 1537119360, 'arrival_time': 1537124640}
789	{'task_type': 'regular', 'locomotive': 22606, 'train_section': 26325, 'section': 22482, 'departure_time': 1536848700, 'arrival_time': 1536850620}
790	{'task_type': 'deadhead', 'locomotive': 22606, 'first_train_section': 26325, 'first_section': 22482, 'first_departure_time': 1536848700, 'first_arrival_time': 1536850620, 'second_train_section': 26329, 'second_section': 22247, 'second_departure_time': 1536856260, 'second_arrival_time': 1536865260}
791	{'task_type': 'regular', 'locomotive': 22606, 'train_section': 26329, 'section': 22247, 'departure_time': 1536856260, 'arrival_time': 1536865260}
792	{'task_type': 'deadhead', 'locomotive': 22606, 'first_train_section': 26329, 'first_section': 22247, 'first_departure_time': 1536856260, 'first_arrival_time': 1536865260, 'second_train_section': 23586, 'second_section': 22404, 'second_departure_time': 1536874380, 'second_arrival_time': 1536883320}
793	{'task_type': 'regular', 'locomotive': 22606, 'train_section': 23586, 'section': 22404, 'departure_time': 1536874380, 'arrival_time': 1536883320}
794	{'task_type': 'deadhead', 'locomotive': 22606, 'first_train_section': 23586, 'first_section': 22404, 'first_departure_time': 1536874380, 'first_arrival_time': 1536883320, 'second_train_section': 25560, 'second_section': 22416, 'second_departure_time': 1536897240, 'second_arrival_time': 1536900900}
795	{'task_type': 'regular', 'locomotive': 22606, 'train_section': 25560, 'section': 22416, 'departure_time': 1536897240, 'arrival_time': 1536900900}
796	{'task_type': 'deadhead', 'locomotive': 22606, 'first_train_section': 25560, 'first_section': 22416, 'first_departure_time': 1536897240, 'first_arrival_time': 1536900900, 'second_train_section': 24020, 'second_section': 22281, 'second_departure_time': 1536909240, 'second_arrival_time': 1536914400}
797	{'task_type': 'regular', 'locomotive': 22606, 'train_section': 24020, 'section': 22281, 'departure_time': 1536909240, 'arrival_time': 1536914400}
798	{'task_type': 'deadhead', 'locomotive': 22606, 'first_train_section': 24020, 'first_section': 22281, 'first_departure_time': 1536909240, 'first_arrival_time': 1536914400, 'second_train_section': 25139, 'second_section': 22472, 'second_departure_time': 1536923580, 'second_arrival_time': 1536928740}
799	{'task_type': 'regular', 'locomotive': 22606, 'train_section': 25139, 'section': 22472, 'departure_time': 1536923580, 'arrival_time': 1536928740}
800	{'task_type': 'deadhead', 'locomotive': 22606, 'first_train_section': 25139, 'first_section': 22472, 'first_departure_time': 1536923580, 'first_arrival_time': 1536928740, 'second_train_section': 23460, 'second_section': 22281, 'second_departure_time': 1536938040, 'second_arrival_time': 1536943200}
801	{'task_type': 'regular', 'locomotive': 22606, 'train_section': 23460, 'section': 22281, 'departure_time': 1536938040, 'arrival_time': 1536943200}
802	{'task_type': 'deadhead', 'locomotive': 22606, 'first_train_section': 23460, 'first_section': 22281, 'first_departure_time': 1536938040, 'first_arrival_time': 1536943200, 'second_train_section': 26686, 'second_section': 22469, 'second_departure_time': 1536952800, 'second_arrival_time': 1536954960}
803	{'task_type': 'regular', 'locomotive': 22606, 'train_section': 26686, 'section': 22469, 'departure_time': 1536952800, 'arrival_time': 1536954960}
804	{'task_type': 'deadhead', 'locomotive': 22606, 'first_train_section': 24231, 'first_section': 22470, 'first_departure_time': 1536962400, 'first_arrival_time': 1536979200, 'second_train_section': 22644, 'second_section': 22412, 'second_departure_time': 1536982020, 'second_arrival_time': 1536989280}
805	{'task_type': 'regular', 'locomotive': 22606, 'train_section': 22644, 'section': 22412, 'departure_time': 1536982020, 'arrival_time': 1536989280}
806	{'task_type': 'deadhead', 'locomotive': 22606, 'first_train_section': 22644, 'first_section': 22412, 'first_departure_time': 1536982020, 'first_arrival_time': 1536989280, 'second_train_section': 25758, 'second_section': 22334, 'second_departure_time': 1537007880, 'second_arrival_time': 1537012080}
807	{'task_type': 'regular', 'locomotive': 22606, 'train_section': 25758, 'section': 22334, 'departure_time': 1537007880, 'arrival_time': 1537012080}
808	{'task_type': 'deadhead', 'locomotive': 22606, 'first_train_section': 25758, 'first_section': 22334, 'first_departure_time': 1537007880, 'first_arrival_time': 1537012080, 'second_train_section': 27394, 'second_section': 22415, 'second_departure_time': 1537038840, 'second_arrival_time': 1537040400}
809	{'task_type': 'regular', 'locomotive': 22606, 'train_section': 27394, 'section': 22415, 'departure_time': 1537038840, 'arrival_time': 1537040400}
810	{'task_type': 'deadhead', 'locomotive': 22606, 'first_train_section': 27394, 'first_section': 22415, 'first_departure_time': 1537038840, 'first_arrival_time': 1537040400, 'second_train_section': 25839, 'second_section': 22279, 'second_departure_time': 1537095000, 'second_arrival_time': 1537100580}
811	{'task_type': 'regular', 'locomotive': 22606, 'train_section': 25839, 'section': 22279, 'departure_time': 1537095000, 'arrival_time': 1537100580}
812	{'task_type': 'regular', 'locomotive': 22607, 'train_section': 25081, 'section': 22338, 'departure_time': 1536848640, 'arrival_time': 1536860760}
813	{'task_type': 'deadhead', 'locomotive': 22607, 'first_train_section': 25081, 'first_section': 22338, 'first_departure_time': 1536848640, 'first_arrival_time': 1536860760, 'second_train_section': 22783, 'second_section': 22431, 'second_departure_time': 1536861780, 'second_arrival_time': 1536865740}
814	{'task_type': 'regular', 'locomotive': 22607, 'train_section': 22783, 'section': 22431, 'departure_time': 1536861780, 'arrival_time': 1536865740}
815	{'task_type': 'regular', 'locomotive': 22607, 'train_section': 27183, 'section': 22495, 'departure_time': 1536866100, 'arrival_time': 1536869100}
816	{'task_type': 'deadhead', 'locomotive': 22607, 'first_train_section': 27183, 'first_section': 22495, 'first_departure_time': 1536866100, 'first_arrival_time': 1536869100, 'second_train_section': 23733, 'second_section': 22495, 'second_departure_time': 1536873120, 'second_arrival_time': 1536876060}
817	{'task_type': 'regular', 'locomotive': 22607, 'train_section': 23733, 'section': 22495, 'departure_time': 1536873120, 'arrival_time': 1536876060}
818	{'task_type': 'regular', 'locomotive': 22607, 'train_section': 23736, 'section': 22309, 'departure_time': 1536876540, 'arrival_time': 1536881400}
819	{'task_type': 'deadhead', 'locomotive': 22607, 'first_train_section': 23736, 'first_section': 22309, 'first_departure_time': 1536876540, 'first_arrival_time': 1536881400, 'second_train_section': 26334, 'second_section': 22443, 'second_departure_time': 1536897420, 'second_arrival_time': 1536899040}
820	{'task_type': 'regular', 'locomotive': 22607, 'train_section': 26334, 'section': 22443, 'departure_time': 1536897420, 'arrival_time': 1536899040}
821	{'task_type': 'deadhead', 'locomotive': 22607, 'first_train_section': 26334, 'first_section': 22443, 'first_departure_time': 1536897420, 'first_arrival_time': 1536899040, 'second_train_section': 23718, 'second_section': 22455, 'second_departure_time': 1536904680, 'second_arrival_time': 1536916080}
822	{'task_type': 'regular', 'locomotive': 22607, 'train_section': 23718, 'section': 22455, 'departure_time': 1536904680, 'arrival_time': 1536916080}
823	{'task_type': 'deadhead', 'locomotive': 22607, 'first_train_section': 23718, 'first_section': 22455, 'first_departure_time': 1536904680, 'first_arrival_time': 1536916080, 'second_train_section': 23190, 'second_section': 22479, 'second_departure_time': 1536930960, 'second_arrival_time': 1536932580}
824	{'task_type': 'regular', 'locomotive': 22607, 'train_section': 23190, 'section': 22479, 'departure_time': 1536930960, 'arrival_time': 1536932580}
825	{'task_type': 'deadhead', 'locomotive': 22607, 'first_train_section': 23190, 'first_section': 22479, 'first_departure_time': 1536930960, 'first_arrival_time': 1536932580, 'second_train_section': 26362, 'second_section': 22367, 'second_departure_time': 1536940380, 'second_arrival_time': 1536941640}
826	{'task_type': 'regular', 'locomotive': 22607, 'train_section': 26362, 'section': 22367, 'departure_time': 1536940380, 'arrival_time': 1536941640}
827	{'task_type': 'deadhead', 'locomotive': 22607, 'first_train_section': 26362, 'first_section': 22367, 'first_departure_time': 1536940380, 'first_arrival_time': 1536941640, 'second_train_section': 22959, 'second_section': 22294, 'second_departure_time': 1536955680, 'second_arrival_time': 1536958920}
828	{'task_type': 'regular', 'locomotive': 22607, 'train_section': 22959, 'section': 22294, 'departure_time': 1536955680, 'arrival_time': 1536958920}
829	{'task_type': 'deadhead', 'locomotive': 22607, 'first_train_section': 22959, 'first_section': 22294, 'first_departure_time': 1536955680, 'first_arrival_time': 1536958920, 'second_train_section': 24945, 'second_section': 22449, 'second_departure_time': 1536964620, 'second_arrival_time': 1536966840}
830	{'task_type': 'regular', 'locomotive': 22607, 'train_section': 24945, 'section': 22449, 'departure_time': 1536964620, 'arrival_time': 1536966840}
831	{'task_type': 'deadhead', 'locomotive': 22607, 'first_train_section': 22836, 'first_section': 22300, 'first_departure_time': 1536980760, 'first_arrival_time': 1536982500, 'second_train_section': 25128, 'second_section': 22308, 'second_departure_time': 1536993660, 'second_arrival_time': 1536996360}
832	{'task_type': 'regular', 'locomotive': 22607, 'train_section': 25128, 'section': 22308, 'departure_time': 1536993660, 'arrival_time': 1536996360}
833	{'task_type': 'deadhead', 'locomotive': 22607, 'first_train_section': 25128, 'first_section': 22308, 'first_departure_time': 1536993660, 'first_arrival_time': 1536996360, 'second_train_section': 27045, 'second_section': 22416, 'second_departure_time': 1537001640, 'second_arrival_time': 1537005300}
834	{'task_type': 'regular', 'locomotive': 22607, 'train_section': 27045, 'section': 22416, 'departure_time': 1537001640, 'arrival_time': 1537005300}
835	{'task_type': 'deadhead', 'locomotive': 22607, 'first_train_section': 27045, 'first_section': 22416, 'first_departure_time': 1537001640, 'first_arrival_time': 1537005300, 'second_train_section': 26144, 'second_section': 22342, 'second_departure_time': 1537017660, 'second_arrival_time': 1537023780}
836	{'task_type': 'regular', 'locomotive': 22607, 'train_section': 26144, 'section': 22342, 'departure_time': 1537017660, 'arrival_time': 1537023780}
837	{'task_type': 'deadhead', 'locomotive': 22607, 'first_train_section': 26144, 'first_section': 22342, 'first_departure_time': 1537017660, 'first_arrival_time': 1537023780, 'second_train_section': 23813, 'second_section': 22327, 'second_departure_time': 1537103280, 'second_arrival_time': 1537109640}
838	{'task_type': 'regular', 'locomotive': 22607, 'train_section': 23813, 'section': 22327, 'departure_time': 1537103280, 'arrival_time': 1537109640}
839	{'task_type': 'regular', 'locomotive': 22608, 'train_section': 25105, 'section': 22262, 'departure_time': 1536844080, 'arrival_time': 1536844380}
840	{'task_type': 'deadhead', 'locomotive': 22608, 'first_train_section': 25105, 'first_section': 22262, 'first_departure_time': 1536844080, 'first_arrival_time': 1536844380, 'second_train_section': 25109, 'second_section': 22247, 'second_departure_time': 1536847920, 'second_arrival_time': 1536859020}
841	{'task_type': 'regular', 'locomotive': 22608, 'train_section': 25109, 'section': 22247, 'departure_time': 1536847920, 'arrival_time': 1536859020}
842	{'task_type': 'deadhead', 'locomotive': 22608, 'first_train_section': 25109, 'first_section': 22247, 'first_departure_time': 1536847920, 'first_arrival_time': 1536859020, 'second_train_section': 23791, 'second_section': 22407, 'second_departure_time': 1536862680, 'second_arrival_time': 1536869340}
843	{'task_type': 'regular', 'locomotive': 22608, 'train_section': 23791, 'section': 22407, 'departure_time': 1536862680, 'arrival_time': 1536869340}
844	{'task_type': 'regular', 'locomotive': 22608, 'train_section': 23793, 'section': 22334, 'departure_time': 1536869820, 'arrival_time': 1536873000}
845	{'task_type': 'regular', 'locomotive': 22608, 'train_section': 25412, 'section': 22322, 'departure_time': 1536880560, 'arrival_time': 1536888060}
846	{'task_type': 'deadhead', 'locomotive': 22608, 'first_train_section': 25412, 'first_section': 22322, 'first_departure_time': 1536880560, 'first_arrival_time': 1536888060, 'second_train_section': 23184, 'second_section': 22287, 'second_departure_time': 1536894360, 'second_arrival_time': 1536895800}
847	{'task_type': 'regular', 'locomotive': 22608, 'train_section': 23184, 'section': 22287, 'departure_time': 1536894360, 'arrival_time': 1536895800}
848	{'task_type': 'deadhead', 'locomotive': 22608, 'first_train_section': 23184, 'first_section': 22287, 'first_departure_time': 1536894360, 'first_arrival_time': 1536895800, 'second_train_section': 27279, 'second_section': 22342, 'second_departure_time': 1536902460, 'second_arrival_time': 1536908580}
849	{'task_type': 'regular', 'locomotive': 22608, 'train_section': 27279, 'section': 22342, 'departure_time': 1536902460, 'arrival_time': 1536908580}
850	{'task_type': 'deadhead', 'locomotive': 22608, 'first_train_section': 27279, 'first_section': 22342, 'first_departure_time': 1536902460, 'first_arrival_time': 1536908580, 'second_train_section': 22904, 'second_section': 22288, 'second_departure_time': 1536914520, 'second_arrival_time': 1536920880}
851	{'task_type': 'regular', 'locomotive': 22608, 'train_section': 22904, 'section': 22288, 'departure_time': 1536914520, 'arrival_time': 1536920880}
852	{'task_type': 'deadhead', 'locomotive': 22608, 'first_train_section': 22904, 'first_section': 22288, 'first_departure_time': 1536914520, 'first_arrival_time': 1536920880, 'second_train_section': 22908, 'second_section': 22337, 'second_departure_time': 1536926280, 'second_arrival_time': 1536933000}
853	{'task_type': 'regular', 'locomotive': 22608, 'train_section': 22908, 'section': 22337, 'departure_time': 1536926280, 'arrival_time': 1536933000}
854	{'task_type': 'deadhead', 'locomotive': 22608, 'first_train_section': 22908, 'first_section': 22337, 'first_departure_time': 1536926280, 'first_arrival_time': 1536933000, 'second_train_section': 23292, 'second_section': 22404, 'second_departure_time': 1536933360, 'second_arrival_time': 1536942900}
855	{'task_type': 'regular', 'locomotive': 22608, 'train_section': 23292, 'section': 22404, 'departure_time': 1536933360, 'arrival_time': 1536942900}
856	{'task_type': 'deadhead', 'locomotive': 22608, 'first_train_section': 23292, 'first_section': 22404, 'first_departure_time': 1536933360, 'first_arrival_time': 1536942900, 'second_train_section': 24344, 'second_section': 22495, 'second_departure_time': 1536951840, 'second_arrival_time': 1536954660}
857	{'task_type': 'regular', 'locomotive': 22608, 'train_section': 24344, 'section': 22495, 'departure_time': 1536951840, 'arrival_time': 1536954660}
858	{'task_type': 'deadhead', 'locomotive': 22608, 'first_train_section': 24344, 'first_section': 22495, 'first_departure_time': 1536951840, 'first_arrival_time': 1536954660, 'second_train_section': 24378, 'second_section': 22476, 'second_departure_time': 1536959820, 'second_arrival_time': 1536963420}
859	{'task_type': 'regular', 'locomotive': 22608, 'train_section': 24378, 'section': 22476, 'departure_time': 1536959820, 'arrival_time': 1536963420}
860	{'task_type': 'deadhead', 'locomotive': 22608, 'first_train_section': 24378, 'first_section': 22476, 'first_departure_time': 1536959820, 'first_arrival_time': 1536963420, 'second_train_section': 24543, 'second_section': 22293, 'second_departure_time': 1536977880, 'second_arrival_time': 1536986340}
861	{'task_type': 'regular', 'locomotive': 22608, 'train_section': 24543, 'section': 22293, 'departure_time': 1536977880, 'arrival_time': 1536986340}
862	{'task_type': 'deadhead', 'locomotive': 22608, 'first_train_section': 24543, 'first_section': 22293, 'first_departure_time': 1536977880, 'first_arrival_time': 1536986340, 'second_train_section': 26568, 'second_section': 22447, 'second_departure_time': 1536994380, 'second_arrival_time': 1536997440}
863	{'task_type': 'regular', 'locomotive': 22608, 'train_section': 26568, 'section': 22447, 'departure_time': 1536994380, 'arrival_time': 1536997440}
864	{'task_type': 'deadhead', 'locomotive': 22608, 'first_train_section': 26568, 'first_section': 22447, 'first_departure_time': 1536994380, 'first_arrival_time': 1536997440, 'second_train_section': 24079, 'second_section': 22329, 'second_departure_time': 1537001880, 'second_arrival_time': 1537003320}
865	{'task_type': 'regular', 'locomotive': 22608, 'train_section': 24079, 'section': 22329, 'departure_time': 1537001880, 'arrival_time': 1537003320}
866	{'task_type': 'regular', 'locomotive': 22608, 'train_section': 23639, 'section': 22387, 'departure_time': 1537004280, 'arrival_time': 1537005720}
867	{'task_type': 'deadhead', 'locomotive': 22608, 'first_train_section': 23639, 'first_section': 22387, 'first_departure_time': 1537004280, 'first_arrival_time': 1537005720, 'second_train_section': 24164, 'second_section': 22387, 'second_departure_time': 1537018680, 'second_arrival_time': 1537020120}
868	{'task_type': 'regular', 'locomotive': 22608, 'train_section': 24164, 'section': 22387, 'departure_time': 1537018680, 'arrival_time': 1537020120}
869	{'task_type': 'deadhead', 'locomotive': 22608, 'first_train_section': 24164, 'first_section': 22387, 'first_departure_time': 1537018680, 'first_arrival_time': 1537020120, 'second_train_section': 25349, 'second_section': 22323, 'second_departure_time': 1537025940, 'second_arrival_time': 1537029840}
870	{'task_type': 'regular', 'locomotive': 22608, 'train_section': 25349, 'section': 22323, 'departure_time': 1537025940, 'arrival_time': 1537029840}
871	{'task_type': 'deadhead', 'locomotive': 22608, 'first_train_section': 25349, 'first_section': 22323, 'first_departure_time': 1537025940, 'first_arrival_time': 1537029840, 'second_train_section': 25503, 'second_section': 22247, 'second_departure_time': 1537050780, 'second_arrival_time': 1537059480}
872	{'task_type': 'regular', 'locomotive': 22608, 'train_section': 25503, 'section': 22247, 'departure_time': 1537050780, 'arrival_time': 1537059480}
873	{'task_type': 'deadhead', 'locomotive': 22608, 'first_train_section': 25503, 'first_section': 22247, 'first_departure_time': 1537050780, 'first_arrival_time': 1537059480, 'second_train_section': 26173, 'second_section': 22281, 'second_departure_time': 1537082040, 'second_arrival_time': 1537087200}
874	{'task_type': 'regular', 'locomotive': 22608, 'train_section': 26173, 'section': 22281, 'departure_time': 1537082040, 'arrival_time': 1537087200}
875	{'task_type': 'deadhead', 'locomotive': 22609, 'first_train_section': 26668, 'first_section': 22302, 'first_departure_time': 1536860700, 'first_arrival_time': 1536875940, 'second_train_section': 26689, 'second_section': 22369, 'second_departure_time': 1536880320, 'second_arrival_time': 1536883140}
876	{'task_type': 'regular', 'locomotive': 22609, 'train_section': 26689, 'section': 22369, 'departure_time': 1536880320, 'arrival_time': 1536883140}
877	{'task_type': 'deadhead', 'locomotive': 22609, 'first_train_section': 26689, 'first_section': 22369, 'first_departure_time': 1536880320, 'first_arrival_time': 1536883140, 'second_train_section': 26999, 'second_section': 22293, 'second_departure_time': 1536891480, 'second_arrival_time': 1536899940}
878	{'task_type': 'regular', 'locomotive': 22609, 'train_section': 26999, 'section': 22293, 'departure_time': 1536891480, 'arrival_time': 1536899940}
879	{'task_type': 'deadhead', 'locomotive': 22609, 'first_train_section': 26999, 'first_section': 22293, 'first_departure_time': 1536891480, 'first_arrival_time': 1536899940, 'second_train_section': 26683, 'second_section': 22286, 'second_departure_time': 1536904920, 'second_arrival_time': 1536908880}
880	{'task_type': 'regular', 'locomotive': 22609, 'train_section': 26683, 'section': 22286, 'departure_time': 1536904920, 'arrival_time': 1536908880}
881	{'task_type': 'deadhead', 'locomotive': 22609, 'first_train_section': 26683, 'first_section': 22286, 'first_departure_time': 1536904920, 'first_arrival_time': 1536908880, 'second_train_section': 22906, 'second_section': 22323, 'second_departure_time': 1536921480, 'second_arrival_time': 1536925380}
882	{'task_type': 'regular', 'locomotive': 22609, 'train_section': 22906, 'section': 22323, 'departure_time': 1536921480, 'arrival_time': 1536925380}
883	{'task_type': 'deadhead', 'locomotive': 22609, 'first_train_section': 22906, 'first_section': 22323, 'first_departure_time': 1536921480, 'first_arrival_time': 1536925380, 'second_train_section': 24461, 'second_section': 22331, 'second_departure_time': 1536937680, 'second_arrival_time': 1536948540}
884	{'task_type': 'regular', 'locomotive': 22609, 'train_section': 24461, 'section': 22331, 'departure_time': 1536937680, 'arrival_time': 1536948540}
885	{'task_type': 'deadhead', 'locomotive': 22609, 'first_train_section': 23674, 'first_section': 22319, 'first_departure_time': 1536962400, 'first_arrival_time': 1536985500, 'second_train_section': 25978, 'second_section': 22499, 'second_departure_time': 1537011900, 'second_arrival_time': 1537017060}
886	{'task_type': 'regular', 'locomotive': 22609, 'train_section': 25978, 'section': 22499, 'departure_time': 1537011900, 'arrival_time': 1537017060}
887	{'task_type': 'deadhead', 'locomotive': 22609, 'first_train_section': 25978, 'first_section': 22499, 'first_departure_time': 1537011900, 'first_arrival_time': 1537017060, 'second_train_section': 26876, 'second_section': 22334, 'second_departure_time': 1537042620, 'second_arrival_time': 1537045800}
888	{'task_type': 'regular', 'locomotive': 22609, 'train_section': 26876, 'section': 22334, 'departure_time': 1537042620, 'arrival_time': 1537045800}
889	{'task_type': 'deadhead', 'locomotive': 22609, 'first_train_section': 26876, 'first_section': 22334, 'first_departure_time': 1537042620, 'first_arrival_time': 1537045800, 'second_train_section': 26886, 'second_section': 22472, 'second_departure_time': 1537081980, 'second_arrival_time': 1537087140}
890	{'task_type': 'regular', 'locomotive': 22609, 'train_section': 26886, 'section': 22472, 'departure_time': 1537081980, 'arrival_time': 1537087140}
891	{'task_type': 'deadhead', 'locomotive': 22609, 'first_train_section': 26886, 'first_section': 22472, 'first_departure_time': 1537081980, 'first_arrival_time': 1537087140, 'second_train_section': 23981, 'second_section': 22360, 'second_departure_time': 1537116480, 'second_arrival_time': 1537128120}
892	{'task_type': 'regular', 'locomotive': 22609, 'train_section': 23981, 'section': 22360, 'departure_time': 1537116480, 'arrival_time': 1537128120}
893	{'task_type': 'regular', 'locomotive': 22610, 'train_section': 26023, 'section': 22404, 'departure_time': 1536841380, 'arrival_time': 1536849900}
894	{'task_type': 'deadhead', 'locomotive': 22610, 'first_train_section': 23505, 'first_section': 22359, 'first_departure_time': 1536872400, 'first_arrival_time': 1536895800, 'second_train_section': 26341, 'second_section': 22247, 'second_departure_time': 1536908520, 'second_arrival_time': 1536917760}
895	{'task_type': 'regular', 'locomotive': 22610, 'train_section': 26341, 'section': 22247, 'departure_time': 1536908520, 'arrival_time': 1536917760}
896	{'task_type': 'deadhead', 'locomotive': 22610, 'first_train_section': 26341, 'first_section': 22247, 'first_departure_time': 1536908520, 'first_arrival_time': 1536917760, 'second_train_section': 26092, 'second_section': 22404, 'second_departure_time': 1536920400, 'second_arrival_time': 1536929160}
897	{'task_type': 'regular', 'locomotive': 22610, 'train_section': 26092, 'section': 22404, 'departure_time': 1536920400, 'arrival_time': 1536929160}
898	{'task_type': 'deadhead', 'locomotive': 22610, 'first_train_section': 26092, 'first_section': 22404, 'first_departure_time': 1536920400, 'first_arrival_time': 1536929160, 'second_train_section': 23876, 'second_section': 22500, 'second_departure_time': 1536939480, 'second_arrival_time': 1536942600}
899	{'task_type': 'regular', 'locomotive': 22610, 'train_section': 23876, 'section': 22500, 'departure_time': 1536939480, 'arrival_time': 1536942600}
900	{'task_type': 'regular', 'locomotive': 22610, 'train_section': 25445, 'section': 22360, 'departure_time': 1536943680, 'arrival_time': 1536955320}
901	{'task_type': 'deadhead', 'locomotive': 22610, 'first_train_section': 24173, 'first_section': 22377, 'first_departure_time': 1536962100, 'first_arrival_time': 1536962340, 'second_train_section': 26403, 'second_section': 22467, 'second_departure_time': 1536979200, 'second_arrival_time': 1536981900}
902	{'task_type': 'regular', 'locomotive': 22610, 'train_section': 26403, 'section': 22467, 'departure_time': 1536979200, 'arrival_time': 1536981900}
903	{'task_type': 'deadhead', 'locomotive': 22610, 'first_train_section': 26403, 'first_section': 22467, 'first_departure_time': 1536979200, 'first_arrival_time': 1536981900, 'second_train_section': 26167, 'second_section': 22256, 'second_departure_time': 1536986520, 'second_arrival_time': 1536989460}
904	{'task_type': 'regular', 'locomotive': 22610, 'train_section': 26167, 'section': 22256, 'departure_time': 1536986520, 'arrival_time': 1536989460}
905	{'task_type': 'deadhead', 'locomotive': 22610, 'first_train_section': 26167, 'first_section': 22256, 'first_departure_time': 1536986520, 'first_arrival_time': 1536989460, 'second_train_section': 26060, 'second_section': 22314, 'second_departure_time': 1536996840, 'second_arrival_time': 1536999540}
906	{'task_type': 'regular', 'locomotive': 22610, 'train_section': 26060, 'section': 22314, 'departure_time': 1536996840, 'arrival_time': 1536999540}
907	{'task_type': 'deadhead', 'locomotive': 22610, 'first_train_section': 26060, 'first_section': 22314, 'first_departure_time': 1536996840, 'first_arrival_time': 1536999540, 'second_train_section': 26097, 'second_section': 22313, 'second_departure_time': 1537008480, 'second_arrival_time': 1537013400}
908	{'task_type': 'regular', 'locomotive': 22610, 'train_section': 26097, 'section': 22313, 'departure_time': 1537008480, 'arrival_time': 1537013400}
909	{'task_type': 'deadhead', 'locomotive': 22610, 'first_train_section': 26097, 'first_section': 22313, 'first_departure_time': 1537008480, 'first_arrival_time': 1537013400, 'second_train_section': 25351, 'second_section': 22337, 'second_departure_time': 1537030980, 'second_arrival_time': 1537040820}
910	{'task_type': 'regular', 'locomotive': 22610, 'train_section': 25351, 'section': 22337, 'departure_time': 1537030980, 'arrival_time': 1537040820}
911	{'task_type': 'deadhead', 'locomotive': 22610, 'first_train_section': 25351, 'first_section': 22337, 'first_departure_time': 1537030980, 'first_arrival_time': 1537040820, 'second_train_section': 23993, 'second_section': 22397, 'second_departure_time': 1537055400, 'second_arrival_time': 1537063440}
912	{'task_type': 'regular', 'locomotive': 22610, 'train_section': 23993, 'section': 22397, 'departure_time': 1537055400, 'arrival_time': 1537063440}
913	{'task_type': 'deadhead', 'locomotive': 22610, 'first_train_section': 23993, 'first_section': 22397, 'first_departure_time': 1537055400, 'first_arrival_time': 1537063440, 'second_train_section': 26194, 'second_section': 22379, 'second_departure_time': 1537073160, 'second_arrival_time': 1537074600}
914	{'task_type': 'regular', 'locomotive': 22610, 'train_section': 26194, 'section': 22379, 'departure_time': 1537073160, 'arrival_time': 1537074600}
915	{'task_type': 'deadhead', 'locomotive': 22610, 'first_train_section': 26194, 'first_section': 22379, 'first_departure_time': 1537073160, 'first_arrival_time': 1537074600, 'second_train_section': 27459, 'second_section': 22495, 'second_departure_time': 1537125300, 'second_arrival_time': 1537128300}
916	{'task_type': 'regular', 'locomotive': 22610, 'train_section': 27459, 'section': 22495, 'departure_time': 1537125300, 'arrival_time': 1537128300}
917	{'task_type': 'regular', 'locomotive': 22614, 'train_section': 27181, 'section': 22434, 'departure_time': 1536860160, 'arrival_time': 1536865440}
918	{'task_type': 'deadhead', 'locomotive': 22614, 'first_train_section': 27181, 'first_section': 22434, 'first_departure_time': 1536860160, 'first_arrival_time': 1536865440, 'second_train_section': 24444, 'second_section': 22259, 'second_departure_time': 1536873300, 'second_arrival_time': 1536873720}
919	{'task_type': 'regular', 'locomotive': 22614, 'train_section': 24444, 'section': 22259, 'departure_time': 1536873300, 'arrival_time': 1536873720}
920	{'task_type': 'deadhead', 'locomotive': 22614, 'first_train_section': 24444, 'first_section': 22259, 'first_departure_time': 1536873300, 'first_arrival_time': 1536873720, 'second_train_section': 23588, 'second_section': 22245, 'second_departure_time': 1536883560, 'second_arrival_time': 1536888240}
921	{'task_type': 'regular', 'locomotive': 22614, 'train_section': 23588, 'section': 22245, 'departure_time': 1536883560, 'arrival_time': 1536888240}
922	{'task_type': 'regular', 'locomotive': 22614, 'train_section': 23590, 'section': 22308, 'departure_time': 1536888960, 'arrival_time': 1536891600}
923	{'task_type': 'regular', 'locomotive': 22614, 'train_section': 24785, 'section': 22495, 'departure_time': 1536896460, 'arrival_time': 1536899460}
924	{'task_type': 'regular', 'locomotive': 22614, 'train_section': 24788, 'section': 22309, 'departure_time': 1536900960, 'arrival_time': 1536906480}
925	{'task_type': 'deadhead', 'locomotive': 22614, 'first_train_section': 24788, 'first_section': 22309, 'first_departure_time': 1536900960, 'first_arrival_time': 1536906480, 'second_train_section': 24317, 'second_section': 22431, 'second_departure_time': 1536916620, 'second_arrival_time': 1536921000}
926	{'task_type': 'regular', 'locomotive': 22614, 'train_section': 24317, 'section': 22431, 'departure_time': 1536916620, 'arrival_time': 1536921000}
927	{'task_type': 'deadhead', 'locomotive': 22614, 'first_train_section': 24317, 'first_section': 22431, 'first_departure_time': 1536916620, 'first_arrival_time': 1536921000, 'second_train_section': 26162, 'second_section': 22347, 'second_departure_time': 1536938340, 'second_arrival_time': 1536943680}
928	{'task_type': 'regular', 'locomotive': 22614, 'train_section': 26162, 'section': 22347, 'departure_time': 1536938340, 'arrival_time': 1536943680}
929	{'task_type': 'deadhead', 'locomotive': 22614, 'first_train_section': 26162, 'first_section': 22347, 'first_departure_time': 1536938340, 'first_arrival_time': 1536943680, 'second_train_section': 26700, 'second_section': 22334, 'second_departure_time': 1536956220, 'second_arrival_time': 1536959400}
930	{'task_type': 'regular', 'locomotive': 22614, 'train_section': 26700, 'section': 22334, 'departure_time': 1536956220, 'arrival_time': 1536959400}
931	{'task_type': 'deadhead', 'locomotive': 22614, 'first_train_section': 26700, 'first_section': 22334, 'first_departure_time': 1536956220, 'first_arrival_time': 1536959400, 'second_train_section': 25216, 'second_section': 22448, 'second_departure_time': 1536969360, 'second_arrival_time': 1536970620}
932	{'task_type': 'regular', 'locomotive': 22614, 'train_section': 25216, 'section': 22448, 'departure_time': 1536969360, 'arrival_time': 1536970620}
933	{'task_type': 'deadhead', 'locomotive': 22614, 'first_train_section': 25216, 'first_section': 22448, 'first_departure_time': 1536969360, 'first_arrival_time': 1536970620, 'second_train_section': 25213, 'second_section': 22337, 'second_departure_time': 1536985920, 'second_arrival_time': 1536992760}
934	{'task_type': 'regular', 'locomotive': 22614, 'train_section': 25213, 'section': 22337, 'departure_time': 1536985920, 'arrival_time': 1536992760}
935	{'task_type': 'deadhead', 'locomotive': 22614, 'first_train_section': 25213, 'first_section': 22337, 'first_departure_time': 1536985920, 'first_arrival_time': 1536992760, 'second_train_section': 26200, 'second_section': 22403, 'second_departure_time': 1536999540, 'second_arrival_time': 1537002060}
936	{'task_type': 'regular', 'locomotive': 22614, 'train_section': 26200, 'section': 22403, 'departure_time': 1536999540, 'arrival_time': 1537002060}
937	{'task_type': 'deadhead', 'locomotive': 22614, 'first_train_section': 26200, 'first_section': 22403, 'first_departure_time': 1536999540, 'first_arrival_time': 1537002060, 'second_train_section': 24642, 'second_section': 22404, 'second_departure_time': 1537014180, 'second_arrival_time': 1537022700}
938	{'task_type': 'regular', 'locomotive': 22614, 'train_section': 24642, 'section': 22404, 'departure_time': 1537014180, 'arrival_time': 1537022700}
939	{'task_type': 'regular', 'locomotive': 22614, 'train_section': 25597, 'section': 22247, 'departure_time': 1537027380, 'arrival_time': 1537036620}
940	{'task_type': 'deadhead', 'locomotive': 22614, 'first_train_section': 25597, 'first_section': 22247, 'first_departure_time': 1537027380, 'first_arrival_time': 1537036620, 'second_train_section': 23454, 'second_section': 22416, 'second_departure_time': 1537088040, 'second_arrival_time': 1537091700}
941	{'task_type': 'regular', 'locomotive': 22614, 'train_section': 23454, 'section': 22416, 'departure_time': 1537088040, 'arrival_time': 1537091700}
942	{'task_type': 'deadhead', 'locomotive': 22616, 'first_train_section': 23333, 'first_section': 22417, 'first_departure_time': 1536869160, 'first_arrival_time': 1536875940, 'second_train_section': 27366, 'second_section': 22495, 'second_departure_time': 1536882240, 'second_arrival_time': 1536885120}
943	{'task_type': 'regular', 'locomotive': 22616, 'train_section': 27366, 'section': 22495, 'departure_time': 1536882240, 'arrival_time': 1536885120}
944	{'task_type': 'deadhead', 'locomotive': 22616, 'first_train_section': 27366, 'first_section': 22495, 'first_departure_time': 1536882240, 'first_arrival_time': 1536885120, 'second_train_section': 26751, 'second_section': 22251, 'second_departure_time': 1536897060, 'second_arrival_time': 1536901200}
945	{'task_type': 'regular', 'locomotive': 22616, 'train_section': 26751, 'section': 22251, 'departure_time': 1536897060, 'arrival_time': 1536901200}
946	{'task_type': 'deadhead', 'locomotive': 22616, 'first_train_section': 26751, 'first_section': 22251, 'first_departure_time': 1536897060, 'first_arrival_time': 1536901200, 'second_train_section': 26153, 'second_section': 22378, 'second_departure_time': 1536908700, 'second_arrival_time': 1536912360}
947	{'task_type': 'regular', 'locomotive': 22616, 'train_section': 26153, 'section': 22378, 'departure_time': 1536908700, 'arrival_time': 1536912360}
948	{'task_type': 'regular', 'locomotive': 22616, 'train_section': 24261, 'section': 22416, 'departure_time': 1536920640, 'arrival_time': 1536924300}
949	{'task_type': 'deadhead', 'locomotive': 22616, 'first_train_section': 24261, 'first_section': 22416, 'first_departure_time': 1536920640, 'first_arrival_time': 1536924300, 'second_train_section': 25827, 'second_section': 22338, 'second_departure_time': 1536935040, 'second_arrival_time': 1536947160}
950	{'task_type': 'regular', 'locomotive': 22616, 'train_section': 25827, 'section': 22338, 'departure_time': 1536935040, 'arrival_time': 1536947160}
951	{'task_type': 'deadhead', 'locomotive': 22616, 'first_train_section': 25827, 'first_section': 22338, 'first_departure_time': 1536935040, 'first_arrival_time': 1536947160, 'second_train_section': 25734, 'second_section': 22431, 'second_departure_time': 1536948180, 'second_arrival_time': 1536952140}
952	{'task_type': 'regular', 'locomotive': 22616, 'train_section': 25734, 'section': 22431, 'departure_time': 1536948180, 'arrival_time': 1536952140}
953	{'task_type': 'deadhead', 'locomotive': 22616, 'first_train_section': 25734, 'first_section': 22431, 'first_departure_time': 1536948180, 'first_arrival_time': 1536952140, 'second_train_section': 22704, 'second_section': 22443, 'second_departure_time': 1536954840, 'second_arrival_time': 1536956520}
954	{'task_type': 'regular', 'locomotive': 22616, 'train_section': 22704, 'section': 22443, 'departure_time': 1536954840, 'arrival_time': 1536956520}
955	{'task_type': 'regular', 'locomotive': 22616, 'train_section': 26065, 'section': 22495, 'departure_time': 1536960180, 'arrival_time': 1536963120}
956	{'task_type': 'deadhead', 'locomotive': 22616, 'first_train_section': 26065, 'first_section': 22495, 'first_departure_time': 1536960180, 'first_arrival_time': 1536963120, 'second_train_section': 24694, 'second_section': 22356, 'second_departure_time': 1536973320, 'second_arrival_time': 1536981060}
957	{'task_type': 'regular', 'locomotive': 22616, 'train_section': 24694, 'section': 22356, 'departure_time': 1536973320, 'arrival_time': 1536981060}
958	{'task_type': 'deadhead', 'locomotive': 22616, 'first_train_section': 24694, 'first_section': 22356, 'first_departure_time': 1536973320, 'first_arrival_time': 1536981060, 'second_train_section': 25126, 'second_section': 22245, 'second_departure_time': 1536987480, 'second_arrival_time': 1536992940}
959	{'task_type': 'regular', 'locomotive': 22616, 'train_section': 25126, 'section': 22245, 'departure_time': 1536987480, 'arrival_time': 1536992940}
960	{'task_type': 'regular', 'locomotive': 22616, 'train_section': 22846, 'section': 22309, 'departure_time': 1537001160, 'arrival_time': 1537005720}
961	{'task_type': 'deadhead', 'locomotive': 22616, 'first_train_section': 22846, 'first_section': 22309, 'first_departure_time': 1537001160, 'first_arrival_time': 1537005720, 'second_train_section': 24671, 'second_section': 22416, 'second_departure_time': 1537037640, 'second_arrival_time': 1537041300}
962	{'task_type': 'regular', 'locomotive': 22616, 'train_section': 24671, 'section': 22416, 'departure_time': 1537037640, 'arrival_time': 1537041300}
963	{'task_type': 'regular', 'locomotive': 22618, 'train_section': 27266, 'section': 22345, 'departure_time': 1536870300, 'arrival_time': 1536873240}
964	{'task_type': 'deadhead', 'locomotive': 22618, 'first_train_section': 27266, 'first_section': 22345, 'first_departure_time': 1536870300, 'first_arrival_time': 1536873240, 'second_train_section': 24189, 'second_section': 22309, 'second_departure_time': 1536877560, 'second_arrival_time': 1536882420}
965	{'task_type': 'regular', 'locomotive': 22618, 'train_section': 24189, 'section': 22309, 'departure_time': 1536877560, 'arrival_time': 1536882420}
966	{'task_type': 'deadhead', 'locomotive': 22618, 'first_train_section': 24189, 'first_section': 22309, 'first_departure_time': 1536877560, 'first_arrival_time': 1536882420, 'second_train_section': 27352, 'second_section': 22356, 'second_departure_time': 1536886920, 'second_arrival_time': 1536894660}
967	{'task_type': 'regular', 'locomotive': 22618, 'train_section': 27352, 'section': 22356, 'departure_time': 1536886920, 'arrival_time': 1536894660}
968	{'task_type': 'deadhead', 'locomotive': 22618, 'first_train_section': 27352, 'first_section': 22356, 'first_departure_time': 1536886920, 'first_arrival_time': 1536894660, 'second_train_section': 25918, 'second_section': 22499, 'second_departure_time': 1536903900, 'second_arrival_time': 1536909060}
969	{'task_type': 'regular', 'locomotive': 22618, 'train_section': 25918, 'section': 22499, 'departure_time': 1536903900, 'arrival_time': 1536909060}
970	{'task_type': 'regular', 'locomotive': 22618, 'train_section': 25921, 'section': 22347, 'departure_time': 1536909540, 'arrival_time': 1536914880}
971	{'task_type': 'regular', 'locomotive': 22618, 'train_section': 25923, 'section': 22471, 'departure_time': 1536915420, 'arrival_time': 1536918240}
972	{'task_type': 'deadhead', 'locomotive': 22618, 'first_train_section': 25923, 'first_section': 22471, 'first_departure_time': 1536915420, 'first_arrival_time': 1536918240, 'second_train_section': 25096, 'second_section': 22313, 'second_departure_time': 1536929280, 'second_arrival_time': 1536934200}
973	{'task_type': 'regular', 'locomotive': 22618, 'train_section': 25096, 'section': 22313, 'departure_time': 1536929280, 'arrival_time': 1536934200}
974	{'task_type': 'deadhead', 'locomotive': 22618, 'first_train_section': 25096, 'first_section': 22313, 'first_departure_time': 1536929280, 'first_arrival_time': 1536934200, 'second_train_section': 25716, 'second_section': 22254, 'second_departure_time': 1536943680, 'second_arrival_time': 1536944340}
975	{'task_type': 'regular', 'locomotive': 22618, 'train_section': 25716, 'section': 22254, 'departure_time': 1536943680, 'arrival_time': 1536944340}
976	{'task_type': 'deadhead', 'locomotive': 22618, 'first_train_section': 25716, 'first_section': 22254, 'first_departure_time': 1536943680, 'first_arrival_time': 1536944340, 'second_train_section': 27385, 'second_section': 22255, 'second_departure_time': 1536948300, 'second_arrival_time': 1536949200}
977	{'task_type': 'regular', 'locomotive': 22618, 'train_section': 27385, 'section': 22255, 'departure_time': 1536948300, 'arrival_time': 1536949200}
978	{'task_type': 'deadhead', 'locomotive': 22618, 'first_train_section': 23770, 'first_section': 22237, 'first_departure_time': 1536962400, 'first_arrival_time': 1536985500, 'second_train_section': 24595, 'second_section': 22281, 'second_departure_time': 1536995640, 'second_arrival_time': 1537000800}
979	{'task_type': 'regular', 'locomotive': 22618, 'train_section': 24595, 'section': 22281, 'departure_time': 1536995640, 'arrival_time': 1537000800}
980	{'task_type': 'deadhead', 'locomotive': 22618, 'first_train_section': 24595, 'first_section': 22281, 'first_departure_time': 1536995640, 'first_arrival_time': 1537000800, 'second_train_section': 23175, 'second_section': 22378, 'second_departure_time': 1537016700, 'second_arrival_time': 1537020360}
981	{'task_type': 'regular', 'locomotive': 22618, 'train_section': 23175, 'section': 22378, 'departure_time': 1537016700, 'arrival_time': 1537020360}
982	{'task_type': 'deadhead', 'locomotive': 22618, 'first_train_section': 23175, 'first_section': 22378, 'first_departure_time': 1537016700, 'first_arrival_time': 1537020360, 'second_train_section': 25499, 'second_section': 22495, 'second_departure_time': 1537042920, 'second_arrival_time': 1537045620}
983	{'task_type': 'regular', 'locomotive': 22618, 'train_section': 25499, 'section': 22495, 'departure_time': 1537042920, 'arrival_time': 1537045620}
984	{'task_type': 'regular', 'locomotive': 22619, 'train_section': 26303, 'section': 22416, 'departure_time': 1536899040, 'arrival_time': 1536902700}
985	{'task_type': 'deadhead', 'locomotive': 22619, 'first_train_section': 26303, 'first_section': 22416, 'first_departure_time': 1536899040, 'first_arrival_time': 1536902700, 'second_train_section': 26589, 'second_section': 22308, 'second_departure_time': 1536915840, 'second_arrival_time': 1536918480}
986	{'task_type': 'regular', 'locomotive': 22619, 'train_section': 26589, 'section': 22308, 'departure_time': 1536915840, 'arrival_time': 1536918480}
987	{'task_type': 'deadhead', 'locomotive': 22619, 'first_train_section': 26589, 'first_section': 22308, 'first_departure_time': 1536915840, 'first_arrival_time': 1536918480, 'second_train_section': 25171, 'second_section': 22500, 'second_departure_time': 1536932280, 'second_arrival_time': 1536935400}
988	{'task_type': 'regular', 'locomotive': 22619, 'train_section': 25171, 'section': 22500, 'departure_time': 1536932280, 'arrival_time': 1536935400}
989	{'task_type': 'deadhead', 'locomotive': 22619, 'first_train_section': 27430, 'first_section': 22302, 'first_departure_time': 1536947100, 'first_arrival_time': 1536962340, 'second_train_section': 23415, 'second_section': 22368, 'second_departure_time': 1536968880, 'second_arrival_time': 1536972600}
990	{'task_type': 'regular', 'locomotive': 22619, 'train_section': 23415, 'section': 22368, 'departure_time': 1536968880, 'arrival_time': 1536972600}
991	{'task_type': 'deadhead', 'locomotive': 22619, 'first_train_section': 23415, 'first_section': 22368, 'first_departure_time': 1536968880, 'first_arrival_time': 1536972600, 'second_train_section': 25689, 'second_section': 22499, 'second_departure_time': 1536990300, 'second_arrival_time': 1536995460}
992	{'task_type': 'regular', 'locomotive': 22619, 'train_section': 25689, 'section': 22499, 'departure_time': 1536990300, 'arrival_time': 1536995460}
993	{'task_type': 'regular', 'locomotive': 22619, 'train_section': 25692, 'section': 22347, 'departure_time': 1536995940, 'arrival_time': 1537001280}
994	{'task_type': 'regular', 'locomotive': 22619, 'train_section': 25694, 'section': 22471, 'departure_time': 1537001820, 'arrival_time': 1537004640}
995	{'task_type': 'deadhead', 'locomotive': 22619, 'first_train_section': 25694, 'first_section': 22471, 'first_departure_time': 1537001820, 'first_arrival_time': 1537004640, 'second_train_section': 26625, 'second_section': 22378, 'second_departure_time': 1537031100, 'second_arrival_time': 1537034760}
996	{'task_type': 'regular', 'locomotive': 22619, 'train_section': 26625, 'section': 22378, 'departure_time': 1537031100, 'arrival_time': 1537034760}
997	{'task_type': 'deadhead', 'locomotive': 22619, 'first_train_section': 26625, 'first_section': 22378, 'first_departure_time': 1537031100, 'first_arrival_time': 1537034760, 'second_train_section': 23248, 'second_section': 22313, 'second_departure_time': 1537105020, 'second_arrival_time': 1537110480}
998	{'task_type': 'regular', 'locomotive': 22619, 'train_section': 23248, 'section': 22313, 'departure_time': 1537105020, 'arrival_time': 1537110480}
999	{'task_type': 'regular', 'locomotive': 22620, 'train_section': 25023, 'section': 22416, 'departure_time': 1536895440, 'arrival_time': 1536899100}
1000	{'task_type': 'deadhead', 'locomotive': 22620, 'first_train_section': 25023, 'first_section': 22416, 'first_departure_time': 1536895440, 'first_arrival_time': 1536899100, 'second_train_section': 24195, 'second_section': 22349, 'second_departure_time': 1536913920, 'second_arrival_time': 1536919500}
1001	{'task_type': 'regular', 'locomotive': 22620, 'train_section': 24195, 'section': 22349, 'departure_time': 1536913920, 'arrival_time': 1536919500}
1002	{'task_type': 'deadhead', 'locomotive': 22620, 'first_train_section': 24195, 'first_section': 22349, 'first_departure_time': 1536913920, 'first_arrival_time': 1536919500, 'second_train_section': 26094, 'second_section': 22248, 'second_departure_time': 1536929760, 'second_arrival_time': 1536932400}
1003	{'task_type': 'regular', 'locomotive': 22620, 'train_section': 26094, 'section': 22248, 'departure_time': 1536929760, 'arrival_time': 1536932400}
1004	{'task_type': 'regular', 'locomotive': 22620, 'train_section': 26360, 'section': 22482, 'departure_time': 1536935100, 'arrival_time': 1536937020}
1005	{'task_type': 'deadhead', 'locomotive': 22620, 'first_train_section': 26360, 'first_section': 22482, 'first_departure_time': 1536935100, 'first_arrival_time': 1536937020, 'second_train_section': 25448, 'second_section': 22500, 'second_departure_time': 1536946680, 'second_arrival_time': 1536949800}
1006	{'task_type': 'regular', 'locomotive': 22620, 'train_section': 25448, 'section': 22500, 'departure_time': 1536946680, 'arrival_time': 1536949800}
1007	{'task_type': 'deadhead', 'locomotive': 22620, 'first_train_section': 25448, 'first_section': 22500, 'first_departure_time': 1536946680, 'first_arrival_time': 1536949800, 'second_train_section': 26927, 'second_section': 22508, 'second_departure_time': 1536953820, 'second_arrival_time': 1536957360}
1008	{'task_type': 'regular', 'locomotive': 22620, 'train_section': 26927, 'section': 22508, 'departure_time': 1536953820, 'arrival_time': 1536957360}
1009	{'task_type': 'deadhead', 'locomotive': 22620, 'first_train_section': 26927, 'first_section': 22508, 'first_departure_time': 1536953820, 'first_arrival_time': 1536957360, 'second_train_section': 23617, 'second_section': 22259, 'second_departure_time': 1536959700, 'second_arrival_time': 1536960120}
1010	{'task_type': 'regular', 'locomotive': 22620, 'train_section': 23617, 'section': 22259, 'departure_time': 1536959700, 'arrival_time': 1536960120}
1011	{'task_type': 'regular', 'locomotive': 22620, 'train_section': 23619, 'section': 22266, 'departure_time': 1536960300, 'arrival_time': 1536966840}
1012	{'task_type': 'deadhead', 'locomotive': 22620, 'first_train_section': 23619, 'first_section': 22266, 'first_departure_time': 1536960300, 'first_arrival_time': 1536966840, 'second_train_section': 26260, 'second_section': 22505, 'second_departure_time': 1536973500, 'second_arrival_time': 1536978420}
1013	{'task_type': 'regular', 'locomotive': 22620, 'train_section': 26260, 'section': 22505, 'departure_time': 1536973500, 'arrival_time': 1536978420}
1014	{'task_type': 'deadhead', 'locomotive': 22620, 'first_train_section': 26260, 'first_section': 22505, 'first_departure_time': 1536973500, 'first_arrival_time': 1536978420, 'second_train_section': 23606, 'second_section': 22477, 'second_departure_time': 1536985200, 'second_arrival_time': 1536987600}
1015	{'task_type': 'regular', 'locomotive': 22620, 'train_section': 23606, 'section': 22477, 'departure_time': 1536985200, 'arrival_time': 1536987600}
1016	{'task_type': 'deadhead', 'locomotive': 22620, 'first_train_section': 23606, 'first_section': 22477, 'first_departure_time': 1536985200, 'first_arrival_time': 1536987600, 'second_train_section': 25130, 'second_section': 22496, 'second_departure_time': 1536997260, 'second_arrival_time': 1537002060}
1017	{'task_type': 'regular', 'locomotive': 22620, 'train_section': 25130, 'section': 22496, 'departure_time': 1536997260, 'arrival_time': 1537002060}
1018	{'task_type': 'deadhead', 'locomotive': 22620, 'first_train_section': 25130, 'first_section': 22496, 'first_departure_time': 1536997260, 'first_arrival_time': 1537002060, 'second_train_section': 23748, 'second_section': 22435, 'second_departure_time': 1537006980, 'second_arrival_time': 1537012320}
1019	{'task_type': 'regular', 'locomotive': 22620, 'train_section': 23748, 'section': 22435, 'departure_time': 1537006980, 'arrival_time': 1537012320}
1020	{'task_type': 'deadhead', 'locomotive': 22620, 'first_train_section': 25491, 'first_section': 22359, 'first_departure_time': 1537048860, 'first_arrival_time': 1537068600, 'second_train_section': 25415, 'second_section': 22499, 'second_departure_time': 1537083900, 'second_arrival_time': 1537089060}
1021	{'task_type': 'regular', 'locomotive': 22620, 'train_section': 25415, 'section': 22499, 'departure_time': 1537083900, 'arrival_time': 1537089060}
1022	{'task_type': 'regular', 'locomotive': 22620, 'train_section': 23996, 'section': 22342, 'departure_time': 1537104060, 'arrival_time': 1537110180}
1023	{'task_type': 'deadhead', 'locomotive': 22620, 'first_train_section': 23996, 'first_section': 22342, 'first_departure_time': 1537104060, 'first_arrival_time': 1537110180, 'second_train_section': 23785, 'second_section': 22452, 'second_departure_time': 1537121760, 'second_arrival_time': 1537123560}
1024	{'task_type': 'regular', 'locomotive': 22620, 'train_section': 23785, 'section': 22452, 'departure_time': 1537121760, 'arrival_time': 1537123560}
