1	{'task_type': 'regular', 'locomotive': 22552, 'train_section': 22969, 'section': 22416, 'departure_time': 1536636240, 'arrival_time': 1536639900}
2	{'task_type': 'regular', 'locomotive': 22552, 'train_section': 27384, 'section': 22378, 'departure_time': 1536644100, 'arrival_time': 1536647760}
3	{'task_type': 'deadhead', 'locomotive': 22552, 'first_train_section': 27384, 'first_section': 22378, 'first_departure_time': 1536644100, 'first_arrival_time': 1536647760, 'second_train_section': 24797, 'second_section': 22427, 'second_departure_time': 1536652980, 'second_arrival_time': 1536655800}
4	{'task_type': 'regular', 'locomotive': 22552, 'train_section': 24797, 'section': 22427, 'departure_time': 1536652980, 'arrival_time': 1536655800}
5	{'task_type': 'regular', 'locomotive': 22552, 'train_section': 24799, 'section': 22443, 'departure_time': 1536656940, 'arrival_time': 1536658620}
6	{'task_type': 'deadhead', 'locomotive': 22552, 'first_train_section': 24799, 'first_section': 22443, 'first_departure_time': 1536656940, 'first_arrival_time': 1536658620, 'second_train_section': 27628, 'second_section': 22338, 'second_departure_time': 1536675840, 'second_arrival_time': 1536687960}
7	{'task_type': 'regular', 'locomotive': 22552, 'train_section': 27628, 'section': 22338, 'departure_time': 1536675840, 'arrival_time': 1536687960}
8	{'task_type': 'deadhead', 'locomotive': 22552, 'first_train_section': 27628, 'first_section': 22338, 'first_departure_time': 1536675840, 'first_arrival_time': 1536687960, 'second_train_section': 26876, 'second_section': 22416, 'second_departure_time': 1536692040, 'second_arrival_time': 1536695700}
9	{'task_type': 'regular', 'locomotive': 22552, 'train_section': 26876, 'section': 22416, 'departure_time': 1536692040, 'arrival_time': 1536695700}
10	{'task_type': 'regular', 'locomotive': 22552, 'train_section': 23168, 'section': 22251, 'departure_time': 1536726540, 'arrival_time': 1536730260}
11	{'task_type': 'deadhead', 'locomotive': 22552, 'first_train_section': 23168, 'first_section': 22251, 'first_departure_time': 1536726540, 'first_arrival_time': 1536730260, 'second_train_section': 23301, 'second_section': 22496, 'second_departure_time': 1536738060, 'second_arrival_time': 1536742860}
12	{'task_type': 'regular', 'locomotive': 22552, 'train_section': 23301, 'section': 22496, 'departure_time': 1536738060, 'arrival_time': 1536742860}
13	{'task_type': 'deadhead', 'locomotive': 22552, 'first_train_section': 23301, 'first_section': 22496, 'first_departure_time': 1536738060, 'first_arrival_time': 1536742860, 'second_train_section': 24255, 'second_section': 22416, 'second_departure_time': 1536751440, 'second_arrival_time': 1536755100}
14	{'task_type': 'regular', 'locomotive': 22552, 'train_section': 24255, 'section': 22416, 'departure_time': 1536751440, 'arrival_time': 1536755100}
15	{'task_type': 'regular', 'locomotive': 22552, 'train_section': 26594, 'section': 22378, 'departure_time': 1536757500, 'arrival_time': 1536761160}
16	{'task_type': 'deadhead', 'locomotive': 22552, 'first_train_section': 26594, 'first_section': 22378, 'first_departure_time': 1536757500, 'first_arrival_time': 1536761160, 'second_train_section': 26451, 'second_section': 22378, 'second_departure_time': 1536766500, 'second_arrival_time': 1536770160}
17	{'task_type': 'regular', 'locomotive': 22552, 'train_section': 26451, 'section': 22378, 'departure_time': 1536766500, 'arrival_time': 1536770160}
18	{'task_type': 'deadhead', 'locomotive': 22552, 'first_train_section': 26451, 'first_section': 22378, 'first_departure_time': 1536766500, 'first_arrival_time': 1536770160, 'second_train_section': 26709, 'second_section': 22431, 'second_departure_time': 1536775380, 'second_arrival_time': 1536779340}
19	{'task_type': 'regular', 'locomotive': 22552, 'train_section': 26709, 'section': 22431, 'departure_time': 1536775380, 'arrival_time': 1536779340}
20	{'task_type': 'deadhead', 'locomotive': 22552, 'first_train_section': 26709, 'first_section': 22431, 'first_departure_time': 1536775380, 'first_arrival_time': 1536779340, 'second_train_section': 25503, 'second_section': 22443, 'second_departure_time': 1536782040, 'second_arrival_time': 1536783720}
21	{'task_type': 'regular', 'locomotive': 22552, 'train_section': 25503, 'section': 22443, 'departure_time': 1536782040, 'arrival_time': 1536783720}
22	{'task_type': 'regular', 'locomotive': 22552, 'train_section': 27254, 'section': 22495, 'departure_time': 1536786720, 'arrival_time': 1536789660}
23	{'task_type': 'regular', 'locomotive': 22552, 'train_section': 26789, 'section': 22308, 'departure_time': 1536795360, 'arrival_time': 1536798060}
24	{'task_type': 'deadhead', 'locomotive': 22552, 'first_train_section': 26789, 'first_section': 22308, 'first_departure_time': 1536795360, 'first_arrival_time': 1536798060, 'second_train_section': 26306, 'second_section': 22354, 'second_departure_time': 1536809940, 'second_arrival_time': 1536814560}
25	{'task_type': 'regular', 'locomotive': 22552, 'train_section': 26306, 'section': 22354, 'departure_time': 1536809940, 'arrival_time': 1536814560}
26	{'task_type': 'deadhead', 'locomotive': 22552, 'first_train_section': 26053, 'first_section': 22417, 'first_departure_time': 1536825960, 'first_arrival_time': 1536837840, 'second_train_section': 22686, 'second_section': 22475, 'second_departure_time': 1536849060, 'second_arrival_time': 1536853080}
27	{'task_type': 'regular', 'locomotive': 22552, 'train_section': 22686, 'section': 22475, 'departure_time': 1536849060, 'arrival_time': 1536853080}
28	{'task_type': 'deadhead', 'locomotive': 22552, 'first_train_section': 22686, 'first_section': 22475, 'first_departure_time': 1536849060, 'first_arrival_time': 1536853080, 'second_train_section': 26968, 'second_section': 22433, 'second_departure_time': 1536857760, 'second_arrival_time': 1536858240}
29	{'task_type': 'regular', 'locomotive': 22552, 'train_section': 26968, 'section': 22433, 'departure_time': 1536857760, 'arrival_time': 1536858240}
30	{'task_type': 'deadhead', 'locomotive': 22552, 'first_train_section': 26968, 'first_section': 22433, 'first_departure_time': 1536857760, 'first_arrival_time': 1536858240, 'second_train_section': 24228, 'second_section': 22416, 'second_departure_time': 1536864840, 'second_arrival_time': 1536868500}
31	{'task_type': 'regular', 'locomotive': 22552, 'train_section': 24228, 'section': 22416, 'departure_time': 1536864840, 'arrival_time': 1536868500}
32	{'task_type': 'deadhead', 'locomotive': 22552, 'first_train_section': 24228, 'first_section': 22416, 'first_departure_time': 1536864840, 'first_arrival_time': 1536868500, 'second_train_section': 23636, 'second_section': 22375, 'second_departure_time': 1536871560, 'second_arrival_time': 1536880140}
33	{'task_type': 'regular', 'locomotive': 22552, 'train_section': 23636, 'section': 22375, 'departure_time': 1536871560, 'arrival_time': 1536880140}
34	{'task_type': 'deadhead', 'locomotive': 22552, 'first_train_section': 23636, 'first_section': 22375, 'first_departure_time': 1536871560, 'first_arrival_time': 1536880140, 'second_train_section': 22657, 'second_section': 22292, 'second_departure_time': 1536886500, 'second_arrival_time': 1536888780}
35	{'task_type': 'regular', 'locomotive': 22552, 'train_section': 22657, 'section': 22292, 'departure_time': 1536886500, 'arrival_time': 1536888780}
36	{'task_type': 'deadhead', 'locomotive': 22552, 'first_train_section': 22657, 'first_section': 22292, 'first_departure_time': 1536886500, 'first_arrival_time': 1536888780, 'second_train_section': 25151, 'second_section': 22447, 'second_departure_time': 1536893100, 'second_arrival_time': 1536895800}
37	{'task_type': 'regular', 'locomotive': 22552, 'train_section': 25151, 'section': 22447, 'departure_time': 1536893100, 'arrival_time': 1536895800}
38	{'task_type': 'deadhead', 'locomotive': 22552, 'first_train_section': 25151, 'first_section': 22447, 'first_departure_time': 1536893100, 'first_arrival_time': 1536895800, 'second_train_section': 26216, 'second_section': 22329, 'second_departure_time': 1536901080, 'second_arrival_time': 1536902520}
39	{'task_type': 'regular', 'locomotive': 22552, 'train_section': 26216, 'section': 22329, 'departure_time': 1536901080, 'arrival_time': 1536902520}
40	{'task_type': 'deadhead', 'locomotive': 22552, 'first_train_section': 26216, 'first_section': 22329, 'first_departure_time': 1536901080, 'first_arrival_time': 1536902520, 'second_train_section': 23872, 'second_section': 22333, 'second_departure_time': 1536905700, 'second_arrival_time': 1536908520}
41	{'task_type': 'regular', 'locomotive': 22552, 'train_section': 23872, 'section': 22333, 'departure_time': 1536905700, 'arrival_time': 1536908520}
42	{'task_type': 'deadhead', 'locomotive': 22552, 'first_train_section': 23872, 'first_section': 22333, 'first_departure_time': 1536905700, 'first_arrival_time': 1536908520, 'second_train_section': 23876, 'second_section': 22351, 'second_departure_time': 1536914880, 'second_arrival_time': 1536920040}
43	{'task_type': 'regular', 'locomotive': 22552, 'train_section': 23876, 'section': 22351, 'departure_time': 1536914880, 'arrival_time': 1536920040}
44	{'task_type': 'deadhead', 'locomotive': 22552, 'first_train_section': 23876, 'first_section': 22351, 'first_departure_time': 1536914880, 'first_arrival_time': 1536920040, 'second_train_section': 26350, 'second_section': 22248, 'second_departure_time': 1536929760, 'second_arrival_time': 1536932400}
45	{'task_type': 'regular', 'locomotive': 22552, 'train_section': 26350, 'section': 22248, 'departure_time': 1536929760, 'arrival_time': 1536932400}
46	{'task_type': 'deadhead', 'locomotive': 22552, 'first_train_section': 26350, 'first_section': 22248, 'first_departure_time': 1536929760, 'first_arrival_time': 1536932400, 'second_train_section': 26200, 'second_section': 22249, 'second_departure_time': 1536936480, 'second_arrival_time': 1536942480}
47	{'task_type': 'regular', 'locomotive': 22552, 'train_section': 26200, 'section': 22249, 'departure_time': 1536936480, 'arrival_time': 1536942480}
48	{'task_type': 'deadhead', 'locomotive': 22552, 'first_train_section': 26200, 'first_section': 22249, 'first_departure_time': 1536936480, 'first_arrival_time': 1536942480, 'second_train_section': 25657, 'second_section': 22500, 'second_departure_time': 1536946680, 'second_arrival_time': 1536949800}
49	{'task_type': 'regular', 'locomotive': 22552, 'train_section': 25657, 'section': 22500, 'departure_time': 1536946680, 'arrival_time': 1536949800}
50	{'task_type': 'deadhead', 'locomotive': 22552, 'first_train_section': 25657, 'first_section': 22500, 'first_departure_time': 1536946680, 'first_arrival_time': 1536949800, 'second_train_section': 24524, 'second_section': 22501, 'second_departure_time': 1536956640, 'second_arrival_time': 1536958860}
51	{'task_type': 'regular', 'locomotive': 22552, 'train_section': 24524, 'section': 22501, 'departure_time': 1536956640, 'arrival_time': 1536958860}
52	{'task_type': 'deadhead', 'locomotive': 22552, 'first_train_section': 24524, 'first_section': 22501, 'first_departure_time': 1536956640, 'first_arrival_time': 1536958860, 'second_train_section': 23705, 'second_section': 22266, 'second_departure_time': 1536960300, 'second_arrival_time': 1536966840}
53	{'task_type': 'regular', 'locomotive': 22552, 'train_section': 23705, 'section': 22266, 'departure_time': 1536960300, 'arrival_time': 1536966840}
54	{'task_type': 'deadhead', 'locomotive': 22552, 'first_train_section': 23705, 'first_section': 22266, 'first_departure_time': 1536960300, 'first_arrival_time': 1536966840, 'second_train_section': 23631, 'second_section': 22247, 'second_departure_time': 1536976200, 'second_arrival_time': 1536986760}
55	{'task_type': 'regular', 'locomotive': 22552, 'train_section': 23631, 'section': 22247, 'departure_time': 1536976200, 'arrival_time': 1536986760}
56	{'task_type': 'deadhead', 'locomotive': 22552, 'first_train_section': 23631, 'first_section': 22247, 'first_departure_time': 1536976200, 'first_arrival_time': 1536986760, 'second_train_section': 23858, 'second_section': 22435, 'second_departure_time': 1537006980, 'second_arrival_time': 1537012320}
57	{'task_type': 'regular', 'locomotive': 22552, 'train_section': 23858, 'section': 22435, 'departure_time': 1537006980, 'arrival_time': 1537012320}
58	{'task_type': 'deadhead', 'locomotive': 22556, 'first_train_section': 23021, 'first_section': 22319, 'first_departure_time': 1536601260, 'first_arrival_time': 1536616680, 'second_train_section': 23892, 'second_section': 22299, 'second_departure_time': 1536637860, 'second_arrival_time': 1536641640}
59	{'task_type': 'regular', 'locomotive': 22556, 'train_section': 23892, 'section': 22299, 'departure_time': 1536637860, 'arrival_time': 1536641640}
60	{'task_type': 'deadhead', 'locomotive': 22556, 'first_train_section': 23892, 'first_section': 22299, 'first_departure_time': 1536637860, 'first_arrival_time': 1536641640, 'second_train_section': 27680, 'second_section': 22288, 'second_departure_time': 1536655320, 'second_arrival_time': 1536661680}
61	{'task_type': 'regular', 'locomotive': 22556, 'train_section': 27680, 'section': 22288, 'departure_time': 1536655320, 'arrival_time': 1536661680}
62	{'task_type': 'deadhead', 'locomotive': 22556, 'first_train_section': 27680, 'first_section': 22288, 'first_departure_time': 1536655320, 'first_arrival_time': 1536661680, 'second_train_section': 23869, 'second_section': 22331, 'second_departure_time': 1536671280, 'second_arrival_time': 1536682080}
63	{'task_type': 'regular', 'locomotive': 22556, 'train_section': 23869, 'section': 22331, 'departure_time': 1536671280, 'arrival_time': 1536682080}
64	{'task_type': 'deadhead', 'locomotive': 22556, 'first_train_section': 23869, 'first_section': 22331, 'first_departure_time': 1536671280, 'first_arrival_time': 1536682080, 'second_train_section': 23318, 'second_section': 22323, 'second_departure_time': 1536695340, 'second_arrival_time': 1536698580}
65	{'task_type': 'regular', 'locomotive': 22556, 'train_section': 23318, 'section': 22323, 'departure_time': 1536695340, 'arrival_time': 1536698580}
66	{'task_type': 'deadhead', 'locomotive': 22556, 'first_train_section': 23318, 'first_section': 22323, 'first_departure_time': 1536695340, 'first_arrival_time': 1536698580, 'second_train_section': 26422, 'second_section': 22483, 'second_departure_time': 1536713520, 'second_arrival_time': 1536716580}
67	{'task_type': 'regular', 'locomotive': 22556, 'train_section': 26422, 'section': 22483, 'departure_time': 1536713520, 'arrival_time': 1536716580}
68	{'task_type': 'deadhead', 'locomotive': 22556, 'first_train_section': 26422, 'first_section': 22483, 'first_departure_time': 1536713520, 'first_arrival_time': 1536716580, 'second_train_section': 23297, 'second_section': 22245, 'second_departure_time': 1536728280, 'second_arrival_time': 1536733740}
69	{'task_type': 'regular', 'locomotive': 22556, 'train_section': 23297, 'section': 22245, 'departure_time': 1536728280, 'arrival_time': 1536733740}
70	{'task_type': 'regular', 'locomotive': 22556, 'train_section': 23299, 'section': 22308, 'departure_time': 1536734460, 'arrival_time': 1536737160}
71	{'task_type': 'deadhead', 'locomotive': 22556, 'first_train_section': 23299, 'first_section': 22308, 'first_departure_time': 1536734460, 'first_arrival_time': 1536737160, 'second_train_section': 23864, 'second_section': 22383, 'second_departure_time': 1536761520, 'second_arrival_time': 1536764940}
72	{'task_type': 'regular', 'locomotive': 22556, 'train_section': 23864, 'section': 22383, 'departure_time': 1536761520, 'arrival_time': 1536764940}
73	{'task_type': 'deadhead', 'locomotive': 22556, 'first_train_section': 23864, 'first_section': 22383, 'first_departure_time': 1536761520, 'first_arrival_time': 1536764940, 'second_train_section': 25047, 'second_section': 22317, 'second_departure_time': 1536769920, 'second_arrival_time': 1536771660}
74	{'task_type': 'regular', 'locomotive': 22556, 'train_section': 25047, 'section': 22317, 'departure_time': 1536769920, 'arrival_time': 1536771660}
75	{'task_type': 'deadhead', 'locomotive': 22556, 'first_train_section': 25047, 'first_section': 22317, 'first_departure_time': 1536769920, 'first_arrival_time': 1536771660, 'second_train_section': 24182, 'second_section': 22407, 'second_departure_time': 1536776280, 'second_arrival_time': 1536782940}
76	{'task_type': 'regular', 'locomotive': 22556, 'train_section': 24182, 'section': 22407, 'departure_time': 1536776280, 'arrival_time': 1536782940}
77	{'task_type': 'deadhead', 'locomotive': 22556, 'first_train_section': 24182, 'first_section': 22407, 'first_departure_time': 1536776280, 'first_arrival_time': 1536782940, 'second_train_section': 26674, 'second_section': 22352, 'second_departure_time': 1536792720, 'second_arrival_time': 1536799440}
78	{'task_type': 'regular', 'locomotive': 22556, 'train_section': 26674, 'section': 22352, 'departure_time': 1536792720, 'arrival_time': 1536799440}
79	{'task_type': 'deadhead', 'locomotive': 22556, 'first_train_section': 26674, 'first_section': 22352, 'first_departure_time': 1536792720, 'first_arrival_time': 1536799440, 'second_train_section': 25127, 'second_section': 22378, 'second_departure_time': 1536813300, 'second_arrival_time': 1536816960}
80	{'task_type': 'regular', 'locomotive': 22556, 'train_section': 25127, 'section': 22378, 'departure_time': 1536813300, 'arrival_time': 1536816960}
81	{'task_type': 'deadhead', 'locomotive': 22556, 'first_train_section': 25127, 'first_section': 22378, 'first_departure_time': 1536813300, 'first_arrival_time': 1536816960, 'second_train_section': 27665, 'second_section': 22313, 'second_departure_time': 1536842880, 'second_arrival_time': 1536847800}
82	{'task_type': 'regular', 'locomotive': 22556, 'train_section': 27665, 'section': 22313, 'departure_time': 1536842880, 'arrival_time': 1536847800}
83	{'task_type': 'deadhead', 'locomotive': 22556, 'first_train_section': 27665, 'first_section': 22313, 'first_departure_time': 1536842880, 'first_arrival_time': 1536847800, 'second_train_section': 22799, 'second_section': 22431, 'second_departure_time': 1536861780, 'second_arrival_time': 1536865740}
84	{'task_type': 'regular', 'locomotive': 22556, 'train_section': 22799, 'section': 22431, 'departure_time': 1536861780, 'arrival_time': 1536865740}
85	{'task_type': 'regular', 'locomotive': 22556, 'train_section': 22801, 'section': 22495, 'departure_time': 1536866880, 'arrival_time': 1536869820}
86	{'task_type': 'regular', 'locomotive': 22556, 'train_section': 27741, 'section': 22306, 'departure_time': 1536874740, 'arrival_time': 1536878280}
87	{'task_type': 'deadhead', 'locomotive': 22556, 'first_train_section': 27741, 'first_section': 22306, 'first_departure_time': 1536874740, 'first_arrival_time': 1536878280, 'second_train_section': 26569, 'second_section': 22320, 'second_departure_time': 1536893880, 'second_arrival_time': 1536900300}
88	{'task_type': 'regular', 'locomotive': 22556, 'train_section': 26569, 'section': 22320, 'departure_time': 1536893880, 'arrival_time': 1536900300}
89	{'task_type': 'regular', 'locomotive': 22556, 'train_section': 26261, 'section': 22331, 'departure_time': 1536901680, 'arrival_time': 1536912480}
90	{'task_type': 'regular', 'locomotive': 22556, 'train_section': 23108, 'section': 22438, 'departure_time': 1536918720, 'arrival_time': 1536929460}
91	{'task_type': 'regular', 'locomotive': 22556, 'train_section': 26383, 'section': 22331, 'departure_time': 1536930480, 'arrival_time': 1536941280}
92	{'task_type': 'deadhead', 'locomotive': 22556, 'first_train_section': 26383, 'first_section': 22331, 'first_departure_time': 1536930480, 'first_arrival_time': 1536941280, 'second_train_section': 27022, 'second_section': 22322, 'second_departure_time': 1536959580, 'second_arrival_time': 1536967800}
93	{'task_type': 'regular', 'locomotive': 22556, 'train_section': 27022, 'section': 22322, 'departure_time': 1536959580, 'arrival_time': 1536967800}
94	{'task_type': 'deadhead', 'locomotive': 22556, 'first_train_section': 27022, 'first_section': 22322, 'first_departure_time': 1536959580, 'first_arrival_time': 1536967800, 'second_train_section': 25275, 'second_section': 22378, 'second_departure_time': 1536989700, 'second_arrival_time': 1536993360}
95	{'task_type': 'regular', 'locomotive': 22556, 'train_section': 25275, 'section': 22378, 'departure_time': 1536989700, 'arrival_time': 1536993360}
96	{'task_type': 'deadhead', 'locomotive': 22556, 'first_train_section': 25275, 'first_section': 22378, 'first_departure_time': 1536989700, 'first_arrival_time': 1536993360, 'second_train_section': 27096, 'second_section': 22431, 'second_departure_time': 1536999480, 'second_arrival_time': 1537003440}
97	{'task_type': 'regular', 'locomotive': 22556, 'train_section': 27096, 'section': 22431, 'departure_time': 1536999480, 'arrival_time': 1537003440}
98	{'task_type': 'deadhead', 'locomotive': 22556, 'first_train_section': 27096, 'first_section': 22431, 'first_departure_time': 1536999480, 'first_arrival_time': 1537003440, 'second_train_section': 27100, 'second_section': 22304, 'second_departure_time': 1537009320, 'second_arrival_time': 1537014480}
99	{'task_type': 'regular', 'locomotive': 22556, 'train_section': 27100, 'section': 22304, 'departure_time': 1537009320, 'arrival_time': 1537014480}
100	{'task_type': 'deadhead', 'locomotive': 22556, 'first_train_section': 27100, 'first_section': 22304, 'first_departure_time': 1537009320, 'first_arrival_time': 1537014480, 'second_train_section': 25815, 'second_section': 22304, 'second_departure_time': 1537022640, 'second_arrival_time': 1537027200}
101	{'task_type': 'regular', 'locomotive': 22556, 'train_section': 25815, 'section': 22304, 'departure_time': 1537022640, 'arrival_time': 1537027200}
102	{'task_type': 'regular', 'locomotive': 22556, 'train_section': 25817, 'section': 22247, 'departure_time': 1537027380, 'arrival_time': 1537036620}
103	{'task_type': 'deadhead', 'locomotive': 22556, 'first_train_section': 25817, 'first_section': 22247, 'first_departure_time': 1537027380, 'first_arrival_time': 1537036620, 'second_train_section': 26466, 'second_section': 22379, 'second_departure_time': 1537073160, 'second_arrival_time': 1537074600}
104	{'task_type': 'regular', 'locomotive': 22556, 'train_section': 26466, 'section': 22379, 'departure_time': 1537073160, 'arrival_time': 1537074600}
105	{'task_type': 'deadhead', 'locomotive': 22556, 'first_train_section': 26466, 'first_section': 22379, 'first_departure_time': 1537073160, 'first_arrival_time': 1537074600, 'second_train_section': 23537, 'second_section': 22416, 'second_departure_time': 1537088040, 'second_arrival_time': 1537091700}
106	{'task_type': 'regular', 'locomotive': 22556, 'train_section': 23537, 'section': 22416, 'departure_time': 1537088040, 'arrival_time': 1537091700}
107	{'task_type': 'deadhead', 'locomotive': 22556, 'first_train_section': 23537, 'first_section': 22416, 'first_departure_time': 1537088040, 'first_arrival_time': 1537091700, 'second_train_section': 23443, 'second_section': 22458, 'second_departure_time': 1537106280, 'second_arrival_time': 1537115580}
108	{'task_type': 'regular', 'locomotive': 22556, 'train_section': 23443, 'section': 22458, 'departure_time': 1537106280, 'arrival_time': 1537115580}
109	{'task_type': 'regular', 'locomotive': 22556, 'train_section': 23445, 'section': 22500, 'departure_time': 1537115940, 'arrival_time': 1537117680}
110	{'task_type': 'deadhead', 'locomotive': 22556, 'first_train_section': 23445, 'first_section': 22500, 'first_departure_time': 1537115940, 'first_arrival_time': 1537117680, 'second_train_section': 24842, 'second_section': 22352, 'second_departure_time': 1537131720, 'second_arrival_time': 1537135199}
111	{'task_type': 'regular', 'locomotive': 22556, 'train_section': 24842, 'section': 22352, 'departure_time': 1537131720, 'arrival_time': 1537135199}
112	{'task_type': 'regular', 'locomotive': 22557, 'train_section': 26475, 'section': 22439, 'departure_time': 1536605520, 'arrival_time': 1536612600}
113	{'task_type': 'deadhead', 'locomotive': 22557, 'first_train_section': 26475, 'first_section': 22439, 'first_departure_time': 1536605520, 'first_arrival_time': 1536612600, 'second_train_section': 25960, 'second_section': 22447, 'second_departure_time': 1536633900, 'second_arrival_time': 1536636600}
114	{'task_type': 'regular', 'locomotive': 22557, 'train_section': 25960, 'section': 22447, 'departure_time': 1536633900, 'arrival_time': 1536636600}
115	{'task_type': 'deadhead', 'locomotive': 22557, 'first_train_section': 25960, 'first_section': 22447, 'first_departure_time': 1536633900, 'first_arrival_time': 1536636600, 'second_train_section': 24679, 'second_section': 22494, 'second_departure_time': 1536644700, 'second_arrival_time': 1536646920}
116	{'task_type': 'regular', 'locomotive': 22557, 'train_section': 24679, 'section': 22494, 'departure_time': 1536644700, 'arrival_time': 1536646920}
117	{'task_type': 'deadhead', 'locomotive': 22557, 'first_train_section': 24679, 'first_section': 22494, 'first_departure_time': 1536644700, 'first_arrival_time': 1536646920, 'second_train_section': 27699, 'second_section': 22344, 'second_departure_time': 1536658920, 'second_arrival_time': 1536660240}
118	{'task_type': 'regular', 'locomotive': 22557, 'train_section': 27699, 'section': 22344, 'departure_time': 1536658920, 'arrival_time': 1536660240}
119	{'task_type': 'deadhead', 'locomotive': 22557, 'first_train_section': 27699, 'first_section': 22344, 'first_departure_time': 1536658920, 'first_arrival_time': 1536660240, 'second_train_section': 27167, 'second_section': 22508, 'second_departure_time': 1536670140, 'second_arrival_time': 1536673500}
120	{'task_type': 'regular', 'locomotive': 22557, 'train_section': 27167, 'section': 22508, 'departure_time': 1536670140, 'arrival_time': 1536673500}
121	{'task_type': 'deadhead', 'locomotive': 22557, 'first_train_section': 27167, 'first_section': 22508, 'first_departure_time': 1536670140, 'first_arrival_time': 1536673500, 'second_train_section': 23775, 'second_section': 22308, 'second_departure_time': 1536684480, 'second_arrival_time': 1536687420}
122	{'task_type': 'regular', 'locomotive': 22557, 'train_section': 23775, 'section': 22308, 'departure_time': 1536684480, 'arrival_time': 1536687420}
123	{'task_type': 'deadhead', 'locomotive': 22557, 'first_train_section': 23775, 'first_section': 22308, 'first_departure_time': 1536684480, 'first_arrival_time': 1536687420, 'second_train_section': 27604, 'second_section': 22501, 'second_departure_time': 1536697440, 'second_arrival_time': 1536699660}
124	{'task_type': 'regular', 'locomotive': 22557, 'train_section': 27604, 'section': 22501, 'departure_time': 1536697440, 'arrival_time': 1536699660}
125	{'task_type': 'deadhead', 'locomotive': 22557, 'first_train_section': 27604, 'first_section': 22501, 'first_departure_time': 1536697440, 'first_arrival_time': 1536699660, 'second_train_section': 25446, 'second_section': 22367, 'second_departure_time': 1536707100, 'second_arrival_time': 1536708360}
126	{'task_type': 'regular', 'locomotive': 22557, 'train_section': 25446, 'section': 22367, 'departure_time': 1536707100, 'arrival_time': 1536708360}
127	{'task_type': 'regular', 'locomotive': 22557, 'train_section': 25448, 'section': 22247, 'departure_time': 1536708660, 'arrival_time': 1536717540}
128	{'task_type': 'deadhead', 'locomotive': 22557, 'first_train_section': 25448, 'first_section': 22247, 'first_departure_time': 1536708660, 'first_arrival_time': 1536717540, 'second_train_section': 27755, 'second_section': 22403, 'second_departure_time': 1536723660, 'second_arrival_time': 1536726060}
129	{'task_type': 'regular', 'locomotive': 22557, 'train_section': 27755, 'section': 22403, 'departure_time': 1536723660, 'arrival_time': 1536726060}
130	{'task_type': 'deadhead', 'locomotive': 22557, 'first_train_section': 27755, 'first_section': 22403, 'first_departure_time': 1536723660, 'first_arrival_time': 1536726060, 'second_train_section': 24574, 'second_section': 22309, 'second_departure_time': 1536741960, 'second_arrival_time': 1536746520}
131	{'task_type': 'regular', 'locomotive': 22557, 'train_section': 24574, 'section': 22309, 'departure_time': 1536741960, 'arrival_time': 1536746520}
132	{'task_type': 'deadhead', 'locomotive': 22557, 'first_train_section': 24574, 'first_section': 22309, 'first_departure_time': 1536741960, 'first_arrival_time': 1536746520, 'second_train_section': 24914, 'second_section': 22263, 'second_departure_time': 1536759480, 'second_arrival_time': 1536761280}
133	{'task_type': 'regular', 'locomotive': 22557, 'train_section': 24914, 'section': 22263, 'departure_time': 1536759480, 'arrival_time': 1536761280}
134	{'task_type': 'deadhead', 'locomotive': 22557, 'first_train_section': 24914, 'first_section': 22263, 'first_departure_time': 1536759480, 'first_arrival_time': 1536761280, 'second_train_section': 25083, 'second_section': 22480, 'second_departure_time': 1536767700, 'second_arrival_time': 1536769860}
135	{'task_type': 'regular', 'locomotive': 22557, 'train_section': 25083, 'section': 22480, 'departure_time': 1536767700, 'arrival_time': 1536769860}
136	{'task_type': 'deadhead', 'locomotive': 22557, 'first_train_section': 27164, 'first_section': 22377, 'first_departure_time': 1536789300, 'first_arrival_time': 1536789540, 'second_train_section': 27114, 'second_section': 22419, 'second_departure_time': 1536799620, 'second_arrival_time': 1536805980}
137	{'task_type': 'regular', 'locomotive': 22557, 'train_section': 27114, 'section': 22419, 'departure_time': 1536799620, 'arrival_time': 1536805980}
138	{'task_type': 'deadhead', 'locomotive': 22557, 'first_train_section': 27114, 'first_section': 22419, 'first_departure_time': 1536799620, 'first_arrival_time': 1536805980, 'second_train_section': 27499, 'second_section': 22416, 'second_departure_time': 1536818040, 'second_arrival_time': 1536821700}
139	{'task_type': 'regular', 'locomotive': 22557, 'train_section': 27499, 'section': 22416, 'departure_time': 1536818040, 'arrival_time': 1536821700}
140	{'task_type': 'regular', 'locomotive': 22557, 'train_section': 24324, 'section': 22378, 'departure_time': 1536834900, 'arrival_time': 1536838560}
141	{'task_type': 'regular', 'locomotive': 22557, 'train_section': 23823, 'section': 22418, 'departure_time': 1536845400, 'arrival_time': 1536846900}
142	{'task_type': 'deadhead', 'locomotive': 22557, 'first_train_section': 23823, 'first_section': 22418, 'first_departure_time': 1536845400, 'first_arrival_time': 1536846900, 'second_train_section': 23384, 'second_section': 22483, 'second_departure_time': 1536858840, 'second_arrival_time': 1536861960}
143	{'task_type': 'regular', 'locomotive': 22557, 'train_section': 23384, 'section': 22483, 'departure_time': 1536858840, 'arrival_time': 1536861960}
144	{'task_type': 'deadhead', 'locomotive': 22557, 'first_train_section': 25077, 'first_section': 22502, 'first_departure_time': 1536865500, 'first_arrival_time': 1536875940, 'second_train_section': 27176, 'second_section': 22505, 'second_departure_time': 1536880500, 'second_arrival_time': 1536885240}
145	{'task_type': 'regular', 'locomotive': 22557, 'train_section': 27176, 'section': 22505, 'departure_time': 1536880500, 'arrival_time': 1536885240}
146	{'task_type': 'regular', 'locomotive': 22557, 'train_section': 27421, 'section': 22308, 'departure_time': 1536886800, 'arrival_time': 1536889560}
147	{'task_type': 'regular', 'locomotive': 22557, 'train_section': 23981, 'section': 22495, 'departure_time': 1536895320, 'arrival_time': 1536898260}
148	{'task_type': 'regular', 'locomotive': 22557, 'train_section': 24979, 'section': 22309, 'departure_time': 1536900960, 'arrival_time': 1536906480}
149	{'task_type': 'regular', 'locomotive': 22557, 'train_section': 24982, 'section': 22506, 'departure_time': 1536906840, 'arrival_time': 1536907620}
150	{'task_type': 'deadhead', 'locomotive': 22557, 'first_train_section': 24982, 'first_section': 22506, 'first_departure_time': 1536906840, 'first_arrival_time': 1536907620, 'second_train_section': 24630, 'second_section': 22507, 'second_departure_time': 1536914760, 'second_arrival_time': 1536918360}
151	{'task_type': 'regular', 'locomotive': 22557, 'train_section': 24630, 'section': 22507, 'departure_time': 1536914760, 'arrival_time': 1536918360}
152	{'task_type': 'deadhead', 'locomotive': 22557, 'first_train_section': 24630, 'first_section': 22507, 'first_departure_time': 1536914760, 'first_arrival_time': 1536918360, 'second_train_section': 26428, 'second_section': 22499, 'second_departure_time': 1536932700, 'second_arrival_time': 1536937860}
153	{'task_type': 'regular', 'locomotive': 22557, 'train_section': 26428, 'section': 22499, 'departure_time': 1536932700, 'arrival_time': 1536937860}
154	{'task_type': 'deadhead', 'locomotive': 22557, 'first_train_section': 26428, 'first_section': 22499, 'first_departure_time': 1536932700, 'first_arrival_time': 1536937860, 'second_train_section': 26706, 'second_section': 22378, 'second_departure_time': 1536951900, 'second_arrival_time': 1536955560}
155	{'task_type': 'regular', 'locomotive': 22557, 'train_section': 26706, 'section': 22378, 'departure_time': 1536951900, 'arrival_time': 1536955560}
156	{'task_type': 'regular', 'locomotive': 22558, 'train_section': 26365, 'section': 22472, 'departure_time': 1536642780, 'arrival_time': 1536647940}
157	{'task_type': 'regular', 'locomotive': 22558, 'train_section': 27468, 'section': 22342, 'departure_time': 1536650340, 'arrival_time': 1536655620}
158	{'task_type': 'regular', 'locomotive': 22558, 'train_section': 23419, 'section': 22285, 'departure_time': 1536667320, 'arrival_time': 1536676440}
159	{'task_type': 'deadhead', 'locomotive': 22558, 'first_train_section': 23419, 'first_section': 22285, 'first_departure_time': 1536667320, 'first_arrival_time': 1536676440, 'second_train_section': 26751, 'second_section': 22256, 'second_departure_time': 1536685800, 'second_arrival_time': 1536688080}
160	{'task_type': 'regular', 'locomotive': 22558, 'train_section': 26751, 'section': 22256, 'departure_time': 1536685800, 'arrival_time': 1536688080}
161	{'task_type': 'deadhead', 'locomotive': 22558, 'first_train_section': 26751, 'first_section': 22256, 'first_departure_time': 1536685800, 'first_arrival_time': 1536688080, 'second_train_section': 26544, 'second_section': 22449, 'second_departure_time': 1536689580, 'second_arrival_time': 1536691740}
162	{'task_type': 'regular', 'locomotive': 22558, 'train_section': 26544, 'section': 22449, 'departure_time': 1536689580, 'arrival_time': 1536691740}
163	{'task_type': 'deadhead', 'locomotive': 22558, 'first_train_section': 26544, 'first_section': 22449, 'first_departure_time': 1536689580, 'first_arrival_time': 1536691740, 'second_train_section': 26007, 'second_section': 22291, 'second_departure_time': 1536701160, 'second_arrival_time': 1536707040}
164	{'task_type': 'regular', 'locomotive': 22558, 'train_section': 26007, 'section': 22291, 'departure_time': 1536701160, 'arrival_time': 1536707040}
165	{'task_type': 'deadhead', 'locomotive': 22558, 'first_train_section': 26007, 'first_section': 22291, 'first_departure_time': 1536701160, 'first_arrival_time': 1536707040, 'second_train_section': 23926, 'second_section': 22423, 'second_departure_time': 1536712980, 'second_arrival_time': 1536724080}
166	{'task_type': 'regular', 'locomotive': 22558, 'train_section': 23926, 'section': 22423, 'departure_time': 1536712980, 'arrival_time': 1536724080}
167	{'task_type': 'deadhead', 'locomotive': 22558, 'first_train_section': 23926, 'first_section': 22423, 'first_departure_time': 1536712980, 'first_arrival_time': 1536724080, 'second_train_section': 24667, 'second_section': 22497, 'second_departure_time': 1536731760, 'second_arrival_time': 1536733140}
168	{'task_type': 'regular', 'locomotive': 22558, 'train_section': 24667, 'section': 22497, 'departure_time': 1536731760, 'arrival_time': 1536733140}
169	{'task_type': 'deadhead', 'locomotive': 22558, 'first_train_section': 24667, 'first_section': 22497, 'first_departure_time': 1536731760, 'first_arrival_time': 1536733140, 'second_train_section': 25903, 'second_section': 22416, 'second_departure_time': 1536747840, 'second_arrival_time': 1536751500}
170	{'task_type': 'regular', 'locomotive': 22558, 'train_section': 25903, 'section': 22416, 'departure_time': 1536747840, 'arrival_time': 1536751500}
171	{'task_type': 'deadhead', 'locomotive': 22558, 'first_train_section': 25903, 'first_section': 22416, 'first_departure_time': 1536747840, 'first_arrival_time': 1536751500, 'second_train_section': 25025, 'second_section': 22449, 'second_departure_time': 1536765120, 'second_arrival_time': 1536768300}
172	{'task_type': 'regular', 'locomotive': 22558, 'train_section': 25025, 'section': 22449, 'departure_time': 1536765120, 'arrival_time': 1536768300}
173	{'task_type': 'deadhead', 'locomotive': 22558, 'first_train_section': 25025, 'first_section': 22449, 'first_departure_time': 1536765120, 'first_arrival_time': 1536768300, 'second_train_section': 24088, 'second_section': 22343, 'second_departure_time': 1536783600, 'second_arrival_time': 1536794340}
174	{'task_type': 'regular', 'locomotive': 22558, 'train_section': 24088, 'section': 22343, 'departure_time': 1536783600, 'arrival_time': 1536794340}
175	{'task_type': 'deadhead', 'locomotive': 22558, 'first_train_section': 24088, 'first_section': 22343, 'first_departure_time': 1536783600, 'first_arrival_time': 1536794340, 'second_train_section': 27708, 'second_section': 22325, 'second_departure_time': 1536806100, 'second_arrival_time': 1536820380}
176	{'task_type': 'regular', 'locomotive': 22558, 'train_section': 27708, 'section': 22325, 'departure_time': 1536806100, 'arrival_time': 1536820380}
177	{'task_type': 'regular', 'locomotive': 22558, 'train_section': 22899, 'section': 22234, 'departure_time': 1536821400, 'arrival_time': 1536824160}
178	{'task_type': 'deadhead', 'locomotive': 22558, 'first_train_section': 22899, 'first_section': 22234, 'first_departure_time': 1536821400, 'first_arrival_time': 1536824160, 'second_train_section': 25173, 'second_section': 22272, 'second_departure_time': 1536841920, 'second_arrival_time': 1536842640}
179	{'task_type': 'regular', 'locomotive': 22558, 'train_section': 25173, 'section': 22272, 'departure_time': 1536841920, 'arrival_time': 1536842640}
180	{'task_type': 'deadhead', 'locomotive': 22558, 'first_train_section': 23162, 'first_section': 22237, 'first_departure_time': 1536863580, 'first_arrival_time': 1536875940, 'second_train_section': 27329, 'second_section': 22378, 'second_departure_time': 1536894540, 'second_arrival_time': 1536898200}
181	{'task_type': 'regular', 'locomotive': 22558, 'train_section': 27329, 'section': 22378, 'departure_time': 1536894540, 'arrival_time': 1536898200}
182	{'task_type': 'deadhead', 'locomotive': 22558, 'first_train_section': 27329, 'first_section': 22378, 'first_departure_time': 1536894540, 'first_arrival_time': 1536898200, 'second_train_section': 26642, 'second_section': 22479, 'second_departure_time': 1536911340, 'second_arrival_time': 1536912960}
183	{'task_type': 'regular', 'locomotive': 22558, 'train_section': 26642, 'section': 22479, 'departure_time': 1536911340, 'arrival_time': 1536912960}
184	{'task_type': 'deadhead', 'locomotive': 22558, 'first_train_section': 26642, 'first_section': 22479, 'first_departure_time': 1536911340, 'first_arrival_time': 1536912960, 'second_train_section': 26873, 'second_section': 22384, 'second_departure_time': 1536927900, 'second_arrival_time': 1536933300}
185	{'task_type': 'regular', 'locomotive': 22558, 'train_section': 26873, 'section': 22384, 'departure_time': 1536927900, 'arrival_time': 1536933300}
186	{'task_type': 'deadhead', 'locomotive': 22558, 'first_train_section': 26873, 'first_section': 22384, 'first_departure_time': 1536927900, 'first_arrival_time': 1536933300, 'second_train_section': 24585, 'second_section': 22317, 'second_departure_time': 1536942720, 'second_arrival_time': 1536944460}
187	{'task_type': 'regular', 'locomotive': 22558, 'train_section': 24585, 'section': 22317, 'departure_time': 1536942720, 'arrival_time': 1536944460}
188	{'task_type': 'deadhead', 'locomotive': 22558, 'first_train_section': 24585, 'first_section': 22317, 'first_departure_time': 1536942720, 'first_arrival_time': 1536944460, 'second_train_section': 24526, 'second_section': 22476, 'second_departure_time': 1536959820, 'second_arrival_time': 1536963420}
189	{'task_type': 'regular', 'locomotive': 22558, 'train_section': 24526, 'section': 22476, 'departure_time': 1536959820, 'arrival_time': 1536963420}
190	{'task_type': 'deadhead', 'locomotive': 22558, 'first_train_section': 24526, 'first_section': 22476, 'first_departure_time': 1536959820, 'first_arrival_time': 1536963420, 'second_train_section': 26532, 'second_section': 22505, 'second_departure_time': 1536973500, 'second_arrival_time': 1536978420}
191	{'task_type': 'regular', 'locomotive': 22558, 'train_section': 26532, 'section': 22505, 'departure_time': 1536973500, 'arrival_time': 1536978420}
192	{'task_type': 'deadhead', 'locomotive': 22558, 'first_train_section': 26532, 'first_section': 22505, 'first_departure_time': 1536973500, 'first_arrival_time': 1536978420, 'second_train_section': 26050, 'second_section': 22350, 'second_departure_time': 1536987840, 'second_arrival_time': 1536991500}
193	{'task_type': 'regular', 'locomotive': 22558, 'train_section': 26050, 'section': 22350, 'departure_time': 1536987840, 'arrival_time': 1536991500}
194	{'task_type': 'deadhead', 'locomotive': 22558, 'first_train_section': 26050, 'first_section': 22350, 'first_departure_time': 1536987840, 'first_arrival_time': 1536991500, 'second_train_section': 25918, 'second_section': 22347, 'second_departure_time': 1536995940, 'second_arrival_time': 1537001280}
195	{'task_type': 'regular', 'locomotive': 22558, 'train_section': 25918, 'section': 22347, 'departure_time': 1536995940, 'arrival_time': 1537001280}
196	{'task_type': 'regular', 'locomotive': 22558, 'train_section': 25920, 'section': 22471, 'departure_time': 1537001820, 'arrival_time': 1537004640}
197	{'task_type': 'deadhead', 'locomotive': 22558, 'first_train_section': 25920, 'first_section': 22471, 'first_departure_time': 1537001820, 'first_arrival_time': 1537004640, 'second_train_section': 25992, 'second_section': 22324, 'second_departure_time': 1537014180, 'second_arrival_time': 1537019580}
198	{'task_type': 'regular', 'locomotive': 22558, 'train_section': 25992, 'section': 22324, 'departure_time': 1537014180, 'arrival_time': 1537019580}
199	{'task_type': 'deadhead', 'locomotive': 22558, 'first_train_section': 25992, 'first_section': 22324, 'first_departure_time': 1537014180, 'first_arrival_time': 1537019580, 'second_train_section': 25557, 'second_section': 22337, 'second_departure_time': 1537030980, 'second_arrival_time': 1537040820}
200	{'task_type': 'regular', 'locomotive': 22558, 'train_section': 25557, 'section': 22337, 'departure_time': 1537030980, 'arrival_time': 1537040820}
201	{'task_type': 'deadhead', 'locomotive': 22558, 'first_train_section': 25557, 'first_section': 22337, 'first_departure_time': 1537030980, 'first_arrival_time': 1537040820, 'second_train_section': 24117, 'second_section': 22397, 'second_departure_time': 1537055400, 'second_arrival_time': 1537063440}
202	{'task_type': 'regular', 'locomotive': 22558, 'train_section': 24117, 'section': 22397, 'departure_time': 1537055400, 'arrival_time': 1537063440}
203	{'task_type': 'deadhead', 'locomotive': 22558, 'first_train_section': 24117, 'first_section': 22397, 'first_departure_time': 1537055400, 'first_arrival_time': 1537063440, 'second_train_section': 25624, 'second_section': 22499, 'second_departure_time': 1537083900, 'second_arrival_time': 1537089060}
204	{'task_type': 'regular', 'locomotive': 22558, 'train_section': 25624, 'section': 22499, 'departure_time': 1537083900, 'arrival_time': 1537089060}
205	{'task_type': 'regular', 'locomotive': 22559, 'train_section': 23375, 'section': 22404, 'departure_time': 1536632460, 'arrival_time': 1536641700}
206	{'task_type': 'regular', 'locomotive': 22559, 'train_section': 23377, 'section': 22245, 'departure_time': 1536641880, 'arrival_time': 1536647340}
207	{'task_type': 'deadhead', 'locomotive': 22559, 'first_train_section': 23377, 'first_section': 22245, 'first_departure_time': 1536641880, 'first_arrival_time': 1536647340, 'second_train_section': 27144, 'second_section': 22481, 'second_departure_time': 1536650160, 'second_arrival_time': 1536655080}
208	{'task_type': 'regular', 'locomotive': 22559, 'train_section': 27144, 'section': 22481, 'departure_time': 1536650160, 'arrival_time': 1536655080}
209	{'task_type': 'deadhead', 'locomotive': 22559, 'first_train_section': 27144, 'first_section': 22481, 'first_departure_time': 1536650160, 'first_arrival_time': 1536655080, 'second_train_section': 26985, 'second_section': 22279, 'second_departure_time': 1536666600, 'second_arrival_time': 1536671520}
210	{'task_type': 'regular', 'locomotive': 22559, 'train_section': 26985, 'section': 22279, 'departure_time': 1536666600, 'arrival_time': 1536671520}
211	{'task_type': 'deadhead', 'locomotive': 22559, 'first_train_section': 26985, 'first_section': 22279, 'first_departure_time': 1536666600, 'first_arrival_time': 1536671520, 'second_train_section': 27609, 'second_section': 22387, 'second_departure_time': 1536680280, 'second_arrival_time': 1536681720}
212	{'task_type': 'regular', 'locomotive': 22559, 'train_section': 27609, 'section': 22387, 'departure_time': 1536680280, 'arrival_time': 1536681720}
213	{'task_type': 'deadhead', 'locomotive': 22559, 'first_train_section': 27609, 'first_section': 22387, 'first_departure_time': 1536680280, 'first_arrival_time': 1536681720, 'second_train_section': 26311, 'second_section': 22255, 'second_departure_time': 1536689100, 'second_arrival_time': 1536690000}
214	{'task_type': 'regular', 'locomotive': 22559, 'train_section': 26311, 'section': 22255, 'departure_time': 1536689100, 'arrival_time': 1536690000}
215	{'task_type': 'deadhead', 'locomotive': 22559, 'first_train_section': 26311, 'first_section': 22255, 'first_departure_time': 1536689100, 'first_arrival_time': 1536690000, 'second_train_section': 23942, 'second_section': 22290, 'second_departure_time': 1536699060, 'second_arrival_time': 1536705900}
216	{'task_type': 'regular', 'locomotive': 22559, 'train_section': 23942, 'section': 22290, 'departure_time': 1536699060, 'arrival_time': 1536705900}
217	{'task_type': 'regular', 'locomotive': 22559, 'train_section': 24884, 'section': 22348, 'departure_time': 1536721980, 'arrival_time': 1536725520}
218	{'task_type': 'regular', 'locomotive': 22559, 'train_section': 24886, 'section': 22477, 'departure_time': 1536726000, 'arrival_time': 1536728400}
219	{'task_type': 'regular', 'locomotive': 22559, 'train_section': 27085, 'section': 22499, 'departure_time': 1536731100, 'arrival_time': 1536736260}
220	{'task_type': 'regular', 'locomotive': 22559, 'train_section': 25605, 'section': 22342, 'departure_time': 1536736740, 'arrival_time': 1536742020}
221	{'task_type': 'deadhead', 'locomotive': 22559, 'first_train_section': 25605, 'first_section': 22342, 'first_departure_time': 1536736740, 'first_arrival_time': 1536742020, 'second_train_section': 22726, 'second_section': 22447, 'second_departure_time': 1536750720, 'second_arrival_time': 1536753600}
222	{'task_type': 'regular', 'locomotive': 22559, 'train_section': 22726, 'section': 22447, 'departure_time': 1536750720, 'arrival_time': 1536753600}
223	{'task_type': 'deadhead', 'locomotive': 22559, 'first_train_section': 22726, 'first_section': 22447, 'first_departure_time': 1536750720, 'first_arrival_time': 1536753600, 'second_train_section': 27012, 'second_section': 22447, 'second_departure_time': 1536759600, 'second_arrival_time': 1536762480}
224	{'task_type': 'regular', 'locomotive': 22559, 'train_section': 27012, 'section': 22447, 'departure_time': 1536759600, 'arrival_time': 1536762480}
225	{'task_type': 'deadhead', 'locomotive': 22559, 'first_train_section': 27012, 'first_section': 22447, 'first_departure_time': 1536759600, 'first_arrival_time': 1536762480, 'second_train_section': 23044, 'second_section': 22365, 'second_departure_time': 1536777420, 'second_arrival_time': 1536780960}
226	{'task_type': 'regular', 'locomotive': 22559, 'train_section': 23044, 'section': 22365, 'departure_time': 1536777420, 'arrival_time': 1536780960}
227	{'task_type': 'deadhead', 'locomotive': 22559, 'first_train_section': 23044, 'first_section': 22365, 'first_departure_time': 1536777420, 'first_arrival_time': 1536780960, 'second_train_section': 25202, 'second_section': 22322, 'second_departure_time': 1536794160, 'second_arrival_time': 1536801660}
228	{'task_type': 'regular', 'locomotive': 22559, 'train_section': 25202, 'section': 22322, 'departure_time': 1536794160, 'arrival_time': 1536801660}
229	{'task_type': 'deadhead', 'locomotive': 22559, 'first_train_section': 25202, 'first_section': 22322, 'first_departure_time': 1536794160, 'first_arrival_time': 1536801660, 'second_train_section': 24391, 'second_section': 22378, 'second_departure_time': 1536811500, 'second_arrival_time': 1536815160}
230	{'task_type': 'regular', 'locomotive': 22559, 'train_section': 24391, 'section': 22378, 'departure_time': 1536811500, 'arrival_time': 1536815160}
231	{'task_type': 'deadhead', 'locomotive': 22559, 'first_train_section': 24391, 'first_section': 22378, 'first_departure_time': 1536811500, 'first_arrival_time': 1536815160, 'second_train_section': 27821, 'second_section': 22316, 'second_departure_time': 1536839640, 'second_arrival_time': 1536847860}
232	{'task_type': 'regular', 'locomotive': 22559, 'train_section': 27821, 'section': 22316, 'departure_time': 1536839640, 'arrival_time': 1536847860}
233	{'task_type': 'deadhead', 'locomotive': 22559, 'first_train_section': 27821, 'first_section': 22316, 'first_departure_time': 1536839640, 'first_arrival_time': 1536847860, 'second_train_section': 27758, 'second_section': 22378, 'second_departure_time': 1536858300, 'second_arrival_time': 1536861960}
234	{'task_type': 'regular', 'locomotive': 22559, 'train_section': 27758, 'section': 22378, 'departure_time': 1536858300, 'arrival_time': 1536861960}
235	{'task_type': 'deadhead', 'locomotive': 22559, 'first_train_section': 27758, 'first_section': 22378, 'first_departure_time': 1536858300, 'first_arrival_time': 1536861960, 'second_train_section': 24327, 'second_section': 22431, 'second_departure_time': 1536867660, 'second_arrival_time': 1536871860}
236	{'task_type': 'regular', 'locomotive': 22559, 'train_section': 24327, 'section': 22431, 'departure_time': 1536867660, 'arrival_time': 1536871860}
237	{'task_type': 'regular', 'locomotive': 22559, 'train_section': 23843, 'section': 22495, 'departure_time': 1536873120, 'arrival_time': 1536876060}
238	{'task_type': 'deadhead', 'locomotive': 22559, 'first_train_section': 23843, 'first_section': 22495, 'first_departure_time': 1536873120, 'first_arrival_time': 1536876060, 'second_train_section': 27009, 'second_section': 22369, 'second_departure_time': 1536880320, 'second_arrival_time': 1536883140}
239	{'task_type': 'regular', 'locomotive': 22559, 'train_section': 27009, 'section': 22369, 'departure_time': 1536880320, 'arrival_time': 1536883140}
240	{'task_type': 'deadhead', 'locomotive': 22559, 'first_train_section': 27009, 'first_section': 22369, 'first_departure_time': 1536880320, 'first_arrival_time': 1536883140, 'second_train_section': 27129, 'second_section': 22295, 'second_departure_time': 1536892620, 'second_arrival_time': 1536894000}
241	{'task_type': 'regular', 'locomotive': 22559, 'train_section': 27129, 'section': 22295, 'departure_time': 1536892620, 'arrival_time': 1536894000}
242	{'task_type': 'deadhead', 'locomotive': 22559, 'first_train_section': 27129, 'first_section': 22295, 'first_departure_time': 1536892620, 'first_arrival_time': 1536894000, 'second_train_section': 25182, 'second_section': 22463, 'second_departure_time': 1536898380, 'second_arrival_time': 1536907260}
243	{'task_type': 'regular', 'locomotive': 22559, 'train_section': 25182, 'section': 22463, 'departure_time': 1536898380, 'arrival_time': 1536907260}
244	{'task_type': 'regular', 'locomotive': 22559, 'train_section': 23886, 'section': 22314, 'departure_time': 1536910440, 'arrival_time': 1536913140}
245	{'task_type': 'deadhead', 'locomotive': 22559, 'first_train_section': 23886, 'first_section': 22314, 'first_departure_time': 1536910440, 'first_arrival_time': 1536913140, 'second_train_section': 25881, 'second_section': 22314, 'second_departure_time': 1536924840, 'second_arrival_time': 1536927540}
246	{'task_type': 'regular', 'locomotive': 22559, 'train_section': 25881, 'section': 22314, 'departure_time': 1536924840, 'arrival_time': 1536927540}
247	{'task_type': 'deadhead', 'locomotive': 22559, 'first_train_section': 25881, 'first_section': 22314, 'first_departure_time': 1536924840, 'first_arrival_time': 1536927540, 'second_train_section': 24615, 'second_section': 22331, 'second_departure_time': 1536937680, 'second_arrival_time': 1536948540}
248	{'task_type': 'regular', 'locomotive': 22559, 'train_section': 24615, 'section': 22331, 'departure_time': 1536937680, 'arrival_time': 1536948540}
249	{'task_type': 'deadhead', 'locomotive': 22559, 'first_train_section': 24615, 'first_section': 22331, 'first_departure_time': 1536937680, 'first_arrival_time': 1536948540, 'second_train_section': 27283, 'second_section': 22343, 'second_departure_time': 1536969660, 'second_arrival_time': 1536978060}
250	{'task_type': 'regular', 'locomotive': 22559, 'train_section': 27283, 'section': 22343, 'departure_time': 1536969660, 'arrival_time': 1536978060}
251	{'task_type': 'deadhead', 'locomotive': 22559, 'first_train_section': 27283, 'first_section': 22343, 'first_departure_time': 1536969660, 'first_arrival_time': 1536978060, 'second_train_section': 24682, 'second_section': 22387, 'second_departure_time': 1536989880, 'second_arrival_time': 1536991320}
252	{'task_type': 'regular', 'locomotive': 22559, 'train_section': 24682, 'section': 22387, 'departure_time': 1536989880, 'arrival_time': 1536991320}
253	{'task_type': 'regular', 'locomotive': 22561, 'train_section': 26549, 'section': 22308, 'departure_time': 1536633780, 'arrival_time': 1536636540}
254	{'task_type': 'deadhead', 'locomotive': 22561, 'first_train_section': 26549, 'first_section': 22308, 'first_departure_time': 1536633780, 'first_arrival_time': 1536636540, 'second_train_section': 24539, 'second_section': 22443, 'second_departure_time': 1536638220, 'second_arrival_time': 1536639840}
255	{'task_type': 'regular', 'locomotive': 22561, 'train_section': 24539, 'section': 22443, 'departure_time': 1536638220, 'arrival_time': 1536639840}
256	{'task_type': 'regular', 'locomotive': 22561, 'train_section': 27066, 'section': 22496, 'departure_time': 1536641580, 'arrival_time': 1536645780}
257	{'task_type': 'deadhead', 'locomotive': 22561, 'first_train_section': 27066, 'first_section': 22496, 'first_departure_time': 1536641580, 'first_arrival_time': 1536645780, 'second_train_section': 22905, 'second_section': 22431, 'second_departure_time': 1536646200, 'second_arrival_time': 1536650820}
258	{'task_type': 'regular', 'locomotive': 22561, 'train_section': 22905, 'section': 22431, 'departure_time': 1536646200, 'arrival_time': 1536650820}
259	{'task_type': 'deadhead', 'locomotive': 22561, 'first_train_section': 22905, 'first_section': 22431, 'first_departure_time': 1536646200, 'first_arrival_time': 1536650820, 'second_train_section': 26088, 'second_section': 22268, 'second_departure_time': 1536664740, 'second_arrival_time': 1536671820}
260	{'task_type': 'regular', 'locomotive': 22561, 'train_section': 26088, 'section': 22268, 'departure_time': 1536664740, 'arrival_time': 1536671820}
261	{'task_type': 'deadhead', 'locomotive': 22561, 'first_train_section': 26088, 'first_section': 22268, 'first_departure_time': 1536664740, 'first_arrival_time': 1536671820, 'second_train_section': 23041, 'second_section': 22454, 'second_departure_time': 1536679500, 'second_arrival_time': 1536685320}
262	{'task_type': 'regular', 'locomotive': 22561, 'train_section': 23041, 'section': 22454, 'departure_time': 1536679500, 'arrival_time': 1536685320}
263	{'task_type': 'deadhead', 'locomotive': 22561, 'first_train_section': 23041, 'first_section': 22454, 'first_departure_time': 1536679500, 'first_arrival_time': 1536685320, 'second_train_section': 25363, 'second_section': 22304, 'second_departure_time': 1536692340, 'second_arrival_time': 1536696780}
264	{'task_type': 'regular', 'locomotive': 22561, 'train_section': 25363, 'section': 22304, 'departure_time': 1536692340, 'arrival_time': 1536696780}
265	{'task_type': 'regular', 'locomotive': 22561, 'train_section': 25365, 'section': 22247, 'departure_time': 1536696960, 'arrival_time': 1536705660}
266	{'task_type': 'deadhead', 'locomotive': 22561, 'first_train_section': 25365, 'first_section': 22247, 'first_departure_time': 1536696960, 'first_arrival_time': 1536705660, 'second_train_section': 22681, 'second_section': 22404, 'second_departure_time': 1536714060, 'second_arrival_time': 1536723060}
267	{'task_type': 'regular', 'locomotive': 22561, 'train_section': 22681, 'section': 22404, 'departure_time': 1536714060, 'arrival_time': 1536723060}
268	{'task_type': 'deadhead', 'locomotive': 22561, 'first_train_section': 22681, 'first_section': 22404, 'first_departure_time': 1536714060, 'first_arrival_time': 1536723060, 'second_train_section': 27151, 'second_section': 22342, 'second_departure_time': 1536729660, 'second_arrival_time': 1536735780}
269	{'task_type': 'regular', 'locomotive': 22561, 'train_section': 27151, 'section': 22342, 'departure_time': 1536729660, 'arrival_time': 1536735780}
270	{'task_type': 'deadhead', 'locomotive': 22561, 'first_train_section': 27151, 'first_section': 22342, 'first_departure_time': 1536729660, 'first_arrival_time': 1536735780, 'second_train_section': 24723, 'second_section': 22292, 'second_departure_time': 1536744000, 'second_arrival_time': 1536748080}
271	{'task_type': 'regular', 'locomotive': 22561, 'train_section': 24723, 'section': 22292, 'departure_time': 1536744000, 'arrival_time': 1536748080}
272	{'task_type': 'deadhead', 'locomotive': 22561, 'first_train_section': 24723, 'first_section': 22292, 'first_departure_time': 1536744000, 'first_arrival_time': 1536748080, 'second_train_section': 23440, 'second_section': 22278, 'second_departure_time': 1536749880, 'second_arrival_time': 1536756660}
273	{'task_type': 'regular', 'locomotive': 22561, 'train_section': 23440, 'section': 22278, 'departure_time': 1536749880, 'arrival_time': 1536756660}
274	{'task_type': 'deadhead', 'locomotive': 22561, 'first_train_section': 23440, 'first_section': 22278, 'first_departure_time': 1536749880, 'first_arrival_time': 1536756660, 'second_train_section': 27051, 'second_section': 22363, 'second_departure_time': 1536763380, 'second_arrival_time': 1536769440}
275	{'task_type': 'regular', 'locomotive': 22561, 'train_section': 27051, 'section': 22363, 'departure_time': 1536763380, 'arrival_time': 1536769440}
276	{'task_type': 'deadhead', 'locomotive': 22561, 'first_train_section': 27051, 'first_section': 22363, 'first_departure_time': 1536763380, 'first_arrival_time': 1536769440, 'second_train_section': 23032, 'second_section': 22487, 'second_departure_time': 1536776820, 'second_arrival_time': 1536779220}
277	{'task_type': 'regular', 'locomotive': 22561, 'train_section': 23032, 'section': 22487, 'departure_time': 1536776820, 'arrival_time': 1536779220}
278	{'task_type': 'deadhead', 'locomotive': 22561, 'first_train_section': 27232, 'first_section': 22237, 'first_departure_time': 1536789600, 'first_arrival_time': 1536812700, 'second_train_section': 25102, 'second_section': 22279, 'second_departure_time': 1536821400, 'second_arrival_time': 1536826980}
279	{'task_type': 'regular', 'locomotive': 22561, 'train_section': 25102, 'section': 22279, 'departure_time': 1536821400, 'arrival_time': 1536826980}
280	{'task_type': 'deadhead', 'locomotive': 22561, 'first_train_section': 25102, 'first_section': 22279, 'first_departure_time': 1536821400, 'first_arrival_time': 1536826980, 'second_train_section': 26659, 'second_section': 22311, 'second_departure_time': 1536831600, 'second_arrival_time': 1536834360}
281	{'task_type': 'regular', 'locomotive': 22561, 'train_section': 26659, 'section': 22311, 'departure_time': 1536831600, 'arrival_time': 1536834360}
282	{'task_type': 'deadhead', 'locomotive': 22561, 'first_train_section': 26659, 'first_section': 22311, 'first_departure_time': 1536831600, 'first_arrival_time': 1536834360, 'second_train_section': 25954, 'second_section': 22378, 'second_departure_time': 1536849300, 'second_arrival_time': 1536852960}
283	{'task_type': 'regular', 'locomotive': 22561, 'train_section': 25954, 'section': 22378, 'departure_time': 1536849300, 'arrival_time': 1536852960}
284	{'task_type': 'regular', 'locomotive': 22561, 'train_section': 26973, 'section': 22416, 'departure_time': 1536857640, 'arrival_time': 1536861300}
285	{'task_type': 'deadhead', 'locomotive': 22561, 'first_train_section': 26973, 'first_section': 22416, 'first_departure_time': 1536857640, 'first_arrival_time': 1536861300, 'second_train_section': 24091, 'second_section': 22445, 'second_departure_time': 1536863640, 'second_arrival_time': 1536869400}
286	{'task_type': 'regular', 'locomotive': 22561, 'train_section': 24091, 'section': 22445, 'departure_time': 1536863640, 'arrival_time': 1536869400}
287	{'task_type': 'deadhead', 'locomotive': 22561, 'first_train_section': 24091, 'first_section': 22445, 'first_departure_time': 1536863640, 'first_arrival_time': 1536869400, 'second_train_section': 26734, 'second_section': 22427, 'second_departure_time': 1536870300, 'second_arrival_time': 1536873180}
288	{'task_type': 'regular', 'locomotive': 22561, 'train_section': 26734, 'section': 22427, 'departure_time': 1536870300, 'arrival_time': 1536873180}
289	{'task_type': 'regular', 'locomotive': 22561, 'train_section': 26736, 'section': 22443, 'departure_time': 1536874260, 'arrival_time': 1536876060}
290	{'task_type': 'regular', 'locomotive': 22561, 'train_section': 26738, 'section': 22495, 'departure_time': 1536877500, 'arrival_time': 1536880440}
291	{'task_type': 'deadhead', 'locomotive': 22561, 'first_train_section': 26738, 'first_section': 22495, 'first_departure_time': 1536877500, 'first_arrival_time': 1536880440, 'second_train_section': 23678, 'second_section': 22496, 'second_departure_time': 1536892260, 'second_arrival_time': 1536898620}
292	{'task_type': 'regular', 'locomotive': 22561, 'train_section': 23678, 'section': 22496, 'departure_time': 1536892260, 'arrival_time': 1536898620}
293	{'task_type': 'deadhead', 'locomotive': 22561, 'first_train_section': 23678, 'first_section': 22496, 'first_departure_time': 1536892260, 'first_arrival_time': 1536898620, 'second_train_section': 24670, 'second_section': 22456, 'second_departure_time': 1536903300, 'second_arrival_time': 1536904800}
294	{'task_type': 'regular', 'locomotive': 22561, 'train_section': 24670, 'section': 22456, 'departure_time': 1536903300, 'arrival_time': 1536904800}
295	{'task_type': 'deadhead', 'locomotive': 22561, 'first_train_section': 26097, 'first_section': 22417, 'first_departure_time': 1536906960, 'first_arrival_time': 1536922440, 'second_train_section': 25443, 'second_section': 22457, 'second_departure_time': 1536929520, 'second_arrival_time': 1536931620}
296	{'task_type': 'regular', 'locomotive': 22561, 'train_section': 25443, 'section': 22457, 'departure_time': 1536929520, 'arrival_time': 1536931620}
297	{'task_type': 'deadhead', 'locomotive': 22561, 'first_train_section': 25443, 'first_section': 22457, 'first_departure_time': 1536929520, 'first_arrival_time': 1536931620, 'second_train_section': 25684, 'second_section': 22416, 'second_departure_time': 1536940440, 'second_arrival_time': 1536944100}
298	{'task_type': 'regular', 'locomotive': 22561, 'train_section': 25684, 'section': 22416, 'departure_time': 1536940440, 'arrival_time': 1536944100}
299	{'task_type': 'regular', 'locomotive': 22561, 'train_section': 24009, 'section': 22378, 'departure_time': 1536948300, 'arrival_time': 1536951960}
300	{'task_type': 'deadhead', 'locomotive': 22561, 'first_train_section': 24009, 'first_section': 22378, 'first_departure_time': 1536948300, 'first_arrival_time': 1536951960, 'second_train_section': 22718, 'second_section': 22304, 'second_departure_time': 1536960720, 'second_arrival_time': 1536965280}
301	{'task_type': 'regular', 'locomotive': 22561, 'train_section': 22718, 'section': 22304, 'departure_time': 1536960720, 'arrival_time': 1536965280}
302	{'task_type': 'regular', 'locomotive': 22561, 'train_section': 23430, 'section': 22245, 'departure_time': 1536969960, 'arrival_time': 1536974640}
303	{'task_type': 'deadhead', 'locomotive': 22561, 'first_train_section': 23430, 'first_section': 22245, 'first_departure_time': 1536969960, 'first_arrival_time': 1536974640, 'second_train_section': 23434, 'second_section': 22496, 'second_departure_time': 1536978660, 'second_arrival_time': 1536982980}
304	{'task_type': 'regular', 'locomotive': 22561, 'train_section': 23434, 'section': 22496, 'departure_time': 1536978660, 'arrival_time': 1536982980}
305	{'task_type': 'deadhead', 'locomotive': 22561, 'first_train_section': 26825, 'first_section': 22300, 'first_departure_time': 1536988980, 'first_arrival_time': 1536992400, 'second_train_section': 24817, 'second_section': 22249, 'second_departure_time': 1537022880, 'second_arrival_time': 1537028400}
306	{'task_type': 'regular', 'locomotive': 22561, 'train_section': 24817, 'section': 22249, 'departure_time': 1537022880, 'arrival_time': 1537028400}
307	{'task_type': 'deadhead', 'locomotive': 22561, 'first_train_section': 24817, 'first_section': 22249, 'first_departure_time': 1537022880, 'first_arrival_time': 1537028400, 'second_train_section': 26045, 'second_section': 22495, 'second_departure_time': 1537038240, 'second_arrival_time': 1537041060}
308	{'task_type': 'regular', 'locomotive': 22561, 'train_section': 26045, 'section': 22495, 'departure_time': 1537038240, 'arrival_time': 1537041060}
309	{'task_type': 'regular', 'locomotive': 22561, 'train_section': 26047, 'section': 22309, 'departure_time': 1537042140, 'arrival_time': 1537046880}
310	{'task_type': 'deadhead', 'locomotive': 22561, 'first_train_section': 26047, 'first_section': 22309, 'first_departure_time': 1537042140, 'first_arrival_time': 1537046880, 'second_train_section': 27237, 'second_section': 22472, 'second_departure_time': 1537081980, 'second_arrival_time': 1537087140}
311	{'task_type': 'regular', 'locomotive': 22561, 'train_section': 27237, 'section': 22472, 'departure_time': 1537081980, 'arrival_time': 1537087140}
312	{'task_type': 'deadhead', 'locomotive': 22561, 'first_train_section': 27237, 'first_section': 22472, 'first_departure_time': 1537081980, 'first_arrival_time': 1537087140, 'second_train_section': 23966, 'second_section': 22378, 'second_departure_time': 1537103100, 'second_arrival_time': 1537106760}
313	{'task_type': 'regular', 'locomotive': 22561, 'train_section': 23966, 'section': 22378, 'departure_time': 1537103100, 'arrival_time': 1537106760}
314	{'task_type': 'deadhead', 'locomotive': 22561, 'first_train_section': 23966, 'first_section': 22378, 'first_departure_time': 1537103100, 'first_arrival_time': 1537106760, 'second_train_section': 24839, 'second_section': 22451, 'second_departure_time': 1537125420, 'second_arrival_time': 1537131420}
315	{'task_type': 'regular', 'locomotive': 22561, 'train_section': 24839, 'section': 22451, 'departure_time': 1537125420, 'arrival_time': 1537131420}
316	{'task_type': 'regular', 'locomotive': 22563, 'train_section': 27655, 'section': 22313, 'departure_time': 1536655680, 'arrival_time': 1536660600}
317	{'task_type': 'deadhead', 'locomotive': 22563, 'first_train_section': 27655, 'first_section': 22313, 'first_departure_time': 1536655680, 'first_arrival_time': 1536660600, 'second_train_section': 24577, 'second_section': 22287, 'second_departure_time': 1536667680, 'second_arrival_time': 1536669060}
318	{'task_type': 'regular', 'locomotive': 22563, 'train_section': 24577, 'section': 22287, 'departure_time': 1536667680, 'arrival_time': 1536669060}
319	{'task_type': 'deadhead', 'locomotive': 22563, 'first_train_section': 24577, 'first_section': 22287, 'first_departure_time': 1536667680, 'first_arrival_time': 1536669060, 'second_train_section': 26813, 'second_section': 22279, 'second_departure_time': 1536673800, 'second_arrival_time': 1536678720}
320	{'task_type': 'regular', 'locomotive': 22563, 'train_section': 26813, 'section': 22279, 'departure_time': 1536673800, 'arrival_time': 1536678720}
321	{'task_type': 'regular', 'locomotive': 22563, 'train_section': 27348, 'section': 22315, 'departure_time': 1536684480, 'arrival_time': 1536688980}
322	{'task_type': 'deadhead', 'locomotive': 22563, 'first_train_section': 27348, 'first_section': 22315, 'first_departure_time': 1536684480, 'first_arrival_time': 1536688980, 'second_train_section': 26703, 'second_section': 22284, 'second_departure_time': 1536691920, 'second_arrival_time': 1536695580}
323	{'task_type': 'regular', 'locomotive': 22563, 'train_section': 26703, 'section': 22284, 'departure_time': 1536691920, 'arrival_time': 1536695580}
324	{'task_type': 'deadhead', 'locomotive': 22563, 'first_train_section': 25576, 'first_section': 22464, 'first_departure_time': 1536703200, 'first_arrival_time': 1536725580, 'second_train_section': 26831, 'second_section': 22447, 'second_departure_time': 1536735180, 'second_arrival_time': 1536738240}
325	{'task_type': 'regular', 'locomotive': 22563, 'train_section': 26831, 'section': 22447, 'departure_time': 1536735180, 'arrival_time': 1536738240}
326	{'task_type': 'deadhead', 'locomotive': 22563, 'first_train_section': 26831, 'first_section': 22447, 'first_departure_time': 1536735180, 'first_arrival_time': 1536738240, 'second_train_section': 22675, 'second_section': 22438, 'second_departure_time': 1536753120, 'second_arrival_time': 1536763860}
327	{'task_type': 'regular', 'locomotive': 22563, 'train_section': 22675, 'section': 22438, 'departure_time': 1536753120, 'arrival_time': 1536763860}
328	{'task_type': 'regular', 'locomotive': 22563, 'train_section': 26442, 'section': 22329, 'departure_time': 1536764280, 'arrival_time': 1536765720}
329	{'task_type': 'deadhead', 'locomotive': 22563, 'first_train_section': 26442, 'first_section': 22329, 'first_departure_time': 1536764280, 'first_arrival_time': 1536765720, 'second_train_section': 27854, 'second_section': 22331, 'second_departure_time': 1536772080, 'second_arrival_time': 1536783000}
330	{'task_type': 'regular', 'locomotive': 22563, 'train_section': 27854, 'section': 22331, 'departure_time': 1536772080, 'arrival_time': 1536783000}
331	{'task_type': 'deadhead', 'locomotive': 22563, 'first_train_section': 27290, 'first_section': 22440, 'first_departure_time': 1536789600, 'first_arrival_time': 1536817800, 'second_train_section': 25483, 'second_section': 22384, 'second_departure_time': 1536841500, 'second_arrival_time': 1536846900}
332	{'task_type': 'regular', 'locomotive': 22563, 'train_section': 25483, 'section': 22384, 'departure_time': 1536841500, 'arrival_time': 1536846900}
333	{'task_type': 'deadhead', 'locomotive': 22563, 'first_train_section': 25483, 'first_section': 22384, 'first_departure_time': 1536841500, 'first_arrival_time': 1536846900, 'second_train_section': 22890, 'second_section': 22240, 'second_departure_time': 1536851820, 'second_arrival_time': 1536854100}
334	{'task_type': 'regular', 'locomotive': 22563, 'train_section': 22890, 'section': 22240, 'departure_time': 1536851820, 'arrival_time': 1536854100}
335	{'task_type': 'deadhead', 'locomotive': 22563, 'first_train_section': 22890, 'first_section': 22240, 'first_departure_time': 1536851820, 'first_arrival_time': 1536854100, 'second_train_section': 27270, 'second_section': 22404, 'second_departure_time': 1536864420, 'second_arrival_time': 1536873360}
336	{'task_type': 'regular', 'locomotive': 22563, 'train_section': 27270, 'section': 22404, 'departure_time': 1536864420, 'arrival_time': 1536873360}
337	{'task_type': 'regular', 'locomotive': 22563, 'train_section': 24927, 'section': 22244, 'departure_time': 1536874320, 'arrival_time': 1536875880}
338	{'task_type': 'deadhead', 'locomotive': 22563, 'first_train_section': 24927, 'first_section': 22244, 'first_departure_time': 1536874320, 'first_arrival_time': 1536875880, 'second_train_section': 23341, 'second_section': 22404, 'second_departure_time': 1536891660, 'second_arrival_time': 1536900900}
339	{'task_type': 'regular', 'locomotive': 22563, 'train_section': 23341, 'section': 22404, 'departure_time': 1536891660, 'arrival_time': 1536900900}
340	{'task_type': 'deadhead', 'locomotive': 22563, 'first_train_section': 23341, 'first_section': 22404, 'first_departure_time': 1536891660, 'first_arrival_time': 1536900900, 'second_train_section': 26871, 'second_section': 22392, 'second_departure_time': 1536920700, 'second_arrival_time': 1536922080}
341	{'task_type': 'regular', 'locomotive': 22563, 'train_section': 26871, 'section': 22392, 'departure_time': 1536920700, 'arrival_time': 1536922080}
342	{'task_type': 'deadhead', 'locomotive': 22563, 'first_train_section': 26871, 'first_section': 22392, 'first_departure_time': 1536920700, 'first_arrival_time': 1536922080, 'second_train_section': 25121, 'second_section': 22261, 'second_departure_time': 1536935880, 'second_arrival_time': 1536937500}
343	{'task_type': 'regular', 'locomotive': 22563, 'train_section': 25121, 'section': 22261, 'departure_time': 1536935880, 'arrival_time': 1536937500}
344	{'task_type': 'deadhead', 'locomotive': 22563, 'first_train_section': 25121, 'first_section': 22261, 'first_departure_time': 1536935880, 'first_arrival_time': 1536937500, 'second_train_section': 24582, 'second_section': 22264, 'second_departure_time': 1536940380, 'second_arrival_time': 1536940800}
345	{'task_type': 'regular', 'locomotive': 22563, 'train_section': 24582, 'section': 22264, 'departure_time': 1536940380, 'arrival_time': 1536940800}
346	{'task_type': 'deadhead', 'locomotive': 22563, 'first_train_section': 27836, 'first_section': 22302, 'first_departure_time': 1536947100, 'first_arrival_time': 1536962340, 'second_train_section': 23790, 'second_section': 22308, 'second_departure_time': 1536963720, 'second_arrival_time': 1536966420}
347	{'task_type': 'regular', 'locomotive': 22563, 'train_section': 23790, 'section': 22308, 'departure_time': 1536963720, 'arrival_time': 1536966420}
348	{'task_type': 'regular', 'locomotive': 22563, 'train_section': 23627, 'section': 22495, 'departure_time': 1536968040, 'arrival_time': 1536970920}
349	{'task_type': 'regular', 'locomotive': 22563, 'train_section': 23497, 'section': 22308, 'departure_time': 1536973200, 'arrival_time': 1536975960}
350	{'task_type': 'deadhead', 'locomotive': 22563, 'first_train_section': 23497, 'first_section': 22308, 'first_departure_time': 1536973200, 'first_arrival_time': 1536975960, 'second_train_section': 23692, 'second_section': 22477, 'second_departure_time': 1536985200, 'second_arrival_time': 1536987600}
351	{'task_type': 'regular', 'locomotive': 22563, 'train_section': 23692, 'section': 22477, 'departure_time': 1536985200, 'arrival_time': 1536987600}
352	{'task_type': 'deadhead', 'locomotive': 22563, 'first_train_section': 23692, 'first_section': 22477, 'first_departure_time': 1536985200, 'first_arrival_time': 1536987600, 'second_train_section': 25748, 'second_section': 22356, 'second_departure_time': 1537003680, 'second_arrival_time': 1537010940}
353	{'task_type': 'regular', 'locomotive': 22563, 'train_section': 25748, 'section': 22356, 'departure_time': 1537003680, 'arrival_time': 1537010940}
354	{'task_type': 'deadhead', 'locomotive': 22563, 'first_train_section': 26267, 'first_section': 22502, 'first_departure_time': 1537038300, 'first_arrival_time': 1537048740, 'second_train_section': 23323, 'second_section': 22279, 'second_departure_time': 1537076160, 'second_arrival_time': 1537081620}
355	{'task_type': 'regular', 'locomotive': 22563, 'train_section': 23323, 'section': 22279, 'departure_time': 1537076160, 'arrival_time': 1537081620}
356	{'task_type': 'deadhead', 'locomotive': 22563, 'first_train_section': 23323, 'first_section': 22279, 'first_departure_time': 1537076160, 'first_arrival_time': 1537081620, 'second_train_section': 23281, 'second_section': 22351, 'second_departure_time': 1537094880, 'second_arrival_time': 1537100040}
357	{'task_type': 'regular', 'locomotive': 22563, 'train_section': 23281, 'section': 22351, 'departure_time': 1537094880, 'arrival_time': 1537100040}
358	{'task_type': 'deadhead', 'locomotive': 22563, 'first_train_section': 23281, 'first_section': 22351, 'first_departure_time': 1537094880, 'first_arrival_time': 1537100040, 'second_train_section': 24105, 'second_section': 22360, 'second_departure_time': 1537116480, 'second_arrival_time': 1537128120}
359	{'task_type': 'regular', 'locomotive': 22563, 'train_section': 24105, 'section': 22360, 'departure_time': 1537116480, 'arrival_time': 1537128120}
360	{'task_type': 'regular', 'locomotive': 22564, 'train_section': 22834, 'section': 22337, 'departure_time': 1536640320, 'arrival_time': 1536647160}
361	{'task_type': 'deadhead', 'locomotive': 22564, 'first_train_section': 22834, 'first_section': 22337, 'first_departure_time': 1536640320, 'first_arrival_time': 1536647160, 'second_train_section': 25234, 'second_section': 22471, 'second_departure_time': 1536656220, 'second_arrival_time': 1536659040}
362	{'task_type': 'regular', 'locomotive': 22564, 'train_section': 25234, 'section': 22471, 'departure_time': 1536656220, 'arrival_time': 1536659040}
363	{'task_type': 'deadhead', 'locomotive': 22564, 'first_train_section': 25234, 'first_section': 22471, 'first_departure_time': 1536656220, 'first_arrival_time': 1536659040, 'second_train_section': 27682, 'second_section': 22323, 'second_departure_time': 1536662280, 'second_arrival_time': 1536666180}
364	{'task_type': 'regular', 'locomotive': 22564, 'train_section': 27682, 'section': 22323, 'departure_time': 1536662280, 'arrival_time': 1536666180}
365	{'task_type': 'regular', 'locomotive': 22564, 'train_section': 27684, 'section': 22337, 'departure_time': 1536667080, 'arrival_time': 1536673800}
366	{'task_type': 'deadhead', 'locomotive': 22564, 'first_train_section': 27684, 'first_section': 22337, 'first_departure_time': 1536667080, 'first_arrival_time': 1536673800, 'second_train_section': 25272, 'second_section': 22471, 'second_departure_time': 1536685020, 'second_arrival_time': 1536687840}
367	{'task_type': 'regular', 'locomotive': 22564, 'train_section': 25272, 'section': 22471, 'departure_time': 1536685020, 'arrival_time': 1536687840}
368	{'task_type': 'deadhead', 'locomotive': 22564, 'first_train_section': 25272, 'first_section': 22471, 'first_departure_time': 1536685020, 'first_arrival_time': 1536687840, 'second_train_section': 25165, 'second_section': 22334, 'second_departure_time': 1536697020, 'second_arrival_time': 1536700200}
369	{'task_type': 'regular', 'locomotive': 22564, 'train_section': 25165, 'section': 22334, 'departure_time': 1536697020, 'arrival_time': 1536700200}
370	{'task_type': 'regular', 'locomotive': 22564, 'train_section': 25167, 'section': 22322, 'departure_time': 1536700380, 'arrival_time': 1536708600}
371	{'task_type': 'deadhead', 'locomotive': 22564, 'first_train_section': 25167, 'first_section': 22322, 'first_departure_time': 1536700380, 'first_arrival_time': 1536708600, 'second_train_section': 27407, 'second_section': 22325, 'second_departure_time': 1536719700, 'second_arrival_time': 1536733980}
372	{'task_type': 'regular', 'locomotive': 22564, 'train_section': 27407, 'section': 22325, 'departure_time': 1536719700, 'arrival_time': 1536733980}
373	{'task_type': 'regular', 'locomotive': 22564, 'train_section': 24898, 'section': 22234, 'departure_time': 1536735000, 'arrival_time': 1536737760}
374	{'task_type': 'regular', 'locomotive': 22564, 'train_section': 26439, 'section': 22438, 'departure_time': 1536738720, 'arrival_time': 1536749460}
375	{'task_type': 'deadhead', 'locomotive': 22564, 'first_train_section': 26439, 'first_section': 22438, 'first_departure_time': 1536738720, 'first_arrival_time': 1536749460, 'second_train_section': 24414, 'second_section': 22438, 'second_departure_time': 1536760320, 'second_arrival_time': 1536771060}
376	{'task_type': 'regular', 'locomotive': 22564, 'train_section': 24414, 'section': 22438, 'departure_time': 1536760320, 'arrival_time': 1536771060}
377	{'task_type': 'deadhead', 'locomotive': 22564, 'first_train_section': 24414, 'first_section': 22438, 'first_departure_time': 1536760320, 'first_arrival_time': 1536771060, 'second_train_section': 25635, 'second_section': 22277, 'second_departure_time': 1536780900, 'second_arrival_time': 1536784380}
378	{'task_type': 'regular', 'locomotive': 22564, 'train_section': 25635, 'section': 22277, 'departure_time': 1536780900, 'arrival_time': 1536784380}
379	{'task_type': 'deadhead', 'locomotive': 22564, 'first_train_section': 25635, 'first_section': 22277, 'first_departure_time': 1536780900, 'first_arrival_time': 1536784380, 'second_train_section': 22666, 'second_section': 22451, 'second_departure_time': 1536793020, 'second_arrival_time': 1536799920}
380	{'task_type': 'regular', 'locomotive': 22564, 'train_section': 22666, 'section': 22451, 'departure_time': 1536793020, 'arrival_time': 1536799920}
381	{'task_type': 'regular', 'locomotive': 22564, 'train_section': 22669, 'section': 22345, 'departure_time': 1536800760, 'arrival_time': 1536803700}
382	{'task_type': 'deadhead', 'locomotive': 22564, 'first_train_section': 22669, 'first_section': 22345, 'first_departure_time': 1536800760, 'first_arrival_time': 1536803700, 'second_train_section': 23572, 'second_section': 22508, 'second_departure_time': 1536816780, 'second_arrival_time': 1536819720}
383	{'task_type': 'regular', 'locomotive': 22564, 'train_section': 23572, 'section': 22508, 'departure_time': 1536816780, 'arrival_time': 1536819720}
384	{'task_type': 'regular', 'locomotive': 22564, 'train_section': 24811, 'section': 22479, 'departure_time': 1536824940, 'arrival_time': 1536826560}
385	{'task_type': 'deadhead', 'locomotive': 22564, 'first_train_section': 24811, 'first_section': 22479, 'first_departure_time': 1536824940, 'first_arrival_time': 1536826560, 'second_train_section': 23578, 'second_section': 22343, 'second_departure_time': 1536835200, 'second_arrival_time': 1536843720}
386	{'task_type': 'regular', 'locomotive': 22564, 'train_section': 23578, 'section': 22343, 'departure_time': 1536835200, 'arrival_time': 1536843720}
387	{'task_type': 'deadhead', 'locomotive': 22564, 'first_train_section': 23578, 'first_section': 22343, 'first_departure_time': 1536835200, 'first_arrival_time': 1536843720, 'second_train_section': 25466, 'second_section': 22281, 'second_departure_time': 1536847080, 'second_arrival_time': 1536853380}
388	{'task_type': 'regular', 'locomotive': 22564, 'train_section': 25466, 'section': 22281, 'departure_time': 1536847080, 'arrival_time': 1536853380}
389	{'task_type': 'deadhead', 'locomotive': 22564, 'first_train_section': 25466, 'first_section': 22281, 'first_departure_time': 1536847080, 'first_arrival_time': 1536853380, 'second_train_section': 26979, 'second_section': 22277, 'second_departure_time': 1536860100, 'second_arrival_time': 1536863580}
390	{'task_type': 'regular', 'locomotive': 22564, 'train_section': 26979, 'section': 22277, 'departure_time': 1536860100, 'arrival_time': 1536863580}
391	{'task_type': 'deadhead', 'locomotive': 22564, 'first_train_section': 26979, 'first_section': 22277, 'first_departure_time': 1536860100, 'first_arrival_time': 1536863580, 'second_train_section': 27652, 'second_section': 22345, 'second_departure_time': 1536870300, 'second_arrival_time': 1536873240}
392	{'task_type': 'regular', 'locomotive': 22564, 'train_section': 27652, 'section': 22345, 'departure_time': 1536870300, 'arrival_time': 1536873240}
393	{'task_type': 'deadhead', 'locomotive': 22564, 'first_train_section': 27652, 'first_section': 22345, 'first_departure_time': 1536870300, 'first_arrival_time': 1536873240, 'second_train_section': 24597, 'second_section': 22266, 'second_departure_time': 1536873900, 'second_arrival_time': 1536880440}
394	{'task_type': 'regular', 'locomotive': 22564, 'train_section': 24597, 'section': 22266, 'departure_time': 1536873900, 'arrival_time': 1536880440}
395	{'task_type': 'deadhead', 'locomotive': 22564, 'first_train_section': 24597, 'first_section': 22266, 'first_departure_time': 1536873900, 'first_arrival_time': 1536880440, 'second_train_section': 25319, 'second_section': 22308, 'second_departure_time': 1536897300, 'second_arrival_time': 1536900000}
396	{'task_type': 'regular', 'locomotive': 22564, 'train_section': 25319, 'section': 22308, 'departure_time': 1536897300, 'arrival_time': 1536900000}
397	{'task_type': 'deadhead', 'locomotive': 22564, 'first_train_section': 25319, 'first_section': 22308, 'first_departure_time': 1536897300, 'first_arrival_time': 1536900000, 'second_train_section': 26419, 'second_section': 22378, 'second_departure_time': 1536908700, 'second_arrival_time': 1536912360}
398	{'task_type': 'regular', 'locomotive': 22564, 'train_section': 26419, 'section': 22378, 'departure_time': 1536908700, 'arrival_time': 1536912360}
399	{'task_type': 'deadhead', 'locomotive': 22564, 'first_train_section': 26419, 'first_section': 22378, 'first_departure_time': 1536908700, 'first_arrival_time': 1536912360, 'second_train_section': 27830, 'second_section': 22378, 'second_departure_time': 1536928500, 'second_arrival_time': 1536932160}
400	{'task_type': 'regular', 'locomotive': 22564, 'train_section': 27830, 'section': 22378, 'departure_time': 1536928500, 'arrival_time': 1536932160}
401	{'task_type': 'regular', 'locomotive': 22564, 'train_section': 27674, 'section': 22416, 'departure_time': 1536933240, 'arrival_time': 1536936900}
402	{'task_type': 'deadhead', 'locomotive': 22564, 'first_train_section': 27674, 'first_section': 22416, 'first_departure_time': 1536933240, 'first_arrival_time': 1536936900, 'second_train_section': 26245, 'second_section': 22416, 'second_departure_time': 1536944040, 'second_arrival_time': 1536947700}
403	{'task_type': 'regular', 'locomotive': 22564, 'train_section': 26245, 'section': 22416, 'departure_time': 1536944040, 'arrival_time': 1536947700}
404	{'task_type': 'deadhead', 'locomotive': 22564, 'first_train_section': 26245, 'first_section': 22416, 'first_departure_time': 1536944040, 'first_arrival_time': 1536947700, 'second_train_section': 26819, 'second_section': 22376, 'second_departure_time': 1536953760, 'second_arrival_time': 1536957960}
405	{'task_type': 'regular', 'locomotive': 22564, 'train_section': 26819, 'section': 22376, 'departure_time': 1536953760, 'arrival_time': 1536957960}
406	{'task_type': 'regular', 'locomotive': 22564, 'train_section': 27413, 'section': 22416, 'departure_time': 1537001640, 'arrival_time': 1537005300}
407	{'task_type': 'deadhead', 'locomotive': 22564, 'first_train_section': 27413, 'first_section': 22416, 'first_departure_time': 1537001640, 'first_arrival_time': 1537005300, 'second_train_section': 25553, 'second_section': 22288, 'second_departure_time': 1537016340, 'second_arrival_time': 1537025100}
408	{'task_type': 'regular', 'locomotive': 22564, 'train_section': 25553, 'section': 22288, 'departure_time': 1537016340, 'arrival_time': 1537025100}
409	{'task_type': 'regular', 'locomotive': 22564, 'train_section': 25555, 'section': 22323, 'departure_time': 1537025940, 'arrival_time': 1537029840}
410	{'task_type': 'deadhead', 'locomotive': 22564, 'first_train_section': 25555, 'first_section': 22323, 'first_departure_time': 1537025940, 'first_arrival_time': 1537029840, 'second_train_section': 27229, 'second_section': 22324, 'second_departure_time': 1537045980, 'second_arrival_time': 1537051500}
411	{'task_type': 'regular', 'locomotive': 22564, 'train_section': 27229, 'section': 22324, 'departure_time': 1537045980, 'arrival_time': 1537051500}
412	{'task_type': 'deadhead', 'locomotive': 22564, 'first_train_section': 27229, 'first_section': 22324, 'first_departure_time': 1537045980, 'first_arrival_time': 1537051500, 'second_train_section': 24069, 'second_section': 22314, 'second_departure_time': 1537083240, 'second_arrival_time': 1537085940}
413	{'task_type': 'regular', 'locomotive': 22564, 'train_section': 24069, 'section': 22314, 'departure_time': 1537083240, 'arrival_time': 1537085940}
414	{'task_type': 'regular', 'locomotive': 22564, 'train_section': 23617, 'section': 22311, 'departure_time': 1537090800, 'arrival_time': 1537093560}
415	{'task_type': 'regular', 'locomotive': 22565, 'train_section': 27505, 'section': 22414, 'departure_time': 1536595020, 'arrival_time': 1536599460}
416	{'task_type': 'deadhead', 'locomotive': 22565, 'first_train_section': 27505, 'first_section': 22414, 'first_departure_time': 1536595020, 'first_arrival_time': 1536599460, 'second_train_section': 23481, 'second_section': 22495, 'second_departure_time': 1536611220, 'second_arrival_time': 1536613980}
417	{'task_type': 'regular', 'locomotive': 22565, 'train_section': 23481, 'section': 22495, 'departure_time': 1536611220, 'arrival_time': 1536613980}
418	{'task_type': 'deadhead', 'locomotive': 22565, 'first_train_section': 23481, 'first_section': 22495, 'first_departure_time': 1536611220, 'first_arrival_time': 1536613980, 'second_train_section': 27481, 'second_section': 22496, 'second_departure_time': 1536621660, 'second_arrival_time': 1536625560}
419	{'task_type': 'regular', 'locomotive': 22565, 'train_section': 27481, 'section': 22496, 'departure_time': 1536621660, 'arrival_time': 1536625560}
420	{'task_type': 'deadhead', 'locomotive': 22565, 'first_train_section': 27481, 'first_section': 22496, 'first_departure_time': 1536621660, 'first_arrival_time': 1536625560, 'second_train_section': 24075, 'second_section': 22378, 'second_departure_time': 1536635340, 'second_arrival_time': 1536639000}
421	{'task_type': 'regular', 'locomotive': 22565, 'train_section': 24075, 'section': 22378, 'departure_time': 1536635340, 'arrival_time': 1536639000}
422	{'task_type': 'regular', 'locomotive': 22565, 'train_section': 26019, 'section': 22416, 'departure_time': 1536639840, 'arrival_time': 1536643500}
423	{'task_type': 'deadhead', 'locomotive': 22565, 'first_train_section': 23181, 'first_section': 22417, 'first_departure_time': 1536647760, 'first_arrival_time': 1536663240, 'second_train_section': 24703, 'second_section': 22424, 'second_departure_time': 1536666480, 'second_arrival_time': 1536671340}
424	{'task_type': 'regular', 'locomotive': 22565, 'train_section': 24703, 'section': 22424, 'departure_time': 1536666480, 'arrival_time': 1536671340}
425	{'task_type': 'deadhead', 'locomotive': 22565, 'first_train_section': 24703, 'first_section': 22424, 'first_departure_time': 1536666480, 'first_arrival_time': 1536671340, 'second_train_section': 25957, 'second_section': 22414, 'second_departure_time': 1536676080, 'second_arrival_time': 1536680460}
426	{'task_type': 'regular', 'locomotive': 22565, 'train_section': 25957, 'section': 22414, 'departure_time': 1536676080, 'arrival_time': 1536680460}
427	{'task_type': 'deadhead', 'locomotive': 22565, 'first_train_section': 22815, 'first_section': 22353, 'first_departure_time': 1536703200, 'first_arrival_time': 1536723540, 'second_train_section': 26976, 'second_section': 22456, 'second_departure_time': 1536730500, 'second_arrival_time': 1536732000}
428	{'task_type': 'regular', 'locomotive': 22565, 'train_section': 26976, 'section': 22456, 'departure_time': 1536730500, 'arrival_time': 1536732000}
429	{'task_type': 'deadhead', 'locomotive': 22565, 'first_train_section': 26976, 'first_section': 22456, 'first_departure_time': 1536730500, 'first_arrival_time': 1536732000, 'second_train_section': 25424, 'second_section': 22378, 'second_departure_time': 1536735900, 'second_arrival_time': 1536739560}
430	{'task_type': 'regular', 'locomotive': 22565, 'train_section': 25424, 'section': 22378, 'departure_time': 1536735900, 'arrival_time': 1536739560}
431	{'task_type': 'deadhead', 'locomotive': 22565, 'first_train_section': 25424, 'first_section': 22378, 'first_departure_time': 1536735900, 'first_arrival_time': 1536739560, 'second_train_section': 25187, 'second_section': 22443, 'second_departure_time': 1536743340, 'second_arrival_time': 1536745020}
432	{'task_type': 'regular', 'locomotive': 22565, 'train_section': 25187, 'section': 22443, 'departure_time': 1536743340, 'arrival_time': 1536745020}
433	{'task_type': 'deadhead', 'locomotive': 22565, 'first_train_section': 25187, 'first_section': 22443, 'first_departure_time': 1536743340, 'first_arrival_time': 1536745020, 'second_train_section': 24006, 'second_section': 22424, 'second_departure_time': 1536752880, 'second_arrival_time': 1536757740}
434	{'task_type': 'regular', 'locomotive': 22565, 'train_section': 24006, 'section': 22424, 'departure_time': 1536752880, 'arrival_time': 1536757740}
435	{'task_type': 'deadhead', 'locomotive': 22565, 'first_train_section': 24006, 'first_section': 22424, 'first_departure_time': 1536752880, 'first_arrival_time': 1536757740, 'second_train_section': 23184, 'second_section': 22414, 'second_departure_time': 1536762480, 'second_arrival_time': 1536766860}
436	{'task_type': 'regular', 'locomotive': 22565, 'train_section': 23184, 'section': 22414, 'departure_time': 1536762480, 'arrival_time': 1536766860}
437	{'task_type': 'deadhead', 'locomotive': 22565, 'first_train_section': 27275, 'first_section': 22353, 'first_departure_time': 1536772260, 'first_arrival_time': 1536789540, 'second_train_section': 25560, 'second_section': 22431, 'second_departure_time': 1536803640, 'second_arrival_time': 1536807780}
438	{'task_type': 'regular', 'locomotive': 22565, 'train_section': 25560, 'section': 22431, 'departure_time': 1536803640, 'arrival_time': 1536807780}
439	{'task_type': 'deadhead', 'locomotive': 22565, 'first_train_section': 25560, 'first_section': 22431, 'first_departure_time': 1536803640, 'first_arrival_time': 1536807780, 'second_train_section': 25564, 'second_section': 22307, 'second_departure_time': 1536813600, 'second_arrival_time': 1536815940}
440	{'task_type': 'regular', 'locomotive': 22565, 'train_section': 25564, 'section': 22307, 'departure_time': 1536813600, 'arrival_time': 1536815940}
441	{'task_type': 'deadhead', 'locomotive': 22565, 'first_train_section': 25564, 'first_section': 22307, 'first_departure_time': 1536813600, 'first_arrival_time': 1536815940, 'second_train_section': 23989, 'second_section': 22499, 'second_departure_time': 1536824700, 'second_arrival_time': 1536829860}
442	{'task_type': 'regular', 'locomotive': 22565, 'train_section': 23989, 'section': 22499, 'departure_time': 1536824700, 'arrival_time': 1536829860}
443	{'task_type': 'deadhead', 'locomotive': 22565, 'first_train_section': 23989, 'first_section': 22499, 'first_departure_time': 1536824700, 'first_arrival_time': 1536829860, 'second_train_section': 26519, 'second_section': 22505, 'second_departure_time': 1536841140, 'second_arrival_time': 1536847020}
444	{'task_type': 'regular', 'locomotive': 22565, 'train_section': 26519, 'section': 22505, 'departure_time': 1536841140, 'arrival_time': 1536847020}
445	{'task_type': 'deadhead', 'locomotive': 22565, 'first_train_section': 26519, 'first_section': 22505, 'first_departure_time': 1536841140, 'first_arrival_time': 1536847020, 'second_train_section': 26599, 'second_section': 22367, 'second_departure_time': 1536853980, 'second_arrival_time': 1536855240}
446	{'task_type': 'regular', 'locomotive': 22565, 'train_section': 26599, 'section': 22367, 'departure_time': 1536853980, 'arrival_time': 1536855240}
447	{'task_type': 'deadhead', 'locomotive': 22565, 'first_train_section': 26599, 'first_section': 22367, 'first_departure_time': 1536853980, 'first_arrival_time': 1536855240, 'second_train_section': 27557, 'second_section': 22495, 'second_departure_time': 1536866100, 'second_arrival_time': 1536869100}
448	{'task_type': 'regular', 'locomotive': 22565, 'train_section': 27557, 'section': 22495, 'departure_time': 1536866100, 'arrival_time': 1536869100}
449	{'task_type': 'regular', 'locomotive': 22565, 'train_section': 22803, 'section': 22307, 'departure_time': 1536870660, 'arrival_time': 1536872700}
450	{'task_type': 'deadhead', 'locomotive': 22565, 'first_train_section': 22803, 'first_section': 22307, 'first_departure_time': 1536870660, 'first_arrival_time': 1536872700, 'second_train_section': 23846, 'second_section': 22309, 'second_departure_time': 1536876540, 'second_arrival_time': 1536881400}
451	{'task_type': 'regular', 'locomotive': 22565, 'train_section': 23846, 'section': 22309, 'departure_time': 1536876540, 'arrival_time': 1536881400}
452	{'task_type': 'deadhead', 'locomotive': 22565, 'first_train_section': 23846, 'first_section': 22309, 'first_departure_time': 1536876540, 'first_arrival_time': 1536881400, 'second_train_section': 27423, 'second_section': 22496, 'second_departure_time': 1536890400, 'second_arrival_time': 1536895200}
453	{'task_type': 'regular', 'locomotive': 22565, 'train_section': 27423, 'section': 22496, 'departure_time': 1536890400, 'arrival_time': 1536895200}
454	{'task_type': 'deadhead', 'locomotive': 22565, 'first_train_section': 27423, 'first_section': 22496, 'first_departure_time': 1536890400, 'first_arrival_time': 1536895200, 'second_train_section': 25638, 'second_section': 22429, 'second_departure_time': 1536901320, 'second_arrival_time': 1536903480}
455	{'task_type': 'regular', 'locomotive': 22565, 'train_section': 25638, 'section': 22429, 'departure_time': 1536901320, 'arrival_time': 1536903480}
456	{'task_type': 'deadhead', 'locomotive': 22565, 'first_train_section': 25638, 'first_section': 22429, 'first_departure_time': 1536901320, 'first_arrival_time': 1536903480, 'second_train_section': 22918, 'second_section': 22304, 'second_departure_time': 1536914100, 'second_arrival_time': 1536919020}
457	{'task_type': 'regular', 'locomotive': 22565, 'train_section': 22918, 'section': 22304, 'departure_time': 1536914100, 'arrival_time': 1536919020}
458	{'task_type': 'regular', 'locomotive': 22565, 'train_section': 22920, 'section': 22247, 'departure_time': 1536919200, 'arrival_time': 1536928620}
459	{'task_type': 'deadhead', 'locomotive': 22565, 'first_train_section': 22920, 'first_section': 22247, 'first_departure_time': 1536919200, 'first_arrival_time': 1536928620, 'second_train_section': 23366, 'second_section': 22404, 'second_departure_time': 1536933360, 'second_arrival_time': 1536942900}
460	{'task_type': 'regular', 'locomotive': 22565, 'train_section': 23366, 'section': 22404, 'departure_time': 1536933360, 'arrival_time': 1536942900}
461	{'task_type': 'regular', 'locomotive': 22565, 'train_section': 23368, 'section': 22245, 'departure_time': 1536943140, 'arrival_time': 1536948180}
462	{'task_type': 'deadhead', 'locomotive': 22565, 'first_train_section': 23368, 'first_section': 22245, 'first_departure_time': 1536943140, 'first_arrival_time': 1536948180, 'second_train_section': 24492, 'second_section': 22495, 'second_departure_time': 1536951840, 'second_arrival_time': 1536954660}
463	{'task_type': 'regular', 'locomotive': 22565, 'train_section': 24492, 'section': 22495, 'departure_time': 1536951840, 'arrival_time': 1536954660}
464	{'task_type': 'deadhead', 'locomotive': 22565, 'first_train_section': 24492, 'first_section': 22495, 'first_departure_time': 1536951840, 'first_arrival_time': 1536954660, 'second_train_section': 26321, 'second_section': 22495, 'second_departure_time': 1536960180, 'second_arrival_time': 1536963120}
465	{'task_type': 'regular', 'locomotive': 22565, 'train_section': 26321, 'section': 22495, 'departure_time': 1536960180, 'arrival_time': 1536963120}
466	{'task_type': 'regular', 'locomotive': 22565, 'train_section': 24753, 'section': 22308, 'departure_time': 1536968160, 'arrival_time': 1536970860}
467	{'task_type': 'deadhead', 'locomotive': 22565, 'first_train_section': 24753, 'first_section': 22308, 'first_departure_time': 1536968160, 'first_arrival_time': 1536970860, 'second_train_section': 23432, 'second_section': 22308, 'second_departure_time': 1536975360, 'second_arrival_time': 1536978000}
468	{'task_type': 'regular', 'locomotive': 22565, 'train_section': 23432, 'section': 22308, 'departure_time': 1536975360, 'arrival_time': 1536978000}
469	{'task_type': 'deadhead', 'locomotive': 22565, 'first_train_section': 23432, 'first_section': 22308, 'first_departure_time': 1536975360, 'first_arrival_time': 1536978000, 'second_train_section': 27860, 'second_section': 22342, 'second_departure_time': 1536988860, 'second_arrival_time': 1536994980}
470	{'task_type': 'regular', 'locomotive': 22565, 'train_section': 27860, 'section': 22342, 'departure_time': 1536988860, 'arrival_time': 1536994980}
471	{'task_type': 'deadhead', 'locomotive': 22565, 'first_train_section': 27860, 'first_section': 22342, 'first_departure_time': 1536988860, 'first_arrival_time': 1536994980, 'second_train_section': 23725, 'second_section': 22387, 'second_departure_time': 1537004280, 'second_arrival_time': 1537005720}
472	{'task_type': 'regular', 'locomotive': 22565, 'train_section': 23725, 'section': 22387, 'departure_time': 1537004280, 'arrival_time': 1537005720}
473	{'task_type': 'deadhead', 'locomotive': 22565, 'first_train_section': 23725, 'first_section': 22387, 'first_departure_time': 1537004280, 'first_arrival_time': 1537005720, 'second_train_section': 25567, 'second_section': 22313, 'second_departure_time': 1537015680, 'second_arrival_time': 1537020600}
474	{'task_type': 'regular', 'locomotive': 22565, 'train_section': 25567, 'section': 22313, 'departure_time': 1537015680, 'arrival_time': 1537020600}
475	{'task_type': 'deadhead', 'locomotive': 22565, 'first_train_section': 25567, 'first_section': 22313, 'first_departure_time': 1537015680, 'first_arrival_time': 1537020600, 'second_train_section': 25715, 'second_section': 22495, 'second_departure_time': 1537042920, 'second_arrival_time': 1537045620}
476	{'task_type': 'regular', 'locomotive': 22565, 'train_section': 25715, 'section': 22495, 'departure_time': 1537042920, 'arrival_time': 1537045620}
477	{'task_type': 'deadhead', 'locomotive': 22565, 'first_train_section': 25715, 'first_section': 22495, 'first_departure_time': 1537042920, 'first_arrival_time': 1537045620, 'second_train_section': 26665, 'second_section': 22342, 'second_departure_time': 1537082340, 'second_arrival_time': 1537087620}
478	{'task_type': 'regular', 'locomotive': 22565, 'train_section': 26665, 'section': 22342, 'departure_time': 1537082340, 'arrival_time': 1537087620}
479	{'task_type': 'deadhead', 'locomotive': 22565, 'first_train_section': 26665, 'first_section': 22342, 'first_departure_time': 1537082340, 'first_arrival_time': 1537087620, 'second_train_section': 25105, 'second_section': 22313, 'second_departure_time': 1537094880, 'second_arrival_time': 1537099800}
480	{'task_type': 'regular', 'locomotive': 22565, 'train_section': 25105, 'section': 22313, 'departure_time': 1537094880, 'arrival_time': 1537099800}
481	{'task_type': 'deadhead', 'locomotive': 22565, 'first_train_section': 25105, 'first_section': 22313, 'first_departure_time': 1537094880, 'first_arrival_time': 1537099800, 'second_train_section': 27867, 'second_section': 22305, 'second_departure_time': 1537128900, 'second_arrival_time': 1537133940}
482	{'task_type': 'regular', 'locomotive': 22565, 'train_section': 27867, 'section': 22305, 'departure_time': 1537128900, 'arrival_time': 1537133940}
483	{'task_type': 'regular', 'locomotive': 22567, 'train_section': 24225, 'section': 22468, 'departure_time': 1536606660, 'arrival_time': 1536610800}
484	{'task_type': 'deadhead', 'locomotive': 22567, 'first_train_section': 24225, 'first_section': 22468, 'first_departure_time': 1536606660, 'first_arrival_time': 1536610800, 'second_train_section': 22818, 'second_section': 22511, 'second_departure_time': 1536635760, 'second_arrival_time': 1536638400}
485	{'task_type': 'regular', 'locomotive': 22567, 'train_section': 22818, 'section': 22511, 'departure_time': 1536635760, 'arrival_time': 1536638400}
486	{'task_type': 'deadhead', 'locomotive': 22567, 'first_train_section': 22818, 'first_section': 22511, 'first_departure_time': 1536635760, 'first_arrival_time': 1536638400, 'second_train_section': 24497, 'second_section': 22438, 'second_departure_time': 1536652320, 'second_arrival_time': 1536663060}
487	{'task_type': 'regular', 'locomotive': 22567, 'train_section': 24497, 'section': 22438, 'departure_time': 1536652320, 'arrival_time': 1536663060}
488	{'task_type': 'deadhead', 'locomotive': 22567, 'first_train_section': 24497, 'first_section': 22438, 'first_departure_time': 1536652320, 'first_arrival_time': 1536663060, 'second_train_section': 23099, 'second_section': 22344, 'second_departure_time': 1536672780, 'second_arrival_time': 1536673800}
489	{'task_type': 'regular', 'locomotive': 22567, 'train_section': 23099, 'section': 22344, 'departure_time': 1536672780, 'arrival_time': 1536673800}
490	{'task_type': 'deadhead', 'locomotive': 22567, 'first_train_section': 23099, 'first_section': 22344, 'first_departure_time': 1536672780, 'first_arrival_time': 1536673800, 'second_train_section': 26566, 'second_section': 22445, 'second_departure_time': 1536690840, 'second_arrival_time': 1536696600}
491	{'task_type': 'regular', 'locomotive': 22567, 'train_section': 26566, 'section': 22445, 'departure_time': 1536690840, 'arrival_time': 1536696600}
492	{'task_type': 'deadhead', 'locomotive': 22567, 'first_train_section': 26566, 'first_section': 22445, 'first_departure_time': 1536690840, 'first_arrival_time': 1536696600, 'second_train_section': 23829, 'second_section': 22427, 'second_departure_time': 1536697500, 'second_arrival_time': 1536700380}
493	{'task_type': 'regular', 'locomotive': 22567, 'train_section': 23829, 'section': 22427, 'departure_time': 1536697500, 'arrival_time': 1536700380}
494	{'task_type': 'regular', 'locomotive': 22567, 'train_section': 23831, 'section': 22443, 'departure_time': 1536701460, 'arrival_time': 1536703260}
495	{'task_type': 'regular', 'locomotive': 22567, 'train_section': 23833, 'section': 22495, 'departure_time': 1536704700, 'arrival_time': 1536707640}
496	{'task_type': 'regular', 'locomotive': 22567, 'train_section': 23835, 'section': 22304, 'departure_time': 1536708300, 'arrival_time': 1536712680}
497	{'task_type': 'regular', 'locomotive': 22567, 'train_section': 23837, 'section': 22247, 'departure_time': 1536714780, 'arrival_time': 1536724260}
498	{'task_type': 'deadhead', 'locomotive': 22567, 'first_train_section': 23837, 'first_section': 22247, 'first_departure_time': 1536714780, 'first_arrival_time': 1536724260, 'second_train_section': 22753, 'second_section': 22393, 'second_departure_time': 1536728340, 'second_arrival_time': 1536730080}
499	{'task_type': 'regular', 'locomotive': 22567, 'train_section': 22753, 'section': 22393, 'departure_time': 1536728340, 'arrival_time': 1536730080}
500	{'task_type': 'deadhead', 'locomotive': 22567, 'first_train_section': 22753, 'first_section': 22393, 'first_departure_time': 1536728340, 'first_arrival_time': 1536730080, 'second_train_section': 25597, 'second_section': 22404, 'second_departure_time': 1536734820, 'second_arrival_time': 1536744720}
501	{'task_type': 'regular', 'locomotive': 22567, 'train_section': 25597, 'section': 22404, 'departure_time': 1536734820, 'arrival_time': 1536744720}
502	{'task_type': 'regular', 'locomotive': 22567, 'train_section': 23749, 'section': 22248, 'departure_time': 1536756960, 'arrival_time': 1536759600}
503	{'task_type': 'deadhead', 'locomotive': 22567, 'first_train_section': 23749, 'first_section': 22248, 'first_departure_time': 1536756960, 'first_arrival_time': 1536759600, 'second_train_section': 25019, 'second_section': 22500, 'second_departure_time': 1536766680, 'second_arrival_time': 1536769800}
504	{'task_type': 'regular', 'locomotive': 22567, 'train_section': 25019, 'section': 22500, 'departure_time': 1536766680, 'arrival_time': 1536769800}
505	{'task_type': 'regular', 'locomotive': 22567, 'train_section': 27192, 'section': 22360, 'departure_time': 1536770880, 'arrival_time': 1536782520}
506	{'task_type': 'deadhead', 'locomotive': 22567, 'first_train_section': 23117, 'first_section': 22328, 'first_departure_time': 1536833940, 'first_arrival_time': 1536848100, 'second_train_section': 26526, 'second_section': 22387, 'second_departure_time': 1536860280, 'second_arrival_time': 1536861720}
507	{'task_type': 'regular', 'locomotive': 22567, 'train_section': 26526, 'section': 22387, 'departure_time': 1536860280, 'arrival_time': 1536861720}
508	{'task_type': 'deadhead', 'locomotive': 22567, 'first_train_section': 26526, 'first_section': 22387, 'first_departure_time': 1536860280, 'first_arrival_time': 1536861720, 'second_train_section': 23909, 'second_section': 22334, 'second_departure_time': 1536869820, 'second_arrival_time': 1536873000}
509	{'task_type': 'regular', 'locomotive': 22567, 'train_section': 23909, 'section': 22334, 'departure_time': 1536869820, 'arrival_time': 1536873000}
510	{'task_type': 'regular', 'locomotive': 22567, 'train_section': 25621, 'section': 22322, 'departure_time': 1536880560, 'arrival_time': 1536888060}
511	{'task_type': 'deadhead', 'locomotive': 22567, 'first_train_section': 25621, 'first_section': 22322, 'first_departure_time': 1536880560, 'first_arrival_time': 1536888060, 'second_train_section': 24734, 'second_section': 22412, 'second_departure_time': 1536895620, 'second_arrival_time': 1536902880}
512	{'task_type': 'regular', 'locomotive': 22567, 'train_section': 24734, 'section': 22412, 'departure_time': 1536895620, 'arrival_time': 1536902880}
513	{'task_type': 'deadhead', 'locomotive': 22567, 'first_train_section': 24734, 'first_section': 22412, 'first_departure_time': 1536895620, 'first_arrival_time': 1536902880, 'second_train_section': 24337, 'second_section': 22349, 'second_departure_time': 1536913920, 'second_arrival_time': 1536919500}
514	{'task_type': 'regular', 'locomotive': 22567, 'train_section': 24337, 'section': 22349, 'departure_time': 1536913920, 'arrival_time': 1536919500}
515	{'task_type': 'deadhead', 'locomotive': 22567, 'first_train_section': 24337, 'first_section': 22349, 'first_departure_time': 1536913920, 'first_arrival_time': 1536919500, 'second_train_section': 27732, 'second_section': 22383, 'second_departure_time': 1536934320, 'second_arrival_time': 1536937740}
516	{'task_type': 'regular', 'locomotive': 22567, 'train_section': 27732, 'section': 22383, 'departure_time': 1536934320, 'arrival_time': 1536937740}
517	{'task_type': 'deadhead', 'locomotive': 22567, 'first_train_section': 27732, 'first_section': 22383, 'first_departure_time': 1536934320, 'first_arrival_time': 1536937740, 'second_train_section': 23820, 'second_section': 22242, 'second_departure_time': 1536945840, 'second_arrival_time': 1536949020}
518	{'task_type': 'regular', 'locomotive': 22567, 'train_section': 23820, 'section': 22242, 'departure_time': 1536945840, 'arrival_time': 1536949020}
519	{'task_type': 'deadhead', 'locomotive': 22567, 'first_train_section': 23820, 'first_section': 22242, 'first_departure_time': 1536945840, 'first_arrival_time': 1536949020, 'second_train_section': 26561, 'second_section': 22404, 'second_departure_time': 1536950280, 'second_arrival_time': 1536959100}
520	{'task_type': 'regular', 'locomotive': 22567, 'train_section': 26561, 'section': 22404, 'departure_time': 1536950280, 'arrival_time': 1536959100}
521	{'task_type': 'deadhead', 'locomotive': 22567, 'first_train_section': 26561, 'first_section': 22404, 'first_departure_time': 1536950280, 'first_arrival_time': 1536959100, 'second_train_section': 24875, 'second_section': 22356, 'second_departure_time': 1536973320, 'second_arrival_time': 1536981060}
522	{'task_type': 'regular', 'locomotive': 22567, 'train_section': 24875, 'section': 22356, 'departure_time': 1536973320, 'arrival_time': 1536981060}
523	{'task_type': 'regular', 'locomotive': 22573, 'train_section': 24537, 'section': 22427, 'departure_time': 1536634620, 'arrival_time': 1536637620}
524	{'task_type': 'deadhead', 'locomotive': 22573, 'first_train_section': 24537, 'first_section': 22427, 'first_departure_time': 1536634620, 'first_arrival_time': 1536637620, 'second_train_section': 26286, 'second_section': 22427, 'second_departure_time': 1536641880, 'second_arrival_time': 1536645540}
525	{'task_type': 'regular', 'locomotive': 22573, 'train_section': 26286, 'section': 22427, 'departure_time': 1536641880, 'arrival_time': 1536645540}
526	{'task_type': 'deadhead', 'locomotive': 22573, 'first_train_section': 26286, 'first_section': 22427, 'first_departure_time': 1536641880, 'first_arrival_time': 1536645540, 'second_train_section': 27117, 'second_section': 22486, 'second_departure_time': 1536666720, 'second_arrival_time': 1536670320}
527	{'task_type': 'regular', 'locomotive': 22573, 'train_section': 27117, 'section': 22486, 'departure_time': 1536666720, 'arrival_time': 1536670320}
528	{'task_type': 'deadhead', 'locomotive': 22573, 'first_train_section': 27117, 'first_section': 22486, 'first_departure_time': 1536666720, 'first_arrival_time': 1536670320, 'second_train_section': 26356, 'second_section': 22327, 'second_departure_time': 1536680580, 'second_arrival_time': 1536687660}
529	{'task_type': 'regular', 'locomotive': 22573, 'train_section': 26356, 'section': 22327, 'departure_time': 1536680580, 'arrival_time': 1536687660}
530	{'task_type': 'deadhead', 'locomotive': 22573, 'first_train_section': 24895, 'first_section': 22319, 'first_departure_time': 1536687660, 'first_arrival_time': 1536703080, 'second_train_section': 25820, 'second_section': 22235, 'second_departure_time': 1536721140, 'second_arrival_time': 1536721620}
531	{'task_type': 'regular', 'locomotive': 22573, 'train_section': 25820, 'section': 22235, 'departure_time': 1536721140, 'arrival_time': 1536721620}
532	{'task_type': 'deadhead', 'locomotive': 22573, 'first_train_section': 25820, 'first_section': 22235, 'first_departure_time': 1536721140, 'first_arrival_time': 1536721620, 'second_train_section': 26010, 'second_section': 22390, 'second_departure_time': 1536727620, 'second_arrival_time': 1536729420}
533	{'task_type': 'regular', 'locomotive': 22573, 'train_section': 26010, 'section': 22390, 'departure_time': 1536727620, 'arrival_time': 1536729420}
534	{'task_type': 'regular', 'locomotive': 22573, 'train_section': 27159, 'section': 22233, 'departure_time': 1536733260, 'arrival_time': 1536748740}
535	{'task_type': 'deadhead', 'locomotive': 22573, 'first_train_section': 27159, 'first_section': 22233, 'first_departure_time': 1536733260, 'first_arrival_time': 1536748740, 'second_train_section': 24912, 'second_section': 22262, 'second_departure_time': 1536757680, 'second_arrival_time': 1536757980}
536	{'task_type': 'regular', 'locomotive': 22573, 'train_section': 24912, 'section': 22262, 'departure_time': 1536757680, 'arrival_time': 1536757980}
537	{'task_type': 'deadhead', 'locomotive': 22573, 'first_train_section': 24912, 'first_section': 22262, 'first_departure_time': 1536757680, 'first_arrival_time': 1536757980, 'second_train_section': 23939, 'second_section': 22496, 'second_departure_time': 1536766680, 'second_arrival_time': 1536771600}
538	{'task_type': 'regular', 'locomotive': 22573, 'train_section': 23939, 'section': 22496, 'departure_time': 1536766680, 'arrival_time': 1536771600}
539	{'task_type': 'deadhead', 'locomotive': 22573, 'first_train_section': 23939, 'first_section': 22496, 'first_departure_time': 1536766680, 'first_arrival_time': 1536771600, 'second_train_section': 25540, 'second_section': 22385, 'second_departure_time': 1536778020, 'second_arrival_time': 1536778800}
540	{'task_type': 'regular', 'locomotive': 22573, 'train_section': 25540, 'section': 22385, 'departure_time': 1536778020, 'arrival_time': 1536778800}
541	{'task_type': 'deadhead', 'locomotive': 22573, 'first_train_section': 25540, 'first_section': 22385, 'first_departure_time': 1536778020, 'first_arrival_time': 1536778800, 'second_train_section': 22981, 'second_section': 22427, 'second_departure_time': 1536783900, 'second_arrival_time': 1536786780}
542	{'task_type': 'regular', 'locomotive': 22573, 'train_section': 22981, 'section': 22427, 'departure_time': 1536783900, 'arrival_time': 1536786780}
543	{'task_type': 'deadhead', 'locomotive': 22573, 'first_train_section': 22981, 'first_section': 22427, 'first_departure_time': 1536783900, 'first_arrival_time': 1536786780, 'second_train_section': 22985, 'second_section': 22495, 'second_departure_time': 1536791100, 'second_arrival_time': 1536794040}
544	{'task_type': 'regular', 'locomotive': 22573, 'train_section': 22985, 'section': 22495, 'departure_time': 1536791100, 'arrival_time': 1536794040}
545	{'task_type': 'regular', 'locomotive': 22573, 'train_section': 22987, 'section': 22304, 'departure_time': 1536794700, 'arrival_time': 1536799080}
546	{'task_type': 'deadhead', 'locomotive': 22573, 'first_train_section': 22987, 'first_section': 22304, 'first_departure_time': 1536794700, 'first_arrival_time': 1536799080, 'second_train_section': 26651, 'second_section': 22383, 'second_departure_time': 1536811080, 'second_arrival_time': 1536815280}
547	{'task_type': 'regular', 'locomotive': 22573, 'train_section': 26651, 'section': 22383, 'departure_time': 1536811080, 'arrival_time': 1536815280}
548	{'task_type': 'deadhead', 'locomotive': 22573, 'first_train_section': 26651, 'first_section': 22383, 'first_departure_time': 1536811080, 'first_arrival_time': 1536815280, 'second_train_section': 23363, 'second_section': 22465, 'second_departure_time': 1536817260, 'second_arrival_time': 1536818460}
549	{'task_type': 'regular', 'locomotive': 22573, 'train_section': 23363, 'section': 22465, 'departure_time': 1536817260, 'arrival_time': 1536818460}
550	{'task_type': 'deadhead', 'locomotive': 22573, 'first_train_section': 23363, 'first_section': 22465, 'first_departure_time': 1536817260, 'first_arrival_time': 1536818460, 'second_train_section': 27293, 'second_section': 22383, 'second_departure_time': 1536837120, 'second_arrival_time': 1536840540}
551	{'task_type': 'regular', 'locomotive': 22573, 'train_section': 27293, 'section': 22383, 'departure_time': 1536837120, 'arrival_time': 1536840540}
552	{'task_type': 'regular', 'locomotive': 22573, 'train_section': 22648, 'section': 22399, 'departure_time': 1536851400, 'arrival_time': 1536852840}
553	{'task_type': 'deadhead', 'locomotive': 22573, 'first_train_section': 22648, 'first_section': 22399, 'first_departure_time': 1536851400, 'first_arrival_time': 1536852840, 'second_train_section': 23907, 'second_section': 22407, 'second_departure_time': 1536862680, 'second_arrival_time': 1536869340}
554	{'task_type': 'regular', 'locomotive': 22573, 'train_section': 23907, 'section': 22407, 'departure_time': 1536862680, 'arrival_time': 1536869340}
555	{'task_type': 'deadhead', 'locomotive': 22573, 'first_train_section': 23907, 'first_section': 22407, 'first_departure_time': 1536862680, 'first_arrival_time': 1536869340, 'second_train_section': 25929, 'second_section': 22330, 'second_departure_time': 1536882000, 'second_arrival_time': 1536890220}
556	{'task_type': 'regular', 'locomotive': 22573, 'train_section': 25929, 'section': 22330, 'departure_time': 1536882000, 'arrival_time': 1536890220}
557	{'task_type': 'deadhead', 'locomotive': 22573, 'first_train_section': 25929, 'first_section': 22330, 'first_departure_time': 1536882000, 'first_arrival_time': 1536890220, 'second_train_section': 24827, 'second_section': 22403, 'second_departure_time': 1536896460, 'second_arrival_time': 1536898860}
558	{'task_type': 'regular', 'locomotive': 22573, 'train_section': 24827, 'section': 22403, 'departure_time': 1536896460, 'arrival_time': 1536898860}
559	{'task_type': 'deadhead', 'locomotive': 22573, 'first_train_section': 24827, 'first_section': 22403, 'first_departure_time': 1536896460, 'first_arrival_time': 1536898860, 'second_train_section': 27332, 'second_section': 22403, 'second_departure_time': 1536903960, 'second_arrival_time': 1536906720}
560	{'task_type': 'regular', 'locomotive': 22573, 'train_section': 27332, 'section': 22403, 'departure_time': 1536903960, 'arrival_time': 1536906720}
561	{'task_type': 'deadhead', 'locomotive': 22573, 'first_train_section': 27332, 'first_section': 22403, 'first_departure_time': 1536903960, 'first_arrival_time': 1536906720, 'second_train_section': 25492, 'second_section': 22270, 'second_departure_time': 1536916560, 'second_arrival_time': 1536918480}
562	{'task_type': 'regular', 'locomotive': 22573, 'train_section': 25492, 'section': 22270, 'departure_time': 1536916560, 'arrival_time': 1536918480}
563	{'task_type': 'deadhead', 'locomotive': 22573, 'first_train_section': 25492, 'first_section': 22270, 'first_departure_time': 1536916560, 'first_arrival_time': 1536918480, 'second_train_section': 25849, 'second_section': 22396, 'second_departure_time': 1536929760, 'second_arrival_time': 1536931620}
564	{'task_type': 'regular', 'locomotive': 22573, 'train_section': 25849, 'section': 22396, 'departure_time': 1536929760, 'arrival_time': 1536931620}
565	{'task_type': 'deadhead', 'locomotive': 22573, 'first_train_section': 24120, 'first_section': 22366, 'first_departure_time': 1536939240, 'first_arrival_time': 1536950220, 'second_train_section': 23428, 'second_section': 22404, 'second_departure_time': 1536960780, 'second_arrival_time': 1536969720}
566	{'task_type': 'regular', 'locomotive': 22573, 'train_section': 23428, 'section': 22404, 'departure_time': 1536960780, 'arrival_time': 1536969720}
567	{'task_type': 'deadhead', 'locomotive': 22573, 'first_train_section': 23428, 'first_section': 22404, 'first_departure_time': 1536960780, 'first_arrival_time': 1536969720, 'second_train_section': 25988, 'second_section': 22407, 'second_departure_time': 1536999960, 'second_arrival_time': 1537006800}
568	{'task_type': 'regular', 'locomotive': 22573, 'train_section': 25988, 'section': 22407, 'departure_time': 1536999960, 'arrival_time': 1537006800}
569	{'task_type': 'regular', 'locomotive': 22574, 'train_section': 24960, 'section': 22248, 'departure_time': 1536637800, 'arrival_time': 1536640560}
570	{'task_type': 'deadhead', 'locomotive': 22574, 'first_train_section': 24960, 'first_section': 22248, 'first_departure_time': 1536637800, 'first_arrival_time': 1536640560, 'second_train_section': 27141, 'second_section': 22508, 'second_departure_time': 1536643980, 'second_arrival_time': 1536646920}
571	{'task_type': 'regular', 'locomotive': 22574, 'train_section': 27141, 'section': 22508, 'departure_time': 1536643980, 'arrival_time': 1536646920}
572	{'task_type': 'deadhead', 'locomotive': 22574, 'first_train_section': 27141, 'first_section': 22508, 'first_departure_time': 1536643980, 'first_arrival_time': 1536646920, 'second_train_section': 27690, 'second_section': 22349, 'second_departure_time': 1536654720, 'second_arrival_time': 1536660300}
573	{'task_type': 'regular', 'locomotive': 22574, 'train_section': 27690, 'section': 22349, 'departure_time': 1536654720, 'arrival_time': 1536660300}
574	{'task_type': 'deadhead', 'locomotive': 22574, 'first_train_section': 27690, 'first_section': 22349, 'first_departure_time': 1536654720, 'first_arrival_time': 1536660300, 'second_train_section': 24803, 'second_section': 22304, 'second_departure_time': 1536663720, 'second_arrival_time': 1536668880}
575	{'task_type': 'regular', 'locomotive': 22574, 'train_section': 24803, 'section': 22304, 'departure_time': 1536663720, 'arrival_time': 1536668880}
576	{'task_type': 'regular', 'locomotive': 22574, 'train_section': 27082, 'section': 22248, 'departure_time': 1536670560, 'arrival_time': 1536673200}
577	{'task_type': 'regular', 'locomotive': 22574, 'train_section': 27169, 'section': 22481, 'departure_time': 1536676440, 'arrival_time': 1536681540}
578	{'task_type': 'deadhead', 'locomotive': 22574, 'first_train_section': 27169, 'first_section': 22481, 'first_departure_time': 1536676440, 'first_arrival_time': 1536681540, 'second_train_section': 25208, 'second_section': 22259, 'second_departure_time': 1536686640, 'second_arrival_time': 1536686940}
579	{'task_type': 'regular', 'locomotive': 22574, 'train_section': 25208, 'section': 22259, 'departure_time': 1536686640, 'arrival_time': 1536686940}
580	{'task_type': 'deadhead', 'locomotive': 22574, 'first_train_section': 25208, 'first_section': 22259, 'first_departure_time': 1536686640, 'first_arrival_time': 1536686940, 'second_train_section': 23268, 'second_section': 22479, 'second_departure_time': 1536695460, 'second_arrival_time': 1536697320}
581	{'task_type': 'regular', 'locomotive': 22574, 'train_section': 23268, 'section': 22479, 'departure_time': 1536695460, 'arrival_time': 1536697320}
582	{'task_type': 'deadhead', 'locomotive': 22574, 'first_train_section': 23268, 'first_section': 22479, 'first_departure_time': 1536695460, 'first_arrival_time': 1536697320, 'second_train_section': 27360, 'second_section': 22247, 'second_departure_time': 1536700440, 'second_arrival_time': 1536711300}
583	{'task_type': 'regular', 'locomotive': 22574, 'train_section': 27360, 'section': 22247, 'departure_time': 1536700440, 'arrival_time': 1536711300}
584	{'task_type': 'deadhead', 'locomotive': 22574, 'first_train_section': 27360, 'first_section': 22247, 'first_departure_time': 1536700440, 'first_arrival_time': 1536711300, 'second_train_section': 22751, 'second_section': 22273, 'second_departure_time': 1536722640, 'second_arrival_time': 1536728160}
585	{'task_type': 'regular', 'locomotive': 22574, 'train_section': 22751, 'section': 22273, 'departure_time': 1536722640, 'arrival_time': 1536728160}
586	{'task_type': 'deadhead', 'locomotive': 22574, 'first_train_section': 22751, 'first_section': 22273, 'first_departure_time': 1536722640, 'first_arrival_time': 1536728160, 'second_train_section': 25802, 'second_section': 22409, 'second_departure_time': 1536731940, 'second_arrival_time': 1536739440}
587	{'task_type': 'regular', 'locomotive': 22574, 'train_section': 25802, 'section': 22409, 'departure_time': 1536731940, 'arrival_time': 1536739440}
588	{'task_type': 'deadhead', 'locomotive': 22574, 'first_train_section': 25802, 'first_section': 22409, 'first_departure_time': 1536731940, 'first_arrival_time': 1536739440, 'second_train_section': 25599, 'second_section': 22249, 'second_departure_time': 1536744960, 'second_arrival_time': 1536752400}
589	{'task_type': 'regular', 'locomotive': 22574, 'train_section': 25599, 'section': 22249, 'departure_time': 1536744960, 'arrival_time': 1536752400}
590	{'task_type': 'deadhead', 'locomotive': 22574, 'first_train_section': 25599, 'first_section': 22249, 'first_departure_time': 1536744960, 'first_arrival_time': 1536752400, 'second_train_section': 23995, 'second_section': 22499, 'second_departure_time': 1536752700, 'second_arrival_time': 1536757860}
591	{'task_type': 'regular', 'locomotive': 22574, 'train_section': 23995, 'section': 22499, 'departure_time': 1536752700, 'arrival_time': 1536757860}
592	{'task_type': 'deadhead', 'locomotive': 22574, 'first_train_section': 23995, 'first_section': 22499, 'first_departure_time': 1536752700, 'first_arrival_time': 1536757860, 'second_train_section': 25664, 'second_section': 22264, 'second_departure_time': 1536762540, 'second_arrival_time': 1536762960}
593	{'task_type': 'regular', 'locomotive': 22574, 'train_section': 25664, 'section': 22264, 'departure_time': 1536762540, 'arrival_time': 1536762960}
594	{'task_type': 'regular', 'locomotive': 22574, 'train_section': 26478, 'section': 22259, 'departure_time': 1536773040, 'arrival_time': 1536773340}
595	{'task_type': 'deadhead', 'locomotive': 22574, 'first_train_section': 26135, 'first_section': 22502, 'first_departure_time': 1536779100, 'first_arrival_time': 1536789540, 'second_train_section': 24932, 'second_section': 22368, 'second_departure_time': 1536796080, 'second_arrival_time': 1536799800}
596	{'task_type': 'regular', 'locomotive': 22574, 'train_section': 24932, 'section': 22368, 'departure_time': 1536796080, 'arrival_time': 1536799800}
597	{'task_type': 'deadhead', 'locomotive': 22574, 'first_train_section': 24932, 'first_section': 22368, 'first_departure_time': 1536796080, 'first_arrival_time': 1536799800, 'second_train_section': 22672, 'second_section': 22372, 'second_departure_time': 1536804540, 'second_arrival_time': 1536808500}
598	{'task_type': 'regular', 'locomotive': 22574, 'train_section': 22672, 'section': 22372, 'departure_time': 1536804540, 'arrival_time': 1536808500}
599	{'task_type': 'deadhead', 'locomotive': 22574, 'first_train_section': 22672, 'first_section': 22372, 'first_departure_time': 1536804540, 'first_arrival_time': 1536808500, 'second_train_section': 27565, 'second_section': 22342, 'second_departure_time': 1536823140, 'second_arrival_time': 1536828420}
600	{'task_type': 'regular', 'locomotive': 22574, 'train_section': 27565, 'section': 22342, 'departure_time': 1536823140, 'arrival_time': 1536828420}
601	{'task_type': 'deadhead', 'locomotive': 22574, 'first_train_section': 27565, 'first_section': 22342, 'first_departure_time': 1536823140, 'first_arrival_time': 1536828420, 'second_train_section': 24356, 'second_section': 22447, 'second_departure_time': 1536837120, 'second_arrival_time': 1536840000}
602	{'task_type': 'regular', 'locomotive': 22574, 'train_section': 24356, 'section': 22447, 'departure_time': 1536837120, 'arrival_time': 1536840000}
603	{'task_type': 'deadhead', 'locomotive': 22574, 'first_train_section': 24356, 'first_section': 22447, 'first_departure_time': 1536837120, 'first_arrival_time': 1536840000, 'second_train_section': 23165, 'second_section': 22279, 'second_departure_time': 1536846600, 'second_arrival_time': 1536851520}
604	{'task_type': 'regular', 'locomotive': 22574, 'train_section': 23165, 'section': 22279, 'departure_time': 1536846600, 'arrival_time': 1536851520}
605	{'task_type': 'deadhead', 'locomotive': 22574, 'first_train_section': 23165, 'first_section': 22279, 'first_departure_time': 1536846600, 'first_arrival_time': 1536851520, 'second_train_section': 25057, 'second_section': 22284, 'second_departure_time': 1536864720, 'second_arrival_time': 1536868380}
606	{'task_type': 'regular', 'locomotive': 22574, 'train_section': 25057, 'section': 22284, 'departure_time': 1536864720, 'arrival_time': 1536868380}
607	{'task_type': 'deadhead', 'locomotive': 22574, 'first_train_section': 23517, 'first_section': 22377, 'first_departure_time': 1536876060, 'first_arrival_time': 1536894540, 'second_train_section': 27093, 'second_section': 22251, 'second_departure_time': 1536897060, 'second_arrival_time': 1536901200}
608	{'task_type': 'regular', 'locomotive': 22574, 'train_section': 27093, 'section': 22251, 'departure_time': 1536897060, 'arrival_time': 1536901200}
609	{'task_type': 'regular', 'locomotive': 22574, 'train_section': 23505, 'section': 22416, 'departure_time': 1536922440, 'arrival_time': 1536926100}
610	{'task_type': 'deadhead', 'locomotive': 22574, 'first_train_section': 23505, 'first_section': 22416, 'first_departure_time': 1536922440, 'first_arrival_time': 1536926100, 'second_train_section': 24102, 'second_section': 22376, 'second_departure_time': 1536933000, 'second_arrival_time': 1536938280}
611	{'task_type': 'regular', 'locomotive': 22574, 'train_section': 24102, 'section': 22376, 'departure_time': 1536933000, 'arrival_time': 1536938280}
612	{'task_type': 'deadhead', 'locomotive': 22574, 'first_train_section': 24102, 'first_section': 22376, 'first_departure_time': 1536933000, 'first_arrival_time': 1536938280, 'second_train_section': 26111, 'second_section': 22443, 'second_departure_time': 1536944400, 'second_arrival_time': 1536946200}
613	{'task_type': 'regular', 'locomotive': 22574, 'train_section': 26111, 'section': 22443, 'departure_time': 1536944400, 'arrival_time': 1536946200}
614	{'task_type': 'deadhead', 'locomotive': 22574, 'first_train_section': 26111, 'first_section': 22443, 'first_departure_time': 1536944400, 'first_arrival_time': 1536946200, 'second_train_section': 27774, 'second_section': 22441, 'second_departure_time': 1536949860, 'second_arrival_time': 1536952980}
615	{'task_type': 'regular', 'locomotive': 22574, 'train_section': 27774, 'section': 22441, 'departure_time': 1536949860, 'arrival_time': 1536952980}
616	{'task_type': 'deadhead', 'locomotive': 22574, 'first_train_section': 23262, 'first_section': 22353, 'first_departure_time': 1536962460, 'first_arrival_time': 1537048740, 'second_train_section': 27287, 'second_section': 22490, 'second_departure_time': 1537069140, 'second_arrival_time': 1537073340}
617	{'task_type': 'regular', 'locomotive': 22574, 'train_section': 27287, 'section': 22490, 'departure_time': 1537069140, 'arrival_time': 1537073340}
618	{'task_type': 'deadhead', 'locomotive': 22574, 'first_train_section': 27287, 'first_section': 22490, 'first_departure_time': 1537069140, 'first_arrival_time': 1537073340, 'second_train_section': 27239, 'second_section': 22351, 'second_departure_time': 1537087680, 'second_arrival_time': 1537092840}
619	{'task_type': 'regular', 'locomotive': 22574, 'train_section': 27239, 'section': 22351, 'departure_time': 1537087680, 'arrival_time': 1537092840}
620	{'task_type': 'deadhead', 'locomotive': 22574, 'first_train_section': 27239, 'first_section': 22351, 'first_departure_time': 1537087680, 'first_arrival_time': 1537092840, 'second_train_section': 24500, 'second_section': 22428, 'second_departure_time': 1537111320, 'second_arrival_time': 1537119540}
621	{'task_type': 'regular', 'locomotive': 22574, 'train_section': 24500, 'section': 22428, 'departure_time': 1537111320, 'arrival_time': 1537119540}
622	{'task_type': 'deadhead', 'locomotive': 22574, 'first_train_section': 24500, 'first_section': 22428, 'first_departure_time': 1537111320, 'first_arrival_time': 1537119540, 'second_train_section': 23174, 'second_section': 22290, 'second_departure_time': 1537131060, 'second_arrival_time': 1537135199}
623	{'task_type': 'regular', 'locomotive': 22574, 'train_section': 23174, 'section': 22290, 'departure_time': 1537131060, 'arrival_time': 1537135199}
624	{'task_type': 'regular', 'locomotive': 22576, 'train_section': 26400, 'section': 22445, 'departure_time': 1536604440, 'arrival_time': 1536610200}
625	{'task_type': 'deadhead', 'locomotive': 22576, 'first_train_section': 26400, 'first_section': 22445, 'first_departure_time': 1536604440, 'first_arrival_time': 1536610200, 'second_train_section': 25512, 'second_section': 22427, 'second_departure_time': 1536616140, 'second_arrival_time': 1536619080}
626	{'task_type': 'regular', 'locomotive': 22576, 'train_section': 25512, 'section': 22427, 'departure_time': 1536616140, 'arrival_time': 1536619080}
627	{'task_type': 'deadhead', 'locomotive': 22576, 'first_train_section': 25512, 'first_section': 22427, 'first_departure_time': 1536616140, 'first_arrival_time': 1536619080, 'second_train_section': 25516, 'second_section': 22495, 'second_departure_time': 1536622440, 'second_arrival_time': 1536625320}
628	{'task_type': 'regular', 'locomotive': 22576, 'train_section': 25516, 'section': 22495, 'departure_time': 1536622440, 'arrival_time': 1536625320}
629	{'task_type': 'regular', 'locomotive': 22576, 'train_section': 23973, 'section': 22307, 'departure_time': 1536640800, 'arrival_time': 1536643140}
630	{'task_type': 'deadhead', 'locomotive': 22576, 'first_train_section': 23973, 'first_section': 22307, 'first_departure_time': 1536640800, 'first_arrival_time': 1536643140, 'second_train_section': 26290, 'second_section': 22495, 'second_departure_time': 1536649980, 'second_arrival_time': 1536652920}
631	{'task_type': 'regular', 'locomotive': 22576, 'train_section': 26290, 'section': 22495, 'departure_time': 1536649980, 'arrival_time': 1536652920}
632	{'task_type': 'regular', 'locomotive': 22576, 'train_section': 26292, 'section': 22304, 'departure_time': 1536654900, 'arrival_time': 1536659820}
633	{'task_type': 'deadhead', 'locomotive': 22576, 'first_train_section': 26292, 'first_section': 22304, 'first_departure_time': 1536654900, 'first_arrival_time': 1536659820, 'second_train_section': 24231, 'second_section': 22482, 'second_departure_time': 1536662880, 'second_arrival_time': 1536664500}
634	{'task_type': 'regular', 'locomotive': 22576, 'train_section': 24231, 'section': 22482, 'departure_time': 1536662880, 'arrival_time': 1536664500}
635	{'task_type': 'deadhead', 'locomotive': 22576, 'first_train_section': 24231, 'first_section': 22482, 'first_departure_time': 1536662880, 'first_arrival_time': 1536664500, 'second_train_section': 24805, 'second_section': 22247, 'second_departure_time': 1536669120, 'second_arrival_time': 1536680220}
636	{'task_type': 'regular', 'locomotive': 22576, 'train_section': 24805, 'section': 22247, 'departure_time': 1536669120, 'arrival_time': 1536680220}
637	{'task_type': 'deadhead', 'locomotive': 22576, 'first_train_section': 24805, 'first_section': 22247, 'first_departure_time': 1536669120, 'first_arrival_time': 1536680220, 'second_train_section': 26228, 'second_section': 22402, 'second_departure_time': 1536681060, 'second_arrival_time': 1536683520}
638	{'task_type': 'regular', 'locomotive': 22576, 'train_section': 26228, 'section': 22402, 'departure_time': 1536681060, 'arrival_time': 1536683520}
639	{'task_type': 'deadhead', 'locomotive': 22576, 'first_train_section': 26228, 'first_section': 22402, 'first_departure_time': 1536681060, 'first_arrival_time': 1536683520, 'second_train_section': 23396, 'second_section': 22404, 'second_departure_time': 1536691080, 'second_arrival_time': 1536699900}
640	{'task_type': 'regular', 'locomotive': 22576, 'train_section': 23396, 'section': 22404, 'departure_time': 1536691080, 'arrival_time': 1536699900}
641	{'task_type': 'deadhead', 'locomotive': 22576, 'first_train_section': 23396, 'first_section': 22404, 'first_departure_time': 1536691080, 'first_arrival_time': 1536699900, 'second_train_section': 27843, 'second_section': 22308, 'second_departure_time': 1536708960, 'second_arrival_time': 1536711660}
642	{'task_type': 'regular', 'locomotive': 22576, 'train_section': 27843, 'section': 22308, 'departure_time': 1536708960, 'arrival_time': 1536711660}
643	{'task_type': 'deadhead', 'locomotive': 22576, 'first_train_section': 27843, 'first_section': 22308, 'first_departure_time': 1536708960, 'first_arrival_time': 1536711660, 'second_train_section': 25979, 'second_section': 22354, 'second_departure_time': 1536723540, 'second_arrival_time': 1536728160}
644	{'task_type': 'regular', 'locomotive': 22576, 'train_section': 25979, 'section': 22354, 'departure_time': 1536723540, 'arrival_time': 1536728160}
645	{'task_type': 'deadhead', 'locomotive': 22576, 'first_train_section': 25979, 'first_section': 22354, 'first_departure_time': 1536723540, 'first_arrival_time': 1536728160, 'second_train_section': 25185, 'second_section': 22427, 'second_departure_time': 1536739380, 'second_arrival_time': 1536742200}
646	{'task_type': 'regular', 'locomotive': 22576, 'train_section': 25185, 'section': 22427, 'departure_time': 1536739380, 'arrival_time': 1536742200}
647	{'task_type': 'deadhead', 'locomotive': 22576, 'first_train_section': 25185, 'first_section': 22427, 'first_departure_time': 1536739380, 'first_arrival_time': 1536742200, 'second_train_section': 27786, 'second_section': 22378, 'second_departure_time': 1536755700, 'second_arrival_time': 1536759360}
648	{'task_type': 'regular', 'locomotive': 22576, 'train_section': 27786, 'section': 22378, 'departure_time': 1536755700, 'arrival_time': 1536759360}
649	{'task_type': 'deadhead', 'locomotive': 22576, 'first_train_section': 27786, 'first_section': 22378, 'first_departure_time': 1536755700, 'first_arrival_time': 1536759360, 'second_train_section': 26013, 'second_section': 22454, 'second_departure_time': 1536765900, 'second_arrival_time': 1536771720}
650	{'task_type': 'regular', 'locomotive': 22576, 'train_section': 26013, 'section': 22454, 'departure_time': 1536765900, 'arrival_time': 1536771720}
651	{'task_type': 'deadhead', 'locomotive': 22576, 'first_train_section': 26013, 'first_section': 22454, 'first_departure_time': 1536765900, 'first_arrival_time': 1536771720, 'second_train_section': 22704, 'second_section': 22308, 'second_departure_time': 1536776400, 'second_arrival_time': 1536779160}
652	{'task_type': 'regular', 'locomotive': 22576, 'train_section': 22704, 'section': 22308, 'departure_time': 1536776400, 'arrival_time': 1536779160}
653	{'task_type': 'regular', 'locomotive': 22576, 'train_section': 26711, 'section': 22495, 'departure_time': 1536780480, 'arrival_time': 1536783420}
654	{'task_type': 'regular', 'locomotive': 22576, 'train_section': 26713, 'section': 22307, 'departure_time': 1536784260, 'arrival_time': 1536786300}
655	{'task_type': 'deadhead', 'locomotive': 22576, 'first_train_section': 26713, 'first_section': 22307, 'first_departure_time': 1536784260, 'first_arrival_time': 1536786300, 'second_train_section': 22768, 'second_section': 22265, 'second_departure_time': 1536789660, 'second_arrival_time': 1536793380}
656	{'task_type': 'regular', 'locomotive': 22576, 'train_section': 22768, 'section': 22265, 'departure_time': 1536789660, 'arrival_time': 1536793380}
657	{'task_type': 'deadhead', 'locomotive': 22576, 'first_train_section': 22768, 'first_section': 22265, 'first_departure_time': 1536789660, 'first_arrival_time': 1536793380, 'second_train_section': 22989, 'second_section': 22247, 'second_departure_time': 1536801180, 'second_arrival_time': 1536810660}
658	{'task_type': 'regular', 'locomotive': 22576, 'train_section': 22989, 'section': 22247, 'departure_time': 1536801180, 'arrival_time': 1536810660}
659	{'task_type': 'deadhead', 'locomotive': 22576, 'first_train_section': 22989, 'first_section': 22247, 'first_departure_time': 1536801180, 'first_arrival_time': 1536810660, 'second_train_section': 23525, 'second_section': 22393, 'second_departure_time': 1536814740, 'second_arrival_time': 1536816480}
660	{'task_type': 'regular', 'locomotive': 22576, 'train_section': 23525, 'section': 22393, 'departure_time': 1536814740, 'arrival_time': 1536816480}
661	{'task_type': 'deadhead', 'locomotive': 22576, 'first_train_section': 23525, 'first_section': 22393, 'first_departure_time': 1536814740, 'first_arrival_time': 1536816480, 'second_train_section': 26303, 'second_section': 22381, 'second_departure_time': 1536838320, 'second_arrival_time': 1536840240}
662	{'task_type': 'regular', 'locomotive': 22576, 'train_section': 26303, 'section': 22381, 'departure_time': 1536838320, 'arrival_time': 1536840240}
663	{'task_type': 'regular', 'locomotive': 22576, 'train_section': 23614, 'section': 22294, 'departure_time': 1536844980, 'arrival_time': 1536847140}
664	{'task_type': 'deadhead', 'locomotive': 22576, 'first_train_section': 23614, 'first_section': 22294, 'first_departure_time': 1536844980, 'first_arrival_time': 1536847140, 'second_train_section': 27640, 'second_section': 22281, 'second_departure_time': 1536851640, 'second_arrival_time': 1536856800}
665	{'task_type': 'regular', 'locomotive': 22576, 'train_section': 27640, 'section': 22281, 'departure_time': 1536851640, 'arrival_time': 1536856800}
666	{'task_type': 'deadhead', 'locomotive': 22576, 'first_train_section': 27640, 'first_section': 22281, 'first_departure_time': 1536851640, 'first_arrival_time': 1536856800, 'second_train_section': 26159, 'second_section': 22277, 'second_departure_time': 1536867300, 'second_arrival_time': 1536870780}
667	{'task_type': 'regular', 'locomotive': 22576, 'train_section': 26159, 'section': 22277, 'departure_time': 1536867300, 'arrival_time': 1536870780}
668	{'task_type': 'deadhead', 'locomotive': 22576, 'first_train_section': 25333, 'first_section': 22237, 'first_departure_time': 1536876000, 'first_arrival_time': 1536899100, 'second_train_section': 26094, 'second_section': 22387, 'second_departure_time': 1536907920, 'second_arrival_time': 1536909720}
669	{'task_type': 'regular', 'locomotive': 22576, 'train_section': 26094, 'section': 22387, 'departure_time': 1536907920, 'arrival_time': 1536909720}
670	{'task_type': 'deadhead', 'locomotive': 22576, 'first_train_section': 26094, 'first_section': 22387, 'first_departure_time': 1536907920, 'first_arrival_time': 1536909720, 'second_train_section': 27577, 'second_section': 22278, 'second_departure_time': 1536922680, 'second_arrival_time': 1536929460}
671	{'task_type': 'regular', 'locomotive': 22576, 'train_section': 27577, 'section': 22278, 'departure_time': 1536922680, 'arrival_time': 1536929460}
672	{'task_type': 'regular', 'locomotive': 22576, 'train_section': 24606, 'section': 22275, 'departure_time': 1536930300, 'arrival_time': 1536937380}
673	{'task_type': 'deadhead', 'locomotive': 22576, 'first_train_section': 24606, 'first_section': 22275, 'first_departure_time': 1536930300, 'first_arrival_time': 1536937380, 'second_train_section': 25945, 'second_section': 22254, 'second_departure_time': 1536943680, 'second_arrival_time': 1536944340}
674	{'task_type': 'regular', 'locomotive': 22576, 'train_section': 25945, 'section': 22254, 'departure_time': 1536943680, 'arrival_time': 1536944340}
675	{'task_type': 'deadhead', 'locomotive': 22576, 'first_train_section': 25945, 'first_section': 22254, 'first_departure_time': 1536943680, 'first_arrival_time': 1536944340, 'second_train_section': 27791, 'second_section': 22255, 'second_departure_time': 1536948300, 'second_arrival_time': 1536949200}
676	{'task_type': 'regular', 'locomotive': 22576, 'train_section': 27791, 'section': 22255, 'departure_time': 1536948300, 'arrival_time': 1536949200}
677	{'task_type': 'deadhead', 'locomotive': 22576, 'first_train_section': 27791, 'first_section': 22255, 'first_departure_time': 1536948300, 'first_arrival_time': 1536949200, 'second_train_section': 22945, 'second_section': 22332, 'second_departure_time': 1536957000, 'second_arrival_time': 1536961140}
678	{'task_type': 'regular', 'locomotive': 22576, 'train_section': 22945, 'section': 22332, 'departure_time': 1536957000, 'arrival_time': 1536961140}
679	{'task_type': 'deadhead', 'locomotive': 22576, 'first_train_section': 22945, 'first_section': 22332, 'first_departure_time': 1536957000, 'first_arrival_time': 1536961140, 'second_train_section': 25139, 'second_section': 22449, 'second_departure_time': 1536964620, 'second_arrival_time': 1536966840}
680	{'task_type': 'regular', 'locomotive': 22576, 'train_section': 25139, 'section': 22449, 'departure_time': 1536964620, 'arrival_time': 1536966840}
681	{'task_type': 'deadhead', 'locomotive': 22576, 'first_train_section': 25139, 'first_section': 22449, 'first_departure_time': 1536964620, 'first_arrival_time': 1536966840, 'second_train_section': 25412, 'second_section': 22288, 'second_departure_time': 1536973620, 'second_arrival_time': 1536980160}
682	{'task_type': 'regular', 'locomotive': 22576, 'train_section': 25412, 'section': 22288, 'departure_time': 1536973620, 'arrival_time': 1536980160}
683	{'task_type': 'deadhead', 'locomotive': 22576, 'first_train_section': 25412, 'first_section': 22288, 'first_departure_time': 1536973620, 'first_arrival_time': 1536980160, 'second_train_section': 26436, 'second_section': 22256, 'second_departure_time': 1536986520, 'second_arrival_time': 1536989460}
684	{'task_type': 'regular', 'locomotive': 22576, 'train_section': 26436, 'section': 22256, 'departure_time': 1536986520, 'arrival_time': 1536989460}
685	{'task_type': 'deadhead', 'locomotive': 22576, 'first_train_section': 26436, 'first_section': 22256, 'first_departure_time': 1536986520, 'first_arrival_time': 1536989460, 'second_train_section': 26316, 'second_section': 22314, 'second_departure_time': 1536996840, 'second_arrival_time': 1536999540}
686	{'task_type': 'regular', 'locomotive': 22576, 'train_section': 26316, 'section': 22314, 'departure_time': 1536996840, 'arrival_time': 1536999540}
687	{'task_type': 'deadhead', 'locomotive': 22576, 'first_train_section': 26316, 'first_section': 22314, 'first_departure_time': 1536996840, 'first_arrival_time': 1536999540, 'second_train_section': 22771, 'second_section': 22281, 'second_departure_time': 1537009080, 'second_arrival_time': 1537015140}
688	{'task_type': 'regular', 'locomotive': 22576, 'train_section': 22771, 'section': 22281, 'departure_time': 1537009080, 'arrival_time': 1537015140}
689	{'task_type': 'regular', 'locomotive': 22576, 'train_section': 26233, 'section': 22340, 'departure_time': 1537017540, 'arrival_time': 1537033200}
690	{'task_type': 'regular', 'locomotive': 22576, 'train_section': 23279, 'section': 22233, 'departure_time': 1537078860, 'arrival_time': 1537094340}
691	{'task_type': 'deadhead', 'locomotive': 22576, 'first_train_section': 23279, 'first_section': 22233, 'first_departure_time': 1537078860, 'first_arrival_time': 1537094340, 'second_train_section': 25145, 'second_section': 22322, 'second_departure_time': 1537116720, 'second_arrival_time': 1537126620}
692	{'task_type': 'regular', 'locomotive': 22576, 'train_section': 25145, 'section': 22322, 'departure_time': 1537116720, 'arrival_time': 1537126620}
693	{'task_type': 'regular', 'locomotive': 22580, 'train_section': 26648, 'section': 22461, 'departure_time': 1536639840, 'arrival_time': 1536643200}
694	{'task_type': 'deadhead', 'locomotive': 22580, 'first_train_section': 26648, 'first_section': 22461, 'first_departure_time': 1536639840, 'first_arrival_time': 1536643200, 'second_train_section': 25232, 'second_section': 22347, 'second_departure_time': 1536650340, 'second_arrival_time': 1536655680}
695	{'task_type': 'regular', 'locomotive': 22580, 'train_section': 25232, 'section': 22347, 'departure_time': 1536650340, 'arrival_time': 1536655680}
696	{'task_type': 'regular', 'locomotive': 22580, 'train_section': 27354, 'section': 22472, 'departure_time': 1536664380, 'arrival_time': 1536669540}
697	{'task_type': 'deadhead', 'locomotive': 22580, 'first_train_section': 27354, 'first_section': 22472, 'first_departure_time': 1536664380, 'first_arrival_time': 1536669540, 'second_train_section': 25799, 'second_section': 22492, 'second_departure_time': 1536679440, 'second_arrival_time': 1536688680}
698	{'task_type': 'regular', 'locomotive': 22580, 'train_section': 25799, 'section': 22492, 'departure_time': 1536679440, 'arrival_time': 1536688680}
699	{'task_type': 'deadhead', 'locomotive': 22580, 'first_train_section': 25799, 'first_section': 22492, 'first_departure_time': 1536679440, 'first_arrival_time': 1536688680, 'second_train_section': 24237, 'second_section': 22469, 'second_departure_time': 1536693600, 'second_arrival_time': 1536695760}
700	{'task_type': 'regular', 'locomotive': 22580, 'train_section': 24237, 'section': 22469, 'departure_time': 1536693600, 'arrival_time': 1536695760}
701	{'task_type': 'deadhead', 'locomotive': 22580, 'first_train_section': 23582, 'first_section': 22470, 'first_departure_time': 1536702000, 'first_arrival_time': 1536703140, 'second_train_section': 26495, 'second_section': 22322, 'second_departure_time': 1536707760, 'second_arrival_time': 1536715260}
702	{'task_type': 'regular', 'locomotive': 22580, 'train_section': 26495, 'section': 22322, 'departure_time': 1536707760, 'arrival_time': 1536715260}
703	{'task_type': 'deadhead', 'locomotive': 22580, 'first_train_section': 26495, 'first_section': 22322, 'first_departure_time': 1536707760, 'first_arrival_time': 1536715260, 'second_train_section': 25675, 'second_section': 22280, 'second_departure_time': 1536724440, 'second_arrival_time': 1536731040}
704	{'task_type': 'regular', 'locomotive': 22580, 'train_section': 25675, 'section': 22280, 'departure_time': 1536724440, 'arrival_time': 1536731040}
705	{'task_type': 'deadhead', 'locomotive': 22580, 'first_train_section': 25675, 'first_section': 22280, 'first_departure_time': 1536724440, 'first_arrival_time': 1536731040, 'second_train_section': 24376, 'second_section': 22492, 'second_departure_time': 1536733440, 'second_arrival_time': 1536742680}
706	{'task_type': 'regular', 'locomotive': 22580, 'train_section': 24376, 'section': 22492, 'departure_time': 1536733440, 'arrival_time': 1536742680}
707	{'task_type': 'deadhead', 'locomotive': 22580, 'first_train_section': 24376, 'first_section': 22492, 'first_departure_time': 1536733440, 'first_arrival_time': 1536742680, 'second_train_section': 23114, 'second_section': 22350, 'second_departure_time': 1536749340, 'second_arrival_time': 1536753000}
708	{'task_type': 'regular', 'locomotive': 22580, 'train_section': 23114, 'section': 22350, 'departure_time': 1536749340, 'arrival_time': 1536753000}
709	{'task_type': 'regular', 'locomotive': 22580, 'train_section': 25660, 'section': 22486, 'departure_time': 1536753120, 'arrival_time': 1536756720}
710	{'task_type': 'regular', 'locomotive': 22580, 'train_section': 25662, 'section': 22341, 'departure_time': 1536757020, 'arrival_time': 1536760920}
711	{'task_type': 'deadhead', 'locomotive': 22580, 'first_train_section': 25662, 'first_section': 22341, 'first_departure_time': 1536757020, 'first_arrival_time': 1536760920, 'second_train_section': 25690, 'second_section': 22261, 'second_departure_time': 1536763080, 'second_arrival_time': 1536764700}
712	{'task_type': 'regular', 'locomotive': 22580, 'train_section': 25690, 'section': 22261, 'departure_time': 1536763080, 'arrival_time': 1536764700}
713	{'task_type': 'deadhead', 'locomotive': 22580, 'first_train_section': 25690, 'first_section': 22261, 'first_departure_time': 1536763080, 'first_arrival_time': 1536764700, 'second_train_section': 25087, 'second_section': 22496, 'second_departure_time': 1536774540, 'second_arrival_time': 1536779160}
714	{'task_type': 'regular', 'locomotive': 22580, 'train_section': 25087, 'section': 22496, 'departure_time': 1536774540, 'arrival_time': 1536779160}
715	{'task_type': 'deadhead', 'locomotive': 22580, 'first_train_section': 25087, 'first_section': 22496, 'first_departure_time': 1536774540, 'first_arrival_time': 1536779160, 'second_train_section': 25112, 'second_section': 22496, 'second_departure_time': 1536784020, 'second_arrival_time': 1536789120}
716	{'task_type': 'regular', 'locomotive': 22580, 'train_section': 25112, 'section': 22496, 'departure_time': 1536784020, 'arrival_time': 1536789120}
717	{'task_type': 'deadhead', 'locomotive': 22580, 'first_train_section': 25112, 'first_section': 22496, 'first_departure_time': 1536784020, 'first_arrival_time': 1536789120, 'second_train_section': 24864, 'second_section': 22495, 'second_departure_time': 1536795840, 'second_arrival_time': 1536798720}
718	{'task_type': 'regular', 'locomotive': 22580, 'train_section': 24864, 'section': 22495, 'departure_time': 1536795840, 'arrival_time': 1536798720}
719	{'task_type': 'deadhead', 'locomotive': 22580, 'first_train_section': 24864, 'first_section': 22495, 'first_departure_time': 1536795840, 'first_arrival_time': 1536798720, 'second_train_section': 22636, 'second_section': 22251, 'second_departure_time': 1536810660, 'second_arrival_time': 1536814800}
720	{'task_type': 'regular', 'locomotive': 22580, 'train_section': 22636, 'section': 22251, 'departure_time': 1536810660, 'arrival_time': 1536814800}
721	{'task_type': 'deadhead', 'locomotive': 22580, 'first_train_section': 22636, 'first_section': 22251, 'first_departure_time': 1536810660, 'first_arrival_time': 1536814800, 'second_train_section': 23120, 'second_section': 22423, 'second_departure_time': 1536823980, 'second_arrival_time': 1536836520}
722	{'task_type': 'regular', 'locomotive': 22580, 'train_section': 23120, 'section': 22423, 'departure_time': 1536823980, 'arrival_time': 1536836520}
723	{'task_type': 'regular', 'locomotive': 22580, 'train_section': 25281, 'section': 22338, 'departure_time': 1536848640, 'arrival_time': 1536860760}
724	{'task_type': 'deadhead', 'locomotive': 22580, 'first_train_section': 25281, 'first_section': 22338, 'first_departure_time': 1536848640, 'first_arrival_time': 1536860760, 'second_train_section': 23840, 'second_section': 22386, 'second_departure_time': 1536866520, 'second_arrival_time': 1536871560}
725	{'task_type': 'regular', 'locomotive': 22580, 'train_section': 23840, 'section': 22386, 'departure_time': 1536866520, 'arrival_time': 1536871560}
726	{'task_type': 'regular', 'locomotive': 22580, 'train_section': 24329, 'section': 22495, 'departure_time': 1536873780, 'arrival_time': 1536876720}
727	{'task_type': 'deadhead', 'locomotive': 22580, 'first_train_section': 24329, 'first_section': 22495, 'first_departure_time': 1536873780, 'first_arrival_time': 1536876720, 'second_train_section': 27744, 'second_section': 22356, 'second_departure_time': 1536886920, 'second_arrival_time': 1536894660}
728	{'task_type': 'regular', 'locomotive': 22580, 'train_section': 27744, 'section': 22356, 'departure_time': 1536886920, 'arrival_time': 1536894660}
729	{'task_type': 'deadhead', 'locomotive': 22580, 'first_train_section': 27744, 'first_section': 22356, 'first_departure_time': 1536886920, 'first_arrival_time': 1536894660, 'second_train_section': 27668, 'second_section': 22342, 'second_departure_time': 1536902460, 'second_arrival_time': 1536908580}
730	{'task_type': 'regular', 'locomotive': 22580, 'train_section': 27668, 'section': 22342, 'departure_time': 1536902460, 'arrival_time': 1536908580}
731	{'task_type': 'deadhead', 'locomotive': 22580, 'first_train_section': 27668, 'first_section': 22342, 'first_departure_time': 1536902460, 'first_arrival_time': 1536908580, 'second_train_section': 25368, 'second_section': 22457, 'second_departure_time': 1536922320, 'second_arrival_time': 1536924300}
732	{'task_type': 'regular', 'locomotive': 22580, 'train_section': 25368, 'section': 22457, 'departure_time': 1536922320, 'arrival_time': 1536924300}
733	{'task_type': 'deadhead', 'locomotive': 22580, 'first_train_section': 25368, 'first_section': 22457, 'first_departure_time': 1536922320, 'first_arrival_time': 1536924300, 'second_train_section': 26109, 'second_section': 22427, 'second_departure_time': 1536940800, 'second_arrival_time': 1536943680}
734	{'task_type': 'regular', 'locomotive': 22580, 'train_section': 26109, 'section': 22427, 'departure_time': 1536940800, 'arrival_time': 1536943680}
735	{'task_type': 'deadhead', 'locomotive': 22580, 'first_train_section': 26109, 'first_section': 22427, 'first_departure_time': 1536940800, 'first_arrival_time': 1536943680, 'second_train_section': 25963, 'second_section': 22431, 'second_departure_time': 1536948180, 'second_arrival_time': 1536952140}
736	{'task_type': 'regular', 'locomotive': 22580, 'train_section': 25963, 'section': 22431, 'departure_time': 1536948180, 'arrival_time': 1536952140}
737	{'task_type': 'regular', 'locomotive': 22580, 'train_section': 23372, 'section': 22496, 'departure_time': 1536953340, 'arrival_time': 1536957660}
738	{'task_type': 'deadhead', 'locomotive': 22580, 'first_train_section': 22855, 'first_section': 22300, 'first_departure_time': 1536980760, 'first_arrival_time': 1536982500, 'second_train_section': 22896, 'second_section': 22313, 'second_departure_time': 1537001280, 'second_arrival_time': 1537006200}
739	{'task_type': 'regular', 'locomotive': 22580, 'train_section': 22896, 'section': 22313, 'departure_time': 1537001280, 'arrival_time': 1537006200}
740	{'task_type': 'regular', 'locomotive': 22581, 'train_section': 23569, 'section': 22356, 'departure_time': 1536627720, 'arrival_time': 1536635460}
741	{'task_type': 'regular', 'locomotive': 22581, 'train_section': 26071, 'section': 22383, 'departure_time': 1536659760, 'arrival_time': 1536663900}
742	{'task_type': 'deadhead', 'locomotive': 22581, 'first_train_section': 26071, 'first_section': 22383, 'first_departure_time': 1536659760, 'first_arrival_time': 1536663900, 'second_train_section': 27562, 'second_section': 22331, 'second_departure_time': 1536678480, 'second_arrival_time': 1536689340}
743	{'task_type': 'regular', 'locomotive': 22581, 'train_section': 27562, 'section': 22331, 'departure_time': 1536678480, 'arrival_time': 1536689340}
744	{'task_type': 'deadhead', 'locomotive': 22581, 'first_train_section': 23129, 'first_section': 22319, 'first_departure_time': 1536703200, 'first_arrival_time': 1536721080, 'second_train_section': 26239, 'second_section': 22331, 'second_departure_time': 1536728880, 'second_arrival_time': 1536739680}
745	{'task_type': 'regular', 'locomotive': 22581, 'train_section': 26239, 'section': 22331, 'departure_time': 1536728880, 'arrival_time': 1536739680}
746	{'task_type': 'deadhead', 'locomotive': 22581, 'first_train_section': 26239, 'first_section': 22331, 'first_departure_time': 1536728880, 'first_arrival_time': 1536739680, 'second_train_section': 25044, 'second_section': 22272, 'second_departure_time': 1536755520, 'second_arrival_time': 1536756240}
747	{'task_type': 'regular', 'locomotive': 22581, 'train_section': 25044, 'section': 22272, 'departure_time': 1536755520, 'arrival_time': 1536756240}
748	{'task_type': 'deadhead', 'locomotive': 22581, 'first_train_section': 25044, 'first_section': 22272, 'first_departure_time': 1536755520, 'first_arrival_time': 1536756240, 'second_train_section': 23866, 'second_section': 22399, 'second_departure_time': 1536765000, 'second_arrival_time': 1536766440}
749	{'task_type': 'regular', 'locomotive': 22581, 'train_section': 23866, 'section': 22399, 'departure_time': 1536765000, 'arrival_time': 1536766440}
750	{'task_type': 'deadhead', 'locomotive': 22581, 'first_train_section': 23866, 'first_section': 22399, 'first_departure_time': 1536765000, 'first_arrival_time': 1536766440, 'second_train_section': 25237, 'second_section': 22242, 'second_departure_time': 1536773040, 'second_arrival_time': 1536776220}
751	{'task_type': 'regular', 'locomotive': 22581, 'train_section': 25237, 'section': 22242, 'departure_time': 1536773040, 'arrival_time': 1536776220}
752	{'task_type': 'deadhead', 'locomotive': 22581, 'first_train_section': 25237, 'first_section': 22242, 'first_departure_time': 1536773040, 'first_arrival_time': 1536776220, 'second_train_section': 26785, 'second_section': 22404, 'second_departure_time': 1536781440, 'second_arrival_time': 1536789960}
753	{'task_type': 'regular', 'locomotive': 22581, 'train_section': 26785, 'section': 22404, 'departure_time': 1536781440, 'arrival_time': 1536789960}
754	{'task_type': 'regular', 'locomotive': 22581, 'train_section': 26787, 'section': 22245, 'departure_time': 1536790140, 'arrival_time': 1536794640}
755	{'task_type': 'deadhead', 'locomotive': 22581, 'first_train_section': 26787, 'first_section': 22245, 'first_departure_time': 1536790140, 'first_arrival_time': 1536794640, 'second_train_section': 27326, 'second_section': 22373, 'second_departure_time': 1536810840, 'second_arrival_time': 1536816120}
756	{'task_type': 'regular', 'locomotive': 22581, 'train_section': 27326, 'section': 22373, 'departure_time': 1536810840, 'arrival_time': 1536816120}
757	{'task_type': 'deadhead', 'locomotive': 22581, 'first_train_section': 27326, 'first_section': 22373, 'first_departure_time': 1536810840, 'first_arrival_time': 1536816120, 'second_train_section': 25309, 'second_section': 22247, 'second_departure_time': 1536847920, 'second_arrival_time': 1536859020}
758	{'task_type': 'regular', 'locomotive': 22581, 'train_section': 25309, 'section': 22247, 'departure_time': 1536847920, 'arrival_time': 1536859020}
759	{'task_type': 'deadhead', 'locomotive': 22581, 'first_train_section': 25309, 'first_section': 22247, 'first_departure_time': 1536847920, 'first_arrival_time': 1536859020, 'second_train_section': 23015, 'second_section': 22247, 'second_departure_time': 1536869760, 'second_arrival_time': 1536878460}
760	{'task_type': 'regular', 'locomotive': 22581, 'train_section': 23015, 'section': 22247, 'departure_time': 1536869760, 'arrival_time': 1536878460}
761	{'task_type': 'deadhead', 'locomotive': 22581, 'first_train_section': 23015, 'first_section': 22247, 'first_departure_time': 1536869760, 'first_arrival_time': 1536878460, 'second_train_section': 25495, 'second_section': 22510, 'second_departure_time': 1536892200, 'second_arrival_time': 1536893760}
762	{'task_type': 'regular', 'locomotive': 22581, 'train_section': 25495, 'section': 22510, 'departure_time': 1536892200, 'arrival_time': 1536893760}
763	{'task_type': 'deadhead', 'locomotive': 22581, 'first_train_section': 25495, 'first_section': 22510, 'first_departure_time': 1536892200, 'first_arrival_time': 1536893760, 'second_train_section': 25699, 'second_section': 22383, 'second_departure_time': 1536897480, 'second_arrival_time': 1536901680}
764	{'task_type': 'regular', 'locomotive': 22581, 'train_section': 25699, 'section': 22383, 'departure_time': 1536897480, 'arrival_time': 1536901680}
765	{'task_type': 'deadhead', 'locomotive': 22581, 'first_train_section': 25699, 'first_section': 22383, 'first_departure_time': 1536897480, 'first_arrival_time': 1536901680, 'second_train_section': 25825, 'second_section': 22264, 'second_departure_time': 1536920400, 'second_arrival_time': 1536920820}
766	{'task_type': 'regular', 'locomotive': 22581, 'train_section': 25825, 'section': 22264, 'departure_time': 1536920400, 'arrival_time': 1536920820}
767	{'task_type': 'regular', 'locomotive': 22581, 'train_section': 26581, 'section': 22261, 'departure_time': 1536925080, 'arrival_time': 1536926820}
768	{'task_type': 'deadhead', 'locomotive': 22581, 'first_train_section': 26581, 'first_section': 22261, 'first_departure_time': 1536925080, 'first_arrival_time': 1536926820, 'second_train_section': 24471, 'second_section': 22247, 'second_departure_time': 1536931620, 'second_arrival_time': 1536943020}
769	{'task_type': 'regular', 'locomotive': 22581, 'train_section': 24471, 'section': 22247, 'departure_time': 1536931620, 'arrival_time': 1536943020}
770	{'task_type': 'deadhead', 'locomotive': 22581, 'first_train_section': 24471, 'first_section': 22247, 'first_departure_time': 1536931620, 'first_arrival_time': 1536943020, 'second_train_section': 27378, 'second_section': 22242, 'second_departure_time': 1536949560, 'second_arrival_time': 1536952680}
771	{'task_type': 'regular', 'locomotive': 22581, 'train_section': 27378, 'section': 22242, 'departure_time': 1536949560, 'arrival_time': 1536952680}
772	{'task_type': 'deadhead', 'locomotive': 22581, 'first_train_section': 27378, 'first_section': 22242, 'first_departure_time': 1536949560, 'first_arrival_time': 1536952680, 'second_train_section': 22720, 'second_section': 22247, 'second_departure_time': 1536965940, 'second_arrival_time': 1536974760}
773	{'task_type': 'regular', 'locomotive': 22581, 'train_section': 22720, 'section': 22247, 'departure_time': 1536965940, 'arrival_time': 1536974760}
774	{'task_type': 'deadhead', 'locomotive': 22581, 'first_train_section': 22720, 'first_section': 22247, 'first_departure_time': 1536965940, 'first_arrival_time': 1536974760, 'second_train_section': 25326, 'second_section': 22245, 'second_departure_time': 1536987480, 'second_arrival_time': 1536992940}
775	{'task_type': 'regular', 'locomotive': 22581, 'train_section': 25326, 'section': 22245, 'departure_time': 1536987480, 'arrival_time': 1536992940}
776	{'task_type': 'deadhead', 'locomotive': 22581, 'first_train_section': 25326, 'first_section': 22245, 'first_departure_time': 1536987480, 'first_arrival_time': 1536992940, 'second_train_section': 25573, 'second_section': 22378, 'second_departure_time': 1537005900, 'second_arrival_time': 1537009560}
777	{'task_type': 'regular', 'locomotive': 22581, 'train_section': 25573, 'section': 22378, 'departure_time': 1537005900, 'arrival_time': 1537009560}
778	{'task_type': 'deadhead', 'locomotive': 22581, 'first_train_section': 25573, 'first_section': 22378, 'first_departure_time': 1537005900, 'first_arrival_time': 1537009560, 'second_train_section': 25811, 'second_section': 22431, 'second_departure_time': 1537013160, 'second_arrival_time': 1537018200}
779	{'task_type': 'regular', 'locomotive': 22581, 'train_section': 25811, 'section': 22431, 'departure_time': 1537013160, 'arrival_time': 1537018200}
780	{'task_type': 'deadhead', 'locomotive': 22581, 'first_train_section': 25811, 'first_section': 22431, 'first_departure_time': 1537013160, 'first_arrival_time': 1537018200, 'second_train_section': 25786, 'second_section': 22416, 'second_departure_time': 1537026840, 'second_arrival_time': 1537030500}
781	{'task_type': 'regular', 'locomotive': 22581, 'train_section': 25786, 'section': 22416, 'departure_time': 1537026840, 'arrival_time': 1537030500}
782	{'task_type': 'deadhead', 'locomotive': 22581, 'first_train_section': 25786, 'first_section': 22416, 'first_departure_time': 1537026840, 'first_arrival_time': 1537030500, 'second_train_section': 25713, 'second_section': 22431, 'second_departure_time': 1537037100, 'second_arrival_time': 1537042380}
783	{'task_type': 'regular', 'locomotive': 22581, 'train_section': 25713, 'section': 22431, 'departure_time': 1537037100, 'arrival_time': 1537042380}
784	{'task_type': 'deadhead', 'locomotive': 22581, 'first_train_section': 25713, 'first_section': 22431, 'first_departure_time': 1537037100, 'first_arrival_time': 1537042380, 'second_train_section': 27440, 'second_section': 22348, 'second_departure_time': 1537067580, 'second_arrival_time': 1537071120}
785	{'task_type': 'regular', 'locomotive': 22581, 'train_section': 27440, 'section': 22348, 'departure_time': 1537067580, 'arrival_time': 1537071120}
786	{'task_type': 'regular', 'locomotive': 22581, 'train_section': 27442, 'section': 22477, 'departure_time': 1537071600, 'arrival_time': 1537074000}
787	{'task_type': 'deadhead', 'locomotive': 22581, 'first_train_section': 27442, 'first_section': 22477, 'first_departure_time': 1537071600, 'first_arrival_time': 1537074000, 'second_train_section': 23752, 'second_section': 22360, 'second_departure_time': 1537087680, 'second_arrival_time': 1537099320}
788	{'task_type': 'regular', 'locomotive': 22581, 'train_section': 23752, 'section': 22360, 'departure_time': 1537087680, 'arrival_time': 1537099320}
789	{'task_type': 'deadhead', 'locomotive': 22581, 'first_train_section': 23752, 'first_section': 22360, 'first_departure_time': 1537087680, 'first_arrival_time': 1537099320, 'second_train_section': 27750, 'second_section': 22404, 'second_departure_time': 1537123620, 'second_arrival_time': 1537132560}
790	{'task_type': 'regular', 'locomotive': 22581, 'train_section': 27750, 'section': 22404, 'departure_time': 1537123620, 'arrival_time': 1537132560}
791	{'task_type': 'regular', 'locomotive': 22583, 'train_section': 26425, 'section': 22400, 'departure_time': 1536640980, 'arrival_time': 1536644880}
792	{'task_type': 'deadhead', 'locomotive': 22583, 'first_train_section': 26425, 'first_section': 22400, 'first_departure_time': 1536640980, 'first_arrival_time': 1536644880, 'second_train_section': 27311, 'second_section': 22410, 'second_departure_time': 1536649260, 'second_arrival_time': 1536652080}
793	{'task_type': 'regular', 'locomotive': 22583, 'train_section': 27311, 'section': 22410, 'departure_time': 1536649260, 'arrival_time': 1536652080}
794	{'task_type': 'deadhead', 'locomotive': 22583, 'first_train_section': 27311, 'first_section': 22410, 'first_departure_time': 1536649260, 'first_arrival_time': 1536652080, 'second_train_section': 24487, 'second_section': 22400, 'second_departure_time': 1536659400, 'second_arrival_time': 1536662820}
795	{'task_type': 'regular', 'locomotive': 22583, 'train_section': 24487, 'section': 22400, 'departure_time': 1536659400, 'arrival_time': 1536662820}
796	{'task_type': 'deadhead', 'locomotive': 22583, 'first_train_section': 24487, 'first_section': 22400, 'first_departure_time': 1536659400, 'first_arrival_time': 1536662820, 'second_train_section': 26939, 'second_section': 22500, 'second_departure_time': 1536680280, 'second_arrival_time': 1536683400}
797	{'task_type': 'regular', 'locomotive': 22583, 'train_section': 26939, 'section': 22500, 'departure_time': 1536680280, 'arrival_time': 1536683400}
798	{'task_type': 'deadhead', 'locomotive': 22583, 'first_train_section': 26939, 'first_section': 22500, 'first_departure_time': 1536680280, 'first_arrival_time': 1536683400, 'second_train_section': 27357, 'second_section': 22504, 'second_departure_time': 1536695220, 'second_arrival_time': 1536700260}
799	{'task_type': 'regular', 'locomotive': 22583, 'train_section': 27357, 'section': 22504, 'departure_time': 1536695220, 'arrival_time': 1536700260}
800	{'task_type': 'deadhead', 'locomotive': 22583, 'first_train_section': 27357, 'first_section': 22504, 'first_departure_time': 1536695220, 'first_arrival_time': 1536700260, 'second_train_section': 23945, 'second_section': 22352, 'second_departure_time': 1536706320, 'second_arrival_time': 1536713040}
801	{'task_type': 'regular', 'locomotive': 22583, 'train_section': 23945, 'section': 22352, 'departure_time': 1536706320, 'arrival_time': 1536713040}
802	{'task_type': 'deadhead', 'locomotive': 22583, 'first_train_section': 23945, 'first_section': 22352, 'first_departure_time': 1536706320, 'first_arrival_time': 1536713040, 'second_train_section': 23215, 'second_section': 22378, 'second_departure_time': 1536726900, 'second_arrival_time': 1536730560}
803	{'task_type': 'regular', 'locomotive': 22583, 'train_section': 23215, 'section': 22378, 'departure_time': 1536726900, 'arrival_time': 1536730560}
804	{'task_type': 'deadhead', 'locomotive': 22583, 'first_train_section': 23215, 'first_section': 22378, 'first_departure_time': 1536726900, 'first_arrival_time': 1536730560, 'second_train_section': 24570, 'second_section': 22431, 'second_departure_time': 1536732600, 'second_arrival_time': 1536737220}
805	{'task_type': 'regular', 'locomotive': 22583, 'train_section': 24570, 'section': 22431, 'departure_time': 1536732600, 'arrival_time': 1536737220}
806	{'task_type': 'deadhead', 'locomotive': 22583, 'first_train_section': 24570, 'first_section': 22431, 'first_departure_time': 1536732600, 'first_arrival_time': 1536737220, 'second_train_section': 23102, 'second_section': 22416, 'second_departure_time': 1536749640, 'second_arrival_time': 1536753300}
807	{'task_type': 'regular', 'locomotive': 22583, 'train_section': 23102, 'section': 22416, 'departure_time': 1536749640, 'arrival_time': 1536753300}
808	{'task_type': 'deadhead', 'locomotive': 22583, 'first_train_section': 23102, 'first_section': 22416, 'first_departure_time': 1536749640, 'first_arrival_time': 1536753300, 'second_train_section': 25774, 'second_section': 22338, 'second_departure_time': 1536762240, 'second_arrival_time': 1536774360}
809	{'task_type': 'regular', 'locomotive': 22583, 'train_section': 25774, 'section': 22338, 'departure_time': 1536762240, 'arrival_time': 1536774360}
810	{'task_type': 'deadhead', 'locomotive': 22583, 'first_train_section': 25774, 'first_section': 22338, 'first_departure_time': 1536762240, 'first_arrival_time': 1536774360, 'second_train_section': 25501, 'second_section': 22427, 'second_departure_time': 1536777900, 'second_arrival_time': 1536781140}
811	{'task_type': 'regular', 'locomotive': 22583, 'train_section': 25501, 'section': 22427, 'departure_time': 1536777900, 'arrival_time': 1536781140}
812	{'task_type': 'regular', 'locomotive': 22583, 'train_section': 22983, 'section': 22443, 'departure_time': 1536787860, 'arrival_time': 1536789660}
813	{'task_type': 'regular', 'locomotive': 22583, 'train_section': 26191, 'section': 22496, 'departure_time': 1536790980, 'arrival_time': 1536795000}
814	{'task_type': 'deadhead', 'locomotive': 22583, 'first_train_section': 26191, 'first_section': 22496, 'first_departure_time': 1536790980, 'first_arrival_time': 1536795000, 'second_train_section': 25063, 'second_section': 22281, 'second_departure_time': 1536807960, 'second_arrival_time': 1536814920}
815	{'task_type': 'regular', 'locomotive': 22583, 'train_section': 25063, 'section': 22281, 'departure_time': 1536807960, 'arrival_time': 1536814920}
816	{'task_type': 'regular', 'locomotive': 22583, 'train_section': 25710, 'section': 22350, 'departure_time': 1536815040, 'arrival_time': 1536818700}
817	{'task_type': 'deadhead', 'locomotive': 22583, 'first_train_section': 25710, 'first_section': 22350, 'first_departure_time': 1536815040, 'first_arrival_time': 1536818700, 'second_train_section': 25454, 'second_section': 22349, 'second_departure_time': 1536827520, 'second_arrival_time': 1536833100}
818	{'task_type': 'regular', 'locomotive': 22583, 'train_section': 25454, 'section': 22349, 'departure_time': 1536827520, 'arrival_time': 1536833100}
819	{'task_type': 'regular', 'locomotive': 22583, 'train_section': 26597, 'section': 22482, 'departure_time': 1536848700, 'arrival_time': 1536850620}
820	{'task_type': 'deadhead', 'locomotive': 22583, 'first_train_section': 26597, 'first_section': 22482, 'first_departure_time': 1536848700, 'first_arrival_time': 1536850620, 'second_train_section': 26601, 'second_section': 22247, 'second_departure_time': 1536856260, 'second_arrival_time': 1536865260}
821	{'task_type': 'regular', 'locomotive': 22583, 'train_section': 26601, 'section': 22247, 'departure_time': 1536856260, 'arrival_time': 1536865260}
822	{'task_type': 'deadhead', 'locomotive': 22583, 'first_train_section': 26601, 'first_section': 22247, 'first_departure_time': 1536856260, 'first_arrival_time': 1536865260, 'second_train_section': 24929, 'second_section': 22264, 'second_departure_time': 1536878220, 'second_arrival_time': 1536878640}
823	{'task_type': 'regular', 'locomotive': 22583, 'train_section': 24929, 'section': 22264, 'departure_time': 1536878220, 'arrival_time': 1536878640}
824	{'task_type': 'deadhead', 'locomotive': 22583, 'first_train_section': 24929, 'first_section': 22264, 'first_departure_time': 1536878220, 'first_arrival_time': 1536878640, 'second_train_section': 27367, 'second_section': 22293, 'second_departure_time': 1536891480, 'second_arrival_time': 1536899940}
825	{'task_type': 'regular', 'locomotive': 22583, 'train_section': 27367, 'section': 22293, 'departure_time': 1536891480, 'arrival_time': 1536899940}
826	{'task_type': 'deadhead', 'locomotive': 22583, 'first_train_section': 27367, 'first_section': 22293, 'first_departure_time': 1536891480, 'first_arrival_time': 1536899940, 'second_train_section': 24334, 'second_section': 22290, 'second_departure_time': 1536905160, 'second_arrival_time': 1536912300}
827	{'task_type': 'regular', 'locomotive': 22583, 'train_section': 24334, 'section': 22290, 'departure_time': 1536905160, 'arrival_time': 1536912300}
828	{'task_type': 'deadhead', 'locomotive': 22583, 'first_train_section': 24334, 'first_section': 22290, 'first_departure_time': 1536905160, 'first_arrival_time': 1536912300, 'second_train_section': 26197, 'second_section': 22404, 'second_departure_time': 1536927780, 'second_arrival_time': 1536936300}
829	{'task_type': 'regular', 'locomotive': 22583, 'train_section': 26197, 'section': 22404, 'departure_time': 1536927780, 'arrival_time': 1536936300}
830	{'task_type': 'deadhead', 'locomotive': 22583, 'first_train_section': 26197, 'first_section': 22404, 'first_departure_time': 1536927780, 'first_arrival_time': 1536936300, 'second_train_section': 26637, 'second_section': 22367, 'second_departure_time': 1536940380, 'second_arrival_time': 1536941640}
831	{'task_type': 'regular', 'locomotive': 22583, 'train_section': 26637, 'section': 22367, 'departure_time': 1536940380, 'arrival_time': 1536941640}
832	{'task_type': 'deadhead', 'locomotive': 22583, 'first_train_section': 26637, 'first_section': 22367, 'first_departure_time': 1536940380, 'first_arrival_time': 1536941640, 'second_train_section': 24749, 'second_section': 22404, 'second_departure_time': 1536954240, 'second_arrival_time': 1536962760}
833	{'task_type': 'regular', 'locomotive': 22583, 'train_section': 24749, 'section': 22404, 'departure_time': 1536954240, 'arrival_time': 1536962760}
834	{'task_type': 'regular', 'locomotive': 22583, 'train_section': 26919, 'section': 22247, 'departure_time': 1536966780, 'arrival_time': 1536976140}
835	{'task_type': 'deadhead', 'locomotive': 22583, 'first_train_section': 26919, 'first_section': 22247, 'first_departure_time': 1536966780, 'first_arrival_time': 1536976140, 'second_train_section': 23246, 'second_section': 22320, 'second_departure_time': 1537002300, 'second_arrival_time': 1537008660}
836	{'task_type': 'regular', 'locomotive': 22583, 'train_section': 23246, 'section': 22320, 'departure_time': 1537002300, 'arrival_time': 1537008660}
837	{'task_type': 'regular', 'locomotive': 22584, 'train_section': 24647, 'section': 22495, 'departure_time': 1536607680, 'arrival_time': 1536610620}
838	{'task_type': 'regular', 'locomotive': 22584, 'train_section': 24649, 'section': 22307, 'departure_time': 1536611460, 'arrival_time': 1536613500}
839	{'task_type': 'deadhead', 'locomotive': 22584, 'first_train_section': 24649, 'first_section': 22307, 'first_departure_time': 1536611460, 'first_arrival_time': 1536613500, 'second_train_section': 26839, 'second_section': 22346, 'second_departure_time': 1536620640, 'second_arrival_time': 1536622320}
840	{'task_type': 'regular', 'locomotive': 22584, 'train_section': 26839, 'section': 22346, 'departure_time': 1536620640, 'arrival_time': 1536622320}
841	{'task_type': 'deadhead', 'locomotive': 22584, 'first_train_section': 26839, 'first_section': 22346, 'first_departure_time': 1536620640, 'first_arrival_time': 1536622320, 'second_train_section': 23097, 'second_section': 22369, 'second_departure_time': 1536667260, 'second_arrival_time': 1536670980}
842	{'task_type': 'regular', 'locomotive': 22584, 'train_section': 23097, 'section': 22369, 'departure_time': 1536667260, 'arrival_time': 1536670980}
843	{'task_type': 'regular', 'locomotive': 22584, 'train_section': 25270, 'section': 22347, 'departure_time': 1536679140, 'arrival_time': 1536684480}
844	{'task_type': 'deadhead', 'locomotive': 22584, 'first_train_section': 25270, 'first_section': 22347, 'first_departure_time': 1536679140, 'first_arrival_time': 1536684480, 'second_train_section': 27839, 'second_section': 22404, 'second_departure_time': 1536695040, 'second_arrival_time': 1536703560}
845	{'task_type': 'regular', 'locomotive': 22584, 'train_section': 27839, 'section': 22404, 'departure_time': 1536695040, 'arrival_time': 1536703560}
846	{'task_type': 'deadhead', 'locomotive': 22584, 'first_train_section': 27839, 'first_section': 22404, 'first_departure_time': 1536695040, 'first_arrival_time': 1536703560, 'second_train_section': 24484, 'second_section': 22344, 'second_departure_time': 1536710100, 'second_arrival_time': 1536711120}
847	{'task_type': 'regular', 'locomotive': 22584, 'train_section': 24484, 'section': 22344, 'departure_time': 1536710100, 'arrival_time': 1536711120}
848	{'task_type': 'deadhead', 'locomotive': 22584, 'first_train_section': 24484, 'first_section': 22344, 'first_departure_time': 1536710100, 'first_arrival_time': 1536711120, 'second_train_section': 27780, 'second_section': 22345, 'second_departure_time': 1536714360, 'second_arrival_time': 1536717300}
849	{'task_type': 'regular', 'locomotive': 22584, 'train_section': 27780, 'section': 22345, 'departure_time': 1536714360, 'arrival_time': 1536717300}
850	{'task_type': 'deadhead', 'locomotive': 22584, 'first_train_section': 27780, 'first_section': 22345, 'first_departure_time': 1536714360, 'first_arrival_time': 1536717300, 'second_train_section': 23234, 'second_section': 22342, 'second_departure_time': 1536724020, 'second_arrival_time': 1536730500}
851	{'task_type': 'regular', 'locomotive': 22584, 'train_section': 23234, 'section': 22342, 'departure_time': 1536724020, 'arrival_time': 1536730500}
852	{'task_type': 'deadhead', 'locomotive': 22584, 'first_train_section': 23234, 'first_section': 22342, 'first_departure_time': 1536724020, 'first_arrival_time': 1536730500, 'second_train_section': 26335, 'second_section': 22351, 'second_departure_time': 1536742080, 'second_arrival_time': 1536747240}
853	{'task_type': 'regular', 'locomotive': 22584, 'train_section': 26335, 'section': 22351, 'departure_time': 1536742080, 'arrival_time': 1536747240}
854	{'task_type': 'deadhead', 'locomotive': 22584, 'first_train_section': 26335, 'first_section': 22351, 'first_departure_time': 1536742080, 'first_arrival_time': 1536747240, 'second_train_section': 23997, 'second_section': 22340, 'second_departure_time': 1536758340, 'second_arrival_time': 1536774000}
855	{'task_type': 'regular', 'locomotive': 22584, 'train_section': 23997, 'section': 22340, 'departure_time': 1536758340, 'arrival_time': 1536774000}
856	{'task_type': 'regular', 'locomotive': 22584, 'train_section': 27574, 'section': 22438, 'departure_time': 1536810120, 'arrival_time': 1536821460}
857	{'task_type': 'regular', 'locomotive': 22584, 'train_section': 25687, 'section': 22331, 'departure_time': 1536829680, 'arrival_time': 1536840480}
858	{'task_type': 'deadhead', 'locomotive': 22584, 'first_train_section': 25687, 'first_section': 22331, 'first_departure_time': 1536829680, 'first_arrival_time': 1536840480, 'second_train_section': 27702, 'second_section': 22387, 'second_departure_time': 1536853080, 'second_arrival_time': 1536854520}
859	{'task_type': 'regular', 'locomotive': 22584, 'train_section': 27702, 'section': 22387, 'departure_time': 1536853080, 'arrival_time': 1536854520}
860	{'task_type': 'deadhead', 'locomotive': 22584, 'first_train_section': 27702, 'first_section': 22387, 'first_departure_time': 1536853080, 'first_arrival_time': 1536854520, 'second_train_section': 23889, 'second_section': 22439, 'second_departure_time': 1536864720, 'second_arrival_time': 1536871800}
861	{'task_type': 'regular', 'locomotive': 22584, 'train_section': 23889, 'section': 22439, 'departure_time': 1536864720, 'arrival_time': 1536871800}
862	{'task_type': 'deadhead', 'locomotive': 22584, 'first_train_section': 23889, 'first_section': 22439, 'first_departure_time': 1536864720, 'first_arrival_time': 1536871800, 'second_train_section': 27124, 'second_section': 22408, 'second_departure_time': 1536890280, 'second_arrival_time': 1536892740}
863	{'task_type': 'regular', 'locomotive': 22584, 'train_section': 27124, 'section': 22408, 'departure_time': 1536890280, 'arrival_time': 1536892740}
864	{'task_type': 'deadhead', 'locomotive': 22584, 'first_train_section': 27124, 'first_section': 22408, 'first_departure_time': 1536890280, 'first_arrival_time': 1536892740, 'second_train_section': 24836, 'second_section': 22270, 'second_departure_time': 1536897900, 'second_arrival_time': 1536899760}
865	{'task_type': 'regular', 'locomotive': 22584, 'train_section': 24836, 'section': 22270, 'departure_time': 1536897900, 'arrival_time': 1536899760}
866	{'task_type': 'deadhead', 'locomotive': 22584, 'first_train_section': 24836, 'first_section': 22270, 'first_departure_time': 1536897900, 'first_arrival_time': 1536899760, 'second_train_section': 26348, 'second_section': 22404, 'second_departure_time': 1536920400, 'second_arrival_time': 1536929160}
867	{'task_type': 'regular', 'locomotive': 22584, 'train_section': 26348, 'section': 22404, 'departure_time': 1536920400, 'arrival_time': 1536929160}
868	{'task_type': 'deadhead', 'locomotive': 22584, 'first_train_section': 26348, 'first_section': 22404, 'first_departure_time': 1536920400, 'first_arrival_time': 1536929160, 'second_train_section': 23992, 'second_section': 22500, 'second_departure_time': 1536939480, 'second_arrival_time': 1536942600}
869	{'task_type': 'regular', 'locomotive': 22584, 'train_section': 23992, 'section': 22500, 'departure_time': 1536939480, 'arrival_time': 1536942600}
870	{'task_type': 'deadhead', 'locomotive': 22584, 'first_train_section': 23992, 'first_section': 22500, 'first_departure_time': 1536939480, 'first_arrival_time': 1536942600, 'second_train_section': 22714, 'second_section': 22443, 'second_departure_time': 1536954840, 'second_arrival_time': 1536956520}
871	{'task_type': 'regular', 'locomotive': 22584, 'train_section': 22714, 'section': 22443, 'departure_time': 1536954840, 'arrival_time': 1536956520}
872	{'task_type': 'deadhead', 'locomotive': 22584, 'first_train_section': 22714, 'first_section': 22443, 'first_departure_time': 1536954840, 'first_arrival_time': 1536956520, 'second_train_section': 23623, 'second_section': 22427, 'second_departure_time': 1536961740, 'second_arrival_time': 1536964680}
873	{'task_type': 'regular', 'locomotive': 22584, 'train_section': 23623, 'section': 22427, 'departure_time': 1536961740, 'arrival_time': 1536964680}
874	{'task_type': 'deadhead', 'locomotive': 22584, 'first_train_section': 23623, 'first_section': 22427, 'first_departure_time': 1536961740, 'first_arrival_time': 1536964680, 'second_train_section': 23792, 'second_section': 22496, 'second_departure_time': 1536967260, 'second_arrival_time': 1536971160}
875	{'task_type': 'regular', 'locomotive': 22584, 'train_section': 23792, 'section': 22496, 'departure_time': 1536967260, 'arrival_time': 1536971160}
876	{'task_type': 'deadhead', 'locomotive': 22584, 'first_train_section': 23792, 'first_section': 22496, 'first_departure_time': 1536967260, 'first_arrival_time': 1536971160, 'second_train_section': 26535, 'second_section': 22308, 'second_departure_time': 1536979380, 'second_arrival_time': 1536982140}
877	{'task_type': 'regular', 'locomotive': 22584, 'train_section': 26535, 'section': 22308, 'departure_time': 1536979380, 'arrival_time': 1536982140}
878	{'task_type': 'deadhead', 'locomotive': 22584, 'first_train_section': 26535, 'first_section': 22308, 'first_departure_time': 1536979380, 'first_arrival_time': 1536982140, 'second_train_section': 23492, 'second_section': 22455, 'second_departure_time': 1536991080, 'second_arrival_time': 1537002480}
879	{'task_type': 'regular', 'locomotive': 22584, 'train_section': 23492, 'section': 22455, 'departure_time': 1536991080, 'arrival_time': 1537002480}
880	{'task_type': 'deadhead', 'locomotive': 22584, 'first_train_section': 23492, 'first_section': 22455, 'first_departure_time': 1536991080, 'first_arrival_time': 1537002480, 'second_train_section': 24694, 'second_section': 22277, 'second_departure_time': 1537040100, 'second_arrival_time': 1537043580}
881	{'task_type': 'regular', 'locomotive': 22584, 'train_section': 24694, 'section': 22277, 'departure_time': 1537040100, 'arrival_time': 1537043580}
882	{'task_type': 'deadhead', 'locomotive': 22584, 'first_train_section': 24694, 'first_section': 22277, 'first_departure_time': 1537040100, 'first_arrival_time': 1537043580, 'second_train_section': 25939, 'second_section': 22313, 'second_departure_time': 1537087680, 'second_arrival_time': 1537092600}
883	{'task_type': 'regular', 'locomotive': 22584, 'train_section': 25939, 'section': 22313, 'departure_time': 1537087680, 'arrival_time': 1537092600}
884	{'task_type': 'deadhead', 'locomotive': 22584, 'first_train_section': 25939, 'first_section': 22313, 'first_departure_time': 1537087680, 'first_arrival_time': 1537092600, 'second_train_section': 23895, 'second_section': 22452, 'second_departure_time': 1537121760, 'second_arrival_time': 1537123560}
885	{'task_type': 'regular', 'locomotive': 22584, 'train_section': 23895, 'section': 22452, 'departure_time': 1537121760, 'arrival_time': 1537123560}
886	{'task_type': 'regular', 'locomotive': 22585, 'train_section': 24901, 'section': 22427, 'departure_time': 1536595200, 'arrival_time': 1536598080}
887	{'task_type': 'regular', 'locomotive': 22585, 'train_section': 24903, 'section': 22443, 'departure_time': 1536598800, 'arrival_time': 1536600600}
888	{'task_type': 'regular', 'locomotive': 22585, 'train_section': 24905, 'section': 22495, 'departure_time': 1536601980, 'arrival_time': 1536604860}
889	{'task_type': 'deadhead', 'locomotive': 22585, 'first_train_section': 24905, 'first_section': 22495, 'first_departure_time': 1536601980, 'first_arrival_time': 1536604860, 'second_train_section': 24030, 'second_section': 22496, 'second_departure_time': 1536607740, 'second_arrival_time': 1536612060}
890	{'task_type': 'regular', 'locomotive': 22585, 'train_section': 24030, 'section': 22496, 'departure_time': 1536607740, 'arrival_time': 1536612060}
891	{'task_type': 'deadhead', 'locomotive': 22585, 'first_train_section': 24030, 'first_section': 22496, 'first_departure_time': 1536607740, 'first_arrival_time': 1536612060, 'second_train_section': 24385, 'second_section': 22425, 'second_departure_time': 1536617100, 'second_arrival_time': 1536618660}
892	{'task_type': 'regular', 'locomotive': 22585, 'train_section': 24385, 'section': 22425, 'departure_time': 1536617100, 'arrival_time': 1536618660}
893	{'task_type': 'regular', 'locomotive': 22585, 'train_section': 24939, 'section': 22386, 'departure_time': 1536631080, 'arrival_time': 1536635880}
894	{'task_type': 'regular', 'locomotive': 22585, 'train_section': 24942, 'section': 22495, 'departure_time': 1536637260, 'arrival_time': 1536640260}
895	{'task_type': 'deadhead', 'locomotive': 22585, 'first_train_section': 24942, 'first_section': 22495, 'first_departure_time': 1536637260, 'first_arrival_time': 1536640260, 'second_train_section': 26288, 'second_section': 22443, 'second_departure_time': 1536646260, 'second_arrival_time': 1536648060}
896	{'task_type': 'regular', 'locomotive': 22585, 'train_section': 26288, 'section': 22443, 'departure_time': 1536646260, 'arrival_time': 1536648060}
897	{'task_type': 'regular', 'locomotive': 22585, 'train_section': 26589, 'section': 22495, 'departure_time': 1536652440, 'arrival_time': 1536655320}
898	{'task_type': 'regular', 'locomotive': 22585, 'train_section': 22909, 'section': 22309, 'departure_time': 1536655560, 'arrival_time': 1536660120}
899	{'task_type': 'deadhead', 'locomotive': 22585, 'first_train_section': 22909, 'first_section': 22309, 'first_departure_time': 1536655560, 'first_arrival_time': 1536660120, 'second_train_section': 25855, 'second_section': 22261, 'second_departure_time': 1536665880, 'second_arrival_time': 1536667620}
900	{'task_type': 'regular', 'locomotive': 22585, 'train_section': 25855, 'section': 22261, 'departure_time': 1536665880, 'arrival_time': 1536667620}
901	{'task_type': 'deadhead', 'locomotive': 22585, 'first_train_section': 25855, 'first_section': 22261, 'first_departure_time': 1536665880, 'first_arrival_time': 1536667620, 'second_train_section': 24135, 'second_section': 22262, 'second_departure_time': 1536671280, 'second_arrival_time': 1536671580}
902	{'task_type': 'regular', 'locomotive': 22585, 'train_section': 24135, 'section': 22262, 'departure_time': 1536671280, 'arrival_time': 1536671580}
903	{'task_type': 'deadhead', 'locomotive': 22585, 'first_train_section': 24135, 'first_section': 22262, 'first_departure_time': 1536671280, 'first_arrival_time': 1536671580, 'second_train_section': 26204, 'second_section': 22342, 'second_departure_time': 1536679140, 'second_arrival_time': 1536684420}
904	{'task_type': 'regular', 'locomotive': 22585, 'train_section': 26204, 'section': 22342, 'departure_time': 1536679140, 'arrival_time': 1536684420}
905	{'task_type': 'deadhead', 'locomotive': 22585, 'first_train_section': 26204, 'first_section': 22342, 'first_departure_time': 1536679140, 'first_arrival_time': 1536684420, 'second_train_section': 26309, 'second_section': 22446, 'second_departure_time': 1536686460, 'second_arrival_time': 1536687540}
906	{'task_type': 'regular', 'locomotive': 22585, 'train_section': 26309, 'section': 22446, 'departure_time': 1536686460, 'arrival_time': 1536687540}
907	{'task_type': 'deadhead', 'locomotive': 22585, 'first_train_section': 26309, 'first_section': 22446, 'first_departure_time': 1536686460, 'first_arrival_time': 1536687540, 'second_train_section': 23059, 'second_section': 22452, 'second_departure_time': 1536689760, 'second_arrival_time': 1536691560}
908	{'task_type': 'regular', 'locomotive': 22585, 'train_section': 23059, 'section': 22452, 'departure_time': 1536689760, 'arrival_time': 1536691560}
909	{'task_type': 'regular', 'locomotive': 22585, 'train_section': 26313, 'section': 22468, 'departure_time': 1536693060, 'arrival_time': 1536697200}
910	{'task_type': 'deadhead', 'locomotive': 22585, 'first_train_section': 26313, 'first_section': 22468, 'first_departure_time': 1536693060, 'first_arrival_time': 1536697200, 'second_train_section': 26359, 'second_section': 22324, 'second_departure_time': 1536702360, 'second_arrival_time': 1536707700}
911	{'task_type': 'regular', 'locomotive': 22585, 'train_section': 26359, 'section': 22324, 'departure_time': 1536702360, 'arrival_time': 1536707700}
912	{'task_type': 'deadhead', 'locomotive': 22585, 'first_train_section': 26359, 'first_section': 22324, 'first_departure_time': 1536702360, 'first_arrival_time': 1536707700, 'second_train_section': 27396, 'second_section': 22293, 'second_departure_time': 1536718680, 'second_arrival_time': 1536727140}
913	{'task_type': 'regular', 'locomotive': 22585, 'train_section': 27396, 'section': 22293, 'departure_time': 1536718680, 'arrival_time': 1536727140}
914	{'task_type': 'deadhead', 'locomotive': 22585, 'first_train_section': 27396, 'first_section': 22293, 'first_departure_time': 1536718680, 'first_arrival_time': 1536727140, 'second_train_section': 24639, 'second_section': 22313, 'second_departure_time': 1536742080, 'second_arrival_time': 1536747000}
915	{'task_type': 'regular', 'locomotive': 22585, 'train_section': 24639, 'section': 22313, 'departure_time': 1536742080, 'arrival_time': 1536747000}
916	{'task_type': 'regular', 'locomotive': 22585, 'train_section': 26077, 'section': 22279, 'departure_time': 1536749400, 'arrival_time': 1536754980}
917	{'task_type': 'regular', 'locomotive': 22585, 'train_section': 24636, 'section': 22313, 'departure_time': 1536759420, 'arrival_time': 1536764880}
918	{'task_type': 'deadhead', 'locomotive': 22585, 'first_train_section': 24636, 'first_section': 22313, 'first_departure_time': 1536759420, 'first_arrival_time': 1536764880, 'second_train_section': 27364, 'second_section': 22297, 'second_departure_time': 1536766200, 'second_arrival_time': 1536767220}
919	{'task_type': 'regular', 'locomotive': 22585, 'train_section': 27364, 'section': 22297, 'departure_time': 1536766200, 'arrival_time': 1536767220}
920	{'task_type': 'deadhead', 'locomotive': 22585, 'first_train_section': 27364, 'first_section': 22297, 'first_departure_time': 1536766200, 'first_arrival_time': 1536767220, 'second_train_section': 23741, 'second_section': 22280, 'second_departure_time': 1536778920, 'second_arrival_time': 1536787320}
921	{'task_type': 'regular', 'locomotive': 22585, 'train_section': 23741, 'section': 22280, 'departure_time': 1536778920, 'arrival_time': 1536787320}
922	{'task_type': 'deadhead', 'locomotive': 22585, 'first_train_section': 23741, 'first_section': 22280, 'first_departure_time': 1536778920, 'first_arrival_time': 1536787320, 'second_train_section': 25278, 'second_section': 22324, 'second_departure_time': 1536788760, 'second_arrival_time': 1536794100}
923	{'task_type': 'regular', 'locomotive': 22585, 'train_section': 25278, 'section': 22324, 'departure_time': 1536788760, 'arrival_time': 1536794100}
924	{'task_type': 'deadhead', 'locomotive': 22585, 'first_train_section': 25278, 'first_section': 22324, 'first_departure_time': 1536788760, 'first_arrival_time': 1536794100, 'second_train_section': 25211, 'second_section': 22378, 'second_departure_time': 1536808140, 'second_arrival_time': 1536811800}
925	{'task_type': 'regular', 'locomotive': 22585, 'train_section': 25211, 'section': 22378, 'departure_time': 1536808140, 'arrival_time': 1536811800}
926	{'task_type': 'regular', 'locomotive': 22585, 'train_section': 24261, 'section': 22416, 'departure_time': 1536812640, 'arrival_time': 1536816300}
927	{'task_type': 'regular', 'locomotive': 22585, 'train_section': 24673, 'section': 22378, 'departure_time': 1536822300, 'arrival_time': 1536825960}
928	{'task_type': 'deadhead', 'locomotive': 22585, 'first_train_section': 24673, 'first_section': 22378, 'first_departure_time': 1536822300, 'first_arrival_time': 1536825960, 'second_train_section': 23620, 'second_section': 22441, 'second_departure_time': 1536832440, 'second_arrival_time': 1536836400}
929	{'task_type': 'regular', 'locomotive': 22585, 'train_section': 23620, 'section': 22441, 'departure_time': 1536832440, 'arrival_time': 1536836400}
930	{'task_type': 'deadhead', 'locomotive': 22585, 'first_train_section': 23620, 'first_section': 22441, 'first_departure_time': 1536832440, 'first_arrival_time': 1536836400, 'second_train_section': 23561, 'second_section': 22499, 'second_departure_time': 1536846300, 'second_arrival_time': 1536851460}
931	{'task_type': 'regular', 'locomotive': 22585, 'train_section': 23561, 'section': 22499, 'departure_time': 1536846300, 'arrival_time': 1536851460}
932	{'task_type': 'regular', 'locomotive': 22585, 'train_section': 24394, 'section': 22342, 'departure_time': 1536851940, 'arrival_time': 1536857220}
933	{'task_type': 'deadhead', 'locomotive': 22585, 'first_train_section': 24394, 'first_section': 22342, 'first_departure_time': 1536851940, 'first_arrival_time': 1536857220, 'second_train_section': 26960, 'second_section': 22344, 'second_departure_time': 1536865080, 'second_arrival_time': 1536866100}
934	{'task_type': 'regular', 'locomotive': 22585, 'train_section': 26960, 'section': 22344, 'departure_time': 1536865080, 'arrival_time': 1536866100}
935	{'task_type': 'deadhead', 'locomotive': 22585, 'first_train_section': 26960, 'first_section': 22344, 'first_departure_time': 1536865080, 'first_arrival_time': 1536866100, 'second_train_section': 24406, 'second_section': 22259, 'second_departure_time': 1536872820, 'second_arrival_time': 1536873240}
936	{'task_type': 'regular', 'locomotive': 22585, 'train_section': 24406, 'section': 22259, 'departure_time': 1536872820, 'arrival_time': 1536873240}
937	{'task_type': 'deadhead', 'locomotive': 22585, 'first_train_section': 24406, 'first_section': 22259, 'first_departure_time': 1536872820, 'first_arrival_time': 1536873240, 'second_train_section': 24331, 'second_section': 22309, 'second_departure_time': 1536877560, 'second_arrival_time': 1536882420}
938	{'task_type': 'regular', 'locomotive': 22585, 'train_section': 24331, 'section': 22309, 'departure_time': 1536877560, 'arrival_time': 1536882420}
939	{'task_type': 'deadhead', 'locomotive': 22585, 'first_train_section': 24331, 'first_section': 22309, 'first_departure_time': 1536877560, 'first_arrival_time': 1536882420, 'second_train_section': 23676, 'second_section': 22308, 'second_departure_time': 1536888960, 'second_arrival_time': 1536891600}
940	{'task_type': 'regular', 'locomotive': 22585, 'train_section': 23676, 'section': 22308, 'departure_time': 1536888960, 'arrival_time': 1536891600}
941	{'task_type': 'deadhead', 'locomotive': 22585, 'first_train_section': 23676, 'first_section': 22308, 'first_departure_time': 1536888960, 'first_arrival_time': 1536891600, 'second_train_section': 23343, 'second_section': 22245, 'second_departure_time': 1536901080, 'second_arrival_time': 1536906540}
942	{'task_type': 'regular', 'locomotive': 22585, 'train_section': 23343, 'section': 22245, 'departure_time': 1536901080, 'arrival_time': 1536906540}
943	{'task_type': 'regular', 'locomotive': 22585, 'train_section': 23345, 'section': 22308, 'departure_time': 1536907260, 'arrival_time': 1536909960}
944	{'task_type': 'regular', 'locomotive': 22585, 'train_section': 23257, 'section': 22495, 'departure_time': 1536911280, 'arrival_time': 1536914160}
945	{'task_type': 'deadhead', 'locomotive': 22585, 'first_train_section': 23257, 'first_section': 22495, 'first_departure_time': 1536911280, 'first_arrival_time': 1536914160, 'second_train_section': 26905, 'second_section': 22496, 'second_departure_time': 1536919080, 'second_arrival_time': 1536924060}
946	{'task_type': 'regular', 'locomotive': 22585, 'train_section': 26905, 'section': 22496, 'departure_time': 1536919080, 'arrival_time': 1536924060}
947	{'task_type': 'deadhead', 'locomotive': 22585, 'first_train_section': 26905, 'first_section': 22496, 'first_departure_time': 1536919080, 'first_arrival_time': 1536924060, 'second_train_section': 24441, 'second_section': 22436, 'second_departure_time': 1536933840, 'second_arrival_time': 1536935820}
948	{'task_type': 'regular', 'locomotive': 22585, 'train_section': 24441, 'section': 22436, 'departure_time': 1536933840, 'arrival_time': 1536935820}
949	{'task_type': 'deadhead', 'locomotive': 22585, 'first_train_section': 24441, 'first_section': 22436, 'first_departure_time': 1536933840, 'first_arrival_time': 1536935820, 'second_train_section': 24145, 'second_section': 22252, 'second_departure_time': 1536942840, 'second_arrival_time': 1536948360}
950	{'task_type': 'regular', 'locomotive': 22585, 'train_section': 24145, 'section': 22252, 'departure_time': 1536942840, 'arrival_time': 1536948360}
951	{'task_type': 'deadhead', 'locomotive': 22585, 'first_train_section': 24145, 'first_section': 22252, 'first_departure_time': 1536942840, 'first_arrival_time': 1536948360, 'second_train_section': 25967, 'second_section': 22307, 'second_departure_time': 1536957060, 'second_arrival_time': 1536959100}
952	{'task_type': 'regular', 'locomotive': 22585, 'train_section': 25967, 'section': 22307, 'departure_time': 1536957060, 'arrival_time': 1536959100}
953	{'task_type': 'regular', 'locomotive': 22585, 'train_section': 27280, 'section': 22481, 'departure_time': 1536961080, 'arrival_time': 1536966000}
954	{'task_type': 'regular', 'locomotive': 22585, 'train_section': 22960, 'section': 22345, 'departure_time': 1536973560, 'arrival_time': 1536976500}
955	{'task_type': 'deadhead', 'locomotive': 22585, 'first_train_section': 22960, 'first_section': 22345, 'first_departure_time': 1536973560, 'first_arrival_time': 1536976500, 'second_train_section': 24622, 'second_section': 22495, 'second_departure_time': 1536983460, 'second_arrival_time': 1536986460}
956	{'task_type': 'regular', 'locomotive': 22585, 'train_section': 24622, 'section': 22495, 'departure_time': 1536983460, 'arrival_time': 1536986460}
957	{'task_type': 'deadhead', 'locomotive': 22585, 'first_train_section': 24622, 'first_section': 22495, 'first_departure_time': 1536983460, 'first_arrival_time': 1536986460, 'second_train_section': 24455, 'second_section': 22245, 'second_departure_time': 1536996780, 'second_arrival_time': 1537001760}
958	{'task_type': 'regular', 'locomotive': 22585, 'train_section': 24455, 'section': 22245, 'departure_time': 1536996780, 'arrival_time': 1537001760}
959	{'task_type': 'regular', 'locomotive': 22585, 'train_section': 24457, 'section': 22308, 'departure_time': 1537002240, 'arrival_time': 1537004880}
960	{'task_type': 'regular', 'locomotive': 22585, 'train_section': 24459, 'section': 22496, 'departure_time': 1537005480, 'arrival_time': 1537010460}
961	{'task_type': 'deadhead', 'locomotive': 22585, 'first_train_section': 24459, 'first_section': 22496, 'first_departure_time': 1537005480, 'first_arrival_time': 1537010460, 'second_train_section': 24534, 'second_section': 22500, 'second_departure_time': 1537029540, 'second_arrival_time': 1537031280}
962	{'task_type': 'regular', 'locomotive': 22585, 'train_section': 24534, 'section': 22500, 'departure_time': 1537029540, 'arrival_time': 1537031280}
963	{'task_type': 'deadhead', 'locomotive': 22585, 'first_train_section': 24534, 'first_section': 22500, 'first_departure_time': 1537029540, 'first_arrival_time': 1537031280, 'second_train_section': 26375, 'second_section': 22501, 'second_departure_time': 1537043040, 'second_arrival_time': 1537045260}
964	{'task_type': 'regular', 'locomotive': 22585, 'train_section': 26375, 'section': 22501, 'departure_time': 1537043040, 'arrival_time': 1537045260}
965	{'task_type': 'regular', 'locomotive': 22585, 'train_section': 26377, 'section': 22476, 'departure_time': 1537046220, 'arrival_time': 1537049820}
966	{'task_type': 'regular', 'locomotive': 22587, 'train_section': 25644, 'section': 22386, 'departure_time': 1536607320, 'arrival_time': 1536612360}
967	{'task_type': 'regular', 'locomotive': 22587, 'train_section': 25647, 'section': 22495, 'departure_time': 1536613920, 'arrival_time': 1536616860}
968	{'task_type': 'deadhead', 'locomotive': 22587, 'first_train_section': 25647, 'first_section': 22495, 'first_departure_time': 1536613920, 'first_arrival_time': 1536616860, 'second_train_section': 26630, 'second_section': 22495, 'second_departure_time': 1536623040, 'second_arrival_time': 1536625920}
969	{'task_type': 'regular', 'locomotive': 22587, 'train_section': 26630, 'section': 22495, 'departure_time': 1536623040, 'arrival_time': 1536625920}
970	{'task_type': 'regular', 'locomotive': 22587, 'train_section': 27064, 'section': 22308, 'departure_time': 1536638100, 'arrival_time': 1536640800}
971	{'task_type': 'deadhead', 'locomotive': 22587, 'first_train_section': 27064, 'first_section': 22308, 'first_departure_time': 1536638100, 'first_arrival_time': 1536640800, 'second_train_section': 26587, 'second_section': 22431, 'second_departure_time': 1536645780, 'second_arrival_time': 1536650460}
972	{'task_type': 'regular', 'locomotive': 22587, 'train_section': 26587, 'section': 22431, 'departure_time': 1536645780, 'arrival_time': 1536650460}
973	{'task_type': 'regular', 'locomotive': 22587, 'train_section': 22907, 'section': 22495, 'departure_time': 1536652080, 'arrival_time': 1536654960}
974	{'task_type': 'deadhead', 'locomotive': 22587, 'first_train_section': 22907, 'first_section': 22495, 'first_departure_time': 1536652080, 'first_arrival_time': 1536654960, 'second_train_section': 24801, 'second_section': 22495, 'second_departure_time': 1536659400, 'second_arrival_time': 1536662220}
975	{'task_type': 'regular', 'locomotive': 22587, 'train_section': 24801, 'section': 22495, 'departure_time': 1536659400, 'arrival_time': 1536662220}
976	{'task_type': 'deadhead', 'locomotive': 22587, 'first_train_section': 24801, 'first_section': 22495, 'first_departure_time': 1536659400, 'first_arrival_time': 1536662220, 'second_train_section': 25254, 'second_section': 22416, 'second_departure_time': 1536672240, 'second_arrival_time': 1536675900}
977	{'task_type': 'regular', 'locomotive': 22587, 'train_section': 25254, 'section': 22416, 'departure_time': 1536672240, 'arrival_time': 1536675900}
978	{'task_type': 'regular', 'locomotive': 22587, 'train_section': 25284, 'section': 22378, 'departure_time': 1536680100, 'arrival_time': 1536683760}
979	{'task_type': 'regular', 'locomotive': 22587, 'train_section': 25588, 'section': 22416, 'departure_time': 1536684840, 'arrival_time': 1536688500}
980	{'task_type': 'deadhead', 'locomotive': 22587, 'first_train_section': 25588, 'first_section': 22416, 'first_departure_time': 1536684840, 'first_arrival_time': 1536688500, 'second_train_section': 26326, 'second_section': 22301, 'second_departure_time': 1536690660, 'second_arrival_time': 1536692760}
981	{'task_type': 'regular', 'locomotive': 22587, 'train_section': 26326, 'section': 22301, 'departure_time': 1536690660, 'arrival_time': 1536692760}
982	{'task_type': 'deadhead', 'locomotive': 22587, 'first_train_section': 26326, 'first_section': 22301, 'first_departure_time': 1536690660, 'first_arrival_time': 1536692760, 'second_train_section': 23600, 'second_section': 22427, 'second_departure_time': 1536702540, 'second_arrival_time': 1536705480}
983	{'task_type': 'regular', 'locomotive': 22587, 'train_section': 23600, 'section': 22427, 'departure_time': 1536702540, 'arrival_time': 1536705480}
984	{'task_type': 'regular', 'locomotive': 22587, 'train_section': 23602, 'section': 22443, 'departure_time': 1536706500, 'arrival_time': 1536708180}
985	{'task_type': 'regular', 'locomotive': 22587, 'train_section': 27614, 'section': 22495, 'departure_time': 1536709440, 'arrival_time': 1536712320}
986	{'task_type': 'regular', 'locomotive': 22587, 'train_section': 23606, 'section': 22304, 'departure_time': 1536712380, 'arrival_time': 1536716820}
987	{'task_type': 'regular', 'locomotive': 22587, 'train_section': 23608, 'section': 22247, 'departure_time': 1536717000, 'arrival_time': 1536727560}
988	{'task_type': 'regular', 'locomotive': 22587, 'train_section': 27583, 'section': 22383, 'departure_time': 1536750720, 'arrival_time': 1536754140}
989	{'task_type': 'deadhead', 'locomotive': 22587, 'first_train_section': 27583, 'first_section': 22383, 'first_departure_time': 1536750720, 'first_arrival_time': 1536754140, 'second_train_section': 24609, 'second_section': 22492, 'second_departure_time': 1536765840, 'second_arrival_time': 1536775080}
990	{'task_type': 'regular', 'locomotive': 22587, 'train_section': 24609, 'section': 22492, 'departure_time': 1536765840, 'arrival_time': 1536775080}
991	{'task_type': 'regular', 'locomotive': 22587, 'train_section': 23082, 'section': 22284, 'departure_time': 1536778320, 'arrival_time': 1536781980}
992	{'task_type': 'deadhead', 'locomotive': 22587, 'first_train_section': 23811, 'first_section': 22377, 'first_departure_time': 1536789660, 'first_arrival_time': 1536808140, 'second_train_section': 23360, 'second_section': 22461, 'second_departure_time': 1536812640, 'second_arrival_time': 1536816000}
993	{'task_type': 'regular', 'locomotive': 22587, 'train_section': 23360, 'section': 22461, 'departure_time': 1536812640, 'arrival_time': 1536816000}
994	{'task_type': 'deadhead', 'locomotive': 22587, 'first_train_section': 23360, 'first_section': 22461, 'first_departure_time': 1536812640, 'first_arrival_time': 1536816000, 'second_train_section': 24746, 'second_section': 22310, 'second_departure_time': 1536819960, 'second_arrival_time': 1536821700}
995	{'task_type': 'regular', 'locomotive': 22587, 'train_section': 24746, 'section': 22310, 'departure_time': 1536819960, 'arrival_time': 1536821700}
996	{'task_type': 'deadhead', 'locomotive': 22587, 'first_train_section': 24746, 'first_section': 22310, 'first_departure_time': 1536819960, 'first_arrival_time': 1536821700, 'second_train_section': 27658, 'second_section': 22288, 'second_departure_time': 1536828120, 'second_arrival_time': 1536834480}
997	{'task_type': 'regular', 'locomotive': 22587, 'train_section': 27658, 'section': 22288, 'departure_time': 1536828120, 'arrival_time': 1536834480}
998	{'task_type': 'regular', 'locomotive': 22587, 'train_section': 27660, 'section': 22323, 'departure_time': 1536835080, 'arrival_time': 1536838980}
999	{'task_type': 'regular', 'locomotive': 22587, 'train_section': 27662, 'section': 22337, 'departure_time': 1536839880, 'arrival_time': 1536846600}
1000	{'task_type': 'deadhead', 'locomotive': 22587, 'first_train_section': 27662, 'first_section': 22337, 'first_departure_time': 1536839880, 'first_arrival_time': 1536846600, 'second_train_section': 26219, 'second_section': 22317, 'second_departure_time': 1536856320, 'second_arrival_time': 1536858060}
1001	{'task_type': 'regular', 'locomotive': 22587, 'train_section': 26219, 'section': 22317, 'departure_time': 1536856320, 'arrival_time': 1536858060}
1002	{'task_type': 'deadhead', 'locomotive': 22587, 'first_train_section': 26219, 'first_section': 22317, 'first_departure_time': 1536856320, 'first_arrival_time': 1536858060, 'second_train_section': 23911, 'second_section': 22322, 'second_departure_time': 1536873180, 'second_arrival_time': 1536881400}
1003	{'task_type': 'regular', 'locomotive': 22587, 'train_section': 23911, 'section': 22322, 'departure_time': 1536873180, 'arrival_time': 1536881400}
1004	{'task_type': 'deadhead', 'locomotive': 22587, 'first_train_section': 23911, 'first_section': 22322, 'first_departure_time': 1536873180, 'first_arrival_time': 1536881400, 'second_train_section': 27824, 'second_section': 22326, 'second_departure_time': 1536894960, 'second_arrival_time': 1536901020}
1005	{'task_type': 'regular', 'locomotive': 22587, 'train_section': 27824, 'section': 22326, 'departure_time': 1536894960, 'arrival_time': 1536901020}
1006	{'task_type': 'deadhead', 'locomotive': 22587, 'first_train_section': 27824, 'first_section': 22326, 'first_departure_time': 1536894960, 'first_arrival_time': 1536901020, 'second_train_section': 27003, 'second_section': 22286, 'second_departure_time': 1536904920, 'second_arrival_time': 1536908880}
1007	{'task_type': 'regular', 'locomotive': 22587, 'train_section': 27003, 'section': 22286, 'departure_time': 1536904920, 'arrival_time': 1536908880}
1008	{'task_type': 'deadhead', 'locomotive': 22587, 'first_train_section': 27003, 'first_section': 22286, 'first_departure_time': 1536904920, 'first_arrival_time': 1536908880, 'second_train_section': 22923, 'second_section': 22288, 'second_departure_time': 1536914520, 'second_arrival_time': 1536920880}
1009	{'task_type': 'regular', 'locomotive': 22587, 'train_section': 22923, 'section': 22288, 'departure_time': 1536914520, 'arrival_time': 1536920880}
1010	{'task_type': 'deadhead', 'locomotive': 22587, 'first_train_section': 22923, 'first_section': 22288, 'first_departure_time': 1536914520, 'first_arrival_time': 1536920880, 'second_train_section': 24033, 'second_section': 22351, 'second_departure_time': 1536936480, 'second_arrival_time': 1536941640}
1011	{'task_type': 'regular', 'locomotive': 22587, 'train_section': 24033, 'section': 22351, 'departure_time': 1536936480, 'arrival_time': 1536941640}
1012	{'task_type': 'deadhead', 'locomotive': 22587, 'first_train_section': 24033, 'first_section': 22351, 'first_departure_time': 1536936480, 'first_arrival_time': 1536941640, 'second_train_section': 23451, 'second_section': 22356, 'second_departure_time': 1536956160, 'second_arrival_time': 1536964200}
1013	{'task_type': 'regular', 'locomotive': 22587, 'train_section': 23451, 'section': 22356, 'departure_time': 1536956160, 'arrival_time': 1536964200}
1014	{'task_type': 'deadhead', 'locomotive': 22587, 'first_train_section': 23451, 'first_section': 22356, 'first_departure_time': 1536956160, 'first_arrival_time': 1536964200, 'second_train_section': 24755, 'second_section': 22496, 'second_departure_time': 1536971640, 'second_arrival_time': 1536975360}
1015	{'task_type': 'regular', 'locomotive': 22587, 'train_section': 24755, 'section': 22496, 'departure_time': 1536971640, 'arrival_time': 1536975360}
1016	{'task_type': 'deadhead', 'locomotive': 22587, 'first_train_section': 24755, 'first_section': 22496, 'first_departure_time': 1536971640, 'first_arrival_time': 1536975360, 'second_train_section': 23708, 'second_section': 22350, 'second_departure_time': 1536999900, 'second_arrival_time': 1537003920}
1017	{'task_type': 'regular', 'locomotive': 22587, 'train_section': 23708, 'section': 22350, 'departure_time': 1536999900, 'arrival_time': 1537003920}
1018	{'task_type': 'deadhead', 'locomotive': 22587, 'first_train_section': 23708, 'first_section': 22350, 'first_departure_time': 1536999900, 'first_arrival_time': 1537003920, 'second_train_section': 23422, 'second_section': 22260, 'second_departure_time': 1537132500, 'second_arrival_time': 1537135199}
1019	{'task_type': 'regular', 'locomotive': 22587, 'train_section': 23422, 'section': 22260, 'departure_time': 1537132500, 'arrival_time': 1537135199}
1020	{'task_type': 'regular', 'locomotive': 22588, 'train_section': 27514, 'section': 22284, 'departure_time': 1536605520, 'arrival_time': 1536609180}
1021	{'task_type': 'deadhead', 'locomotive': 22588, 'first_train_section': 25858, 'first_section': 22237, 'first_departure_time': 1536616800, 'first_arrival_time': 1536637020, 'second_train_section': 27687, 'second_section': 22290, 'second_departure_time': 1536645960, 'second_arrival_time': 1536653100}
1022	{'task_type': 'regular', 'locomotive': 22588, 'train_section': 27687, 'section': 22290, 'departure_time': 1536645960, 'arrival_time': 1536653100}
1023	{'task_type': 'deadhead', 'locomotive': 22588, 'first_train_section': 27687, 'first_section': 22290, 'first_departure_time': 1536645960, 'first_arrival_time': 1536653100, 'second_train_section': 26294, 'second_section': 22247, 'second_departure_time': 1536660000, 'second_arrival_time': 1536669420}
1024	{'task_type': 'regular', 'locomotive': 22588, 'train_section': 26294, 'section': 22247, 'departure_time': 1536660000, 'arrival_time': 1536669420}
1025	{'task_type': 'deadhead', 'locomotive': 22588, 'first_train_section': 26294, 'first_section': 22247, 'first_departure_time': 1536660000, 'first_arrival_time': 1536669420, 'second_train_section': 25400, 'second_section': 22399, 'second_departure_time': 1536678600, 'second_arrival_time': 1536680040}
1026	{'task_type': 'regular', 'locomotive': 22588, 'train_section': 25400, 'section': 22399, 'departure_time': 1536678600, 'arrival_time': 1536680040}
1027	{'task_type': 'deadhead', 'locomotive': 22588, 'first_train_section': 25400, 'first_section': 22399, 'first_departure_time': 1536678600, 'first_arrival_time': 1536680040, 'second_train_section': 24731, 'second_section': 22400, 'second_departure_time': 1536684600, 'second_arrival_time': 1536688020}
1028	{'task_type': 'regular', 'locomotive': 22588, 'train_section': 24731, 'section': 22400, 'departure_time': 1536684600, 'arrival_time': 1536688020}
1029	{'task_type': 'deadhead', 'locomotive': 22588, 'first_train_section': 24731, 'first_section': 22400, 'first_departure_time': 1536684600, 'first_arrival_time': 1536688020, 'second_train_section': 26236, 'second_section': 22398, 'second_departure_time': 1536700800, 'second_arrival_time': 1536706680}
1030	{'task_type': 'regular', 'locomotive': 22588, 'train_section': 26236, 'section': 22398, 'departure_time': 1536700800, 'arrival_time': 1536706680}
1031	{'task_type': 'deadhead', 'locomotive': 22588, 'first_train_section': 26236, 'first_section': 22398, 'first_departure_time': 1536700800, 'first_arrival_time': 1536706680, 'second_train_section': 25080, 'second_section': 22320, 'second_departure_time': 1536721080, 'second_arrival_time': 1536727500}
1032	{'task_type': 'regular', 'locomotive': 22588, 'train_section': 25080, 'section': 22320, 'departure_time': 1536721080, 'arrival_time': 1536727500}
1033	{'task_type': 'deadhead', 'locomotive': 22588, 'first_train_section': 25080, 'first_section': 22320, 'first_departure_time': 1536721080, 'first_arrival_time': 1536727500, 'second_train_section': 24012, 'second_section': 22494, 'second_departure_time': 1536731100, 'second_arrival_time': 1536733320}
1034	{'task_type': 'regular', 'locomotive': 22588, 'train_section': 24012, 'section': 22494, 'departure_time': 1536731100, 'arrival_time': 1536733320}
1035	{'task_type': 'regular', 'locomotive': 22588, 'train_section': 23401, 'section': 22387, 'departure_time': 1536735120, 'arrival_time': 1536736920}
1036	{'task_type': 'deadhead', 'locomotive': 22588, 'first_train_section': 23401, 'first_section': 22387, 'first_departure_time': 1536735120, 'first_arrival_time': 1536736920, 'second_train_section': 27090, 'second_section': 22471, 'second_departure_time': 1536742620, 'second_arrival_time': 1536745440}
1037	{'task_type': 'regular', 'locomotive': 22588, 'train_section': 27090, 'section': 22471, 'departure_time': 1536742620, 'arrival_time': 1536745440}
1038	{'task_type': 'deadhead', 'locomotive': 22588, 'first_train_section': 27090, 'first_section': 22471, 'first_departure_time': 1536742620, 'first_arrival_time': 1536745440, 'second_train_section': 25007, 'second_section': 22324, 'second_departure_time': 1536754980, 'second_arrival_time': 1536760380}
1039	{'task_type': 'regular', 'locomotive': 22588, 'train_section': 25007, 'section': 22324, 'departure_time': 1536754980, 'arrival_time': 1536760380}
1040	{'task_type': 'deadhead', 'locomotive': 22588, 'first_train_section': 25007, 'first_section': 22324, 'first_departure_time': 1536754980, 'first_arrival_time': 1536760380, 'second_train_section': 27437, 'second_section': 22284, 'second_departure_time': 1536771120, 'second_arrival_time': 1536774780}
1041	{'task_type': 'regular', 'locomotive': 22588, 'train_section': 27437, 'section': 22284, 'departure_time': 1536771120, 'arrival_time': 1536774780}
1042	{'task_type': 'deadhead', 'locomotive': 22588, 'first_train_section': 25828, 'first_section': 22464, 'first_departure_time': 1536781980, 'first_arrival_time': 1536789540, 'second_train_section': 23001, 'second_section': 22292, 'second_departure_time': 1536800100, 'second_arrival_time': 1536802380}
1043	{'task_type': 'regular', 'locomotive': 22588, 'train_section': 23001, 'section': 22292, 'departure_time': 1536800100, 'arrival_time': 1536802380}
1044	{'task_type': 'deadhead', 'locomotive': 22588, 'first_train_section': 23001, 'first_section': 22292, 'first_departure_time': 1536800100, 'first_arrival_time': 1536802380, 'second_train_section': 24509, 'second_section': 22447, 'second_departure_time': 1536806700, 'second_arrival_time': 1536809400}
1045	{'task_type': 'regular', 'locomotive': 22588, 'train_section': 24509, 'section': 22447, 'departure_time': 1536806700, 'arrival_time': 1536809400}
1046	{'task_type': 'deadhead', 'locomotive': 22588, 'first_train_section': 24509, 'first_section': 22447, 'first_departure_time': 1536806700, 'first_arrival_time': 1536809400, 'second_train_section': 23669, 'second_section': 22329, 'second_departure_time': 1536814680, 'second_arrival_time': 1536816120}
1047	{'task_type': 'regular', 'locomotive': 22588, 'train_section': 23669, 'section': 22329, 'departure_time': 1536814680, 'arrival_time': 1536816120}
1048	{'task_type': 'deadhead', 'locomotive': 22588, 'first_train_section': 23669, 'first_section': 22329, 'first_departure_time': 1536814680, 'first_arrival_time': 1536816120, 'second_train_section': 24309, 'second_section': 22492, 'second_departure_time': 1536819840, 'second_arrival_time': 1536829080}
1049	{'task_type': 'regular', 'locomotive': 22588, 'train_section': 24309, 'section': 22492, 'departure_time': 1536819840, 'arrival_time': 1536829080}
1050	{'task_type': 'regular', 'locomotive': 22588, 'train_section': 23486, 'section': 22285, 'departure_time': 1536840120, 'arrival_time': 1536849240}
1051	{'task_type': 'deadhead', 'locomotive': 22588, 'first_train_section': 23486, 'first_section': 22285, 'first_departure_time': 1536840120, 'first_arrival_time': 1536849240, 'second_train_section': 22756, 'second_section': 22446, 'second_departure_time': 1536859260, 'second_arrival_time': 1536860340}
1052	{'task_type': 'regular', 'locomotive': 22588, 'train_section': 22756, 'section': 22446, 'departure_time': 1536859260, 'arrival_time': 1536860340}
1053	{'task_type': 'deadhead', 'locomotive': 22588, 'first_train_section': 22756, 'first_section': 22446, 'first_departure_time': 1536859260, 'first_arrival_time': 1536860340, 'second_train_section': 23126, 'second_section': 22343, 'second_departure_time': 1536870000, 'second_arrival_time': 1536880740}
1054	{'task_type': 'regular', 'locomotive': 22588, 'train_section': 23126, 'section': 22343, 'departure_time': 1536870000, 'arrival_time': 1536880740}
1055	{'task_type': 'deadhead', 'locomotive': 22588, 'first_train_section': 23126, 'first_section': 22343, 'first_departure_time': 1536870000, 'first_arrival_time': 1536880740, 'second_train_section': 24737, 'second_section': 22452, 'second_departure_time': 1536886320, 'second_arrival_time': 1536889020}
1056	{'task_type': 'regular', 'locomotive': 22588, 'train_section': 24737, 'section': 22452, 'departure_time': 1536886320, 'arrival_time': 1536889020}
1057	{'task_type': 'regular', 'locomotive': 22588, 'train_section': 25475, 'section': 22467, 'departure_time': 1536892800, 'arrival_time': 1536895500}
1058	{'task_type': 'deadhead', 'locomotive': 22588, 'first_train_section': 25475, 'first_section': 22467, 'first_departure_time': 1536892800, 'first_arrival_time': 1536895500, 'second_train_section': 23949, 'second_section': 22331, 'second_departure_time': 1536908880, 'second_arrival_time': 1536919680}
1059	{'task_type': 'regular', 'locomotive': 22588, 'train_section': 23949, 'section': 22331, 'departure_time': 1536908880, 'arrival_time': 1536919680}
1060	{'task_type': 'deadhead', 'locomotive': 22588, 'first_train_section': 23949, 'first_section': 22331, 'first_departure_time': 1536908880, 'first_arrival_time': 1536919680, 'second_train_section': 25302, 'second_section': 22488, 'second_departure_time': 1536938040, 'second_arrival_time': 1536942420}
1061	{'task_type': 'regular', 'locomotive': 22588, 'train_section': 25302, 'section': 22488, 'departure_time': 1536938040, 'arrival_time': 1536942420}
1062	{'task_type': 'deadhead', 'locomotive': 22588, 'first_train_section': 25302, 'first_section': 22488, 'first_departure_time': 1536938040, 'first_arrival_time': 1536942420, 'second_train_section': 27020, 'second_section': 22334, 'second_departure_time': 1536956220, 'second_arrival_time': 1536959400}
1063	{'task_type': 'regular', 'locomotive': 22588, 'train_section': 27020, 'section': 22334, 'departure_time': 1536956220, 'arrival_time': 1536959400}
1064	{'task_type': 'deadhead', 'locomotive': 22588, 'first_train_section': 27020, 'first_section': 22334, 'first_departure_time': 1536956220, 'first_arrival_time': 1536959400, 'second_train_section': 26716, 'second_section': 22330, 'second_departure_time': 1536968400, 'second_arrival_time': 1536976620}
1065	{'task_type': 'regular', 'locomotive': 22588, 'train_section': 26716, 'section': 22330, 'departure_time': 1536968400, 'arrival_time': 1536976620}
1066	{'task_type': 'deadhead', 'locomotive': 22588, 'first_train_section': 26716, 'first_section': 22330, 'first_departure_time': 1536968400, 'first_arrival_time': 1536976620, 'second_train_section': 25324, 'second_section': 22404, 'second_departure_time': 1536978060, 'second_arrival_time': 1536987300}
1067	{'task_type': 'regular', 'locomotive': 22588, 'train_section': 25324, 'section': 22404, 'departure_time': 1536978060, 'arrival_time': 1536987300}
1068	{'task_type': 'deadhead', 'locomotive': 22588, 'first_train_section': 25324, 'first_section': 22404, 'first_departure_time': 1536978060, 'first_arrival_time': 1536987300, 'second_train_section': 25328, 'second_section': 22308, 'second_departure_time': 1536993660, 'second_arrival_time': 1536996360}
1069	{'task_type': 'regular', 'locomotive': 22588, 'train_section': 25328, 'section': 22308, 'departure_time': 1536993660, 'arrival_time': 1536996360}
1070	{'task_type': 'regular', 'locomotive': 22588, 'train_section': 22863, 'section': 22495, 'departure_time': 1536997680, 'arrival_time': 1537000560}
1071	{'task_type': 'regular', 'locomotive': 22588, 'train_section': 22865, 'section': 22309, 'departure_time': 1537001160, 'arrival_time': 1537005720}
1072	{'task_type': 'deadhead', 'locomotive': 22588, 'first_train_section': 22865, 'first_section': 22309, 'first_departure_time': 1537001160, 'first_arrival_time': 1537005720, 'second_train_section': 25463, 'second_section': 22416, 'second_departure_time': 1537016040, 'second_arrival_time': 1537019700}
1073	{'task_type': 'regular', 'locomotive': 22588, 'train_section': 25463, 'section': 22416, 'departure_time': 1537016040, 'arrival_time': 1537019700}
1074	{'task_type': 'deadhead', 'locomotive': 22588, 'first_train_section': 25463, 'first_section': 22416, 'first_departure_time': 1537016040, 'first_arrival_time': 1537019700, 'second_train_section': 26043, 'second_section': 22431, 'second_departure_time': 1537031940, 'second_arrival_time': 1537036800}
1075	{'task_type': 'regular', 'locomotive': 22588, 'train_section': 26043, 'section': 22431, 'departure_time': 1537031940, 'arrival_time': 1537036800}
1076	{'task_type': 'regular', 'locomotive': 22589, 'train_section': 25170, 'section': 22403, 'departure_time': 1536637260, 'arrival_time': 1536639660}
1077	{'task_type': 'deadhead', 'locomotive': 22589, 'first_train_section': 25170, 'first_section': 22403, 'first_departure_time': 1536637260, 'first_arrival_time': 1536639660, 'second_train_section': 27870, 'second_section': 22404, 'second_departure_time': 1536648420, 'second_arrival_time': 1536658320}
1078	{'task_type': 'regular', 'locomotive': 22589, 'train_section': 27870, 'section': 22404, 'departure_time': 1536648420, 'arrival_time': 1536658320}
1079	{'task_type': 'deadhead', 'locomotive': 22589, 'first_train_section': 27870, 'first_section': 22404, 'first_departure_time': 1536648420, 'first_arrival_time': 1536658320, 'second_train_section': 27132, 'second_section': 22396, 'second_departure_time': 1536670560, 'second_arrival_time': 1536672420}
1080	{'task_type': 'regular', 'locomotive': 22589, 'train_section': 27132, 'section': 22396, 'departure_time': 1536670560, 'arrival_time': 1536672420}
1081	{'task_type': 'deadhead', 'locomotive': 22589, 'first_train_section': 27132, 'first_section': 22396, 'first_departure_time': 1536670560, 'first_arrival_time': 1536672420, 'second_train_section': 26748, 'second_section': 22488, 'second_departure_time': 1536678840, 'second_arrival_time': 1536683220}
1082	{'task_type': 'regular', 'locomotive': 22589, 'train_section': 26748, 'section': 22488, 'departure_time': 1536678840, 'arrival_time': 1536683220}
1083	{'task_type': 'deadhead', 'locomotive': 22589, 'first_train_section': 26748, 'first_section': 22488, 'first_departure_time': 1536678840, 'first_arrival_time': 1536683220, 'second_train_section': 25093, 'second_section': 22332, 'second_departure_time': 1536697800, 'second_arrival_time': 1536701940}
1084	{'task_type': 'regular', 'locomotive': 22589, 'train_section': 25093, 'section': 22332, 'departure_time': 1536697800, 'arrival_time': 1536701940}
1085	{'task_type': 'deadhead', 'locomotive': 22589, 'first_train_section': 25093, 'first_section': 22332, 'first_departure_time': 1536697800, 'first_arrival_time': 1536701940, 'second_train_section': 27777, 'second_section': 22451, 'second_departure_time': 1536706620, 'second_arrival_time': 1536713520}
1086	{'task_type': 'regular', 'locomotive': 22589, 'train_section': 27777, 'section': 22451, 'departure_time': 1536706620, 'arrival_time': 1536713520}
1087	{'task_type': 'deadhead', 'locomotive': 22589, 'first_train_section': 27777, 'first_section': 22451, 'first_departure_time': 1536706620, 'first_arrival_time': 1536713520, 'second_train_section': 26885, 'second_section': 22239, 'second_departure_time': 1536723420, 'second_arrival_time': 1536723660}
1088	{'task_type': 'regular', 'locomotive': 22589, 'train_section': 26885, 'section': 22239, 'departure_time': 1536723420, 'arrival_time': 1536723660}
1089	{'task_type': 'deadhead', 'locomotive': 22589, 'first_train_section': 26885, 'first_section': 22239, 'first_departure_time': 1536723420, 'first_arrival_time': 1536723660, 'second_train_section': 25935, 'second_section': 22258, 'second_departure_time': 1536735060, 'second_arrival_time': 1536737460}
1090	{'task_type': 'regular', 'locomotive': 22589, 'train_section': 25935, 'section': 22258, 'departure_time': 1536735060, 'arrival_time': 1536737460}
1091	{'task_type': 'deadhead', 'locomotive': 22589, 'first_train_section': 25935, 'first_section': 22258, 'first_departure_time': 1536735060, 'first_arrival_time': 1536737460, 'second_train_section': 24462, 'second_section': 22479, 'second_departure_time': 1536738540, 'second_arrival_time': 1536740160}
1092	{'task_type': 'regular', 'locomotive': 22589, 'train_section': 24462, 'section': 22479, 'departure_time': 1536738540, 'arrival_time': 1536740160}
1093	{'task_type': 'deadhead', 'locomotive': 22589, 'first_train_section': 24462, 'first_section': 22479, 'first_departure_time': 1536738540, 'first_arrival_time': 1536740160, 'second_train_section': 27595, 'second_section': 22362, 'second_departure_time': 1536750060, 'second_arrival_time': 1536752700}
1094	{'task_type': 'regular', 'locomotive': 22589, 'train_section': 27595, 'section': 22362, 'departure_time': 1536750060, 'arrival_time': 1536752700}
1095	{'task_type': 'deadhead', 'locomotive': 22589, 'first_train_section': 27595, 'first_section': 22362, 'first_departure_time': 1536750060, 'first_arrival_time': 1536752700, 'second_train_section': 24129, 'second_section': 22500, 'second_departure_time': 1536766020, 'second_arrival_time': 1536768420}
1096	{'task_type': 'regular', 'locomotive': 22589, 'train_section': 24129, 'section': 22500, 'departure_time': 1536766020, 'arrival_time': 1536768420}
1097	{'task_type': 'deadhead', 'locomotive': 22589, 'first_train_section': 26454, 'first_section': 22502, 'first_departure_time': 1536789660, 'first_arrival_time': 1536813900, 'second_train_section': 24423, 'second_section': 22383, 'second_departure_time': 1536832560, 'second_arrival_time': 1536836700}
1098	{'task_type': 'regular', 'locomotive': 22589, 'train_section': 24423, 'section': 22383, 'departure_time': 1536832560, 'arrival_time': 1536836700}
1099	{'task_type': 'regular', 'locomotive': 22589, 'train_section': 27036, 'section': 22401, 'departure_time': 1536838500, 'arrival_time': 1536839880}
1100	{'task_type': 'deadhead', 'locomotive': 22589, 'first_train_section': 27036, 'first_section': 22401, 'first_departure_time': 1536838500, 'first_arrival_time': 1536839880, 'second_train_section': 23883, 'second_section': 22400, 'second_departure_time': 1536857400, 'second_arrival_time': 1536860820}
1101	{'task_type': 'regular', 'locomotive': 22589, 'train_section': 23883, 'section': 22400, 'departure_time': 1536857400, 'arrival_time': 1536860820}
1102	{'task_type': 'deadhead', 'locomotive': 22589, 'first_train_section': 23883, 'first_section': 22400, 'first_departure_time': 1536857400, 'first_arrival_time': 1536860820, 'second_train_section': 24595, 'second_section': 22259, 'second_departure_time': 1536873300, 'second_arrival_time': 1536873720}
1103	{'task_type': 'regular', 'locomotive': 22589, 'train_section': 24595, 'section': 22259, 'departure_time': 1536873300, 'arrival_time': 1536873720}
1104	{'task_type': 'deadhead', 'locomotive': 22589, 'first_train_section': 24595, 'first_section': 22259, 'first_departure_time': 1536873300, 'first_arrival_time': 1536873720, 'second_train_section': 23674, 'second_section': 22245, 'second_departure_time': 1536883560, 'second_arrival_time': 1536888240}
1105	{'task_type': 'regular', 'locomotive': 22589, 'train_section': 23674, 'section': 22245, 'departure_time': 1536883560, 'arrival_time': 1536888240}
1106	{'task_type': 'deadhead', 'locomotive': 22589, 'first_train_section': 23674, 'first_section': 22245, 'first_departure_time': 1536883560, 'first_arrival_time': 1536888240, 'second_train_section': 24142, 'second_section': 22342, 'second_departure_time': 1536896820, 'second_arrival_time': 1536903300}
1107	{'task_type': 'regular', 'locomotive': 22589, 'train_section': 24142, 'section': 22342, 'departure_time': 1536896820, 'arrival_time': 1536903300}
1108	{'task_type': 'regular', 'locomotive': 22589, 'train_section': 24153, 'section': 22281, 'departure_time': 1536909240, 'arrival_time': 1536914400}
1109	{'task_type': 'deadhead', 'locomotive': 22589, 'first_train_section': 24153, 'first_section': 22281, 'first_departure_time': 1536909240, 'first_arrival_time': 1536914400, 'second_train_section': 25118, 'second_section': 22285, 'second_departure_time': 1536926520, 'second_arrival_time': 1536935640}
1110	{'task_type': 'regular', 'locomotive': 22589, 'train_section': 25118, 'section': 22285, 'departure_time': 1536926520, 'arrival_time': 1536935640}
1111	{'task_type': 'deadhead', 'locomotive': 22589, 'first_train_section': 25246, 'first_section': 22319, 'first_departure_time': 1536946860, 'first_arrival_time': 1536962340, 'second_train_section': 25752, 'second_section': 22233, 'second_departure_time': 1536992460, 'second_arrival_time': 1537007940}
1112	{'task_type': 'regular', 'locomotive': 22589, 'train_section': 25752, 'section': 22233, 'departure_time': 1536992460, 'arrival_time': 1537007940}
1113	{'task_type': 'regular', 'locomotive': 22590, 'train_section': 25672, 'section': 22487, 'departure_time': 1536690420, 'arrival_time': 1536692820}
1114	{'task_type': 'deadhead', 'locomotive': 22590, 'first_train_section': 25672, 'first_section': 22487, 'first_departure_time': 1536690420, 'first_arrival_time': 1536692820, 'second_train_section': 26328, 'second_section': 22375, 'second_departure_time': 1536698760, 'second_arrival_time': 1536707340}
1115	{'task_type': 'regular', 'locomotive': 22590, 'train_section': 26328, 'section': 22375, 'departure_time': 1536698760, 'arrival_time': 1536707340}
1116	{'task_type': 'deadhead', 'locomotive': 22590, 'first_train_section': 26328, 'first_section': 22375, 'first_departure_time': 1536698760, 'first_arrival_time': 1536707340, 'second_train_section': 25861, 'second_section': 22295, 'second_departure_time': 1536719820, 'second_arrival_time': 1536721200}
1117	{'task_type': 'regular', 'locomotive': 22590, 'train_section': 25861, 'section': 22295, 'departure_time': 1536719820, 'arrival_time': 1536721200}
1118	{'task_type': 'deadhead', 'locomotive': 22590, 'first_train_section': 25861, 'first_section': 22295, 'first_departure_time': 1536719820, 'first_arrival_time': 1536721200, 'second_train_section': 24869, 'second_section': 22238, 'second_departure_time': 1536726300, 'second_arrival_time': 1536729900}
1119	{'task_type': 'regular', 'locomotive': 22590, 'train_section': 24869, 'section': 22238, 'departure_time': 1536726300, 'arrival_time': 1536729900}
1120	{'task_type': 'deadhead', 'locomotive': 22590, 'first_train_section': 24869, 'first_section': 22238, 'first_departure_time': 1536726300, 'first_arrival_time': 1536729900, 'second_train_section': 26106, 'second_section': 22311, 'second_departure_time': 1536745200, 'second_arrival_time': 1536747960}
1121	{'task_type': 'regular', 'locomotive': 22590, 'train_section': 26106, 'section': 22311, 'departure_time': 1536745200, 'arrival_time': 1536747960}
1122	{'task_type': 'regular', 'locomotive': 22590, 'train_section': 23329, 'section': 22313, 'departure_time': 1536756480, 'arrival_time': 1536761400}
1123	{'task_type': 'deadhead', 'locomotive': 22590, 'first_train_section': 23329, 'first_section': 22313, 'first_departure_time': 1536756480, 'first_arrival_time': 1536761400, 'second_train_section': 24234, 'second_section': 22378, 'second_departure_time': 1536770100, 'second_arrival_time': 1536773760}
1124	{'task_type': 'regular', 'locomotive': 22590, 'train_section': 24234, 'section': 22378, 'departure_time': 1536770100, 'arrival_time': 1536773760}
1125	{'task_type': 'deadhead', 'locomotive': 22590, 'first_train_section': 24234, 'first_section': 22378, 'first_departure_time': 1536770100, 'first_arrival_time': 1536773760, 'second_train_section': 23585, 'second_section': 22460, 'second_departure_time': 1536776460, 'second_arrival_time': 1536778800}
1126	{'task_type': 'regular', 'locomotive': 22590, 'train_section': 23585, 'section': 22460, 'departure_time': 1536776460, 'arrival_time': 1536778800}
1127	{'task_type': 'deadhead', 'locomotive': 22590, 'first_train_section': 23585, 'first_section': 22460, 'first_departure_time': 1536776460, 'first_arrival_time': 1536778800, 'second_train_section': 22824, 'second_section': 22429, 'second_departure_time': 1536785640, 'second_arrival_time': 1536788280}
1128	{'task_type': 'regular', 'locomotive': 22590, 'train_section': 22824, 'section': 22429, 'departure_time': 1536785640, 'arrival_time': 1536788280}
1129	{'task_type': 'deadhead', 'locomotive': 22590, 'first_train_section': 22824, 'first_section': 22429, 'first_departure_time': 1536785640, 'first_arrival_time': 1536788280, 'second_train_section': 24862, 'second_section': 22431, 'second_departure_time': 1536790740, 'second_arrival_time': 1536794940}
1130	{'task_type': 'regular', 'locomotive': 22590, 'train_section': 24862, 'section': 22431, 'departure_time': 1536790740, 'arrival_time': 1536794940}
1131	{'task_type': 'deadhead', 'locomotive': 22590, 'first_train_section': 24862, 'first_section': 22431, 'first_departure_time': 1536790740, 'first_arrival_time': 1536794940, 'second_train_section': 24866, 'second_section': 22309, 'second_departure_time': 1536799380, 'second_arrival_time': 1536804000}
1132	{'task_type': 'regular', 'locomotive': 22590, 'train_section': 24866, 'section': 22309, 'departure_time': 1536799380, 'arrival_time': 1536804000}
1133	{'task_type': 'deadhead', 'locomotive': 22590, 'first_train_section': 24866, 'first_section': 22309, 'first_departure_time': 1536799380, 'first_arrival_time': 1536804000, 'second_train_section': 23071, 'second_section': 22361, 'second_departure_time': 1536814080, 'second_arrival_time': 1536816540}
1134	{'task_type': 'regular', 'locomotive': 22590, 'train_section': 23071, 'section': 22361, 'departure_time': 1536814080, 'arrival_time': 1536816540}
1135	{'task_type': 'deadhead', 'locomotive': 22590, 'first_train_section': 23071, 'first_section': 22361, 'first_departure_time': 1536814080, 'first_arrival_time': 1536816540, 'second_train_section': 27323, 'second_section': 22356, 'second_departure_time': 1536830880, 'second_arrival_time': 1536838140}
1136	{'task_type': 'regular', 'locomotive': 22590, 'train_section': 27323, 'section': 22356, 'departure_time': 1536830880, 'arrival_time': 1536838140}
1137	{'task_type': 'deadhead', 'locomotive': 22590, 'first_train_section': 27323, 'first_section': 22356, 'first_departure_time': 1536830880, 'first_arrival_time': 1536838140, 'second_train_section': 25307, 'second_section': 22263, 'second_departure_time': 1536845880, 'second_arrival_time': 1536847680}
1138	{'task_type': 'regular', 'locomotive': 22590, 'train_section': 25307, 'section': 22263, 'departure_time': 1536845880, 'arrival_time': 1536847680}
1139	{'task_type': 'deadhead', 'locomotive': 22590, 'first_train_section': 25840, 'first_section': 22464, 'first_departure_time': 1536861180, 'first_arrival_time': 1536875940, 'second_train_section': 23132, 'second_section': 22336, 'second_departure_time': 1536891780, 'second_arrival_time': 1536897900}
1140	{'task_type': 'regular', 'locomotive': 22590, 'train_section': 23132, 'section': 22336, 'departure_time': 1536891780, 'arrival_time': 1536897900}
1141	{'task_type': 'deadhead', 'locomotive': 22590, 'first_train_section': 23132, 'first_section': 22336, 'first_departure_time': 1536891780, 'first_arrival_time': 1536897900, 'second_train_section': 26899, 'second_section': 22404, 'second_departure_time': 1536899820, 'second_arrival_time': 1536910020}
1142	{'task_type': 'regular', 'locomotive': 22590, 'train_section': 26899, 'section': 22404, 'departure_time': 1536899820, 'arrival_time': 1536910020}
1143	{'task_type': 'deadhead', 'locomotive': 22590, 'first_train_section': 26899, 'first_section': 22404, 'first_departure_time': 1536899820, 'first_arrival_time': 1536910020, 'second_train_section': 23826, 'second_section': 22383, 'second_departure_time': 1536923520, 'second_arrival_time': 1536926940}
1144	{'task_type': 'regular', 'locomotive': 22590, 'train_section': 23826, 'section': 22383, 'departure_time': 1536923520, 'arrival_time': 1536926940}
1145	{'task_type': 'regular', 'locomotive': 22590, 'train_section': 23085, 'section': 22400, 'departure_time': 1536929400, 'arrival_time': 1536932820}
1146	{'task_type': 'deadhead', 'locomotive': 22590, 'first_train_section': 23085, 'first_section': 22400, 'first_departure_time': 1536929400, 'first_arrival_time': 1536932820, 'second_train_section': 26433, 'second_section': 22471, 'second_departure_time': 1536944220, 'second_arrival_time': 1536947040}
1147	{'task_type': 'regular', 'locomotive': 22590, 'train_section': 26433, 'section': 22471, 'departure_time': 1536944220, 'arrival_time': 1536947040}
1148	{'task_type': 'deadhead', 'locomotive': 22590, 'first_train_section': 23178, 'first_section': 22328, 'first_departure_time': 1536947040, 'first_arrival_time': 1536956760, 'second_train_section': 24558, 'second_section': 22397, 'second_departure_time': 1536969000, 'second_arrival_time': 1536977040}
1149	{'task_type': 'regular', 'locomotive': 22590, 'train_section': 24558, 'section': 22397, 'departure_time': 1536969000, 'arrival_time': 1536977040}
1150	{'task_type': 'regular', 'locomotive': 22590, 'train_section': 26258, 'section': 22329, 'departure_time': 1536987480, 'arrival_time': 1536988920}
1151	{'task_type': 'regular', 'locomotive': 22591, 'train_section': 25681, 'section': 22483, 'departure_time': 1536599640, 'arrival_time': 1536602760}
1152	{'task_type': 'deadhead', 'locomotive': 22591, 'first_train_section': 25681, 'first_section': 22483, 'first_departure_time': 1536599640, 'first_arrival_time': 1536602760, 'second_train_section': 23448, 'second_section': 22479, 'second_departure_time': 1536609060, 'second_arrival_time': 1536610920}
1153	{'task_type': 'regular', 'locomotive': 22591, 'train_section': 23448, 'section': 22479, 'departure_time': 1536609060, 'arrival_time': 1536610920}
1154	{'task_type': 'deadhead', 'locomotive': 22591, 'first_train_section': 23448, 'first_section': 22479, 'first_departure_time': 1536609060, 'first_arrival_time': 1536610920, 'second_train_section': 27720, 'second_section': 22372, 'second_departure_time': 1536631740, 'second_arrival_time': 1536635700}
1155	{'task_type': 'regular', 'locomotive': 22591, 'train_section': 27720, 'section': 22372, 'departure_time': 1536631740, 'arrival_time': 1536635700}
1156	{'task_type': 'deadhead', 'locomotive': 22591, 'first_train_section': 27720, 'first_section': 22372, 'first_departure_time': 1536631740, 'first_arrival_time': 1536635700, 'second_train_section': 25229, 'second_section': 22499, 'second_departure_time': 1536644700, 'second_arrival_time': 1536649860}
1157	{'task_type': 'regular', 'locomotive': 22591, 'train_section': 25229, 'section': 22499, 'departure_time': 1536644700, 'arrival_time': 1536649860}
1158	{'task_type': 'regular', 'locomotive': 22591, 'train_section': 27147, 'section': 22343, 'departure_time': 1536662400, 'arrival_time': 1536670920}
1159	{'task_type': 'deadhead', 'locomotive': 22591, 'first_train_section': 27147, 'first_section': 22343, 'first_departure_time': 1536662400, 'first_arrival_time': 1536670920, 'second_train_section': 26507, 'second_section': 22281, 'second_departure_time': 1536674280, 'second_arrival_time': 1536680580}
1160	{'task_type': 'regular', 'locomotive': 22591, 'train_section': 26507, 'section': 22281, 'departure_time': 1536674280, 'arrival_time': 1536680580}
1161	{'task_type': 'deadhead', 'locomotive': 22591, 'first_train_section': 25264, 'first_section': 22464, 'first_departure_time': 1536688380, 'first_arrival_time': 1536703140, 'second_train_section': 25050, 'second_section': 22288, 'second_departure_time': 1536714420, 'second_arrival_time': 1536720960}
1162	{'task_type': 'regular', 'locomotive': 22591, 'train_section': 25050, 'section': 22288, 'departure_time': 1536714420, 'arrival_time': 1536720960}
1163	{'task_type': 'regular', 'locomotive': 22591, 'train_section': 25052, 'section': 22323, 'departure_time': 1536721620, 'arrival_time': 1536724980}
1164	{'task_type': 'regular', 'locomotive': 22591, 'train_section': 25054, 'section': 22337, 'departure_time': 1536726720, 'arrival_time': 1536733560}
1165	{'task_type': 'regular', 'locomotive': 22591, 'train_section': 27025, 'section': 22333, 'departure_time': 1536761700, 'arrival_time': 1536764520}
1166	{'task_type': 'regular', 'locomotive': 22591, 'train_section': 27027, 'section': 22472, 'departure_time': 1536765180, 'arrival_time': 1536770340}
1167	{'task_type': 'regular', 'locomotive': 22591, 'train_section': 27029, 'section': 22351, 'departure_time': 1536770880, 'arrival_time': 1536776040}
1168	{'task_type': 'deadhead', 'locomotive': 22591, 'first_train_section': 27029, 'first_section': 22351, 'first_departure_time': 1536770880, 'first_arrival_time': 1536776040, 'second_train_section': 23817, 'second_section': 22261, 'second_departure_time': 1536781500, 'second_arrival_time': 1536783060}
1169	{'task_type': 'regular', 'locomotive': 22591, 'train_section': 23817, 'section': 22261, 'departure_time': 1536781500, 'arrival_time': 1536783060}
1170	{'task_type': 'deadhead', 'locomotive': 22591, 'first_train_section': 23817, 'first_section': 22261, 'first_departure_time': 1536781500, 'first_arrival_time': 1536783060, 'second_train_section': 22766, 'second_section': 22259, 'second_departure_time': 1536786420, 'second_arrival_time': 1536786840}
1171	{'task_type': 'regular', 'locomotive': 22591, 'train_section': 22766, 'section': 22259, 'departure_time': 1536786420, 'arrival_time': 1536786840}
1172	{'task_type': 'deadhead', 'locomotive': 22591, 'first_train_section': 22766, 'first_section': 22259, 'first_departure_time': 1536786420, 'first_arrival_time': 1536786840, 'second_train_section': 23138, 'second_section': 22478, 'second_departure_time': 1536790860, 'second_arrival_time': 1536793380}
1173	{'task_type': 'regular', 'locomotive': 22591, 'train_section': 23138, 'section': 22478, 'departure_time': 1536790860, 'arrival_time': 1536793380}
1174	{'task_type': 'deadhead', 'locomotive': 22591, 'first_train_section': 23138, 'first_section': 22478, 'first_departure_time': 1536790860, 'first_arrival_time': 1536793380, 'second_train_section': 24934, 'second_section': 22308, 'second_departure_time': 1536800400, 'second_arrival_time': 1536803160}
1175	{'task_type': 'regular', 'locomotive': 22591, 'train_section': 24934, 'section': 22308, 'departure_time': 1536800400, 'arrival_time': 1536803160}
1176	{'task_type': 'regular', 'locomotive': 22591, 'train_section': 24936, 'section': 22496, 'departure_time': 1536804000, 'arrival_time': 1536808800}
1177	{'task_type': 'deadhead', 'locomotive': 22591, 'first_train_section': 24936, 'first_section': 22496, 'first_departure_time': 1536804000, 'first_arrival_time': 1536808800, 'second_train_section': 24039, 'second_section': 22429, 'second_departure_time': 1536814920, 'second_arrival_time': 1536817080}
1178	{'task_type': 'regular', 'locomotive': 22591, 'train_section': 24039, 'section': 22429, 'departure_time': 1536814920, 'arrival_time': 1536817080}
1179	{'task_type': 'regular', 'locomotive': 22591, 'train_section': 25403, 'section': 22416, 'departure_time': 1536837840, 'arrival_time': 1536841500}
1180	{'task_type': 'deadhead', 'locomotive': 22591, 'first_train_section': 23663, 'first_section': 22473, 'first_departure_time': 1536854700, 'first_arrival_time': 1536875940, 'second_train_section': 27178, 'second_section': 22308, 'second_departure_time': 1536885960, 'second_arrival_time': 1536888720}
1181	{'task_type': 'regular', 'locomotive': 22591, 'train_section': 27178, 'section': 22308, 'departure_time': 1536885960, 'arrival_time': 1536888720}
1182	{'task_type': 'deadhead', 'locomotive': 22591, 'first_train_section': 27178, 'first_section': 22308, 'first_departure_time': 1536885960, 'first_arrival_time': 1536888720, 'second_train_section': 26604, 'second_section': 22427, 'second_departure_time': 1536893820, 'second_arrival_time': 1536896820}
1183	{'task_type': 'regular', 'locomotive': 22591, 'train_section': 26604, 'section': 22427, 'departure_time': 1536893820, 'arrival_time': 1536896820}
1184	{'task_type': 'deadhead', 'locomotive': 22591, 'first_train_section': 26604, 'first_section': 22427, 'first_departure_time': 1536893820, 'first_arrival_time': 1536896820, 'second_train_section': 22912, 'second_section': 22427, 'second_departure_time': 1536901080, 'second_arrival_time': 1536904740}
1185	{'task_type': 'regular', 'locomotive': 22591, 'train_section': 22912, 'section': 22427, 'departure_time': 1536901080, 'arrival_time': 1536904740}
1186	{'task_type': 'regular', 'locomotive': 22591, 'train_section': 22914, 'section': 22443, 'departure_time': 1536905460, 'arrival_time': 1536907260}
1187	{'task_type': 'deadhead', 'locomotive': 22591, 'first_train_section': 22914, 'first_section': 22443, 'first_departure_time': 1536905460, 'first_arrival_time': 1536907260, 'second_train_section': 23654, 'second_section': 22416, 'second_departure_time': 1536917040, 'second_arrival_time': 1536920700}
1188	{'task_type': 'regular', 'locomotive': 22591, 'train_section': 23654, 'section': 22416, 'departure_time': 1536917040, 'arrival_time': 1536920700}
1189	{'task_type': 'deadhead', 'locomotive': 22591, 'first_train_section': 23654, 'first_section': 22416, 'first_departure_time': 1536917040, 'first_arrival_time': 1536920700, 'second_train_section': 25090, 'second_section': 22278, 'second_departure_time': 1536929880, 'second_arrival_time': 1536936480}
1190	{'task_type': 'regular', 'locomotive': 22591, 'train_section': 25090, 'section': 22278, 'departure_time': 1536929880, 'arrival_time': 1536936480}
1191	{'task_type': 'deadhead', 'locomotive': 22591, 'first_train_section': 25090, 'first_section': 22278, 'first_departure_time': 1536929880, 'first_arrival_time': 1536936480, 'second_train_section': 26431, 'second_section': 22347, 'second_departure_time': 1536938340, 'second_arrival_time': 1536943680}
1192	{'task_type': 'regular', 'locomotive': 22591, 'train_section': 26431, 'section': 22347, 'departure_time': 1536938340, 'arrival_time': 1536943680}
1193	{'task_type': 'regular', 'locomotive': 22591, 'train_section': 27634, 'section': 22472, 'departure_time': 1536945180, 'arrival_time': 1536950340}
1194	{'task_type': 'regular', 'locomotive': 22591, 'train_section': 22852, 'section': 22343, 'departure_time': 1536956400, 'arrival_time': 1536967140}
1195	{'task_type': 'deadhead', 'locomotive': 22591, 'first_train_section': 22852, 'first_section': 22343, 'first_departure_time': 1536956400, 'first_arrival_time': 1536967140, 'second_train_section': 26681, 'second_section': 22467, 'second_departure_time': 1536979200, 'second_arrival_time': 1536981900}
1196	{'task_type': 'regular', 'locomotive': 22591, 'train_section': 26681, 'section': 22467, 'departure_time': 1536979200, 'arrival_time': 1536981900}
1197	{'task_type': 'regular', 'locomotive': 22591, 'train_section': 27320, 'section': 22280, 'departure_time': 1536983640, 'arrival_time': 1536990240}
1198	{'task_type': 'regular', 'locomotive': 22591, 'train_section': 25535, 'section': 22329, 'departure_time': 1536994680, 'arrival_time': 1536996120}
1199	{'task_type': 'deadhead', 'locomotive': 22591, 'first_train_section': 25535, 'first_section': 22329, 'first_departure_time': 1536994680, 'first_arrival_time': 1536996120, 'second_train_section': 25582, 'second_section': 22311, 'second_departure_time': 1537004400, 'second_arrival_time': 1537007160}
1200	{'task_type': 'regular', 'locomotive': 22591, 'train_section': 25582, 'section': 22311, 'departure_time': 1537004400, 'arrival_time': 1537007160}
1201	{'task_type': 'deadhead', 'locomotive': 22591, 'first_train_section': 25582, 'first_section': 22311, 'first_departure_time': 1537004400, 'first_arrival_time': 1537007160, 'second_train_section': 24300, 'second_section': 22387, 'second_departure_time': 1537018680, 'second_arrival_time': 1537020120}
1202	{'task_type': 'regular', 'locomotive': 22591, 'train_section': 24300, 'section': 22387, 'departure_time': 1537018680, 'arrival_time': 1537020120}
1203	{'task_type': 'deadhead', 'locomotive': 22591, 'first_train_section': 24300, 'first_section': 22387, 'first_departure_time': 1537018680, 'first_arrival_time': 1537020120, 'second_train_section': 25380, 'second_section': 22320, 'second_departure_time': 1537031100, 'second_arrival_time': 1537037460}
1204	{'task_type': 'regular', 'locomotive': 22591, 'train_section': 25380, 'section': 22320, 'departure_time': 1537031100, 'arrival_time': 1537037460}
1205	{'task_type': 'regular', 'locomotive': 22592, 'train_section': 25498, 'section': 22280, 'departure_time': 1536598920, 'arrival_time': 1536607320}
1206	{'task_type': 'deadhead', 'locomotive': 22592, 'first_train_section': 25498, 'first_section': 22280, 'first_departure_time': 1536598920, 'first_arrival_time': 1536607320, 'second_train_section': 23336, 'second_section': 22308, 'second_departure_time': 1536629760, 'second_arrival_time': 1536632400}
1207	{'task_type': 'regular', 'locomotive': 22592, 'train_section': 23336, 'section': 22308, 'departure_time': 1536629760, 'arrival_time': 1536632400}
1208	{'task_type': 'deadhead', 'locomotive': 22592, 'first_train_section': 23336, 'first_section': 22308, 'first_departure_time': 1536629760, 'first_arrival_time': 1536632400, 'second_train_section': 23660, 'second_section': 22303, 'second_departure_time': 1536636240, 'second_arrival_time': 1536642120}
1209	{'task_type': 'regular', 'locomotive': 22592, 'train_section': 23660, 'section': 22303, 'departure_time': 1536636240, 'arrival_time': 1536642120}
1210	{'task_type': 'regular', 'locomotive': 22592, 'train_section': 25777, 'section': 22456, 'departure_time': 1536644100, 'arrival_time': 1536645600}
1211	{'task_type': 'regular', 'locomotive': 22592, 'train_section': 23714, 'section': 22416, 'departure_time': 1536674040, 'arrival_time': 1536677700}
1212	{'task_type': 'deadhead', 'locomotive': 22592, 'first_train_section': 23714, 'first_section': 22416, 'first_departure_time': 1536674040, 'first_arrival_time': 1536677700, 'second_train_section': 25948, 'second_section': 22243, 'second_departure_time': 1536683760, 'second_arrival_time': 1536684420}
1213	{'task_type': 'regular', 'locomotive': 22592, 'train_section': 25948, 'section': 22243, 'departure_time': 1536683760, 'arrival_time': 1536684420}
1214	{'task_type': 'deadhead', 'locomotive': 22592, 'first_train_section': 25948, 'first_section': 22243, 'first_departure_time': 1536683760, 'first_arrival_time': 1536684420, 'second_train_section': 26368, 'second_section': 22431, 'second_departure_time': 1536686340, 'second_arrival_time': 1536691200}
1215	{'task_type': 'regular', 'locomotive': 22592, 'train_section': 26368, 'section': 22431, 'departure_time': 1536686340, 'arrival_time': 1536691200}
1216	{'task_type': 'regular', 'locomotive': 22592, 'train_section': 24711, 'section': 22495, 'departure_time': 1536697620, 'arrival_time': 1536700380}
1217	{'task_type': 'regular', 'locomotive': 22592, 'train_section': 24713, 'section': 22306, 'departure_time': 1536701940, 'arrival_time': 1536705480}
1218	{'task_type': 'deadhead', 'locomotive': 22592, 'first_train_section': 24713, 'first_section': 22306, 'first_departure_time': 1536701940, 'first_arrival_time': 1536705480, 'second_train_section': 23295, 'second_section': 22404, 'second_departure_time': 1536718860, 'second_arrival_time': 1536728100}
1219	{'task_type': 'regular', 'locomotive': 22592, 'train_section': 23295, 'section': 22404, 'departure_time': 1536718860, 'arrival_time': 1536728100}
1220	{'task_type': 'deadhead', 'locomotive': 22592, 'first_train_section': 23295, 'first_section': 22404, 'first_departure_time': 1536718860, 'first_arrival_time': 1536728100, 'second_train_section': 23552, 'second_section': 22312, 'second_departure_time': 1536733800, 'second_arrival_time': 1536734880}
1221	{'task_type': 'regular', 'locomotive': 22592, 'train_section': 23552, 'section': 22312, 'departure_time': 1536733800, 'arrival_time': 1536734880}
1222	{'task_type': 'deadhead', 'locomotive': 22592, 'first_train_section': 23552, 'first_section': 22312, 'first_departure_time': 1536733800, 'first_arrival_time': 1536734880, 'second_train_section': 24283, 'second_section': 22349, 'second_departure_time': 1536741120, 'second_arrival_time': 1536746700}
1223	{'task_type': 'regular', 'locomotive': 22592, 'train_section': 24283, 'section': 22349, 'departure_time': 1536741120, 'arrival_time': 1536746700}
1224	{'task_type': 'deadhead', 'locomotive': 22592, 'first_train_section': 24283, 'first_section': 22349, 'first_departure_time': 1536741120, 'first_arrival_time': 1536746700, 'second_train_section': 23549, 'second_section': 22261, 'second_departure_time': 1536752280, 'second_arrival_time': 1536754020}
1225	{'task_type': 'regular', 'locomotive': 22592, 'train_section': 23549, 'section': 22261, 'departure_time': 1536752280, 'arrival_time': 1536754020}
1226	{'task_type': 'deadhead', 'locomotive': 22592, 'first_train_section': 23549, 'first_section': 22261, 'first_departure_time': 1536752280, 'first_arrival_time': 1536754020, 'second_train_section': 22948, 'second_section': 22361, 'second_departure_time': 1536763140, 'second_arrival_time': 1536766140}
1227	{'task_type': 'regular', 'locomotive': 22592, 'train_section': 22948, 'section': 22361, 'departure_time': 1536763140, 'arrival_time': 1536766140}
1228	{'task_type': 'deadhead', 'locomotive': 22592, 'first_train_section': 22948, 'first_section': 22361, 'first_departure_time': 1536763140, 'first_arrival_time': 1536766140, 'second_train_section': 25108, 'second_section': 22505, 'second_departure_time': 1536774240, 'second_arrival_time': 1536779340}
1229	{'task_type': 'regular', 'locomotive': 22592, 'train_section': 25108, 'section': 22505, 'departure_time': 1536774240, 'arrival_time': 1536779340}
1230	{'task_type': 'deadhead', 'locomotive': 22592, 'first_train_section': 25108, 'first_section': 22505, 'first_departure_time': 1536774240, 'first_arrival_time': 1536779340, 'second_train_section': 25505, 'second_section': 22495, 'second_departure_time': 1536784440, 'second_arrival_time': 1536787140}
1231	{'task_type': 'regular', 'locomotive': 22592, 'train_section': 25505, 'section': 22495, 'departure_time': 1536784440, 'arrival_time': 1536787140}
1232	{'task_type': 'regular', 'locomotive': 22592, 'train_section': 26189, 'section': 22308, 'departure_time': 1536787440, 'arrival_time': 1536790140}
1233	{'task_type': 'deadhead', 'locomotive': 22592, 'first_train_section': 26189, 'first_section': 22308, 'first_departure_time': 1536787440, 'first_arrival_time': 1536790140, 'second_train_section': 22787, 'second_section': 22423, 'second_departure_time': 1536799380, 'second_arrival_time': 1536810480}
1234	{'task_type': 'regular', 'locomotive': 22592, 'train_section': 22787, 'section': 22423, 'departure_time': 1536799380, 'arrival_time': 1536810480}
1235	{'task_type': 'deadhead', 'locomotive': 22592, 'first_train_section': 22787, 'first_section': 22423, 'first_departure_time': 1536799380, 'first_arrival_time': 1536810480, 'second_train_section': 24341, 'second_section': 22497, 'second_departure_time': 1536818160, 'second_arrival_time': 1536819540}
1236	{'task_type': 'regular', 'locomotive': 22592, 'train_section': 24341, 'section': 22497, 'departure_time': 1536818160, 'arrival_time': 1536819540}
1237	{'task_type': 'deadhead', 'locomotive': 22592, 'first_train_section': 24341, 'first_section': 22497, 'first_departure_time': 1536818160, 'first_arrival_time': 1536819540, 'second_train_section': 25846, 'second_section': 22416, 'second_departure_time': 1536843240, 'second_arrival_time': 1536846900}
1238	{'task_type': 'regular', 'locomotive': 22592, 'train_section': 25846, 'section': 22416, 'departure_time': 1536843240, 'arrival_time': 1536846900}
1239	{'task_type': 'regular', 'locomotive': 22592, 'train_section': 26942, 'section': 22378, 'departure_time': 1536847500, 'arrival_time': 1536851160}
1240	{'task_type': 'deadhead', 'locomotive': 22592, 'first_train_section': 26942, 'first_section': 22378, 'first_departure_time': 1536847500, 'first_arrival_time': 1536851160, 'second_train_section': 23007, 'second_section': 22427, 'second_departure_time': 1536854400, 'second_arrival_time': 1536857280}
1241	{'task_type': 'regular', 'locomotive': 22592, 'train_section': 23007, 'section': 22427, 'departure_time': 1536854400, 'arrival_time': 1536857280}
1242	{'task_type': 'deadhead', 'locomotive': 22592, 'first_train_section': 23007, 'first_section': 22427, 'first_departure_time': 1536854400, 'first_arrival_time': 1536857280, 'second_train_section': 27555, 'second_section': 22434, 'second_departure_time': 1536860160, 'second_arrival_time': 1536865440}
1243	{'task_type': 'regular', 'locomotive': 22592, 'train_section': 27555, 'section': 22434, 'departure_time': 1536860160, 'arrival_time': 1536865440}
1244	{'task_type': 'regular', 'locomotive': 22592, 'train_section': 27739, 'section': 22495, 'departure_time': 1536870420, 'arrival_time': 1536873180}
1245	{'task_type': 'regular', 'locomotive': 22592, 'train_section': 25765, 'section': 22308, 'departure_time': 1536877320, 'arrival_time': 1536880020}
1246	{'task_type': 'deadhead', 'locomotive': 22592, 'first_train_section': 25765, 'first_section': 22308, 'first_departure_time': 1536877320, 'first_arrival_time': 1536880020, 'second_train_section': 23979, 'second_section': 22431, 'second_departure_time': 1536890040, 'second_arrival_time': 1536894180}
1247	{'task_type': 'regular', 'locomotive': 22592, 'train_section': 23979, 'section': 22431, 'departure_time': 1536890040, 'arrival_time': 1536894180}
1248	{'task_type': 'regular', 'locomotive': 22592, 'train_section': 25321, 'section': 22496, 'departure_time': 1536900780, 'arrival_time': 1536904980}
1249	{'task_type': 'deadhead', 'locomotive': 22592, 'first_train_section': 25321, 'first_section': 22496, 'first_departure_time': 1536900780, 'first_arrival_time': 1536904980, 'second_train_section': 23255, 'second_section': 22431, 'second_departure_time': 1536905400, 'second_arrival_time': 1536910020}
1250	{'task_type': 'regular', 'locomotive': 22592, 'train_section': 23255, 'section': 22431, 'departure_time': 1536905400, 'arrival_time': 1536910020}
1251	{'task_type': 'regular', 'locomotive': 22592, 'train_section': 23347, 'section': 22496, 'departure_time': 1536910860, 'arrival_time': 1536915660}
1252	{'task_type': 'deadhead', 'locomotive': 22592, 'first_train_section': 23347, 'first_section': 22496, 'first_departure_time': 1536910860, 'first_arrival_time': 1536915660, 'second_train_section': 24465, 'second_section': 22431, 'second_departure_time': 1536916620, 'second_arrival_time': 1536921000}
1253	{'task_type': 'regular', 'locomotive': 22592, 'train_section': 24465, 'section': 22431, 'departure_time': 1536916620, 'arrival_time': 1536921000}
1254	{'task_type': 'regular', 'locomotive': 22592, 'train_section': 24467, 'section': 22495, 'departure_time': 1536922440, 'arrival_time': 1536925440}
1255	{'task_type': 'deadhead', 'locomotive': 22592, 'first_train_section': 24467, 'first_section': 22495, 'first_departure_time': 1536922440, 'first_arrival_time': 1536925440, 'second_train_section': 25371, 'second_section': 22500, 'second_departure_time': 1536932280, 'second_arrival_time': 1536935400}
1256	{'task_type': 'regular', 'locomotive': 22592, 'train_section': 25371, 'section': 22500, 'departure_time': 1536932280, 'arrival_time': 1536935400}
1257	{'task_type': 'regular', 'locomotive': 22592, 'train_section': 25374, 'section': 22361, 'departure_time': 1536935940, 'arrival_time': 1536938940}
1258	{'task_type': 'deadhead', 'locomotive': 22592, 'first_train_section': 25374, 'first_section': 22361, 'first_departure_time': 1536935940, 'first_arrival_time': 1536938940, 'second_train_section': 26113, 'second_section': 22495, 'second_departure_time': 1536947580, 'second_arrival_time': 1536950460}
1259	{'task_type': 'regular', 'locomotive': 22592, 'train_section': 26113, 'section': 22495, 'departure_time': 1536947580, 'arrival_time': 1536950460}
1260	{'task_type': 'regular', 'locomotive': 22592, 'train_section': 26115, 'section': 22304, 'departure_time': 1536951540, 'arrival_time': 1536955980}
1261	{'task_type': 'regular', 'locomotive': 22592, 'train_section': 26563, 'section': 22246, 'departure_time': 1536959520, 'arrival_time': 1536960780}
1262	{'task_type': 'deadhead', 'locomotive': 22592, 'first_train_section': 26563, 'first_section': 22246, 'first_departure_time': 1536959520, 'first_arrival_time': 1536960780, 'second_train_section': 24751, 'second_section': 22245, 'second_departure_time': 1536962940, 'second_arrival_time': 1536967440}
1263	{'task_type': 'regular', 'locomotive': 22592, 'train_section': 24751, 'section': 22245, 'departure_time': 1536962940, 'arrival_time': 1536967440}
1264	{'task_type': 'deadhead', 'locomotive': 22592, 'first_train_section': 24751, 'first_section': 22245, 'first_departure_time': 1536962940, 'first_arrival_time': 1536967440, 'second_train_section': 23690, 'second_section': 22348, 'second_departure_time': 1536981180, 'second_arrival_time': 1536984720}
1265	{'task_type': 'regular', 'locomotive': 22592, 'train_section': 23690, 'section': 22348, 'departure_time': 1536981180, 'arrival_time': 1536984720}
1266	{'task_type': 'deadhead', 'locomotive': 22592, 'first_train_section': 23690, 'first_section': 22348, 'first_departure_time': 1536981180, 'first_arrival_time': 1536984720, 'second_train_section': 24625, 'second_section': 22304, 'second_departure_time': 1536987600, 'second_arrival_time': 1536992700}
1267	{'task_type': 'regular', 'locomotive': 22592, 'train_section': 24625, 'section': 22304, 'departure_time': 1536987600, 'arrival_time': 1536992700}
1268	{'task_type': 'regular', 'locomotive': 22592, 'train_section': 24627, 'section': 22247, 'departure_time': 1536992880, 'arrival_time': 1537003080}
1269	{'task_type': 'deadhead', 'locomotive': 22592, 'first_train_section': 24627, 'first_section': 22247, 'first_departure_time': 1536992880, 'first_arrival_time': 1537003080, 'second_train_section': 25336, 'second_section': 22329, 'second_departure_time': 1537016280, 'second_arrival_time': 1537017720}
1270	{'task_type': 'regular', 'locomotive': 22592, 'train_section': 25336, 'section': 22329, 'departure_time': 1537016280, 'arrival_time': 1537017720}
1271	{'task_type': 'deadhead', 'locomotive': 22592, 'first_train_section': 25336, 'first_section': 22329, 'first_departure_time': 1537016280, 'first_arrival_time': 1537017720, 'second_train_section': 27508, 'second_section': 22331, 'second_departure_time': 1537031280, 'second_arrival_time': 1537042200}
1272	{'task_type': 'regular', 'locomotive': 22592, 'train_section': 27508, 'section': 22331, 'departure_time': 1537031280, 'arrival_time': 1537042200}
1273	{'task_type': 'deadhead', 'locomotive': 22592, 'first_train_section': 27508, 'first_section': 22331, 'first_departure_time': 1537031280, 'first_arrival_time': 1537042200, 'second_train_section': 24258, 'second_section': 22330, 'second_departure_time': 1537054800, 'second_arrival_time': 1537063020}
1274	{'task_type': 'regular', 'locomotive': 22592, 'train_section': 24258, 'section': 22330, 'departure_time': 1537054800, 'arrival_time': 1537063020}
1275	{'task_type': 'deadhead', 'locomotive': 22592, 'first_train_section': 24258, 'first_section': 22330, 'first_departure_time': 1537054800, 'first_arrival_time': 1537063020, 'second_train_section': 27622, 'second_section': 22416, 'second_departure_time': 1537120440, 'second_arrival_time': 1537124100}
1276	{'task_type': 'regular', 'locomotive': 22592, 'train_section': 27622, 'section': 22416, 'departure_time': 1537120440, 'arrival_time': 1537124100}
1277	{'task_type': 'deadhead', 'locomotive': 22592, 'first_train_section': 27622, 'first_section': 22416, 'first_departure_time': 1537120440, 'first_arrival_time': 1537124100, 'second_train_section': 24306, 'second_section': 22429, 'second_departure_time': 1537131240, 'second_arrival_time': 1537133880}
1278	{'task_type': 'regular', 'locomotive': 22592, 'train_section': 24306, 'section': 22429, 'departure_time': 1537131240, 'arrival_time': 1537133880}
1279	{'task_type': 'regular', 'locomotive': 22593, 'train_section': 24740, 'section': 22331, 'departure_time': 1536599280, 'arrival_time': 1536610200}
1280	{'task_type': 'deadhead', 'locomotive': 22593, 'first_train_section': 26757, 'first_section': 22440, 'first_departure_time': 1536616800, 'first_arrival_time': 1536637320, 'second_train_section': 24252, 'second_section': 22331, 'second_departure_time': 1536656880, 'second_arrival_time': 1536667680}
1281	{'task_type': 'regular', 'locomotive': 22593, 'train_section': 24252, 'section': 22331, 'departure_time': 1536656880, 'arrival_time': 1536667680}
1282	{'task_type': 'regular', 'locomotive': 22593, 'train_section': 24397, 'section': 22438, 'departure_time': 1536673920, 'arrival_time': 1536684660}
1283	{'task_type': 'deadhead', 'locomotive': 22593, 'first_train_section': 24397, 'first_section': 22438, 'first_departure_time': 1536673920, 'first_arrival_time': 1536684660, 'second_train_section': 27335, 'second_section': 22294, 'second_departure_time': 1536696480, 'second_arrival_time': 1536699720}
1284	{'task_type': 'regular', 'locomotive': 22593, 'train_section': 27335, 'section': 22294, 'departure_time': 1536696480, 'arrival_time': 1536699720}
1285	{'task_type': 'deadhead', 'locomotive': 22593, 'first_train_section': 26297, 'first_section': 22411, 'first_departure_time': 1536703200, 'first_arrival_time': 1536722820, 'second_train_section': 26147, 'second_section': 22446, 'second_departure_time': 1536723840, 'second_arrival_time': 1536724980}
1286	{'task_type': 'regular', 'locomotive': 22593, 'train_section': 26147, 'section': 22446, 'departure_time': 1536723840, 'arrival_time': 1536724980}
1287	{'task_type': 'deadhead', 'locomotive': 22593, 'first_train_section': 26147, 'first_section': 22446, 'first_departure_time': 1536723840, 'first_arrival_time': 1536724980, 'second_train_section': 25998, 'second_section': 22256, 'second_departure_time': 1536727320, 'second_arrival_time': 1536730260}
1288	{'task_type': 'regular', 'locomotive': 22593, 'train_section': 25998, 'section': 22256, 'departure_time': 1536727320, 'arrival_time': 1536730260}
1289	{'task_type': 'deadhead', 'locomotive': 22593, 'first_train_section': 25998, 'first_section': 22256, 'first_departure_time': 1536727320, 'first_arrival_time': 1536730260, 'second_train_section': 24782, 'second_section': 22310, 'second_departure_time': 1536733560, 'second_arrival_time': 1536735300}
1290	{'task_type': 'regular', 'locomotive': 22593, 'train_section': 24782, 'section': 22310, 'departure_time': 1536733560, 'arrival_time': 1536735300}
1291	{'task_type': 'deadhead', 'locomotive': 22593, 'first_train_section': 24782, 'first_section': 22310, 'first_departure_time': 1536733560, 'first_arrival_time': 1536735300, 'second_train_section': 25342, 'second_section': 22281, 'second_departure_time': 1536736440, 'second_arrival_time': 1536741600}
1292	{'task_type': 'regular', 'locomotive': 22593, 'train_section': 25342, 'section': 22281, 'departure_time': 1536736440, 'arrival_time': 1536741600}
1293	{'task_type': 'deadhead', 'locomotive': 22593, 'first_train_section': 25342, 'first_section': 22281, 'first_departure_time': 1536736440, 'first_arrival_time': 1536741600, 'second_train_section': 23935, 'second_section': 22505, 'second_departure_time': 1536754740, 'second_arrival_time': 1536760620}
1294	{'task_type': 'regular', 'locomotive': 22593, 'train_section': 23935, 'section': 22505, 'departure_time': 1536754740, 'arrival_time': 1536760620}
1295	{'task_type': 'regular', 'locomotive': 22593, 'train_section': 25387, 'section': 22308, 'departure_time': 1536764640, 'arrival_time': 1536767160}
1296	{'task_type': 'deadhead', 'locomotive': 22593, 'first_train_section': 23898, 'first_section': 22302, 'first_departure_time': 1536774300, 'first_arrival_time': 1536789540, 'second_train_section': 27257, 'second_section': 22309, 'second_departure_time': 1536790140, 'second_arrival_time': 1536795000}
1297	{'task_type': 'regular', 'locomotive': 22593, 'train_section': 27257, 'section': 22309, 'departure_time': 1536790140, 'arrival_time': 1536795000}
1298	{'task_type': 'deadhead', 'locomotive': 22593, 'first_train_section': 27257, 'first_section': 22309, 'first_departure_time': 1536790140, 'first_arrival_time': 1536795000, 'second_train_section': 26936, 'second_section': 22496, 'second_departure_time': 1536804300, 'second_arrival_time': 1536809100}
1299	{'task_type': 'regular', 'locomotive': 22593, 'train_section': 26936, 'section': 22496, 'departure_time': 1536804300, 'arrival_time': 1536809100}
1300	{'task_type': 'deadhead', 'locomotive': 22593, 'first_train_section': 26936, 'first_section': 22496, 'first_departure_time': 1536804300, 'first_arrival_time': 1536809100, 'second_train_section': 27391, 'second_section': 22308, 'second_departure_time': 1536820860, 'second_arrival_time': 1536823560}
1301	{'task_type': 'regular', 'locomotive': 22593, 'train_section': 27391, 'section': 22308, 'departure_time': 1536820860, 'arrival_time': 1536823560}
1302	{'task_type': 'regular', 'locomotive': 22593, 'train_section': 27393, 'section': 22496, 'departure_time': 1536824460, 'arrival_time': 1536829260}
1303	{'task_type': 'deadhead', 'locomotive': 22593, 'first_train_section': 27393, 'first_section': 22496, 'first_departure_time': 1536824460, 'first_arrival_time': 1536829260, 'second_train_section': 24195, 'second_section': 22416, 'second_departure_time': 1536830640, 'second_arrival_time': 1536834300}
1304	{'task_type': 'regular', 'locomotive': 22593, 'train_section': 24195, 'section': 22416, 'departure_time': 1536830640, 'arrival_time': 1536834300}
1305	{'task_type': 'regular', 'locomotive': 22593, 'train_section': 26687, 'section': 22378, 'departure_time': 1536842100, 'arrival_time': 1536845760}
1306	{'task_type': 'regular', 'locomotive': 22593, 'train_section': 25831, 'section': 22416, 'departure_time': 1536855840, 'arrival_time': 1536859500}
1307	{'task_type': 'regular', 'locomotive': 22593, 'train_section': 27705, 'section': 22378, 'departure_time': 1536861900, 'arrival_time': 1536865560}
1308	{'task_type': 'deadhead', 'locomotive': 22593, 'first_train_section': 24642, 'first_section': 22417, 'first_departure_time': 1536876000, 'first_arrival_time': 1536895440, 'second_train_section': 23437, 'second_section': 22378, 'second_departure_time': 1536899700, 'second_arrival_time': 1536903360}
1309	{'task_type': 'regular', 'locomotive': 22593, 'train_section': 23437, 'section': 22378, 'departure_time': 1536899700, 'arrival_time': 1536903360}
1310	{'task_type': 'deadhead', 'locomotive': 22593, 'first_train_section': 23437, 'first_section': 22378, 'first_departure_time': 1536899700, 'first_arrival_time': 1536903360, 'second_train_section': 23814, 'second_section': 22455, 'second_departure_time': 1536904680, 'second_arrival_time': 1536916080}
1311	{'task_type': 'regular', 'locomotive': 22593, 'train_section': 23814, 'section': 22455, 'departure_time': 1536904680, 'arrival_time': 1536916080}
1312	{'task_type': 'deadhead', 'locomotive': 22593, 'first_train_section': 23814, 'first_section': 22455, 'first_departure_time': 1536904680, 'first_arrival_time': 1536916080, 'second_train_section': 24469, 'second_section': 22304, 'second_departure_time': 1536926520, 'second_arrival_time': 1536931380}
1313	{'task_type': 'regular', 'locomotive': 22593, 'train_section': 24469, 'section': 22304, 'departure_time': 1536926520, 'arrival_time': 1536931380}
1314	{'task_type': 'deadhead', 'locomotive': 22593, 'first_train_section': 24469, 'first_section': 22304, 'first_departure_time': 1536926520, 'first_arrival_time': 1536931380, 'second_train_section': 25205, 'second_section': 22342, 'second_departure_time': 1536938340, 'second_arrival_time': 1536943620}
1315	{'task_type': 'regular', 'locomotive': 22593, 'train_section': 25205, 'section': 22342, 'departure_time': 1536938340, 'arrival_time': 1536943620}
1316	{'task_type': 'deadhead', 'locomotive': 22593, 'first_train_section': 25205, 'first_section': 22342, 'first_departure_time': 1536938340, 'first_arrival_time': 1536943620, 'second_train_section': 27484, 'second_section': 22452, 'second_departure_time': 1536948960, 'second_arrival_time': 1536950760}
1317	{'task_type': 'regular', 'locomotive': 22593, 'train_section': 27484, 'section': 22452, 'departure_time': 1536948960, 'arrival_time': 1536950760}
1318	{'task_type': 'regular', 'locomotive': 22593, 'train_section': 27793, 'section': 22468, 'departure_time': 1536952260, 'arrival_time': 1536956400}
1319	{'task_type': 'deadhead', 'locomotive': 22593, 'first_train_section': 24373, 'first_section': 22470, 'first_departure_time': 1536962400, 'first_arrival_time': 1536979200, 'second_train_section': 22651, 'second_section': 22412, 'second_departure_time': 1536982020, 'second_arrival_time': 1536989280}
1320	{'task_type': 'regular', 'locomotive': 22593, 'train_section': 22651, 'section': 22412, 'departure_time': 1536982020, 'arrival_time': 1536989280}
1321	{'task_type': 'deadhead', 'locomotive': 22593, 'first_train_section': 22651, 'first_section': 22412, 'first_departure_time': 1536982020, 'first_arrival_time': 1536989280, 'second_train_section': 26132, 'second_section': 22327, 'second_departure_time': 1536995280, 'second_arrival_time': 1537001640}
1322	{'task_type': 'regular', 'locomotive': 22593, 'train_section': 26132, 'section': 22327, 'departure_time': 1536995280, 'arrival_time': 1537001640}
1323	{'task_type': 'deadhead', 'locomotive': 22593, 'first_train_section': 26132, 'first_section': 22327, 'first_departure_time': 1536995280, 'first_arrival_time': 1537001640, 'second_train_section': 25990, 'second_section': 22334, 'second_departure_time': 1537007880, 'second_arrival_time': 1537012080}
1324	{'task_type': 'regular', 'locomotive': 22593, 'train_section': 25990, 'section': 22334, 'departure_time': 1537007880, 'arrival_time': 1537012080}
1325	{'task_type': 'deadhead', 'locomotive': 22593, 'first_train_section': 25990, 'first_section': 22334, 'first_departure_time': 1537007880, 'first_arrival_time': 1537012080, 'second_train_section': 26945, 'second_section': 22378, 'second_departure_time': 1537031100, 'second_arrival_time': 1537034760}
1326	{'task_type': 'regular', 'locomotive': 22593, 'train_section': 26945, 'section': 22378, 'departure_time': 1537031100, 'arrival_time': 1537034760}
1327	{'task_type': 'deadhead', 'locomotive': 22593, 'first_train_section': 26945, 'first_section': 22378, 'first_departure_time': 1537031100, 'first_arrival_time': 1537034760, 'second_train_section': 25717, 'second_section': 22304, 'second_departure_time': 1537046160, 'second_arrival_time': 1537050600}
1328	{'task_type': 'regular', 'locomotive': 22593, 'train_section': 25717, 'section': 22304, 'departure_time': 1537046160, 'arrival_time': 1537050600}
1329	{'task_type': 'deadhead', 'locomotive': 22593, 'first_train_section': 25717, 'first_section': 22304, 'first_departure_time': 1537046160, 'first_arrival_time': 1537050600, 'second_train_section': 24209, 'second_section': 22455, 'second_departure_time': 1537077480, 'second_arrival_time': 1537088880}
1330	{'task_type': 'regular', 'locomotive': 22593, 'train_section': 24209, 'section': 22455, 'departure_time': 1537077480, 'arrival_time': 1537088880}
1331	{'task_type': 'deadhead', 'locomotive': 22593, 'first_train_section': 24209, 'first_section': 22455, 'first_departure_time': 1537077480, 'first_arrival_time': 1537088880, 'second_train_section': 26896, 'second_section': 22340, 'second_departure_time': 1537103940, 'second_arrival_time': 1537119600}
1332	{'task_type': 'regular', 'locomotive': 22593, 'train_section': 26896, 'section': 22340, 'departure_time': 1537103940, 'arrival_time': 1537119600}
1333	{'task_type': 'regular', 'locomotive': 22594, 'train_section': 24192, 'section': 22361, 'departure_time': 1536639840, 'arrival_time': 1536642840}
1334	{'task_type': 'deadhead', 'locomotive': 22594, 'first_train_section': 24192, 'first_section': 22361, 'first_departure_time': 1536639840, 'first_arrival_time': 1536642840, 'second_train_section': 24948, 'second_section': 22506, 'second_departure_time': 1536647640, 'second_arrival_time': 1536648420}
1335	{'task_type': 'regular', 'locomotive': 22594, 'train_section': 24948, 'section': 22506, 'departure_time': 1536647640, 'arrival_time': 1536648420}
1336	{'task_type': 'deadhead', 'locomotive': 22594, 'first_train_section': 24948, 'first_section': 22506, 'first_departure_time': 1536647640, 'first_arrival_time': 1536648420, 'second_train_section': 25000, 'second_section': 22507, 'second_departure_time': 1536655560, 'second_arrival_time': 1536659160}
1337	{'task_type': 'regular', 'locomotive': 22594, 'train_section': 25000, 'section': 22507, 'departure_time': 1536655560, 'arrival_time': 1536659160}
1338	{'task_type': 'deadhead', 'locomotive': 22594, 'first_train_section': 25000, 'first_section': 22507, 'first_departure_time': 1536655560, 'first_arrival_time': 1536659160, 'second_train_section': 25267, 'second_section': 22499, 'second_departure_time': 1536673500, 'second_arrival_time': 1536678660}
1339	{'task_type': 'regular', 'locomotive': 22594, 'train_section': 25267, 'section': 22499, 'departure_time': 1536673500, 'arrival_time': 1536678660}
1340	{'task_type': 'deadhead', 'locomotive': 22594, 'first_train_section': 25267, 'first_section': 22499, 'first_departure_time': 1536673500, 'first_arrival_time': 1536678660, 'second_train_section': 26370, 'second_section': 22495, 'second_departure_time': 1536692640, 'second_arrival_time': 1536695460}
1341	{'task_type': 'regular', 'locomotive': 22594, 'train_section': 26370, 'section': 22495, 'departure_time': 1536692640, 'arrival_time': 1536695460}
1342	{'task_type': 'deadhead', 'locomotive': 22594, 'first_train_section': 26370, 'first_section': 22495, 'first_departure_time': 1536692640, 'first_arrival_time': 1536695460, 'second_train_section': 27154, 'second_section': 22259, 'second_departure_time': 1536700500, 'second_arrival_time': 1536700920}
1343	{'task_type': 'regular', 'locomotive': 22594, 'train_section': 27154, 'section': 22259, 'departure_time': 1536700500, 'arrival_time': 1536700920}
1344	{'task_type': 'regular', 'locomotive': 22594, 'train_section': 27156, 'section': 22266, 'departure_time': 1536701100, 'arrival_time': 1536707640}
1345	{'task_type': 'deadhead', 'locomotive': 22594, 'first_train_section': 27156, 'first_section': 22266, 'first_departure_time': 1536701100, 'first_arrival_time': 1536707640, 'second_train_section': 24242, 'second_section': 22443, 'second_departure_time': 1536724620, 'second_arrival_time': 1536726240}
1346	{'task_type': 'regular', 'locomotive': 22594, 'train_section': 24242, 'section': 22443, 'departure_time': 1536724620, 'arrival_time': 1536726240}
1347	{'task_type': 'deadhead', 'locomotive': 22594, 'first_train_section': 24242, 'first_section': 22443, 'first_departure_time': 1536724620, 'first_arrival_time': 1536726240, 'second_train_section': 26572, 'second_section': 22499, 'second_departure_time': 1536738300, 'second_arrival_time': 1536743460}
1348	{'task_type': 'regular', 'locomotive': 22594, 'train_section': 26572, 'section': 22499, 'departure_time': 1536738300, 'arrival_time': 1536743460}
1349	{'task_type': 'deadhead', 'locomotive': 22594, 'first_train_section': 26572, 'first_section': 22499, 'first_departure_time': 1536738300, 'first_arrival_time': 1536743460, 'second_train_section': 26765, 'second_section': 22285, 'second_departure_time': 1536753720, 'second_arrival_time': 1536762840}
1350	{'task_type': 'regular', 'locomotive': 22594, 'train_section': 26765, 'section': 22285, 'departure_time': 1536753720, 'arrival_time': 1536762840}
1351	{'task_type': 'deadhead', 'locomotive': 22594, 'first_train_section': 26765, 'first_section': 22285, 'first_departure_time': 1536753720, 'first_arrival_time': 1536762840, 'second_train_section': 24099, 'second_section': 22331, 'second_departure_time': 1536764880, 'second_arrival_time': 1536775740}
1352	{'task_type': 'regular', 'locomotive': 22594, 'train_section': 24099, 'section': 22331, 'departure_time': 1536764880, 'arrival_time': 1536775740}
1353	{'task_type': 'regular', 'locomotive': 22594, 'train_section': 26022, 'section': 22439, 'departure_time': 1536778320, 'arrival_time': 1536785400}
1354	{'task_type': 'deadhead', 'locomotive': 22594, 'first_train_section': 26022, 'first_section': 22439, 'first_departure_time': 1536778320, 'first_arrival_time': 1536785400, 'second_train_section': 27345, 'second_section': 22346, 'second_departure_time': 1536793440, 'second_arrival_time': 1536795120}
1355	{'task_type': 'regular', 'locomotive': 22594, 'train_section': 27345, 'section': 22346, 'departure_time': 1536793440, 'arrival_time': 1536795120}
1356	{'task_type': 'deadhead', 'locomotive': 22594, 'first_train_section': 27345, 'first_section': 22346, 'first_departure_time': 1536793440, 'first_arrival_time': 1536795120, 'second_train_section': 27601, 'second_section': 22446, 'second_departure_time': 1536810240, 'second_arrival_time': 1536811380}
1357	{'task_type': 'regular', 'locomotive': 22594, 'train_section': 27601, 'section': 22446, 'departure_time': 1536810240, 'arrival_time': 1536811380}
1358	{'task_type': 'deadhead', 'locomotive': 22594, 'first_train_section': 27601, 'first_section': 22446, 'first_departure_time': 1536810240, 'first_arrival_time': 1536811380, 'second_train_section': 22692, 'second_section': 22333, 'second_departure_time': 1536819300, 'second_arrival_time': 1536822120}
1359	{'task_type': 'regular', 'locomotive': 22594, 'train_section': 22692, 'section': 22333, 'departure_time': 1536819300, 'arrival_time': 1536822120}
1360	{'task_type': 'regular', 'locomotive': 22594, 'train_section': 22694, 'section': 22472, 'departure_time': 1536822780, 'arrival_time': 1536827940}
1361	{'task_type': 'deadhead', 'locomotive': 22594, 'first_train_section': 22694, 'first_section': 22472, 'first_departure_time': 1536822780, 'first_arrival_time': 1536827940, 'second_train_section': 22646, 'second_section': 22383, 'second_departure_time': 1536847920, 'second_arrival_time': 1536851340}
1362	{'task_type': 'regular', 'locomotive': 22594, 'train_section': 22646, 'section': 22383, 'departure_time': 1536847920, 'arrival_time': 1536851340}
1363	{'task_type': 'deadhead', 'locomotive': 22594, 'first_train_section': 22646, 'first_section': 22383, 'first_departure_time': 1536847920, 'first_arrival_time': 1536851340, 'second_train_section': 26891, 'second_section': 22261, 'second_departure_time': 1536867900, 'second_arrival_time': 1536869460}
1364	{'task_type': 'regular', 'locomotive': 22594, 'train_section': 26891, 'section': 22261, 'departure_time': 1536867900, 'arrival_time': 1536869460}
1365	{'task_type': 'deadhead', 'locomotive': 22594, 'first_train_section': 26891, 'first_section': 22261, 'first_departure_time': 1536867900, 'first_arrival_time': 1536869460, 'second_train_section': 27272, 'second_section': 22249, 'second_departure_time': 1536873780, 'second_arrival_time': 1536878580}
1366	{'task_type': 'regular', 'locomotive': 22594, 'train_section': 27272, 'section': 22249, 'departure_time': 1536873780, 'arrival_time': 1536878580}
1367	{'task_type': 'deadhead', 'locomotive': 22594, 'first_train_section': 27272, 'first_section': 22249, 'first_departure_time': 1536873780, 'first_arrival_time': 1536878580, 'second_train_section': 23243, 'second_section': 22287, 'second_departure_time': 1536894360, 'second_arrival_time': 1536895800}
1368	{'task_type': 'regular', 'locomotive': 22594, 'train_section': 23243, 'section': 22287, 'departure_time': 1536894360, 'arrival_time': 1536895800}
1369	{'task_type': 'deadhead', 'locomotive': 22594, 'first_train_section': 23243, 'first_section': 22287, 'first_departure_time': 1536894360, 'first_arrival_time': 1536895800, 'second_train_section': 26300, 'second_section': 22256, 'second_departure_time': 1536900120, 'second_arrival_time': 1536903060}
1370	{'task_type': 'regular', 'locomotive': 22594, 'train_section': 26300, 'section': 22256, 'departure_time': 1536900120, 'arrival_time': 1536903060}
1371	{'task_type': 'deadhead', 'locomotive': 22594, 'first_train_section': 26300, 'first_section': 22256, 'first_departure_time': 1536900120, 'first_arrival_time': 1536903060, 'second_train_section': 26828, 'second_section': 22310, 'second_departure_time': 1536906360, 'second_arrival_time': 1536908100}
1372	{'task_type': 'regular', 'locomotive': 22594, 'train_section': 26828, 'section': 22310, 'departure_time': 1536906360, 'arrival_time': 1536908100}
1373	{'task_type': 'deadhead', 'locomotive': 22594, 'first_train_section': 26828, 'first_section': 22310, 'first_departure_time': 1536906360, 'first_arrival_time': 1536908100, 'second_train_section': 24770, 'second_section': 22316, 'second_departure_time': 1536926040, 'second_arrival_time': 1536934260}
1374	{'task_type': 'regular', 'locomotive': 22594, 'train_section': 24770, 'section': 22316, 'departure_time': 1536926040, 'arrival_time': 1536934260}
1375	{'task_type': 'deadhead', 'locomotive': 22594, 'first_train_section': 26037, 'first_section': 22464, 'first_departure_time': 1536947580, 'first_arrival_time': 1536962340, 'second_train_section': 23225, 'second_section': 22253, 'second_departure_time': 1537000440, 'second_arrival_time': 1537005420}
1376	{'task_type': 'regular', 'locomotive': 22594, 'train_section': 23225, 'section': 22253, 'departure_time': 1537000440, 'arrival_time': 1537005420}
1377	{'task_type': 'regular', 'locomotive': 22595, 'train_section': 23770, 'section': 22378, 'departure_time': 1536597300, 'arrival_time': 1536600960}
1378	{'task_type': 'deadhead', 'locomotive': 22595, 'first_train_section': 23770, 'first_section': 22378, 'first_departure_time': 1536597300, 'first_arrival_time': 1536600960, 'second_train_section': 22763, 'second_section': 22460, 'second_departure_time': 1536603660, 'second_arrival_time': 1536606000}
1379	{'task_type': 'regular', 'locomotive': 22595, 'train_section': 22763, 'section': 22460, 'departure_time': 1536603660, 'arrival_time': 1536606000}
1380	{'task_type': 'deadhead', 'locomotive': 22595, 'first_train_section': 22763, 'first_section': 22460, 'first_departure_time': 1536603660, 'first_arrival_time': 1536606000, 'second_train_section': 27205, 'second_section': 22443, 'second_departure_time': 1536609240, 'second_arrival_time': 1536610920}
1381	{'task_type': 'regular', 'locomotive': 22595, 'train_section': 27205, 'section': 22443, 'departure_time': 1536609240, 'arrival_time': 1536610920}
1382	{'task_type': 'deadhead', 'locomotive': 22595, 'first_train_section': 27205, 'first_section': 22443, 'first_departure_time': 1536609240, 'first_arrival_time': 1536610920, 'second_train_section': 25514, 'second_section': 22443, 'second_departure_time': 1536620100, 'second_arrival_time': 1536621780}
1383	{'task_type': 'regular', 'locomotive': 22595, 'train_section': 25514, 'section': 22443, 'departure_time': 1536620100, 'arrival_time': 1536621780}
1384	{'task_type': 'deadhead', 'locomotive': 22595, 'first_train_section': 25514, 'first_section': 22443, 'first_departure_time': 1536620100, 'first_arrival_time': 1536621780, 'second_train_section': 25214, 'second_section': 22378, 'second_departure_time': 1536633300, 'second_arrival_time': 1536636960}
1385	{'task_type': 'regular', 'locomotive': 22595, 'train_section': 25214, 'section': 22378, 'departure_time': 1536633300, 'arrival_time': 1536636960}
1386	{'task_type': 'regular', 'locomotive': 22595, 'train_section': 23111, 'section': 22416, 'departure_time': 1536638040, 'arrival_time': 1536641700}
1387	{'task_type': 'regular', 'locomotive': 22595, 'train_section': 24318, 'section': 22378, 'departure_time': 1536642300, 'arrival_time': 1536645960}
1388	{'task_type': 'regular', 'locomotive': 22595, 'train_section': 22954, 'section': 22416, 'departure_time': 1536657840, 'arrival_time': 1536661500}
1389	{'task_type': 'deadhead', 'locomotive': 22595, 'first_train_section': 22954, 'first_section': 22416, 'first_departure_time': 1536657840, 'first_arrival_time': 1536661500, 'second_train_section': 24697, 'second_section': 22416, 'second_departure_time': 1536666840, 'second_arrival_time': 1536670500}
1390	{'task_type': 'regular', 'locomotive': 22595, 'train_section': 24697, 'section': 22416, 'departure_time': 1536666840, 'arrival_time': 1536670500}
1391	{'task_type': 'deadhead', 'locomotive': 22595, 'first_train_section': 24697, 'first_section': 22416, 'first_departure_time': 1536666840, 'first_arrival_time': 1536670500, 'second_train_section': 27261, 'second_section': 22416, 'second_departure_time': 1536675840, 'second_arrival_time': 1536679500}
1392	{'task_type': 'regular', 'locomotive': 22595, 'train_section': 27261, 'section': 22416, 'departure_time': 1536675840, 'arrival_time': 1536679500}
1393	{'task_type': 'deadhead', 'locomotive': 22595, 'first_train_section': 24892, 'first_section': 22250, 'first_departure_time': 1536683760, 'first_arrival_time': 1536703140, 'second_train_section': 26059, 'second_section': 22292, 'second_departure_time': 1536713700, 'second_arrival_time': 1536715980}
1394	{'task_type': 'regular', 'locomotive': 22595, 'train_section': 26059, 'section': 22292, 'departure_time': 1536713700, 'arrival_time': 1536715980}
1395	{'task_type': 'deadhead', 'locomotive': 22595, 'first_train_section': 26059, 'first_section': 22292, 'first_departure_time': 1536713700, 'first_arrival_time': 1536715980, 'second_train_section': 27057, 'second_section': 22378, 'second_departure_time': 1536725100, 'second_arrival_time': 1536728760}
1396	{'task_type': 'regular', 'locomotive': 22595, 'train_section': 27057, 'section': 22378, 'departure_time': 1536725100, 'arrival_time': 1536728760}
1397	{'task_type': 'deadhead', 'locomotive': 22595, 'first_train_section': 27729, 'first_section': 22417, 'first_departure_time': 1536732000, 'first_arrival_time': 1536759000, 'second_train_section': 24315, 'second_section': 22475, 'second_departure_time': 1536762660, 'second_arrival_time': 1536766680}
1398	{'task_type': 'regular', 'locomotive': 22595, 'train_section': 24315, 'section': 22475, 'departure_time': 1536762660, 'arrival_time': 1536766680}
1399	{'task_type': 'deadhead', 'locomotive': 22595, 'first_train_section': 24315, 'first_section': 22475, 'first_departure_time': 1536762660, 'first_arrival_time': 1536766680, 'second_train_section': 23404, 'second_section': 22378, 'second_departure_time': 1536771900, 'second_arrival_time': 1536775560}
1400	{'task_type': 'regular', 'locomotive': 22595, 'train_section': 23404, 'section': 22378, 'departure_time': 1536771900, 'arrival_time': 1536775560}
1401	{'task_type': 'deadhead', 'locomotive': 22595, 'first_train_section': 23038, 'first_section': 22417, 'first_departure_time': 1536782760, 'first_arrival_time': 1536789540, 'second_train_section': 25523, 'second_section': 22428, 'second_departure_time': 1536797460, 'second_arrival_time': 1536803220}
1402	{'task_type': 'regular', 'locomotive': 22595, 'train_section': 25523, 'section': 22428, 'departure_time': 1536797460, 'arrival_time': 1536803220}
1403	{'task_type': 'deadhead', 'locomotive': 22595, 'first_train_section': 25523, 'first_section': 22428, 'first_departure_time': 1536797460, 'first_arrival_time': 1536803220, 'second_train_section': 27535, 'second_section': 22463, 'second_departure_time': 1536811980, 'second_arrival_time': 1536820860}
1404	{'task_type': 'regular', 'locomotive': 22595, 'train_section': 27535, 'section': 22463, 'departure_time': 1536811980, 'arrival_time': 1536820860}
1405	{'task_type': 'regular', 'locomotive': 22595, 'train_section': 23304, 'section': 22314, 'departure_time': 1536824040, 'arrival_time': 1536826740}
1406	{'task_type': 'deadhead', 'locomotive': 22595, 'first_train_section': 23304, 'first_section': 22314, 'first_departure_time': 1536824040, 'first_arrival_time': 1536826740, 'second_train_section': 23591, 'second_section': 22378, 'second_departure_time': 1536840300, 'second_arrival_time': 1536843960}
1407	{'task_type': 'regular', 'locomotive': 22595, 'train_section': 23591, 'section': 22378, 'departure_time': 1536840300, 'arrival_time': 1536843960}
1408	{'task_type': 'regular', 'locomotive': 22595, 'train_section': 23555, 'section': 22416, 'departure_time': 1536846840, 'arrival_time': 1536850500}
1409	{'task_type': 'deadhead', 'locomotive': 22595, 'first_train_section': 23555, 'first_section': 22416, 'first_departure_time': 1536846840, 'first_arrival_time': 1536850500, 'second_train_section': 23009, 'second_section': 22443, 'second_departure_time': 1536858000, 'second_arrival_time': 1536859800}
1410	{'task_type': 'regular', 'locomotive': 22595, 'train_section': 23009, 'section': 22443, 'departure_time': 1536858000, 'arrival_time': 1536859800}
1411	{'task_type': 'deadhead', 'locomotive': 22595, 'first_train_section': 23009, 'first_section': 22443, 'first_departure_time': 1536858000, 'first_arrival_time': 1536859800, 'second_train_section': 24046, 'second_section': 22308, 'second_departure_time': 1536862800, 'second_arrival_time': 1536865560}
1412	{'task_type': 'regular', 'locomotive': 22595, 'train_section': 24046, 'section': 22308, 'departure_time': 1536862800, 'arrival_time': 1536865560}
1413	{'task_type': 'regular', 'locomotive': 22595, 'train_section': 24048, 'section': 22496, 'departure_time': 1536866940, 'arrival_time': 1536871260}
1414	{'task_type': 'deadhead', 'locomotive': 22595, 'first_train_section': 24048, 'first_section': 22496, 'first_departure_time': 1536866940, 'first_arrival_time': 1536871260, 'second_train_section': 26848, 'second_section': 22425, 'second_departure_time': 1536876300, 'second_arrival_time': 1536877860}
1415	{'task_type': 'regular', 'locomotive': 22595, 'train_section': 26848, 'section': 22425, 'departure_time': 1536876300, 'arrival_time': 1536877860}
1416	{'task_type': 'regular', 'locomotive': 22595, 'train_section': 24973, 'section': 22386, 'departure_time': 1536890280, 'arrival_time': 1536895080}
1417	{'task_type': 'deadhead', 'locomotive': 22595, 'first_train_section': 24973, 'first_section': 22386, 'first_departure_time': 1536890280, 'first_arrival_time': 1536895080, 'second_train_section': 26611, 'second_section': 22304, 'second_departure_time': 1536903300, 'second_arrival_time': 1536908340}
1418	{'task_type': 'regular', 'locomotive': 22595, 'train_section': 26611, 'section': 22304, 'departure_time': 1536903300, 'arrival_time': 1536908340}
1419	{'task_type': 'regular', 'locomotive': 22595, 'train_section': 26901, 'section': 22245, 'departure_time': 1536910380, 'arrival_time': 1536915360}
1420	{'task_type': 'deadhead', 'locomotive': 22595, 'first_train_section': 26901, 'first_section': 22245, 'first_departure_time': 1536910380, 'first_arrival_time': 1536915360, 'second_train_section': 25478, 'second_section': 22279, 'second_departure_time': 1536933000, 'second_arrival_time': 1536937920}
1421	{'task_type': 'regular', 'locomotive': 22595, 'train_section': 25478, 'section': 22279, 'departure_time': 1536933000, 'arrival_time': 1536937920}
1422	{'task_type': 'regular', 'locomotive': 22595, 'train_section': 27502, 'section': 22315, 'departure_time': 1536943680, 'arrival_time': 1536948180}
1423	{'task_type': 'deadhead', 'locomotive': 22595, 'first_train_section': 27502, 'first_section': 22315, 'first_departure_time': 1536943680, 'first_arrival_time': 1536948180, 'second_train_section': 26698, 'second_section': 22323, 'second_departure_time': 1536954540, 'second_arrival_time': 1536957780}
1424	{'task_type': 'regular', 'locomotive': 22595, 'train_section': 26698, 'section': 22323, 'departure_time': 1536954540, 'arrival_time': 1536957780}
1425	{'task_type': 'deadhead', 'locomotive': 22595, 'first_train_section': 26698, 'first_section': 22323, 'first_departure_time': 1536954540, 'first_arrival_time': 1536957780, 'second_train_section': 25421, 'second_section': 22284, 'second_departure_time': 1536970980, 'second_arrival_time': 1536975900}
1426	{'task_type': 'regular', 'locomotive': 22595, 'train_section': 25421, 'section': 22284, 'departure_time': 1536970980, 'arrival_time': 1536975900}
1427	{'task_type': 'deadhead', 'locomotive': 22595, 'first_train_section': 25421, 'first_section': 22284, 'first_departure_time': 1536970980, 'first_arrival_time': 1536975900, 'second_train_section': 24922, 'second_section': 22281, 'second_departure_time': 1536980760, 'second_arrival_time': 1536987720}
1428	{'task_type': 'regular', 'locomotive': 22595, 'train_section': 24922, 'section': 22281, 'departure_time': 1536980760, 'arrival_time': 1536987720}
1429	{'task_type': 'deadhead', 'locomotive': 22595, 'first_train_section': 24922, 'first_section': 22281, 'first_departure_time': 1536980760, 'first_arrival_time': 1536987720, 'second_train_section': 24215, 'second_section': 22329, 'second_departure_time': 1537001880, 'second_arrival_time': 1537003320}
1430	{'task_type': 'regular', 'locomotive': 22595, 'train_section': 24215, 'section': 22329, 'departure_time': 1537001880, 'arrival_time': 1537003320}
1431	{'task_type': 'regular', 'locomotive': 22597, 'train_section': 27496, 'section': 22317, 'departure_time': 1536597120, 'arrival_time': 1536598860}
1432	{'task_type': 'regular', 'locomotive': 22597, 'train_section': 26138, 'section': 22320, 'departure_time': 1536634680, 'arrival_time': 1536641100}
1433	{'task_type': 'regular', 'locomotive': 22597, 'train_section': 26923, 'section': 22329, 'departure_time': 1536641880, 'arrival_time': 1536643320}
1434	{'task_type': 'deadhead', 'locomotive': 22597, 'first_train_section': 26923, 'first_section': 22329, 'first_departure_time': 1536641880, 'first_arrival_time': 1536643320, 'second_train_section': 23287, 'second_section': 22333, 'second_departure_time': 1536646500, 'second_arrival_time': 1536649320}
1435	{'task_type': 'regular', 'locomotive': 22597, 'train_section': 23287, 'section': 22333, 'departure_time': 1536646500, 'arrival_time': 1536649320}
1436	{'task_type': 'deadhead', 'locomotive': 22597, 'first_train_section': 23287, 'first_section': 22333, 'first_departure_time': 1536646500, 'first_arrival_time': 1536649320, 'second_train_section': 24761, 'second_section': 22282, 'second_departure_time': 1536667440, 'second_arrival_time': 1536672840}
1437	{'task_type': 'regular', 'locomotive': 22597, 'train_section': 24761, 'section': 22282, 'departure_time': 1536667440, 'arrival_time': 1536672840}
1438	{'task_type': 'deadhead', 'locomotive': 22597, 'first_train_section': 24761, 'first_section': 22282, 'first_departure_time': 1536667440, 'first_arrival_time': 1536672840, 'second_train_section': 25489, 'second_section': 22254, 'second_departure_time': 1536684480, 'second_arrival_time': 1536685140}
1439	{'task_type': 'regular', 'locomotive': 22597, 'train_section': 25489, 'section': 22254, 'departure_time': 1536684480, 'arrival_time': 1536685140}
1440	{'task_type': 'deadhead', 'locomotive': 22597, 'first_train_section': 22689, 'first_section': 22411, 'first_departure_time': 1536688980, 'first_arrival_time': 1536703140, 'second_train_section': 26991, 'second_section': 22450, 'second_departure_time': 1536705240, 'second_arrival_time': 1536710460}
1441	{'task_type': 'regular', 'locomotive': 22597, 'train_section': 26991, 'section': 22450, 'departure_time': 1536705240, 'arrival_time': 1536710460}
1442	{'task_type': 'deadhead', 'locomotive': 22597, 'first_train_section': 26991, 'first_section': 22450, 'first_departure_time': 1536705240, 'first_arrival_time': 1536710460, 'second_train_section': 27452, 'second_section': 22326, 'second_departure_time': 1536723420, 'second_arrival_time': 1536732360}
1443	{'task_type': 'regular', 'locomotive': 22597, 'train_section': 27452, 'section': 22326, 'departure_time': 1536723420, 'arrival_time': 1536732360}
1444	{'task_type': 'deadhead', 'locomotive': 22597, 'first_train_section': 27452, 'first_section': 22326, 'first_departure_time': 1536723420, 'first_arrival_time': 1536732360, 'second_train_section': 25469, 'second_section': 22416, 'second_departure_time': 1536744240, 'second_arrival_time': 1536747900}
1445	{'task_type': 'regular', 'locomotive': 22597, 'train_section': 25469, 'section': 22416, 'departure_time': 1536744240, 'arrival_time': 1536747900}
1446	{'task_type': 'deadhead', 'locomotive': 22597, 'first_train_section': 25469, 'first_section': 22416, 'first_departure_time': 1536744240, 'first_arrival_time': 1536747900, 'second_train_section': 22777, 'second_section': 22445, 'second_departure_time': 1536754320, 'second_arrival_time': 1536760440}
1447	{'task_type': 'regular', 'locomotive': 22597, 'train_section': 22777, 'section': 22445, 'departure_time': 1536754320, 'arrival_time': 1536760440}
1448	{'task_type': 'deadhead', 'locomotive': 22597, 'first_train_section': 22777, 'first_section': 22445, 'first_departure_time': 1536754320, 'first_arrival_time': 1536760440, 'second_train_section': 25389, 'second_section': 22496, 'second_departure_time': 1536767640, 'second_arrival_time': 1536771480}
1449	{'task_type': 'regular', 'locomotive': 22597, 'train_section': 25389, 'section': 22496, 'departure_time': 1536767640, 'arrival_time': 1536771480}
1450	{'task_type': 'deadhead', 'locomotive': 22597, 'first_train_section': 25389, 'first_section': 22496, 'first_departure_time': 1536767640, 'first_arrival_time': 1536771480, 'second_train_section': 23326, 'second_section': 22479, 'second_departure_time': 1536781860, 'second_arrival_time': 1536783720}
1451	{'task_type': 'regular', 'locomotive': 22597, 'train_section': 23326, 'section': 22479, 'departure_time': 1536781860, 'arrival_time': 1536783720}
1452	{'task_type': 'regular', 'locomotive': 22597, 'train_section': 27402, 'section': 22259, 'departure_time': 1536786900, 'arrival_time': 1536787320}
1453	{'task_type': 'regular', 'locomotive': 22597, 'train_section': 27404, 'section': 22266, 'departure_time': 1536787500, 'arrival_time': 1536794040}
1454	{'task_type': 'deadhead', 'locomotive': 22597, 'first_train_section': 27404, 'first_section': 22266, 'first_departure_time': 1536787500, 'first_arrival_time': 1536794040, 'second_train_section': 24514, 'second_section': 22443, 'second_departure_time': 1536811020, 'second_arrival_time': 1536812640}
1455	{'task_type': 'regular', 'locomotive': 22597, 'train_section': 24514, 'section': 22443, 'departure_time': 1536811020, 'arrival_time': 1536812640}
1456	{'task_type': 'deadhead', 'locomotive': 22597, 'first_train_section': 24514, 'first_section': 22443, 'first_departure_time': 1536811020, 'first_arrival_time': 1536812640, 'second_train_section': 24519, 'second_section': 22304, 'second_departure_time': 1536816900, 'second_arrival_time': 1536821940}
1457	{'task_type': 'regular', 'locomotive': 22597, 'train_section': 24519, 'section': 22304, 'departure_time': 1536816900, 'arrival_time': 1536821940}
1458	{'task_type': 'regular', 'locomotive': 22597, 'train_section': 26996, 'section': 22245, 'departure_time': 1536823980, 'arrival_time': 1536828960}
1459	{'task_type': 'deadhead', 'locomotive': 22597, 'first_train_section': 26996, 'first_section': 22245, 'first_departure_time': 1536823980, 'first_arrival_time': 1536828960, 'second_train_section': 25942, 'second_section': 22242, 'second_departure_time': 1536844860, 'second_arrival_time': 1536847620}
1460	{'task_type': 'regular', 'locomotive': 22597, 'train_section': 25942, 'section': 22242, 'departure_time': 1536844860, 'arrival_time': 1536847620}
1461	{'task_type': 'deadhead', 'locomotive': 22597, 'first_train_section': 25942, 'first_section': 22242, 'first_departure_time': 1536844860, 'first_arrival_time': 1536847620, 'second_train_section': 25970, 'second_section': 22365, 'second_departure_time': 1536863820, 'second_arrival_time': 1536867360}
1462	{'task_type': 'regular', 'locomotive': 22597, 'train_section': 25970, 'section': 22365, 'departure_time': 1536863820, 'arrival_time': 1536867360}
1463	{'task_type': 'deadhead', 'locomotive': 22597, 'first_train_section': 25970, 'first_section': 22365, 'first_departure_time': 1536863820, 'first_arrival_time': 1536867360, 'second_train_section': 23672, 'second_section': 22404, 'second_departure_time': 1536874380, 'second_arrival_time': 1536883320}
1464	{'task_type': 'regular', 'locomotive': 22597, 'train_section': 23672, 'section': 22404, 'departure_time': 1536874380, 'arrival_time': 1536883320}
1465	{'task_type': 'regular', 'locomotive': 22597, 'train_section': 26742, 'section': 22247, 'departure_time': 1536887580, 'arrival_time': 1536897060}
1466	{'task_type': 'deadhead', 'locomotive': 22597, 'first_train_section': 26742, 'first_section': 22247, 'first_departure_time': 1536887580, 'first_arrival_time': 1536897060, 'second_train_section': 24132, 'second_section': 22400, 'second_departure_time': 1536900180, 'second_arrival_time': 1536904080}
1467	{'task_type': 'regular', 'locomotive': 22597, 'train_section': 24132, 'section': 22400, 'departure_time': 1536900180, 'arrival_time': 1536904080}
1468	{'task_type': 'deadhead', 'locomotive': 22597, 'first_train_section': 24132, 'first_section': 22400, 'first_departure_time': 1536900180, 'first_arrival_time': 1536904080, 'second_train_section': 22930, 'second_section': 22447, 'second_departure_time': 1536923520, 'second_arrival_time': 1536926400}
1469	{'task_type': 'regular', 'locomotive': 22597, 'train_section': 22930, 'section': 22447, 'departure_time': 1536923520, 'arrival_time': 1536926400}
1470	{'task_type': 'deadhead', 'locomotive': 22597, 'first_train_section': 22930, 'first_section': 22447, 'first_departure_time': 1536923520, 'first_arrival_time': 1536926400, 'second_train_section': 24992, 'second_section': 22333, 'second_departure_time': 1536934500, 'second_arrival_time': 1536937320}
1471	{'task_type': 'regular', 'locomotive': 22597, 'train_section': 24992, 'section': 22333, 'departure_time': 1536934500, 'arrival_time': 1536937320}
1472	{'task_type': 'regular', 'locomotive': 22597, 'train_section': 24994, 'section': 22472, 'departure_time': 1536937980, 'arrival_time': 1536943140}
1473	{'task_type': 'regular', 'locomotive': 22597, 'train_section': 24996, 'section': 22351, 'departure_time': 1536943680, 'arrival_time': 1536948840}
1474	{'task_type': 'deadhead', 'locomotive': 22597, 'first_train_section': 24996, 'first_section': 22351, 'first_departure_time': 1536943680, 'first_arrival_time': 1536948840, 'second_train_section': 27278, 'second_section': 22508, 'second_departure_time': 1536953820, 'second_arrival_time': 1536957360}
1475	{'task_type': 'regular', 'locomotive': 22597, 'train_section': 27278, 'section': 22508, 'departure_time': 1536953820, 'arrival_time': 1536957360}
1476	{'task_type': 'deadhead', 'locomotive': 22597, 'first_train_section': 27278, 'first_section': 22508, 'first_departure_time': 1536953820, 'first_arrival_time': 1536957360, 'second_train_section': 23703, 'second_section': 22259, 'second_departure_time': 1536959700, 'second_arrival_time': 1536960120}
1477	{'task_type': 'regular', 'locomotive': 22597, 'train_section': 23703, 'section': 22259, 'departure_time': 1536959700, 'arrival_time': 1536960120}
1478	{'task_type': 'deadhead', 'locomotive': 22597, 'first_train_section': 23703, 'first_section': 22259, 'first_departure_time': 1536959700, 'first_arrival_time': 1536960120, 'second_train_section': 26916, 'second_section': 22478, 'second_departure_time': 1536963660, 'second_arrival_time': 1536966180}
1479	{'task_type': 'regular', 'locomotive': 22597, 'train_section': 26916, 'section': 22478, 'departure_time': 1536963660, 'arrival_time': 1536966180}
1480	{'task_type': 'deadhead', 'locomotive': 22597, 'first_train_section': 26916, 'first_section': 22478, 'first_departure_time': 1536963660, 'first_arrival_time': 1536966180, 'second_train_section': 23265, 'second_section': 22483, 'second_departure_time': 1536972720, 'second_arrival_time': 1536975780}
1481	{'task_type': 'regular', 'locomotive': 22597, 'train_section': 23265, 'section': 22483, 'departure_time': 1536972720, 'arrival_time': 1536975780}
1482	{'task_type': 'deadhead', 'locomotive': 22597, 'first_train_section': 23265, 'first_section': 22483, 'first_departure_time': 1536972720, 'first_arrival_time': 1536975780, 'second_train_section': 23350, 'second_section': 22279, 'second_departure_time': 1536994200, 'second_arrival_time': 1536999780}
1483	{'task_type': 'regular', 'locomotive': 22597, 'train_section': 23350, 'section': 22279, 'departure_time': 1536994200, 'arrival_time': 1536999780}
1484	{'task_type': 'regular', 'locomotive': 22597, 'train_section': 26353, 'section': 22313, 'departure_time': 1537008480, 'arrival_time': 1537013400}
1485	{'task_type': 'regular', 'locomotive': 22597, 'train_section': 27338, 'section': 22501, 'departure_time': 1537129440, 'arrival_time': 1537131660}
1486	{'task_type': 'regular', 'locomotive': 22598, 'train_section': 24221, 'section': 22446, 'departure_time': 1536600060, 'arrival_time': 1536601140}
1487	{'task_type': 'regular', 'locomotive': 22598, 'train_section': 27015, 'section': 22463, 'departure_time': 1536639180, 'arrival_time': 1536648060}
1488	{'task_type': 'regular', 'locomotive': 22598, 'train_section': 27552, 'section': 22314, 'departure_time': 1536651240, 'arrival_time': 1536653940}
1489	{'task_type': 'deadhead', 'locomotive': 22598, 'first_train_section': 27552, 'first_section': 22314, 'first_departure_time': 1536651240, 'first_arrival_time': 1536653940, 'second_train_section': 24432, 'second_section': 22313, 'second_departure_time': 1536662880, 'second_arrival_time': 1536667800}
1490	{'task_type': 'regular', 'locomotive': 22598, 'train_section': 24432, 'section': 22313, 'departure_time': 1536662880, 'arrival_time': 1536667800}
1491	{'task_type': 'deadhead', 'locomotive': 22598, 'first_train_section': 24432, 'first_section': 22313, 'first_departure_time': 1536662880, 'first_arrival_time': 1536667800, 'second_train_section': 26248, 'second_section': 22389, 'second_departure_time': 1536672600, 'second_arrival_time': 1536679320}
1492	{'task_type': 'regular', 'locomotive': 22598, 'train_section': 26248, 'section': 22389, 'departure_time': 1536672600, 'arrival_time': 1536679320}
1493	{'task_type': 'deadhead', 'locomotive': 22598, 'first_train_section': 26248, 'first_section': 22389, 'first_departure_time': 1536672600, 'first_arrival_time': 1536679320, 'second_train_section': 27546, 'second_section': 22277, 'second_departure_time': 1536687300, 'second_arrival_time': 1536690780}
1494	{'task_type': 'regular', 'locomotive': 22598, 'train_section': 27546, 'section': 22277, 'departure_time': 1536687300, 'arrival_time': 1536690780}
1495	{'task_type': 'deadhead', 'locomotive': 22598, 'first_train_section': 27546, 'first_section': 22277, 'first_departure_time': 1536687300, 'first_arrival_time': 1536690780, 'second_train_section': 24072, 'second_section': 22343, 'second_departure_time': 1536697200, 'second_arrival_time': 1536707940}
1496	{'task_type': 'regular', 'locomotive': 22598, 'train_section': 24072, 'section': 22343, 'departure_time': 1536697200, 'arrival_time': 1536707940}
1497	{'task_type': 'deadhead', 'locomotive': 22598, 'first_train_section': 24072, 'first_section': 22343, 'first_departure_time': 1536697200, 'first_arrival_time': 1536707940, 'second_train_section': 24240, 'second_section': 22427, 'second_departure_time': 1536721020, 'second_arrival_time': 1536724020}
1498	{'task_type': 'regular', 'locomotive': 22598, 'train_section': 24240, 'section': 22427, 'departure_time': 1536721020, 'arrival_time': 1536724020}
1499	{'task_type': 'deadhead', 'locomotive': 22598, 'first_train_section': 24240, 'first_section': 22427, 'first_departure_time': 1536721020, 'first_arrival_time': 1536724020, 'second_train_section': 24244, 'second_section': 22495, 'second_departure_time': 1536726840, 'second_arrival_time': 1536729660}
1500	{'task_type': 'regular', 'locomotive': 22598, 'train_section': 24244, 'section': 22495, 'departure_time': 1536726840, 'arrival_time': 1536729660}
1501	{'task_type': 'regular', 'locomotive': 22598, 'train_section': 24247, 'section': 22304, 'departure_time': 1536730500, 'arrival_time': 1536735540}
1502	{'task_type': 'regular', 'locomotive': 22598, 'train_section': 24249, 'section': 22247, 'departure_time': 1536735720, 'arrival_time': 1536744960}
1503	{'task_type': 'deadhead', 'locomotive': 22598, 'first_train_section': 24249, 'first_section': 22247, 'first_departure_time': 1536735720, 'first_arrival_time': 1536744960, 'second_train_section': 25843, 'second_section': 22400, 'second_departure_time': 1536745800, 'second_arrival_time': 1536749220}
1504	{'task_type': 'regular', 'locomotive': 22598, 'train_section': 25843, 'section': 22400, 'departure_time': 1536745800, 'arrival_time': 1536749220}
1505	{'task_type': 'deadhead', 'locomotive': 22598, 'first_train_section': 25843, 'first_section': 22400, 'first_departure_time': 1536745800, 'first_arrival_time': 1536749220, 'second_train_section': 23937, 'second_section': 22308, 'second_departure_time': 1536762000, 'second_arrival_time': 1536764820}
1506	{'task_type': 'regular', 'locomotive': 22598, 'train_section': 23937, 'section': 22308, 'departure_time': 1536762000, 'arrival_time': 1536764820}
1507	{'task_type': 'deadhead', 'locomotive': 22598, 'first_train_section': 23937, 'first_section': 22308, 'first_departure_time': 1536762000, 'first_arrival_time': 1536764820, 'second_train_section': 26851, 'second_section': 22500, 'second_departure_time': 1536773880, 'second_arrival_time': 1536777000}
1508	{'task_type': 'regular', 'locomotive': 22598, 'train_section': 26851, 'section': 22500, 'departure_time': 1536773880, 'arrival_time': 1536777000}
1509	{'task_type': 'deadhead', 'locomotive': 22598, 'first_train_section': 23123, 'first_section': 22359, 'first_departure_time': 1536786000, 'first_arrival_time': 1536809400, 'second_train_section': 25481, 'second_section': 22392, 'second_departure_time': 1536834300, 'second_arrival_time': 1536835680}
1510	{'task_type': 'regular', 'locomotive': 22598, 'train_section': 25481, 'section': 22392, 'departure_time': 1536834300, 'arrival_time': 1536835680}
1511	{'task_type': 'deadhead', 'locomotive': 22598, 'first_train_section': 25481, 'first_section': 22392, 'first_departure_time': 1536834300, 'first_arrival_time': 1536835680, 'second_train_section': 26279, 'second_section': 22404, 'second_departure_time': 1536841380, 'second_arrival_time': 1536849900}
1512	{'task_type': 'regular', 'locomotive': 22598, 'train_section': 26279, 'section': 22404, 'departure_time': 1536841380, 'arrival_time': 1536849900}
1513	{'task_type': 'deadhead', 'locomotive': 22598, 'first_train_section': 26279, 'first_section': 22404, 'first_departure_time': 1536841380, 'first_arrival_time': 1536849900, 'second_train_section': 23976, 'second_section': 22242, 'second_departure_time': 1536859440, 'second_arrival_time': 1536862620}
1514	{'task_type': 'regular', 'locomotive': 22598, 'train_section': 23976, 'section': 22242, 'departure_time': 1536859440, 'arrival_time': 1536862620}
1515	{'task_type': 'deadhead', 'locomotive': 22598, 'first_train_section': 23976, 'first_section': 22242, 'first_departure_time': 1536859440, 'first_arrival_time': 1536862620, 'second_train_section': 23271, 'second_section': 22404, 'second_departure_time': 1536863880, 'second_arrival_time': 1536872700}
1516	{'task_type': 'regular', 'locomotive': 22598, 'train_section': 23271, 'section': 22404, 'departure_time': 1536863880, 'arrival_time': 1536872700}
1517	{'task_type': 'deadhead', 'locomotive': 22598, 'first_train_section': 23271, 'first_section': 22404, 'first_departure_time': 1536863880, 'first_arrival_time': 1536872700, 'second_train_section': 25315, 'second_section': 22404, 'second_departure_time': 1536883380, 'second_arrival_time': 1536892020}
1518	{'task_type': 'regular', 'locomotive': 22598, 'train_section': 25315, 'section': 22404, 'departure_time': 1536883380, 'arrival_time': 1536892020}
1519	{'task_type': 'deadhead', 'locomotive': 22598, 'first_train_section': 25315, 'first_section': 22404, 'first_departure_time': 1536883380, 'first_arrival_time': 1536892020, 'second_train_section': 25701, 'second_section': 22401, 'second_departure_time': 1536901740, 'second_arrival_time': 1536903060}
1520	{'task_type': 'regular', 'locomotive': 22598, 'train_section': 25701, 'section': 22401, 'departure_time': 1536901740, 'arrival_time': 1536903060}
1521	{'task_type': 'deadhead', 'locomotive': 22598, 'first_train_section': 25701, 'first_section': 22401, 'first_departure_time': 1536901740, 'first_arrival_time': 1536903060, 'second_train_section': 23284, 'second_section': 22409, 'second_departure_time': 1536904740, 'second_arrival_time': 1536912240}
1522	{'task_type': 'regular', 'locomotive': 22598, 'train_section': 23284, 'section': 22409, 'departure_time': 1536904740, 'arrival_time': 1536912240}
1523	{'task_type': 'deadhead', 'locomotive': 22598, 'first_train_section': 23284, 'first_section': 22409, 'first_departure_time': 1536904740, 'first_arrival_time': 1536912240, 'second_train_section': 23148, 'second_section': 22400, 'second_departure_time': 1536918600, 'second_arrival_time': 1536922020}
1524	{'task_type': 'regular', 'locomotive': 22598, 'train_section': 23148, 'section': 22400, 'departure_time': 1536918600, 'arrival_time': 1536922020}
1525	{'task_type': 'deadhead', 'locomotive': 22598, 'first_train_section': 23148, 'first_section': 22400, 'first_departure_time': 1536918600, 'first_arrival_time': 1536922020, 'second_train_section': 26504, 'second_section': 22500, 'second_departure_time': 1536938820, 'second_arrival_time': 1536941220}
1526	{'task_type': 'regular', 'locomotive': 22598, 'train_section': 26504, 'section': 22500, 'departure_time': 1536938820, 'arrival_time': 1536941220}
1527	{'task_type': 'regular', 'locomotive': 22598, 'train_section': 25654, 'section': 22360, 'departure_time': 1536943680, 'arrival_time': 1536955320}
1528	{'task_type': 'deadhead', 'locomotive': 22598, 'first_train_section': 25654, 'first_section': 22360, 'first_departure_time': 1536943680, 'first_arrival_time': 1536955320, 'second_train_section': 26498, 'second_section': 22374, 'second_departure_time': 1536973080, 'second_arrival_time': 1536974820}
1529	{'task_type': 'regular', 'locomotive': 22598, 'train_section': 26498, 'section': 22374, 'departure_time': 1536973080, 'arrival_time': 1536974820}
1530	{'task_type': 'regular', 'locomotive': 22599, 'train_section': 27511, 'section': 22277, 'departure_time': 1536600900, 'arrival_time': 1536604380}
1531	{'task_type': 'deadhead', 'locomotive': 22599, 'first_train_section': 24388, 'first_section': 22237, 'first_departure_time': 1536604380, 'first_arrival_time': 1536616740, 'second_train_section': 25985, 'second_section': 22350, 'second_departure_time': 1536642240, 'second_arrival_time': 1536645900}
1532	{'task_type': 'regular', 'locomotive': 22599, 'train_section': 25985, 'section': 22350, 'departure_time': 1536642240, 'arrival_time': 1536645900}
1533	{'task_type': 'deadhead', 'locomotive': 22599, 'first_train_section': 25985, 'first_section': 22350, 'first_departure_time': 1536642240, 'first_arrival_time': 1536645900, 'second_train_section': 25864, 'second_section': 22378, 'second_departure_time': 1536665700, 'second_arrival_time': 1536669360}
1534	{'task_type': 'regular', 'locomotive': 22599, 'train_section': 25864, 'section': 22378, 'departure_time': 1536665700, 'arrival_time': 1536669360}
1535	{'task_type': 'regular', 'locomotive': 22599, 'train_section': 23416, 'section': 22418, 'departure_time': 1536672600, 'arrival_time': 1536674100}
1536	{'task_type': 'deadhead', 'locomotive': 22599, 'first_train_section': 23416, 'first_section': 22418, 'first_departure_time': 1536672600, 'first_arrival_time': 1536674100, 'second_train_section': 26126, 'second_section': 22416, 'second_departure_time': 1536683040, 'second_arrival_time': 1536686700}
1537	{'task_type': 'regular', 'locomotive': 22599, 'train_section': 26126, 'section': 22416, 'departure_time': 1536683040, 'arrival_time': 1536686700}
1538	{'task_type': 'regular', 'locomotive': 22599, 'train_section': 26182, 'section': 22378, 'departure_time': 1536689100, 'arrival_time': 1536692760}
1539	{'task_type': 'deadhead', 'locomotive': 22599, 'first_train_section': 26182, 'first_section': 22378, 'first_departure_time': 1536689100, 'first_arrival_time': 1536692760, 'second_train_section': 25704, 'second_section': 22429, 'second_departure_time': 1536699240, 'second_arrival_time': 1536701880}
1540	{'task_type': 'regular', 'locomotive': 22599, 'train_section': 25704, 'section': 22429, 'departure_time': 1536699240, 'arrival_time': 1536701880}
1541	{'task_type': 'deadhead', 'locomotive': 22599, 'first_train_section': 25591, 'first_section': 22473, 'first_departure_time': 1536703260, 'first_arrival_time': 1536722400, 'second_train_section': 22880, 'second_section': 22481, 'second_departure_time': 1536736560, 'second_arrival_time': 1536741480}
1542	{'task_type': 'regular', 'locomotive': 22599, 'train_section': 22880, 'section': 22481, 'departure_time': 1536736560, 'arrival_time': 1536741480}
1543	{'task_type': 'deadhead', 'locomotive': 22599, 'first_train_section': 22880, 'first_section': 22481, 'first_departure_time': 1536736560, 'first_arrival_time': 1536741480, 'second_train_section': 27308, 'second_section': 22472, 'second_departure_time': 1536750780, 'second_arrival_time': 1536755940}
1544	{'task_type': 'regular', 'locomotive': 22599, 'train_section': 27308, 'section': 22472, 'departure_time': 1536750780, 'arrival_time': 1536755940}
1545	{'task_type': 'deadhead', 'locomotive': 22599, 'first_train_section': 27308, 'first_section': 22472, 'first_departure_time': 1536750780, 'first_arrival_time': 1536755940, 'second_train_section': 25124, 'second_section': 22310, 'second_departure_time': 1536765300, 'second_arrival_time': 1536766740}
1546	{'task_type': 'regular', 'locomotive': 22599, 'train_section': 25124, 'section': 22310, 'departure_time': 1536765300, 'arrival_time': 1536766740}
1547	{'task_type': 'deadhead', 'locomotive': 22599, 'first_train_section': 25124, 'first_section': 22310, 'first_departure_time': 1536765300, 'first_arrival_time': 1536766740, 'second_train_section': 23187, 'second_section': 22505, 'second_departure_time': 1536784500, 'second_arrival_time': 1536789900}
1548	{'task_type': 'regular', 'locomotive': 22599, 'train_section': 23187, 'section': 22505, 'departure_time': 1536784500, 'arrival_time': 1536789900}
1549	{'task_type': 'regular', 'locomotive': 22599, 'train_section': 23189, 'section': 22308, 'departure_time': 1536790920, 'arrival_time': 1536793620}
1550	{'task_type': 'deadhead', 'locomotive': 22599, 'first_train_section': 23189, 'first_section': 22308, 'first_departure_time': 1536790920, 'first_arrival_time': 1536793620, 'second_train_section': 26934, 'second_section': 22308, 'second_departure_time': 1536799560, 'second_arrival_time': 1536802320}
1551	{'task_type': 'regular', 'locomotive': 22599, 'train_section': 26934, 'section': 22308, 'departure_time': 1536799560, 'arrival_time': 1536802320}
1552	{'task_type': 'deadhead', 'locomotive': 22599, 'first_train_section': 26934, 'first_section': 22308, 'first_departure_time': 1536799560, 'first_arrival_time': 1536802320, 'second_train_section': 24438, 'second_section': 22416, 'second_departure_time': 1536810840, 'second_arrival_time': 1536814500}
1553	{'task_type': 'regular', 'locomotive': 22599, 'train_section': 24438, 'section': 22416, 'departure_time': 1536810840, 'arrival_time': 1536814500}
1554	{'task_type': 'deadhead', 'locomotive': 22599, 'first_train_section': 24438, 'first_section': 22416, 'first_departure_time': 1536810840, 'first_arrival_time': 1536814500, 'second_train_section': 27314, 'second_section': 22287, 'second_departure_time': 1536840480, 'second_arrival_time': 1536841860}
1555	{'task_type': 'regular', 'locomotive': 22599, 'train_section': 27314, 'section': 22287, 'departure_time': 1536840480, 'arrival_time': 1536841860}
1556	{'task_type': 'deadhead', 'locomotive': 22599, 'first_train_section': 27314, 'first_section': 22287, 'first_departure_time': 1536840480, 'first_arrival_time': 1536841860, 'second_train_section': 22633, 'second_section': 22257, 'second_departure_time': 1536847200, 'second_arrival_time': 1536847920}
1557	{'task_type': 'regular', 'locomotive': 22599, 'train_section': 22633, 'section': 22257, 'departure_time': 1536847200, 'arrival_time': 1536847920}
1558	{'task_type': 'deadhead', 'locomotive': 22599, 'first_train_section': 22633, 'first_section': 22257, 'first_departure_time': 1536847200, 'first_arrival_time': 1536847920, 'second_train_section': 27189, 'second_section': 22449, 'second_departure_time': 1536862380, 'second_arrival_time': 1536864540}
1559	{'task_type': 'regular', 'locomotive': 22599, 'train_section': 27189, 'section': 22449, 'departure_time': 1536862380, 'arrival_time': 1536864540}
1560	{'task_type': 'deadhead', 'locomotive': 22599, 'first_train_section': 27189, 'first_section': 22449, 'first_departure_time': 1536862380, 'first_arrival_time': 1536864540, 'second_train_section': 26616, 'second_section': 22280, 'second_departure_time': 1536865320, 'second_arrival_time': 1536873720}
1561	{'task_type': 'regular', 'locomotive': 22599, 'train_section': 26616, 'section': 22280, 'departure_time': 1536865320, 'arrival_time': 1536873720}
1562	{'task_type': 'deadhead', 'locomotive': 22599, 'first_train_section': 26616, 'first_section': 22280, 'first_departure_time': 1536865320, 'first_arrival_time': 1536873720, 'second_train_section': 27126, 'second_section': 22365, 'second_departure_time': 1536892980, 'second_arrival_time': 1536896160}
1563	{'task_type': 'regular', 'locomotive': 22599, 'train_section': 27126, 'section': 22365, 'departure_time': 1536892980, 'arrival_time': 1536896160}
1564	{'task_type': 'regular', 'locomotive': 22599, 'train_section': 24791, 'section': 22273, 'departure_time': 1536896880, 'arrival_time': 1536901260}
1565	{'task_type': 'deadhead', 'locomotive': 22599, 'first_train_section': 24791, 'first_section': 22273, 'first_departure_time': 1536896880, 'first_arrival_time': 1536901260, 'second_train_section': 25526, 'second_section': 22410, 'second_departure_time': 1536908460, 'second_arrival_time': 1536911280}
1566	{'task_type': 'regular', 'locomotive': 22599, 'train_section': 25526, 'section': 22410, 'departure_time': 1536908460, 'arrival_time': 1536911280}
1567	{'task_type': 'regular', 'locomotive': 22599, 'train_section': 23558, 'section': 22489, 'departure_time': 1536918420, 'arrival_time': 1536921420}
1568	{'task_type': 'deadhead', 'locomotive': 22599, 'first_train_section': 23558, 'first_section': 22489, 'first_departure_time': 1536918420, 'first_arrival_time': 1536921420, 'second_train_section': 26222, 'second_section': 22401, 'second_departure_time': 1536924900, 'second_arrival_time': 1536926280}
1569	{'task_type': 'regular', 'locomotive': 22599, 'train_section': 26222, 'section': 22401, 'departure_time': 1536924900, 'arrival_time': 1536926280}
1570	{'task_type': 'deadhead', 'locomotive': 22599, 'first_train_section': 26222, 'first_section': 22401, 'first_departure_time': 1536924900, 'first_arrival_time': 1536926280, 'second_train_section': 27771, 'second_section': 22331, 'second_departure_time': 1536944880, 'second_arrival_time': 1536955800}
1571	{'task_type': 'regular', 'locomotive': 22599, 'train_section': 27771, 'section': 22331, 'departure_time': 1536944880, 'arrival_time': 1536955800}
1572	{'task_type': 'deadhead', 'locomotive': 22599, 'first_train_section': 27771, 'first_section': 22331, 'first_departure_time': 1536944880, 'first_arrival_time': 1536955800, 'second_train_section': 23711, 'second_section': 22273, 'second_departure_time': 1536997980, 'second_arrival_time': 1537002540}
1573	{'task_type': 'regular', 'locomotive': 22599, 'train_section': 23711, 'section': 22273, 'departure_time': 1536997980, 'arrival_time': 1537002540}
1574	{'task_type': 'deadhead', 'locomotive': 22599, 'first_train_section': 23711, 'first_section': 22273, 'first_departure_time': 1536997980, 'first_arrival_time': 1537002540, 'second_train_section': 24814, 'second_section': 22404, 'second_departure_time': 1537014180, 'second_arrival_time': 1537022700}
1575	{'task_type': 'regular', 'locomotive': 22599, 'train_section': 24814, 'section': 22404, 'departure_time': 1537014180, 'arrival_time': 1537022700}
1576	{'task_type': 'regular', 'locomotive': 22601, 'train_section': 24198, 'section': 22408, 'departure_time': 1536631080, 'arrival_time': 1536633540}
1577	{'task_type': 'deadhead', 'locomotive': 22601, 'first_train_section': 24198, 'first_section': 22408, 'first_departure_time': 1536631080, 'first_arrival_time': 1536633540, 'second_train_section': 24481, 'second_section': 22270, 'second_departure_time': 1536638700, 'second_arrival_time': 1536640560}
1578	{'task_type': 'regular', 'locomotive': 22601, 'train_section': 24481, 'section': 22270, 'departure_time': 1536638700, 'arrival_time': 1536640560}
1579	{'task_type': 'deadhead', 'locomotive': 22601, 'first_train_section': 24481, 'first_section': 22270, 'first_departure_time': 1536638700, 'first_arrival_time': 1536640560, 'second_train_section': 22806, 'second_section': 22383, 'second_departure_time': 1536664320, 'second_arrival_time': 1536667740}
1580	{'task_type': 'regular', 'locomotive': 22601, 'train_section': 22806, 'section': 22383, 'departure_time': 1536664320, 'arrival_time': 1536667740}
1581	{'task_type': 'regular', 'locomotive': 22601, 'train_section': 22796, 'section': 22400, 'departure_time': 1536670200, 'arrival_time': 1536673620}
1582	{'task_type': 'regular', 'locomotive': 22601, 'train_section': 25398, 'section': 22383, 'departure_time': 1536675120, 'arrival_time': 1536678540}
1583	{'task_type': 'regular', 'locomotive': 22601, 'train_section': 23717, 'section': 22383, 'departure_time': 1536724680, 'arrival_time': 1536728880}
1584	{'task_type': 'deadhead', 'locomotive': 22601, 'first_train_section': 23717, 'first_section': 22383, 'first_departure_time': 1536724680, 'first_arrival_time': 1536728880, 'second_train_section': 23594, 'second_section': 22236, 'second_departure_time': 1536732180, 'second_arrival_time': 1536734880}
1585	{'task_type': 'regular', 'locomotive': 22601, 'train_section': 23594, 'section': 22236, 'departure_time': 1536732180, 'arrival_time': 1536734880}
1586	{'task_type': 'deadhead', 'locomotive': 22601, 'first_train_section': 23594, 'first_section': 22236, 'first_departure_time': 1536732180, 'first_arrival_time': 1536734880, 'second_train_section': 24989, 'second_section': 22383, 'second_departure_time': 1536746160, 'second_arrival_time': 1536750300}
1587	{'task_type': 'regular', 'locomotive': 22601, 'train_section': 24989, 'section': 22383, 'departure_time': 1536746160, 'arrival_time': 1536750300}
1588	{'task_type': 'regular', 'locomotive': 22601, 'train_section': 24776, 'section': 22401, 'departure_time': 1536752100, 'arrival_time': 1536753480}
1589	{'task_type': 'regular', 'locomotive': 22601, 'train_section': 26179, 'section': 22466, 'departure_time': 1536753900, 'arrival_time': 1536755040}
1590	{'task_type': 'deadhead', 'locomotive': 22601, 'first_train_section': 26179, 'first_section': 22466, 'first_departure_time': 1536753900, 'first_arrival_time': 1536755040, 'second_train_section': 26264, 'second_section': 22396, 'second_departure_time': 1536756960, 'second_arrival_time': 1536758820}
1591	{'task_type': 'regular', 'locomotive': 22601, 'train_section': 26264, 'section': 22396, 'departure_time': 1536756960, 'arrival_time': 1536758820}
1592	{'task_type': 'deadhead', 'locomotive': 22601, 'first_train_section': 26264, 'first_section': 22396, 'first_departure_time': 1536756960, 'first_arrival_time': 1536758820, 'second_train_section': 22700, 'second_section': 22404, 'second_departure_time': 1536760560, 'second_arrival_time': 1536770100}
1593	{'task_type': 'regular', 'locomotive': 22601, 'train_section': 22700, 'section': 22404, 'departure_time': 1536760560, 'arrival_time': 1536770100}
1594	{'task_type': 'regular', 'locomotive': 22601, 'train_section': 22702, 'section': 22245, 'departure_time': 1536770340, 'arrival_time': 1536775380}
1595	{'task_type': 'regular', 'locomotive': 22601, 'train_section': 25110, 'section': 22308, 'departure_time': 1536780300, 'arrival_time': 1536783060}
1596	{'task_type': 'regular', 'locomotive': 22601, 'train_section': 24854, 'section': 22495, 'departure_time': 1536787380, 'arrival_time': 1536790320}
1597	{'task_type': 'regular', 'locomotive': 22601, 'train_section': 24856, 'section': 22309, 'departure_time': 1536791160, 'arrival_time': 1536796020}
1598	{'task_type': 'deadhead', 'locomotive': 22601, 'first_train_section': 24856, 'first_section': 22309, 'first_departure_time': 1536791160, 'first_arrival_time': 1536796020, 'second_train_section': 25562, 'second_section': 22495, 'second_departure_time': 1536808920, 'second_arrival_time': 1536811860}
1599	{'task_type': 'regular', 'locomotive': 22601, 'train_section': 25562, 'section': 22495, 'departure_time': 1536808920, 'arrival_time': 1536811860}
1600	{'task_type': 'deadhead', 'locomotive': 22601, 'first_train_section': 25562, 'first_section': 22495, 'first_departure_time': 1536808920, 'first_arrival_time': 1536811860, 'second_train_section': 27000, 'second_section': 22496, 'second_departure_time': 1536832680, 'second_arrival_time': 1536837660}
1601	{'task_type': 'regular', 'locomotive': 22601, 'train_section': 27000, 'section': 22496, 'departure_time': 1536832680, 'arrival_time': 1536837660}
1602	{'task_type': 'deadhead', 'locomotive': 22601, 'first_train_section': 27000, 'first_section': 22496, 'first_departure_time': 1536832680, 'first_arrival_time': 1536837660, 'second_train_section': 26578, 'second_section': 22416, 'second_departure_time': 1536839640, 'second_arrival_time': 1536843300}
1603	{'task_type': 'regular', 'locomotive': 22601, 'train_section': 26578, 'section': 22416, 'departure_time': 1536839640, 'arrival_time': 1536843300}
1604	{'task_type': 'regular', 'locomotive': 22601, 'train_section': 23920, 'section': 22378, 'departure_time': 1536843900, 'arrival_time': 1536847560}
1605	{'task_type': 'deadhead', 'locomotive': 22601, 'first_train_section': 23920, 'first_section': 22378, 'first_departure_time': 1536843900, 'first_arrival_time': 1536847560, 'second_train_section': 24552, 'second_section': 22513, 'second_departure_time': 1536853080, 'second_arrival_time': 1536854700}
1606	{'task_type': 'regular', 'locomotive': 22601, 'train_section': 24552, 'section': 22513, 'departure_time': 1536853080, 'arrival_time': 1536854700}
1607	{'task_type': 'deadhead', 'locomotive': 22601, 'first_train_section': 24552, 'first_section': 22513, 'first_departure_time': 1536853080, 'first_arrival_time': 1536854700, 'second_train_section': 23212, 'second_section': 22460, 'second_departure_time': 1536862860, 'second_arrival_time': 1536865200}
1608	{'task_type': 'regular', 'locomotive': 22601, 'train_section': 23212, 'section': 22460, 'departure_time': 1536862860, 'arrival_time': 1536865200}
1609	{'task_type': 'deadhead', 'locomotive': 22601, 'first_train_section': 23410, 'first_section': 22417, 'first_departure_time': 1536869160, 'first_arrival_time': 1536875940, 'second_train_section': 26541, 'second_section': 22483, 'second_departure_time': 1536886320, 'second_arrival_time': 1536889380}
1610	{'task_type': 'regular', 'locomotive': 22601, 'train_section': 26541, 'section': 22483, 'departure_time': 1536886320, 'arrival_time': 1536889380}
1611	{'task_type': 'deadhead', 'locomotive': 22601, 'first_train_section': 26541, 'first_section': 22483, 'first_departure_time': 1536886320, 'first_arrival_time': 1536889380, 'second_train_section': 26606, 'second_section': 22443, 'second_departure_time': 1536897420, 'second_arrival_time': 1536899040}
1612	{'task_type': 'regular', 'locomotive': 22601, 'train_section': 26606, 'section': 22443, 'departure_time': 1536897420, 'arrival_time': 1536899040}
1613	{'task_type': 'deadhead', 'locomotive': 22601, 'first_train_section': 22732, 'first_section': 22417, 'first_departure_time': 1536904800, 'first_arrival_time': 1536931800, 'second_train_section': 23202, 'second_section': 22413, 'second_departure_time': 1536935520, 'second_arrival_time': 1536939360}
1614	{'task_type': 'regular', 'locomotive': 22601, 'train_section': 23202, 'section': 22413, 'departure_time': 1536935520, 'arrival_time': 1536939360}
1615	{'task_type': 'deadhead', 'locomotive': 22601, 'first_train_section': 23202, 'first_section': 22413, 'first_departure_time': 1536935520, 'first_arrival_time': 1536939360, 'second_train_section': 23738, 'second_section': 22378, 'second_departure_time': 1536946500, 'second_arrival_time': 1536950160}
1616	{'task_type': 'regular', 'locomotive': 22601, 'train_section': 23738, 'section': 22378, 'departure_time': 1536946500, 'arrival_time': 1536950160}
1617	{'task_type': 'regular', 'locomotive': 22601, 'train_section': 25982, 'section': 22416, 'departure_time': 1536951240, 'arrival_time': 1536954900}
1618	{'task_type': 'deadhead', 'locomotive': 22601, 'first_train_section': 25982, 'first_section': 22416, 'first_departure_time': 1536951240, 'first_arrival_time': 1536954900, 'second_train_section': 22957, 'second_section': 22451, 'second_departure_time': 1536965820, 'second_arrival_time': 1536972720}
1619	{'task_type': 'regular', 'locomotive': 22601, 'train_section': 22957, 'section': 22451, 'departure_time': 1536965820, 'arrival_time': 1536972720}
1620	{'task_type': 'deadhead', 'locomotive': 22601, 'first_train_section': 22957, 'first_section': 22451, 'first_departure_time': 1536965820, 'first_arrival_time': 1536972720, 'second_train_section': 22963, 'second_section': 22372, 'second_departure_time': 1536977340, 'second_arrival_time': 1536981300}
1621	{'task_type': 'regular', 'locomotive': 22601, 'train_section': 22963, 'section': 22372, 'departure_time': 1536977340, 'arrival_time': 1536981300}
1622	{'task_type': 'deadhead', 'locomotive': 22601, 'first_train_section': 22963, 'first_section': 22372, 'first_departure_time': 1536977340, 'first_arrival_time': 1536981300, 'second_train_section': 25915, 'second_section': 22499, 'second_departure_time': 1536990300, 'second_arrival_time': 1536995460}
1623	{'task_type': 'regular', 'locomotive': 22601, 'train_section': 25915, 'section': 22499, 'departure_time': 1536990300, 'arrival_time': 1536995460}
1624	{'task_type': 'deadhead', 'locomotive': 22601, 'first_train_section': 25915, 'first_section': 22499, 'first_departure_time': 1536990300, 'first_arrival_time': 1536995460, 'second_train_section': 23171, 'second_section': 22293, 'second_departure_time': 1537005840, 'second_arrival_time': 1537011300}
1625	{'task_type': 'regular', 'locomotive': 22601, 'train_section': 23171, 'section': 22293, 'departure_time': 1537005840, 'arrival_time': 1537011300}
1626	{'task_type': 'deadhead', 'locomotive': 22601, 'first_train_section': 23171, 'first_section': 22293, 'first_departure_time': 1537005840, 'first_arrival_time': 1537011300, 'second_train_section': 24779, 'second_section': 22378, 'second_departure_time': 1537023900, 'second_arrival_time': 1537027560}
1627	{'task_type': 'regular', 'locomotive': 22601, 'train_section': 24779, 'section': 22378, 'departure_time': 1537023900, 'arrival_time': 1537027560}
1628	{'task_type': 'regular', 'locomotive': 22604, 'train_section': 25770, 'section': 22356, 'departure_time': 1536610560, 'arrival_time': 1536618600}
1629	{'task_type': 'deadhead', 'locomotive': 22604, 'first_train_section': 25770, 'first_section': 22356, 'first_departure_time': 1536610560, 'first_arrival_time': 1536618600, 'second_train_section': 23379, 'second_section': 22308, 'second_departure_time': 1536648060, 'second_arrival_time': 1536650760}
1630	{'task_type': 'regular', 'locomotive': 22604, 'train_section': 23379, 'section': 22308, 'departure_time': 1536648060, 'arrival_time': 1536650760}
1631	{'task_type': 'regular', 'locomotive': 22604, 'train_section': 23381, 'section': 22496, 'departure_time': 1536651660, 'arrival_time': 1536656460}
1632	{'task_type': 'deadhead', 'locomotive': 22604, 'first_train_section': 23381, 'first_section': 22496, 'first_departure_time': 1536651660, 'first_arrival_time': 1536656460, 'second_train_section': 22840, 'second_section': 22441, 'second_departure_time': 1536659640, 'second_arrival_time': 1536663600}
1633	{'task_type': 'regular', 'locomotive': 22604, 'train_section': 22840, 'section': 22441, 'departure_time': 1536659640, 'arrival_time': 1536663600}
1634	{'task_type': 'deadhead', 'locomotive': 22604, 'first_train_section': 22840, 'first_section': 22441, 'first_departure_time': 1536659640, 'first_arrival_time': 1536663600, 'second_train_section': 27214, 'second_section': 22416, 'second_departure_time': 1536665040, 'second_arrival_time': 1536668700}
1635	{'task_type': 'regular', 'locomotive': 22604, 'train_section': 27214, 'section': 22416, 'departure_time': 1536665040, 'arrival_time': 1536668700}
1636	{'task_type': 'regular', 'locomotive': 22604, 'train_section': 24078, 'section': 22378, 'departure_time': 1536669300, 'arrival_time': 1536672960}
1637	{'task_type': 'deadhead', 'locomotive': 22604, 'first_train_section': 24078, 'first_section': 22378, 'first_departure_time': 1536669300, 'first_arrival_time': 1536672960, 'second_train_section': 23744, 'second_section': 22413, 'second_departure_time': 1536676320, 'second_arrival_time': 1536680160}
1638	{'task_type': 'regular', 'locomotive': 22604, 'train_section': 23744, 'section': 22413, 'departure_time': 1536676320, 'arrival_time': 1536680160}
1639	{'task_type': 'deadhead', 'locomotive': 22604, 'first_train_section': 23744, 'first_section': 22413, 'first_departure_time': 1536676320, 'first_arrival_time': 1536680160, 'second_train_section': 23237, 'second_section': 22378, 'second_departure_time': 1536683700, 'second_arrival_time': 1536687360}
1640	{'task_type': 'regular', 'locomotive': 22604, 'train_section': 23237, 'section': 22378, 'departure_time': 1536683700, 'arrival_time': 1536687360}
1641	{'task_type': 'deadhead', 'locomotive': 22604, 'first_train_section': 23237, 'first_section': 22378, 'first_departure_time': 1536683700, 'first_arrival_time': 1536687360, 'second_train_section': 27445, 'second_section': 22431, 'second_departure_time': 1536688980, 'second_arrival_time': 1536692940}
1642	{'task_type': 'regular', 'locomotive': 22604, 'train_section': 27445, 'section': 22431, 'departure_time': 1536688980, 'arrival_time': 1536692940}
1643	{'task_type': 'regular', 'locomotive': 22604, 'train_section': 27447, 'section': 22495, 'departure_time': 1536694080, 'arrival_time': 1536697020}
1644	{'task_type': 'regular', 'locomotive': 22604, 'train_section': 27449, 'section': 22307, 'departure_time': 1536697860, 'arrival_time': 1536699900}
1645	{'task_type': 'deadhead', 'locomotive': 22604, 'first_train_section': 27449, 'first_section': 22307, 'first_departure_time': 1536697860, 'first_arrival_time': 1536699900, 'second_train_section': 27606, 'second_section': 22476, 'second_departure_time': 1536700620, 'second_arrival_time': 1536704220}
1646	{'task_type': 'regular', 'locomotive': 22604, 'train_section': 27606, 'section': 22476, 'departure_time': 1536700620, 'arrival_time': 1536704220}
1647	{'task_type': 'deadhead', 'locomotive': 22604, 'first_train_section': 27606, 'first_section': 22476, 'first_departure_time': 1536700620, 'first_arrival_time': 1536704220, 'second_train_section': 27616, 'second_section': 22309, 'second_departure_time': 1536712980, 'second_arrival_time': 1536717600}
1648	{'task_type': 'regular', 'locomotive': 22604, 'train_section': 27616, 'section': 22309, 'departure_time': 1536712980, 'arrival_time': 1536717600}
1649	{'task_type': 'deadhead', 'locomotive': 22604, 'first_train_section': 27616, 'first_section': 22309, 'first_departure_time': 1536712980, 'first_arrival_time': 1536717600, 'second_train_section': 22683, 'second_section': 22248, 'second_departure_time': 1536724200, 'second_arrival_time': 1536726960}
1650	{'task_type': 'regular', 'locomotive': 22604, 'train_section': 22683, 'section': 22248, 'departure_time': 1536724200, 'arrival_time': 1536726960}
1651	{'task_type': 'deadhead', 'locomotive': 22604, 'first_train_section': 22683, 'first_section': 22248, 'first_departure_time': 1536724200, 'first_arrival_time': 1536726960, 'second_train_section': 22877, 'second_section': 22508, 'second_departure_time': 1536730380, 'second_arrival_time': 1536733320}
1652	{'task_type': 'regular', 'locomotive': 22604, 'train_section': 22877, 'section': 22508, 'departure_time': 1536730380, 'arrival_time': 1536733320}
1653	{'task_type': 'deadhead', 'locomotive': 22604, 'first_train_section': 22877, 'first_section': 22508, 'first_departure_time': 1536730380, 'first_arrival_time': 1536733320, 'second_train_section': 23531, 'second_section': 22344, 'second_departure_time': 1536745320, 'second_arrival_time': 1536746640}
1654	{'task_type': 'regular', 'locomotive': 22604, 'train_section': 23531, 'section': 22344, 'departure_time': 1536745320, 'arrival_time': 1536746640}
1655	{'task_type': 'deadhead', 'locomotive': 22604, 'first_train_section': 23531, 'first_section': 22344, 'first_departure_time': 1536745320, 'first_arrival_time': 1536746640, 'second_train_section': 22883, 'second_section': 22343, 'second_departure_time': 1536748800, 'second_arrival_time': 1536757320}
1656	{'task_type': 'regular', 'locomotive': 22604, 'train_section': 22883, 'section': 22343, 'departure_time': 1536748800, 'arrival_time': 1536757320}
1657	{'task_type': 'deadhead', 'locomotive': 22604, 'first_train_section': 22883, 'first_section': 22343, 'first_departure_time': 1536748800, 'first_arrival_time': 1536757320, 'second_train_section': 26501, 'second_section': 22279, 'second_departure_time': 1536760200, 'second_arrival_time': 1536765120}
1658	{'task_type': 'regular', 'locomotive': 22604, 'train_section': 26501, 'section': 22279, 'departure_time': 1536760200, 'arrival_time': 1536765120}
1659	{'task_type': 'deadhead', 'locomotive': 22604, 'first_train_section': 26501, 'first_section': 22279, 'first_departure_time': 1536760200, 'first_arrival_time': 1536765120, 'second_train_section': 25728, 'second_section': 22387, 'second_departure_time': 1536773880, 'second_arrival_time': 1536775320}
1660	{'task_type': 'regular', 'locomotive': 22604, 'train_section': 25728, 'section': 22387, 'departure_time': 1536773880, 'arrival_time': 1536775320}
1661	{'task_type': 'deadhead', 'locomotive': 22604, 'first_train_section': 25728, 'first_section': 22387, 'first_departure_time': 1536773880, 'first_arrival_time': 1536775320, 'second_train_section': 26671, 'second_section': 22290, 'second_departure_time': 1536785460, 'second_arrival_time': 1536792300}
1662	{'task_type': 'regular', 'locomotive': 22604, 'train_section': 26671, 'section': 22290, 'departure_time': 1536785460, 'arrival_time': 1536792300}
1663	{'task_type': 'deadhead', 'locomotive': 22604, 'first_train_section': 26671, 'first_section': 22290, 'first_departure_time': 1536785460, 'first_arrival_time': 1536792300, 'second_train_section': 22630, 'second_section': 22336, 'second_departure_time': 1536805380, 'second_arrival_time': 1536811500}
1664	{'task_type': 'regular', 'locomotive': 22604, 'train_section': 22630, 'section': 22336, 'departure_time': 1536805380, 'arrival_time': 1536811500}
1665	{'task_type': 'deadhead', 'locomotive': 22604, 'first_train_section': 22630, 'first_section': 22336, 'first_departure_time': 1536805380, 'first_arrival_time': 1536811500, 'second_train_section': 26994, 'second_section': 22404, 'second_departure_time': 1536813420, 'second_arrival_time': 1536823620}
1666	{'task_type': 'regular', 'locomotive': 22604, 'train_section': 26994, 'section': 22404, 'departure_time': 1536813420, 'arrival_time': 1536823620}
1667	{'task_type': 'deadhead', 'locomotive': 22604, 'first_train_section': 26994, 'first_section': 22404, 'first_departure_time': 1536813420, 'first_arrival_time': 1536823620, 'second_train_section': 23923, 'second_section': 22489, 'second_departure_time': 1536832020, 'second_arrival_time': 1536835020}
1668	{'task_type': 'regular', 'locomotive': 22604, 'train_section': 23923, 'section': 22489, 'departure_time': 1536832020, 'arrival_time': 1536835020}
1669	{'task_type': 'deadhead', 'locomotive': 22604, 'first_train_section': 23923, 'first_section': 22489, 'first_departure_time': 1536832020, 'first_arrival_time': 1536835020, 'second_train_section': 24042, 'second_section': 22404, 'second_departure_time': 1536846960, 'second_arrival_time': 1536856500}
1670	{'task_type': 'regular', 'locomotive': 22604, 'train_section': 24042, 'section': 22404, 'departure_time': 1536846960, 'arrival_time': 1536856500}
1671	{'task_type': 'regular', 'locomotive': 22604, 'train_section': 24044, 'section': 22245, 'departure_time': 1536856740, 'arrival_time': 1536861780}
1672	{'task_type': 'deadhead', 'locomotive': 22604, 'first_train_section': 24044, 'first_section': 22245, 'first_departure_time': 1536856740, 'first_arrival_time': 1536861780, 'second_train_section': 24588, 'second_section': 22504, 'second_departure_time': 1536868020, 'second_arrival_time': 1536873060}
1673	{'task_type': 'regular', 'locomotive': 22604, 'train_section': 24588, 'section': 22504, 'departure_time': 1536868020, 'arrival_time': 1536873060}
1674	{'task_type': 'regular', 'locomotive': 22604, 'train_section': 24591, 'section': 22247, 'departure_time': 1536873240, 'arrival_time': 1536884100}
1675	{'task_type': 'deadhead', 'locomotive': 22604, 'first_train_section': 24591, 'first_section': 22247, 'first_departure_time': 1536873240, 'first_arrival_time': 1536884100, 'second_train_section': 23218, 'second_section': 22407, 'second_departure_time': 1536885120, 'second_arrival_time': 1536892560}
1676	{'task_type': 'regular', 'locomotive': 22604, 'train_section': 23218, 'section': 22407, 'departure_time': 1536885120, 'arrival_time': 1536892560}
1677	{'task_type': 'regular', 'locomotive': 22604, 'train_section': 23220, 'section': 22334, 'departure_time': 1536893160, 'arrival_time': 1536896400}
1678	{'task_type': 'regular', 'locomotive': 22604, 'train_section': 23222, 'section': 22322, 'departure_time': 1536897420, 'arrival_time': 1536907080}
1679	{'task_type': 'deadhead', 'locomotive': 22604, 'first_train_section': 23222, 'first_section': 22322, 'first_departure_time': 1536897420, 'first_arrival_time': 1536907080, 'second_train_section': 27381, 'second_section': 22256, 'second_departure_time': 1536916680, 'second_arrival_time': 1536919380}
1680	{'task_type': 'regular', 'locomotive': 22604, 'train_section': 27381, 'section': 22256, 'departure_time': 1536916680, 'arrival_time': 1536919380}
1681	{'task_type': 'deadhead', 'locomotive': 22604, 'first_train_section': 27381, 'first_section': 22256, 'first_departure_time': 1536916680, 'first_arrival_time': 1536919380, 'second_train_section': 24057, 'second_section': 22381, 'second_departure_time': 1536924720, 'second_arrival_time': 1536926640}
1682	{'task_type': 'regular', 'locomotive': 22604, 'train_section': 24057, 'section': 22381, 'departure_time': 1536924720, 'arrival_time': 1536926640}
1683	{'task_type': 'deadhead', 'locomotive': 22604, 'first_train_section': 24057, 'first_section': 22381, 'first_departure_time': 1536924720, 'first_arrival_time': 1536926640, 'second_train_section': 25035, 'second_section': 22310, 'second_departure_time': 1536938100, 'second_arrival_time': 1536939540}
1684	{'task_type': 'regular', 'locomotive': 22604, 'train_section': 25035, 'section': 22310, 'departure_time': 1536938100, 'arrival_time': 1536939540}
1685	{'task_type': 'deadhead', 'locomotive': 22604, 'first_train_section': 25035, 'first_section': 22310, 'first_departure_time': 1536938100, 'first_arrival_time': 1536939540, 'second_train_section': 27789, 'second_section': 22446, 'second_departure_time': 1536945660, 'second_arrival_time': 1536946740}
1686	{'task_type': 'regular', 'locomotive': 22604, 'train_section': 27789, 'section': 22446, 'departure_time': 1536945660, 'arrival_time': 1536946740}
1687	{'task_type': 'deadhead', 'locomotive': 22604, 'first_train_section': 27789, 'first_section': 22446, 'first_departure_time': 1536945660, 'first_arrival_time': 1536946740, 'second_train_section': 26416, 'second_section': 22437, 'second_departure_time': 1536964620, 'second_arrival_time': 1536969420}
1688	{'task_type': 'regular', 'locomotive': 22604, 'train_section': 26416, 'section': 22437, 'departure_time': 1536964620, 'arrival_time': 1536969420}
1689	{'task_type': 'deadhead', 'locomotive': 22604, 'first_train_section': 26416, 'first_section': 22437, 'first_departure_time': 1536964620, 'first_arrival_time': 1536969420, 'second_train_section': 26032, 'second_section': 22334, 'second_departure_time': 1536979560, 'second_arrival_time': 1536982800}
1690	{'task_type': 'regular', 'locomotive': 22604, 'train_section': 26032, 'section': 22334, 'departure_time': 1536979560, 'arrival_time': 1536982800}
1691	{'task_type': 'deadhead', 'locomotive': 22604, 'first_train_section': 26032, 'first_section': 22334, 'first_departure_time': 1536979560, 'first_arrival_time': 1536982800, 'second_train_section': 22729, 'second_section': 22472, 'second_departure_time': 1536988380, 'second_arrival_time': 1536993540}
1692	{'task_type': 'regular', 'locomotive': 22604, 'train_section': 22729, 'section': 22472, 'departure_time': 1536988380, 'arrival_time': 1536993540}
1693	{'task_type': 'regular', 'locomotive': 22605, 'train_section': 25348, 'section': 22508, 'departure_time': 1536608220, 'arrival_time': 1536611760}
1694	{'task_type': 'deadhead', 'locomotive': 22605, 'first_train_section': 25348, 'first_section': 22508, 'first_departure_time': 1536608220, 'first_arrival_time': 1536611760, 'second_train_section': 25353, 'second_section': 22343, 'second_departure_time': 1536624060, 'second_arrival_time': 1536632460}
1695	{'task_type': 'regular', 'locomotive': 22605, 'train_section': 25353, 'section': 22343, 'departure_time': 1536624060, 'arrival_time': 1536632460}
1696	{'task_type': 'deadhead', 'locomotive': 22605, 'first_train_section': 25353, 'first_section': 22343, 'first_departure_time': 1536624060, 'first_arrival_time': 1536632460, 'second_train_section': 24447, 'second_section': 22295, 'second_departure_time': 1536633420, 'second_arrival_time': 1536634800}
1697	{'task_type': 'regular', 'locomotive': 22605, 'train_section': 24447, 'section': 22295, 'departure_time': 1536633420, 'arrival_time': 1536634800}
1698	{'task_type': 'deadhead', 'locomotive': 22605, 'first_train_section': 24447, 'first_section': 22295, 'first_departure_time': 1536633420, 'first_arrival_time': 1536634800, 'second_train_section': 26016, 'second_section': 22280, 'second_departure_time': 1536638040, 'second_arrival_time': 1536644640}
1699	{'task_type': 'regular', 'locomotive': 22605, 'train_section': 26016, 'section': 22280, 'departure_time': 1536638040, 'arrival_time': 1536644640}
1700	{'task_type': 'deadhead', 'locomotive': 22605, 'first_train_section': 26016, 'first_section': 22280, 'first_departure_time': 1536638040, 'first_arrival_time': 1536644640, 'second_train_section': 23289, 'second_section': 22472, 'second_departure_time': 1536649980, 'second_arrival_time': 1536655140}
1701	{'task_type': 'regular', 'locomotive': 22605, 'train_section': 23289, 'section': 22472, 'departure_time': 1536649980, 'arrival_time': 1536655140}
1702	{'task_type': 'regular', 'locomotive': 22605, 'train_section': 23291, 'section': 22351, 'departure_time': 1536655680, 'arrival_time': 1536660840}
1703	{'task_type': 'deadhead', 'locomotive': 22605, 'first_train_section': 23291, 'first_section': 22351, 'first_departure_time': 1536655680, 'first_arrival_time': 1536660840, 'second_train_section': 27119, 'second_section': 22341, 'second_departure_time': 1536670620, 'second_arrival_time': 1536674520}
1704	{'task_type': 'regular', 'locomotive': 22605, 'train_section': 27119, 'section': 22341, 'departure_time': 1536670620, 'arrival_time': 1536674520}
1705	{'task_type': 'deadhead', 'locomotive': 22605, 'first_train_section': 27119, 'first_section': 22341, 'first_departure_time': 1536670620, 'first_arrival_time': 1536674520, 'second_train_section': 23773, 'second_section': 22480, 'second_departure_time': 1536681300, 'second_arrival_time': 1536683460}
1706	{'task_type': 'regular', 'locomotive': 22605, 'train_section': 23773, 'section': 22480, 'departure_time': 1536681300, 'arrival_time': 1536683460}
1707	{'task_type': 'deadhead', 'locomotive': 22605, 'first_train_section': 23773, 'first_section': 22480, 'first_departure_time': 1536681300, 'first_arrival_time': 1536683460, 'second_train_section': 26027, 'second_section': 22385, 'second_departure_time': 1536691620, 'second_arrival_time': 1536692400}
1708	{'task_type': 'regular', 'locomotive': 22605, 'train_section': 26027, 'section': 22385, 'departure_time': 1536691620, 'arrival_time': 1536692400}
1709	{'task_type': 'deadhead', 'locomotive': 22605, 'first_train_section': 26027, 'first_section': 22385, 'first_departure_time': 1536691620, 'first_arrival_time': 1536692400, 'second_train_section': 24709, 'second_section': 22431, 'second_departure_time': 1536692640, 'second_arrival_time': 1536696480}
1710	{'task_type': 'regular', 'locomotive': 22605, 'train_section': 24709, 'section': 22431, 'departure_time': 1536692640, 'arrival_time': 1536696480}
1711	{'task_type': 'deadhead', 'locomotive': 22605, 'first_train_section': 27529, 'first_section': 22302, 'first_departure_time': 1536703260, 'first_arrival_time': 1536720240, 'second_train_section': 26394, 'second_section': 22247, 'second_departure_time': 1536726600, 'second_arrival_time': 1536736740}
1712	{'task_type': 'regular', 'locomotive': 22605, 'train_section': 26394, 'section': 22247, 'departure_time': 1536726600, 'arrival_time': 1536736740}
1713	{'task_type': 'deadhead', 'locomotive': 22605, 'first_train_section': 26394, 'first_section': 22247, 'first_departure_time': 1536726600, 'first_arrival_time': 1536736740, 'second_train_section': 25005, 'second_section': 22334, 'second_departure_time': 1536748680, 'second_arrival_time': 1536752880}
1714	{'task_type': 'regular', 'locomotive': 22605, 'train_section': 25005, 'section': 22334, 'departure_time': 1536748680, 'arrival_time': 1536752880}
1715	{'task_type': 'deadhead', 'locomotive': 22605, 'first_train_section': 27474, 'first_section': 22470, 'first_departure_time': 1536761520, 'first_arrival_time': 1536765420, 'second_train_section': 23024, 'second_section': 22329, 'second_departure_time': 1536771480, 'second_arrival_time': 1536772920}
1716	{'task_type': 'regular', 'locomotive': 22605, 'train_section': 23024, 'section': 22329, 'departure_time': 1536771480, 'arrival_time': 1536772920}
1717	{'task_type': 'deadhead', 'locomotive': 22605, 'first_train_section': 23024, 'first_section': 22329, 'first_departure_time': 1536771480, 'first_arrival_time': 1536772920, 'second_train_section': 27343, 'second_section': 22281, 'second_departure_time': 1536786480, 'second_arrival_time': 1536793200}
1718	{'task_type': 'regular', 'locomotive': 22605, 'train_section': 27343, 'section': 22281, 'departure_time': 1536786480, 'arrival_time': 1536793200}
1719	{'task_type': 'regular', 'locomotive': 22605, 'train_section': 23611, 'section': 22344, 'departure_time': 1536796500, 'arrival_time': 1536797520}
1720	{'task_type': 'deadhead', 'locomotive': 22605, 'first_train_section': 23611, 'first_section': 22344, 'first_departure_time': 1536796500, 'first_arrival_time': 1536797520, 'second_train_section': 23901, 'second_section': 22326, 'second_departure_time': 1536808560, 'second_arrival_time': 1536814620}
1721	{'task_type': 'regular', 'locomotive': 22605, 'train_section': 23901, 'section': 22326, 'departure_time': 1536808560, 'arrival_time': 1536814620}
1722	{'task_type': 'deadhead', 'locomotive': 22605, 'first_train_section': 23901, 'first_section': 22326, 'first_departure_time': 1536808560, 'first_arrival_time': 1536814620, 'second_train_section': 25837, 'second_section': 22331, 'second_departure_time': 1536822480, 'second_arrival_time': 1536833280}
1723	{'task_type': 'regular', 'locomotive': 22605, 'train_section': 25837, 'section': 22331, 'departure_time': 1536822480, 'arrival_time': 1536833280}
1724	{'task_type': 'deadhead', 'locomotive': 22605, 'first_train_section': 25837, 'first_section': 22331, 'first_departure_time': 1536822480, 'first_arrival_time': 1536833280, 'second_train_section': 25585, 'second_section': 22351, 'second_departure_time': 1536850080, 'second_arrival_time': 1536855240}
1725	{'task_type': 'regular', 'locomotive': 22605, 'train_section': 25585, 'section': 22351, 'departure_time': 1536850080, 'arrival_time': 1536855240}
1726	{'task_type': 'deadhead', 'locomotive': 22605, 'first_train_section': 25585, 'first_section': 22351, 'first_departure_time': 1536850080, 'first_arrival_time': 1536855240, 'second_train_section': 23013, 'second_section': 22304, 'second_departure_time': 1536865140, 'second_arrival_time': 1536869580}
1727	{'task_type': 'regular', 'locomotive': 22605, 'train_section': 23013, 'section': 22304, 'departure_time': 1536865140, 'arrival_time': 1536869580}
1728	{'task_type': 'deadhead', 'locomotive': 22605, 'first_train_section': 23013, 'first_section': 22304, 'first_departure_time': 1536865140, 'first_arrival_time': 1536869580, 'second_train_section': 25767, 'second_section': 22496, 'second_departure_time': 1536880860, 'second_arrival_time': 1536884760}
1729	{'task_type': 'regular', 'locomotive': 22605, 'train_section': 25767, 'section': 22496, 'departure_time': 1536880860, 'arrival_time': 1536884760}
1730	{'task_type': 'deadhead', 'locomotive': 22605, 'first_train_section': 25767, 'first_section': 22496, 'first_departure_time': 1536880860, 'first_arrival_time': 1536884760, 'second_train_section': 24081, 'second_section': 22474, 'second_departure_time': 1536895200, 'second_arrival_time': 1536896880}
1731	{'task_type': 'regular', 'locomotive': 22605, 'train_section': 24081, 'section': 22474, 'departure_time': 1536895200, 'arrival_time': 1536896880}
1732	{'task_type': 'regular', 'locomotive': 22605, 'train_section': 25867, 'section': 22512, 'departure_time': 1536899340, 'arrival_time': 1536902700}
1733	{'task_type': 'deadhead', 'locomotive': 22605, 'first_train_section': 25867, 'first_section': 22512, 'first_departure_time': 1536899340, 'first_arrival_time': 1536902700, 'second_train_section': 22995, 'second_section': 22292, 'second_departure_time': 1536916800, 'second_arrival_time': 1536920880}
1734	{'task_type': 'regular', 'locomotive': 22605, 'train_section': 22995, 'section': 22292, 'departure_time': 1536916800, 'arrival_time': 1536920880}
1735	{'task_type': 'deadhead', 'locomotive': 22605, 'first_train_section': 22995, 'first_section': 22292, 'first_departure_time': 1536916800, 'first_arrival_time': 1536920880, 'second_train_section': 24691, 'second_section': 22287, 'second_departure_time': 1536926880, 'second_arrival_time': 1536928260}
1736	{'task_type': 'regular', 'locomotive': 22605, 'train_section': 24691, 'section': 22287, 'departure_time': 1536926880, 'arrival_time': 1536928260}
1737	{'task_type': 'deadhead', 'locomotive': 22605, 'first_train_section': 24691, 'first_section': 22287, 'first_departure_time': 1536926880, 'first_arrival_time': 1536928260, 'second_train_section': 25678, 'second_section': 22313, 'second_departure_time': 1536936480, 'second_arrival_time': 1536941400}
1738	{'task_type': 'regular', 'locomotive': 22605, 'train_section': 25678, 'section': 22313, 'departure_time': 1536936480, 'arrival_time': 1536941400}
1739	{'task_type': 'deadhead', 'locomotive': 22605, 'first_train_section': 25678, 'first_section': 22313, 'first_departure_time': 1536936480, 'first_arrival_time': 1536941400, 'second_train_section': 26117, 'second_section': 22247, 'second_departure_time': 1536956160, 'second_arrival_time': 1536964860}
1740	{'task_type': 'regular', 'locomotive': 22605, 'train_section': 26117, 'section': 22247, 'departure_time': 1536956160, 'arrival_time': 1536964860}
1741	{'task_type': 'deadhead', 'locomotive': 22605, 'first_train_section': 26117, 'first_section': 22247, 'first_departure_time': 1536956160, 'first_arrival_time': 1536964860, 'second_train_section': 26030, 'second_section': 22407, 'second_departure_time': 1536971520, 'second_arrival_time': 1536978960}
1742	{'task_type': 'regular', 'locomotive': 22605, 'train_section': 26030, 'section': 22407, 'departure_time': 1536971520, 'arrival_time': 1536978960}
1743	{'task_type': 'deadhead', 'locomotive': 22605, 'first_train_section': 26030, 'first_section': 22407, 'first_departure_time': 1536971520, 'first_arrival_time': 1536978960, 'second_train_section': 26034, 'second_section': 22322, 'second_departure_time': 1536983820, 'second_arrival_time': 1536993480}
1744	{'task_type': 'regular', 'locomotive': 22605, 'train_section': 26034, 'section': 22322, 'departure_time': 1536983820, 'arrival_time': 1536993480}
1745	{'task_type': 'deadhead', 'locomotive': 22605, 'first_train_section': 26034, 'first_section': 22322, 'first_departure_time': 1536983820, 'first_arrival_time': 1536993480, 'second_train_section': 24764, 'second_section': 22327, 'second_departure_time': 1537009680, 'second_arrival_time': 1537016040}
1746	{'task_type': 'regular', 'locomotive': 22605, 'train_section': 24764, 'section': 22327, 'departure_time': 1537009680, 'arrival_time': 1537016040}
1747	{'task_type': 'regular', 'locomotive': 22607, 'train_section': 24223, 'section': 22255, 'departure_time': 1536602700, 'arrival_time': 1536603600}
1748	{'task_type': 'regular', 'locomotive': 22607, 'train_section': 23904, 'section': 22469, 'departure_time': 1536607200, 'arrival_time': 1536609360}
1749	{'task_type': 'deadhead', 'locomotive': 22607, 'first_train_section': 22939, 'first_section': 22470, 'first_departure_time': 1536615600, 'first_arrival_time': 1536616740, 'second_train_section': 27714, 'second_section': 22451, 'second_departure_time': 1536620220, 'second_arrival_time': 1536627120}
1750	{'task_type': 'regular', 'locomotive': 22607, 'train_section': 27714, 'section': 22451, 'departure_time': 1536620220, 'arrival_time': 1536627120}
1751	{'task_type': 'regular', 'locomotive': 22607, 'train_section': 27717, 'section': 22345, 'departure_time': 1536627960, 'arrival_time': 1536630900}
1752	{'task_type': 'deadhead', 'locomotive': 22607, 'first_train_section': 27717, 'first_section': 22345, 'first_departure_time': 1536627960, 'first_arrival_time': 1536630900, 'second_train_section': 27062, 'second_section': 22245, 'second_departure_time': 1536633000, 'second_arrival_time': 1536637380}
1753	{'task_type': 'regular', 'locomotive': 22607, 'train_section': 27062, 'section': 22245, 'departure_time': 1536633000, 'arrival_time': 1536637380}
1754	{'task_type': 'deadhead', 'locomotive': 22607, 'first_train_section': 27062, 'first_section': 22245, 'first_departure_time': 1536633000, 'first_arrival_time': 1536637380, 'second_train_section': 24541, 'second_section': 22495, 'second_departure_time': 1536640440, 'second_arrival_time': 1536643260}
1755	{'task_type': 'regular', 'locomotive': 22607, 'train_section': 24541, 'section': 22495, 'departure_time': 1536640440, 'arrival_time': 1536643260}
1756	{'task_type': 'regular', 'locomotive': 22607, 'train_section': 24544, 'section': 22304, 'departure_time': 1536644100, 'arrival_time': 1536649140}
1757	{'task_type': 'regular', 'locomotive': 22607, 'train_section': 24546, 'section': 22247, 'departure_time': 1536649320, 'arrival_time': 1536658560}
1758	{'task_type': 'deadhead', 'locomotive': 22607, 'first_train_section': 24546, 'first_section': 22247, 'first_departure_time': 1536649320, 'first_arrival_time': 1536658560, 'second_train_section': 27080, 'second_section': 22404, 'second_departure_time': 1536661200, 'second_arrival_time': 1536669960}
1759	{'task_type': 'regular', 'locomotive': 22607, 'train_section': 27080, 'section': 22404, 'departure_time': 1536661200, 'arrival_time': 1536669960}
1760	{'task_type': 'regular', 'locomotive': 22607, 'train_section': 24139, 'section': 22247, 'departure_time': 1536675120, 'arrival_time': 1536686220}
1761	{'task_type': 'deadhead', 'locomotive': 22607, 'first_train_section': 24139, 'first_section': 22247, 'first_departure_time': 1536675120, 'first_arrival_time': 1536686220, 'second_train_section': 25163, 'second_section': 22407, 'second_departure_time': 1536689880, 'second_arrival_time': 1536696540}
1762	{'task_type': 'regular', 'locomotive': 22607, 'train_section': 25163, 'section': 22407, 'departure_time': 1536689880, 'arrival_time': 1536696540}
1763	{'task_type': 'deadhead', 'locomotive': 22607, 'first_train_section': 25163, 'first_section': 22407, 'first_departure_time': 1536689880, 'first_arrival_time': 1536696540, 'second_train_section': 27711, 'second_section': 22330, 'second_departure_time': 1536709200, 'second_arrival_time': 1536717420}
1764	{'task_type': 'regular', 'locomotive': 22607, 'train_section': 27711, 'section': 22330, 'departure_time': 1536709200, 'arrival_time': 1536717420}
1765	{'task_type': 'deadhead', 'locomotive': 22607, 'first_train_section': 27711, 'first_section': 22330, 'first_departure_time': 1536709200, 'first_arrival_time': 1536717420, 'second_train_section': 26879, 'second_section': 22273, 'second_departure_time': 1536724080, 'second_arrival_time': 1536728460}
1766	{'task_type': 'regular', 'locomotive': 22607, 'train_section': 26879, 'section': 22273, 'departure_time': 1536724080, 'arrival_time': 1536728460}
1767	{'task_type': 'regular', 'locomotive': 22607, 'train_section': 23719, 'section': 22401, 'departure_time': 1536728940, 'arrival_time': 1536730260}
1768	{'task_type': 'deadhead', 'locomotive': 22607, 'first_train_section': 23719, 'first_section': 22401, 'first_departure_time': 1536728940, 'first_arrival_time': 1536730260, 'second_train_section': 23502, 'second_section': 22489, 'second_departure_time': 1536745620, 'second_arrival_time': 1536748620}
1769	{'task_type': 'regular', 'locomotive': 22607, 'train_section': 23502, 'section': 22489, 'departure_time': 1536745620, 'arrival_time': 1536748620}
1770	{'task_type': 'deadhead', 'locomotive': 22607, 'first_train_section': 23502, 'first_section': 22489, 'first_departure_time': 1536745620, 'first_arrival_time': 1536748620, 'second_train_section': 25383, 'second_section': 22404, 'second_departure_time': 1536749040, 'second_arrival_time': 1536758880}
1771	{'task_type': 'regular', 'locomotive': 22607, 'train_section': 25383, 'section': 22404, 'departure_time': 1536749040, 'arrival_time': 1536758880}
1772	{'task_type': 'deadhead', 'locomotive': 22607, 'first_train_section': 25383, 'first_section': 22404, 'first_departure_time': 1536749040, 'first_arrival_time': 1536758880, 'second_train_section': 26276, 'second_section': 22342, 'second_departure_time': 1536765540, 'second_arrival_time': 1536770820}
1773	{'task_type': 'regular', 'locomotive': 22607, 'train_section': 26276, 'section': 22342, 'departure_time': 1536765540, 'arrival_time': 1536770820}
1774	{'task_type': 'deadhead', 'locomotive': 22607, 'first_train_section': 26276, 'first_section': 22342, 'first_departure_time': 1536765540, 'first_arrival_time': 1536770820, 'second_train_section': 24184, 'second_section': 22334, 'second_departure_time': 1536783420, 'second_arrival_time': 1536786600}
1775	{'task_type': 'regular', 'locomotive': 22607, 'train_section': 24184, 'section': 22334, 'departure_time': 1536783420, 'arrival_time': 1536786600}
1776	{'task_type': 'regular', 'locomotive': 22607, 'train_section': 24186, 'section': 22322, 'departure_time': 1536786780, 'arrival_time': 1536795000}
1777	{'task_type': 'deadhead', 'locomotive': 22607, 'first_train_section': 24186, 'first_section': 22322, 'first_departure_time': 1536786780, 'first_arrival_time': 1536795000, 'second_train_section': 22846, 'second_section': 22452, 'second_departure_time': 1536799920, 'second_arrival_time': 1536802620}
1778	{'task_type': 'regular', 'locomotive': 22607, 'train_section': 22846, 'section': 22452, 'departure_time': 1536799920, 'arrival_time': 1536802620}
1779	{'task_type': 'deadhead', 'locomotive': 22607, 'first_train_section': 22846, 'first_section': 22452, 'first_departure_time': 1536799920, 'first_arrival_time': 1536802620, 'second_train_section': 23733, 'second_section': 22323, 'second_departure_time': 1536808020, 'second_arrival_time': 1536811380}
1780	{'task_type': 'regular', 'locomotive': 22607, 'train_section': 23733, 'section': 22323, 'departure_time': 1536808020, 'arrival_time': 1536811380}
1781	{'task_type': 'regular', 'locomotive': 22607, 'train_section': 23735, 'section': 22337, 'departure_time': 1536813120, 'arrival_time': 1536819960}
1782	{'task_type': 'deadhead', 'locomotive': 22607, 'first_train_section': 23735, 'first_section': 22337, 'first_departure_time': 1536813120, 'first_arrival_time': 1536819960, 'second_train_section': 24726, 'second_section': 22404, 'second_departure_time': 1536821220, 'second_arrival_time': 1536831120}
1783	{'task_type': 'regular', 'locomotive': 22607, 'train_section': 24726, 'section': 22404, 'departure_time': 1536821220, 'arrival_time': 1536831120}
1784	{'task_type': 'deadhead', 'locomotive': 22607, 'first_train_section': 24726, 'first_section': 22404, 'first_departure_time': 1536821220, 'first_arrival_time': 1536831120, 'second_train_section': 27075, 'second_section': 22259, 'second_departure_time': 1536837000, 'second_arrival_time': 1536837360}
1785	{'task_type': 'regular', 'locomotive': 22607, 'train_section': 27075, 'section': 22259, 'departure_time': 1536837000, 'arrival_time': 1536837360}
1786	{'task_type': 'deadhead', 'locomotive': 22607, 'first_train_section': 27075, 'first_section': 22259, 'first_departure_time': 1536837000, 'first_arrival_time': 1536837360, 'second_train_section': 25099, 'second_section': 22275, 'second_departure_time': 1536843900, 'second_arrival_time': 1536850980}
1787	{'task_type': 'regular', 'locomotive': 22607, 'train_section': 25099, 'section': 22275, 'departure_time': 1536843900, 'arrival_time': 1536850980}
1788	{'task_type': 'deadhead', 'locomotive': 22607, 'first_train_section': 25099, 'first_section': 22275, 'first_departure_time': 1536843900, 'first_arrival_time': 1536850980, 'second_train_section': 25760, 'second_section': 22297, 'second_departure_time': 1536852600, 'second_arrival_time': 1536853620}
1789	{'task_type': 'regular', 'locomotive': 22607, 'train_section': 25760, 'section': 22297, 'departure_time': 1536852600, 'arrival_time': 1536853620}
1790	{'task_type': 'deadhead', 'locomotive': 22607, 'first_train_section': 25760, 'first_section': 22297, 'first_departure_time': 1536852600, 'first_arrival_time': 1536853620, 'second_train_section': 27410, 'second_section': 22256, 'second_departure_time': 1536858600, 'second_arrival_time': 1536860880}
1791	{'task_type': 'regular', 'locomotive': 22607, 'train_section': 27410, 'section': 22256, 'departure_time': 1536858600, 'arrival_time': 1536860880}
1792	{'task_type': 'deadhead', 'locomotive': 22607, 'first_train_section': 27410, 'first_section': 22256, 'first_departure_time': 1536858600, 'first_arrival_time': 1536860880, 'second_train_section': 22758, 'second_section': 22255, 'second_departure_time': 1536861900, 'second_arrival_time': 1536862800}
1793	{'task_type': 'regular', 'locomotive': 22607, 'train_section': 22758, 'section': 22255, 'departure_time': 1536861900, 'arrival_time': 1536862800}
1794	{'task_type': 'regular', 'locomotive': 22607, 'train_section': 22760, 'section': 22468, 'departure_time': 1536865860, 'arrival_time': 1536870000}
1795	{'task_type': 'deadhead', 'locomotive': 22607, 'first_train_section': 22760, 'first_section': 22468, 'first_departure_time': 1536865860, 'first_arrival_time': 1536870000, 'second_train_section': 27809, 'second_section': 22451, 'second_departure_time': 1536879420, 'second_arrival_time': 1536886320}
1796	{'task_type': 'regular', 'locomotive': 22607, 'train_section': 27809, 'section': 22451, 'departure_time': 1536879420, 'arrival_time': 1536886320}
1797	{'task_type': 'deadhead', 'locomotive': 22607, 'first_train_section': 27809, 'first_section': 22451, 'first_departure_time': 1536879420, 'first_arrival_time': 1536886320, 'second_train_section': 25602, 'second_section': 22303, 'second_departure_time': 1536895440, 'second_arrival_time': 1536901320}
1798	{'task_type': 'regular', 'locomotive': 22607, 'train_section': 25602, 'section': 22303, 'departure_time': 1536895440, 'arrival_time': 1536901320}
1799	{'task_type': 'deadhead', 'locomotive': 22607, 'first_train_section': 25602, 'first_section': 22303, 'first_departure_time': 1536895440, 'first_arrival_time': 1536901320, 'second_train_section': 22916, 'second_section': 22495, 'second_departure_time': 1536909180, 'second_arrival_time': 1536912120}
1800	{'task_type': 'regular', 'locomotive': 22607, 'train_section': 22916, 'section': 22495, 'departure_time': 1536909180, 'arrival_time': 1536912120}
1801	{'task_type': 'deadhead', 'locomotive': 22607, 'first_train_section': 22916, 'first_section': 22495, 'first_departure_time': 1536909180, 'first_arrival_time': 1536912120, 'second_train_section': 25745, 'second_section': 22350, 'second_departure_time': 1536922140, 'second_arrival_time': 1536925800}
1802	{'task_type': 'regular', 'locomotive': 22607, 'train_section': 25745, 'section': 22350, 'departure_time': 1536922140, 'arrival_time': 1536925800}
1803	{'task_type': 'regular', 'locomotive': 22607, 'train_section': 24580, 'section': 22485, 'departure_time': 1536929940, 'arrival_time': 1536938580}
1804	{'task_type': 'deadhead', 'locomotive': 22607, 'first_train_section': 24580, 'first_section': 22485, 'first_departure_time': 1536929940, 'first_arrival_time': 1536938580, 'second_train_section': 26639, 'second_section': 22247, 'second_departure_time': 1536942660, 'second_arrival_time': 1536951660}
1805	{'task_type': 'regular', 'locomotive': 22607, 'train_section': 26639, 'section': 22247, 'departure_time': 1536942660, 'arrival_time': 1536951660}
1806	{'task_type': 'deadhead', 'locomotive': 22607, 'first_train_section': 26639, 'first_section': 22247, 'first_departure_time': 1536942660, 'first_arrival_time': 1536951660, 'second_train_section': 22821, 'second_section': 22398, 'second_departure_time': 1536960000, 'second_arrival_time': 1536965880}
1807	{'task_type': 'regular', 'locomotive': 22607, 'train_section': 22821, 'section': 22398, 'departure_time': 1536960000, 'arrival_time': 1536965880}
1808	{'task_type': 'deadhead', 'locomotive': 22607, 'first_train_section': 22821, 'first_section': 22398, 'first_departure_time': 1536960000, 'first_arrival_time': 1536965880, 'second_train_section': 24453, 'second_section': 22404, 'second_departure_time': 1536986220, 'second_arrival_time': 1536996420}
1809	{'task_type': 'regular', 'locomotive': 22607, 'train_section': 24453, 'section': 22404, 'departure_time': 1536986220, 'arrival_time': 1536996420}
1810	{'task_type': 'deadhead', 'locomotive': 22607, 'first_train_section': 24453, 'first_section': 22404, 'first_departure_time': 1536986220, 'first_arrival_time': 1536996420, 'second_train_section': 27098, 'second_section': 22495, 'second_departure_time': 1537005000, 'second_arrival_time': 1537007820}
1811	{'task_type': 'regular', 'locomotive': 22607, 'train_section': 27098, 'section': 22495, 'departure_time': 1537005000, 'arrival_time': 1537007820}
1812	{'task_type': 'deadhead', 'locomotive': 22608, 'first_train_section': 24872, 'first_section': 22382, 'first_departure_time': 1536601620, 'first_arrival_time': 1536616740, 'second_train_section': 24200, 'second_section': 22365, 'second_departure_time': 1536633780, 'second_arrival_time': 1536636960}
1813	{'task_type': 'regular', 'locomotive': 22608, 'train_section': 24200, 'section': 22365, 'departure_time': 1536633780, 'arrival_time': 1536636960}
1814	{'task_type': 'regular', 'locomotive': 22608, 'train_section': 25976, 'section': 22273, 'departure_time': 1536637680, 'arrival_time': 1536642060}
1815	{'task_type': 'deadhead', 'locomotive': 22608, 'first_train_section': 25976, 'first_section': 22273, 'first_departure_time': 1536637680, 'first_arrival_time': 1536642060, 'second_train_section': 26345, 'second_section': 22465, 'second_departure_time': 1536644460, 'second_arrival_time': 1536645660}
1816	{'task_type': 'regular', 'locomotive': 22608, 'train_section': 26345, 'section': 22465, 'departure_time': 1536644460, 'arrival_time': 1536645660}
1817	{'task_type': 'deadhead', 'locomotive': 22608, 'first_train_section': 26345, 'first_section': 22465, 'first_departure_time': 1536644460, 'first_arrival_time': 1536645660, 'second_train_section': 23050, 'second_section': 22489, 'second_departure_time': 1536659220, 'second_arrival_time': 1536662220}
1818	{'task_type': 'regular', 'locomotive': 22608, 'train_section': 23050, 'section': 22489, 'departure_time': 1536659220, 'arrival_time': 1536662220}
1819	{'task_type': 'deadhead', 'locomotive': 22608, 'first_train_section': 23050, 'first_section': 22489, 'first_departure_time': 1536659220, 'first_arrival_time': 1536662220, 'second_train_section': 27568, 'second_section': 22391, 'second_departure_time': 1536672360, 'second_arrival_time': 1536673080}
1820	{'task_type': 'regular', 'locomotive': 22608, 'train_section': 27568, 'section': 22391, 'departure_time': 1536672360, 'arrival_time': 1536673080}
1821	{'task_type': 'deadhead', 'locomotive': 22608, 'first_train_section': 27568, 'first_section': 22391, 'first_departure_time': 1536672360, 'first_arrival_time': 1536673080, 'second_train_section': 24859, 'second_section': 22439, 'second_departure_time': 1536691920, 'second_arrival_time': 1536699000}
1822	{'task_type': 'regular', 'locomotive': 22608, 'train_section': 24859, 'section': 22439, 'departure_time': 1536691920, 'arrival_time': 1536699000}
1823	{'task_type': 'regular', 'locomotive': 22608, 'train_section': 23320, 'section': 22337, 'departure_time': 1536699720, 'arrival_time': 1536706380}
1824	{'task_type': 'deadhead', 'locomotive': 22608, 'first_train_section': 23320, 'first_section': 22337, 'first_departure_time': 1536699720, 'first_arrival_time': 1536706380, 'second_train_section': 25893, 'second_section': 22407, 'second_departure_time': 1536712320, 'second_arrival_time': 1536719760}
1825	{'task_type': 'regular', 'locomotive': 22608, 'train_section': 25893, 'section': 22407, 'departure_time': 1536712320, 'arrival_time': 1536719760}
1826	{'task_type': 'regular', 'locomotive': 22608, 'train_section': 25895, 'section': 22334, 'departure_time': 1536720360, 'arrival_time': 1536723600}
1827	{'task_type': 'regular', 'locomotive': 22608, 'train_section': 25897, 'section': 22322, 'departure_time': 1536724620, 'arrival_time': 1536734280}
1828	{'task_type': 'deadhead', 'locomotive': 22608, 'first_train_section': 25897, 'first_section': 22322, 'first_departure_time': 1536724620, 'first_arrival_time': 1536734280, 'second_train_section': 23030, 'second_section': 22296, 'second_departure_time': 1536739200, 'second_arrival_time': 1536740100}
1829	{'task_type': 'regular', 'locomotive': 22608, 'train_section': 23030, 'section': 22296, 'departure_time': 1536739200, 'arrival_time': 1536740100}
1830	{'task_type': 'deadhead', 'locomotive': 22608, 'first_train_section': 23030, 'first_section': 22296, 'first_departure_time': 1536739200, 'first_arrival_time': 1536740100, 'second_train_section': 25725, 'second_section': 22378, 'second_departure_time': 1536753900, 'second_arrival_time': 1536757560}
1831	{'task_type': 'regular', 'locomotive': 22608, 'train_section': 25725, 'section': 22378, 'departure_time': 1536753900, 'arrival_time': 1536757560}
1832	{'task_type': 'regular', 'locomotive': 22608, 'train_section': 22827, 'section': 22416, 'departure_time': 1536758640, 'arrival_time': 1536762300}
1833	{'task_type': 'deadhead', 'locomotive': 22608, 'first_train_section': 22827, 'first_section': 22416, 'first_departure_time': 1536758640, 'first_arrival_time': 1536762300, 'second_train_section': 25427, 'second_section': 22416, 'second_departure_time': 1536767640, 'second_arrival_time': 1536771300}
1834	{'task_type': 'regular', 'locomotive': 22608, 'train_section': 25427, 'section': 22416, 'departure_time': 1536767640, 'arrival_time': 1536771300}
1835	{'task_type': 'regular', 'locomotive': 22608, 'train_section': 23252, 'section': 22378, 'departure_time': 1536773700, 'arrival_time': 1536777360}
1836	{'task_type': 'deadhead', 'locomotive': 22608, 'first_train_section': 23145, 'first_section': 22377, 'first_departure_time': 1536782100, 'first_arrival_time': 1536789540, 'second_train_section': 26791, 'second_section': 22496, 'second_departure_time': 1536798840, 'second_arrival_time': 1536802560}
1837	{'task_type': 'regular', 'locomotive': 22608, 'train_section': 26791, 'section': 22496, 'departure_time': 1536798840, 'arrival_time': 1536802560}
1838	{'task_type': 'deadhead', 'locomotive': 22608, 'first_train_section': 26791, 'first_section': 22496, 'first_departure_time': 1536798840, 'first_arrival_time': 1536802560, 'second_train_section': 26362, 'second_section': 22474, 'second_departure_time': 1536808800, 'second_arrival_time': 1536810480}
1839	{'task_type': 'regular', 'locomotive': 22608, 'train_section': 26362, 'section': 22474, 'departure_time': 1536808800, 'arrival_time': 1536810480}
1840	{'task_type': 'regular', 'locomotive': 22608, 'train_section': 26469, 'section': 22512, 'departure_time': 1536812940, 'arrival_time': 1536816300}
1841	{'task_type': 'deadhead', 'locomotive': 22608, 'first_train_section': 26469, 'first_section': 22512, 'first_departure_time': 1536812940, 'first_arrival_time': 1536816300, 'second_train_section': 24297, 'second_section': 22416, 'second_departure_time': 1536836040, 'second_arrival_time': 1536839700}
1842	{'task_type': 'regular', 'locomotive': 22608, 'train_section': 24297, 'section': 22416, 'departure_time': 1536836040, 'arrival_time': 1536839700}
1843	{'task_type': 'deadhead', 'locomotive': 22608, 'first_train_section': 24297, 'first_section': 22416, 'first_departure_time': 1536836040, 'first_arrival_time': 1536839700, 'second_train_section': 25130, 'second_section': 22416, 'second_departure_time': 1536845040, 'second_arrival_time': 1536848700}
1844	{'task_type': 'regular', 'locomotive': 22608, 'train_section': 25130, 'section': 22416, 'departure_time': 1536845040, 'arrival_time': 1536848700}
1845	{'task_type': 'deadhead', 'locomotive': 22608, 'first_train_section': 26207, 'first_section': 22302, 'first_departure_time': 1536876060, 'first_arrival_time': 1536893040, 'second_train_section': 24976, 'second_section': 22495, 'second_departure_time': 1536896460, 'second_arrival_time': 1536899460}
1846	{'task_type': 'regular', 'locomotive': 22608, 'train_section': 24976, 'section': 22495, 'departure_time': 1536896460, 'arrival_time': 1536899460}
1847	{'task_type': 'regular', 'locomotive': 22608, 'train_section': 23983, 'section': 22307, 'departure_time': 1536900000, 'arrival_time': 1536902340}
1848	{'task_type': 'deadhead', 'locomotive': 22608, 'first_train_section': 23983, 'first_section': 22307, 'first_departure_time': 1536900000, 'first_arrival_time': 1536902340, 'second_train_section': 26963, 'second_section': 22312, 'second_departure_time': 1536906600, 'second_arrival_time': 1536907680}
1849	{'task_type': 'regular', 'locomotive': 22608, 'train_section': 26963, 'section': 22312, 'departure_time': 1536906600, 'arrival_time': 1536907680}
1850	{'task_type': 'regular', 'locomotive': 22608, 'train_section': 26860, 'section': 22481, 'departure_time': 1536909360, 'arrival_time': 1536914280}
1851	{'task_type': 'deadhead', 'locomotive': 22608, 'first_train_section': 26860, 'first_section': 22481, 'first_departure_time': 1536909360, 'first_arrival_time': 1536914280, 'second_train_section': 24370, 'second_section': 22482, 'second_departure_time': 1536922080, 'second_arrival_time': 1536923700}
1852	{'task_type': 'regular', 'locomotive': 22608, 'train_section': 24370, 'section': 22482, 'departure_time': 1536922080, 'arrival_time': 1536923700}
1853	{'task_type': 'deadhead', 'locomotive': 22608, 'first_train_section': 24370, 'first_section': 22482, 'first_departure_time': 1536922080, 'first_arrival_time': 1536923700, 'second_train_section': 26845, 'second_section': 22454, 'second_departure_time': 1536938700, 'second_arrival_time': 1536944520}
1854	{'task_type': 'regular', 'locomotive': 22608, 'train_section': 26845, 'section': 22454, 'departure_time': 1536938700, 'arrival_time': 1536944520}
1855	{'task_type': 'deadhead', 'locomotive': 22608, 'first_train_section': 26845, 'first_section': 22454, 'first_departure_time': 1536938700, 'first_arrival_time': 1536944520, 'second_train_section': 23370, 'second_section': 22308, 'second_departure_time': 1536949200, 'second_arrival_time': 1536951960}
1856	{'task_type': 'regular', 'locomotive': 22608, 'train_section': 23370, 'section': 22308, 'departure_time': 1536949200, 'arrival_time': 1536951960}
1857	{'task_type': 'regular', 'locomotive': 22608, 'train_section': 25965, 'section': 22495, 'departure_time': 1536953280, 'arrival_time': 1536956220}
1858	{'task_type': 'deadhead', 'locomotive': 22608, 'first_train_section': 25965, 'first_section': 22495, 'first_departure_time': 1536953280, 'first_arrival_time': 1536956220, 'second_train_section': 25070, 'second_section': 22495, 'second_departure_time': 1536963900, 'second_arrival_time': 1536966840}
1859	{'task_type': 'regular', 'locomotive': 22608, 'train_section': 25070, 'section': 22495, 'departure_time': 1536963900, 'arrival_time': 1536966840}
1860	{'task_type': 'deadhead', 'locomotive': 22608, 'first_train_section': 25070, 'first_section': 22495, 'first_departure_time': 1536963900, 'first_arrival_time': 1536966840, 'second_train_section': 24618, 'second_section': 22427, 'second_departure_time': 1536975960, 'second_arrival_time': 1536978900}
1861	{'task_type': 'regular', 'locomotive': 22608, 'train_section': 24618, 'section': 22427, 'departure_time': 1536975960, 'arrival_time': 1536978900}
1862	{'task_type': 'deadhead', 'locomotive': 22608, 'first_train_section': 24618, 'first_section': 22427, 'first_departure_time': 1536975960, 'first_arrival_time': 1536978900, 'second_train_section': 23764, 'second_section': 22378, 'second_departure_time': 1536986100, 'second_arrival_time': 1536989760}
1863	{'task_type': 'regular', 'locomotive': 22608, 'train_section': 23764, 'section': 22378, 'departure_time': 1536986100, 'arrival_time': 1536989760}
1864	{'task_type': 'deadhead', 'locomotive': 22608, 'first_train_section': 23764, 'first_section': 22378, 'first_departure_time': 1536986100, 'first_arrival_time': 1536989760, 'second_train_section': 25696, 'second_section': 22378, 'second_departure_time': 1536998700, 'second_arrival_time': 1537002360}
1865	{'task_type': 'regular', 'locomotive': 22608, 'train_section': 25696, 'section': 22378, 'departure_time': 1536998700, 'arrival_time': 1537002360}
1866	{'task_type': 'regular', 'locomotive': 22608, 'train_section': 22774, 'section': 22416, 'departure_time': 1537005240, 'arrival_time': 1537008900}
1867	{'task_type': 'deadhead', 'locomotive': 22608, 'first_train_section': 22774, 'first_section': 22416, 'first_departure_time': 1537005240, 'first_arrival_time': 1537008900, 'second_train_section': 24532, 'second_section': 22458, 'second_departure_time': 1537019880, 'second_arrival_time': 1537029180}
1868	{'task_type': 'regular', 'locomotive': 22608, 'train_section': 24532, 'section': 22458, 'departure_time': 1537019880, 'arrival_time': 1537029180}
1869	{'task_type': 'deadhead', 'locomotive': 22608, 'first_train_section': 25287, 'first_section': 22359, 'first_departure_time': 1537045200, 'first_arrival_time': 1537048740, 'second_train_section': 27865, 'second_section': 22495, 'second_departure_time': 1537125300, 'second_arrival_time': 1537128300}
1870	{'task_type': 'regular', 'locomotive': 22608, 'train_section': 27865, 'section': 22495, 'departure_time': 1537125300, 'arrival_time': 1537128300}
1871	{'task_type': 'deadhead', 'locomotive': 22608, 'first_train_section': 27865, 'first_section': 22495, 'first_departure_time': 1537125300, 'first_arrival_time': 1537128300, 'second_train_section': 27340, 'second_section': 22476, 'second_departure_time': 1537132620, 'second_arrival_time': 1537135199}
1872	{'task_type': 'regular', 'locomotive': 22608, 'train_section': 27340, 'section': 22476, 'departure_time': 1537132620, 'arrival_time': 1537135199}
1873	{'task_type': 'regular', 'locomotive': 22609, 'train_section': 23597, 'section': 22325, 'departure_time': 1536633300, 'arrival_time': 1536647580}
1874	{'task_type': 'deadhead', 'locomotive': 22609, 'first_train_section': 23597, 'first_section': 22325, 'first_departure_time': 1536633300, 'first_arrival_time': 1536647580, 'second_train_section': 27818, 'second_section': 22331, 'second_departure_time': 1536664080, 'second_arrival_time': 1536674880}
1875	{'task_type': 'regular', 'locomotive': 22609, 'train_section': 27818, 'section': 22331, 'departure_time': 1536664080, 'arrival_time': 1536674880}
1876	{'task_type': 'deadhead', 'locomotive': 22609, 'first_train_section': 27818, 'first_section': 22331, 'first_departure_time': 1536664080, 'first_arrival_time': 1536674880, 'second_train_section': 23105, 'second_section': 22472, 'second_departure_time': 1536685980, 'second_arrival_time': 1536691140}
1877	{'task_type': 'regular', 'locomotive': 22609, 'train_section': 23105, 'section': 22472, 'departure_time': 1536685980, 'arrival_time': 1536691140}
1878	{'task_type': 'deadhead', 'locomotive': 22609, 'first_train_section': 26065, 'first_section': 22237, 'first_departure_time': 1536703200, 'first_arrival_time': 1536726300, 'second_train_section': 24280, 'second_section': 22290, 'second_departure_time': 1536732360, 'second_arrival_time': 1536739500}
1879	{'task_type': 'regular', 'locomotive': 22609, 'train_section': 24280, 'section': 22290, 'departure_time': 1536732360, 'arrival_time': 1536739500}
1880	{'task_type': 'deadhead', 'locomotive': 22609, 'first_train_section': 24280, 'first_section': 22290, 'first_departure_time': 1536732360, 'first_arrival_time': 1536739500, 'second_train_section': 25154, 'second_section': 22293, 'second_departure_time': 1536746640, 'second_arrival_time': 1536752100}
1881	{'task_type': 'regular', 'locomotive': 22609, 'train_section': 25154, 'section': 22293, 'departure_time': 1536746640, 'arrival_time': 1536752100}
1882	{'task_type': 'regular', 'locomotive': 22609, 'train_section': 25594, 'section': 22389, 'departure_time': 1536759000, 'arrival_time': 1536765720}
1883	{'task_type': 'deadhead', 'locomotive': 22609, 'first_train_section': 25594, 'first_section': 22389, 'first_departure_time': 1536759000, 'first_arrival_time': 1536765720, 'second_train_section': 24003, 'second_section': 22256, 'second_departure_time': 1536772200, 'second_arrival_time': 1536774480}
1884	{'task_type': 'regular', 'locomotive': 22609, 'train_section': 24003, 'section': 22256, 'departure_time': 1536772200, 'arrival_time': 1536774480}
1885	{'task_type': 'deadhead', 'locomotive': 22609, 'first_train_section': 24561, 'first_section': 22411, 'first_departure_time': 1536775380, 'first_arrival_time': 1536789540, 'second_train_section': 23731, 'second_section': 22288, 'second_departure_time': 1536800820, 'second_arrival_time': 1536807360}
1886	{'task_type': 'regular', 'locomotive': 22609, 'train_section': 23731, 'section': 22288, 'departure_time': 1536800820, 'arrival_time': 1536807360}
1887	{'task_type': 'regular', 'locomotive': 22609, 'train_section': 23209, 'section': 22322, 'departure_time': 1536811020, 'arrival_time': 1536820680}
1888	{'task_type': 'deadhead', 'locomotive': 22609, 'first_train_section': 23209, 'first_section': 22322, 'first_departure_time': 1536811020, 'first_arrival_time': 1536820680, 'second_train_section': 24150, 'second_section': 22313, 'second_departure_time': 1536835680, 'second_arrival_time': 1536840600}
1889	{'task_type': 'regular', 'locomotive': 22609, 'train_section': 24150, 'section': 22313, 'departure_time': 1536835680, 'arrival_time': 1536840600}
1890	{'task_type': 'deadhead', 'locomotive': 22609, 'first_train_section': 24150, 'first_section': 22313, 'first_departure_time': 1536835680, 'first_arrival_time': 1536840600, 'second_train_section': 23564, 'second_section': 22347, 'second_departure_time': 1536851940, 'second_arrival_time': 1536857280}
1891	{'task_type': 'regular', 'locomotive': 22609, 'train_section': 23564, 'section': 22347, 'departure_time': 1536851940, 'arrival_time': 1536857280}
1892	{'task_type': 'regular', 'locomotive': 22609, 'train_section': 23566, 'section': 22471, 'departure_time': 1536857820, 'arrival_time': 1536860640}
1893	{'task_type': 'deadhead', 'locomotive': 22609, 'first_train_section': 23566, 'first_section': 22471, 'first_departure_time': 1536857820, 'first_arrival_time': 1536860640, 'second_train_section': 23310, 'second_section': 22398, 'second_departure_time': 1536873600, 'second_arrival_time': 1536879480}
1894	{'task_type': 'regular', 'locomotive': 22609, 'train_section': 23310, 'section': 22398, 'departure_time': 1536873600, 'arrival_time': 1536879480}
1895	{'task_type': 'deadhead', 'locomotive': 22609, 'first_train_section': 23310, 'first_section': 22398, 'first_departure_time': 1536873600, 'first_arrival_time': 1536879480, 'second_train_section': 24051, 'second_section': 22325, 'second_departure_time': 1536892500, 'second_arrival_time': 1536906780}
1896	{'task_type': 'regular', 'locomotive': 22609, 'train_section': 24051, 'section': 22325, 'departure_time': 1536892500, 'arrival_time': 1536906780}
1897	{'task_type': 'deadhead', 'locomotive': 22609, 'first_train_section': 24051, 'first_section': 22325, 'first_departure_time': 1536892500, 'first_arrival_time': 1536906780, 'second_train_section': 26176, 'second_section': 22438, 'second_departure_time': 1536911520, 'second_arrival_time': 1536922260}
1898	{'task_type': 'regular', 'locomotive': 22609, 'train_section': 26176, 'section': 22438, 'departure_time': 1536911520, 'arrival_time': 1536922260}
1899	{'task_type': 'deadhead', 'locomotive': 22609, 'first_train_section': 26176, 'first_section': 22438, 'first_departure_time': 1536911520, 'first_arrival_time': 1536922260, 'second_train_section': 26842, 'second_section': 22294, 'second_departure_time': 1536931380, 'second_arrival_time': 1536933540}
1900	{'task_type': 'regular', 'locomotive': 22609, 'train_section': 26842, 'section': 22294, 'departure_time': 1536931380, 'arrival_time': 1536933540}
1901	{'task_type': 'deadhead', 'locomotive': 22609, 'first_train_section': 26842, 'first_section': 22294, 'first_departure_time': 1536931380, 'first_arrival_time': 1536933540, 'second_train_section': 27643, 'second_section': 22378, 'second_departure_time': 1536944700, 'second_arrival_time': 1536948360}
1902	{'task_type': 'regular', 'locomotive': 22609, 'train_section': 27643, 'section': 22378, 'departure_time': 1536944700, 'arrival_time': 1536948360}
1903	{'task_type': 'deadhead', 'locomotive': 22609, 'first_train_section': 27643, 'first_section': 22378, 'first_departure_time': 1536944700, 'first_arrival_time': 1536948360, 'second_train_section': 24658, 'second_section': 22460, 'second_departure_time': 1536949260, 'second_arrival_time': 1536951600}
1904	{'task_type': 'regular', 'locomotive': 22609, 'train_section': 24658, 'section': 22460, 'departure_time': 1536949260, 'arrival_time': 1536951600}
1905	{'task_type': 'deadhead', 'locomotive': 22609, 'first_train_section': 24658, 'first_section': 22460, 'first_departure_time': 1536949260, 'first_arrival_time': 1536951600, 'second_train_section': 26319, 'second_section': 22431, 'second_departure_time': 1536954060, 'second_arrival_time': 1536958260}
1906	{'task_type': 'regular', 'locomotive': 22609, 'train_section': 26319, 'section': 22431, 'departure_time': 1536954060, 'arrival_time': 1536958260}
1907	{'task_type': 'deadhead', 'locomotive': 22609, 'first_train_section': 26319, 'first_section': 22431, 'first_departure_time': 1536954060, 'first_arrival_time': 1536958260, 'second_train_section': 25068, 'second_section': 22443, 'second_departure_time': 1536960660, 'second_arrival_time': 1536962460}
1908	{'task_type': 'regular', 'locomotive': 22609, 'train_section': 25068, 'section': 22443, 'departure_time': 1536960660, 'arrival_time': 1536962460}
1909	{'task_type': 'deadhead', 'locomotive': 22609, 'first_train_section': 25068, 'first_section': 22443, 'first_departure_time': 1536960660, 'first_arrival_time': 1536962460, 'second_train_section': 25072, 'second_section': 22304, 'second_departure_time': 1536967500, 'second_arrival_time': 1536971880}
1910	{'task_type': 'regular', 'locomotive': 22609, 'train_section': 25072, 'section': 22304, 'departure_time': 1536967500, 'arrival_time': 1536971880}
1911	{'task_type': 'regular', 'locomotive': 22609, 'train_section': 25074, 'section': 22247, 'departure_time': 1536973980, 'arrival_time': 1536983460}
1912	{'task_type': 'deadhead', 'locomotive': 22609, 'first_train_section': 25074, 'first_section': 22247, 'first_departure_time': 1536973980, 'first_arrival_time': 1536983460, 'second_train_section': 26472, 'second_section': 22403, 'second_departure_time': 1536999540, 'second_arrival_time': 1537002060}
1913	{'task_type': 'regular', 'locomotive': 22609, 'train_section': 26472, 'section': 22403, 'departure_time': 1536999540, 'arrival_time': 1537002060}
1914	{'task_type': 'deadhead', 'locomotive': 22609, 'first_train_section': 26472, 'first_section': 22403, 'first_departure_time': 1536999540, 'first_arrival_time': 1537002060, 'second_train_section': 26410, 'second_section': 22342, 'second_departure_time': 1537017660, 'second_arrival_time': 1537023780}
1915	{'task_type': 'regular', 'locomotive': 22609, 'train_section': 26410, 'section': 22342, 'departure_time': 1537017660, 'arrival_time': 1537023780}
1916	{'task_type': 'deadhead', 'locomotive': 22609, 'first_train_section': 26410, 'first_section': 22342, 'first_departure_time': 1537017660, 'first_arrival_time': 1537023780, 'second_train_section': 24849, 'second_section': 22416, 'second_departure_time': 1537037640, 'second_arrival_time': 1537041300}
1917	{'task_type': 'regular', 'locomotive': 22609, 'train_section': 24849, 'section': 22416, 'departure_time': 1537037640, 'arrival_time': 1537041300}
1918	{'task_type': 'regular', 'locomotive': 22609, 'train_section': 24159, 'section': 22378, 'departure_time': 1537074300, 'arrival_time': 1537077960}
1919	{'task_type': 'deadhead', 'locomotive': 22609, 'first_train_section': 27523, 'first_section': 22417, 'first_departure_time': 1537077960, 'first_arrival_time': 1537088040, 'second_train_section': 27526, 'second_section': 22378, 'second_departure_time': 1537113900, 'second_arrival_time': 1537117560}
1920	{'task_type': 'regular', 'locomotive': 22609, 'train_section': 27526, 'section': 22378, 'departure_time': 1537113900, 'arrival_time': 1537117560}
1921	{'task_type': 'deadhead', 'locomotive': 22609, 'first_train_section': 27526, 'first_section': 22378, 'first_departure_time': 1537113900, 'first_arrival_time': 1537117560, 'second_train_section': 27863, 'second_section': 22434, 'second_departure_time': 1537119360, 'second_arrival_time': 1537124640}
1922	{'task_type': 'regular', 'locomotive': 22609, 'train_section': 27863, 'section': 22434, 'departure_time': 1537119360, 'arrival_time': 1537124640}
1923	{'task_type': 'regular', 'locomotive': 22611, 'train_section': 27072, 'section': 22378, 'departure_time': 1536599100, 'arrival_time': 1536602760}
1924	{'task_type': 'deadhead', 'locomotive': 22611, 'first_train_section': 23199, 'first_section': 22377, 'first_departure_time': 1536609300, 'first_arrival_time': 1536616740, 'second_train_section': 23969, 'second_section': 22431, 'second_departure_time': 1536630840, 'second_arrival_time': 1536634980}
1925	{'task_type': 'regular', 'locomotive': 22611, 'train_section': 23969, 'section': 22431, 'departure_time': 1536630840, 'arrival_time': 1536634980}
1926	{'task_type': 'regular', 'locomotive': 22611, 'train_section': 23971, 'section': 22495, 'departure_time': 1536636120, 'arrival_time': 1536639060}
1927	{'task_type': 'deadhead', 'locomotive': 22611, 'first_train_section': 23971, 'first_section': 22495, 'first_departure_time': 1536636120, 'first_arrival_time': 1536639060, 'second_train_section': 24084, 'second_section': 22258, 'second_departure_time': 1536648660, 'second_arrival_time': 1536651060}
1928	{'task_type': 'regular', 'locomotive': 22611, 'train_section': 24084, 'section': 22258, 'departure_time': 1536648660, 'arrival_time': 1536651060}
1929	{'task_type': 'deadhead', 'locomotive': 22611, 'first_train_section': 24084, 'first_section': 22258, 'first_departure_time': 1536648660, 'first_arrival_time': 1536651060, 'second_train_section': 26086, 'second_section': 22259, 'second_departure_time': 1536664200, 'second_arrival_time': 1536664560}
1930	{'task_type': 'regular', 'locomotive': 22611, 'train_section': 26086, 'section': 22259, 'departure_time': 1536664200, 'arrival_time': 1536664560}
1931	{'task_type': 'regular', 'locomotive': 22611, 'train_section': 24137, 'section': 22263, 'departure_time': 1536673080, 'arrival_time': 1536674880}
1932	{'task_type': 'deadhead', 'locomotive': 22611, 'first_train_section': 24137, 'first_section': 22263, 'first_departure_time': 1536673080, 'first_arrival_time': 1536674880, 'second_train_section': 24096, 'second_section': 22264, 'second_departure_time': 1536681180, 'second_arrival_time': 1536681600}
1933	{'task_type': 'regular', 'locomotive': 22611, 'train_section': 24096, 'section': 22264, 'departure_time': 1536681180, 'arrival_time': 1536681600}
1934	{'task_type': 'deadhead', 'locomotive': 22611, 'first_train_section': 24096, 'first_section': 22264, 'first_departure_time': 1536681180, 'first_arrival_time': 1536681600, 'second_train_section': 23850, 'second_section': 22483, 'second_departure_time': 1536686040, 'second_arrival_time': 1536689160}
1935	{'task_type': 'regular', 'locomotive': 22611, 'train_section': 23850, 'section': 22483, 'departure_time': 1536686040, 'arrival_time': 1536689160}
1936	{'task_type': 'deadhead', 'locomotive': 22611, 'first_train_section': 23850, 'first_section': 22483, 'first_departure_time': 1536686040, 'first_arrival_time': 1536689160, 'second_train_section': 23684, 'second_section': 22261, 'second_departure_time': 1536695100, 'second_arrival_time': 1536696660}
1937	{'task_type': 'regular', 'locomotive': 22611, 'train_section': 23684, 'section': 22261, 'departure_time': 1536695100, 'arrival_time': 1536696660}
1938	{'task_type': 'deadhead', 'locomotive': 22611, 'first_train_section': 23684, 'first_section': 22261, 'first_departure_time': 1536695100, 'first_arrival_time': 1536696660, 'second_train_section': 23398, 'second_section': 22246, 'second_departure_time': 1536700320, 'second_arrival_time': 1536701580}
1939	{'task_type': 'regular', 'locomotive': 22611, 'train_section': 23398, 'section': 22246, 'departure_time': 1536700320, 'arrival_time': 1536701580}
1940	{'task_type': 'deadhead', 'locomotive': 22611, 'first_train_section': 23398, 'first_section': 22246, 'first_departure_time': 1536700320, 'first_arrival_time': 1536701580, 'second_train_section': 27841, 'second_section': 22245, 'second_departure_time': 1536703740, 'second_arrival_time': 1536708240}
1941	{'task_type': 'regular', 'locomotive': 22611, 'train_section': 27841, 'section': 22245, 'departure_time': 1536703740, 'arrival_time': 1536708240}
1942	{'task_type': 'deadhead', 'locomotive': 22611, 'first_train_section': 27841, 'first_section': 22245, 'first_departure_time': 1536703740, 'first_arrival_time': 1536708240, 'second_train_section': 27845, 'second_section': 22496, 'second_departure_time': 1536712440, 'second_arrival_time': 1536716160}
1943	{'task_type': 'regular', 'locomotive': 22611, 'train_section': 27845, 'section': 22496, 'departure_time': 1536712440, 'arrival_time': 1536716160}
1944	{'task_type': 'deadhead', 'locomotive': 22611, 'first_train_section': 27845, 'first_section': 22496, 'first_departure_time': 1536712440, 'first_arrival_time': 1536716160, 'second_train_section': 24889, 'second_section': 22251, 'second_departure_time': 1536724260, 'second_arrival_time': 1536728400}
1945	{'task_type': 'regular', 'locomotive': 22611, 'train_section': 24889, 'section': 22251, 'departure_time': 1536724260, 'arrival_time': 1536728400}
1946	{'task_type': 'deadhead', 'locomotive': 22611, 'first_train_section': 24889, 'first_section': 22251, 'first_departure_time': 1536724260, 'first_arrival_time': 1536728400, 'second_train_section': 27726, 'second_section': 22422, 'second_departure_time': 1536731700, 'second_arrival_time': 1536742740}
1947	{'task_type': 'regular', 'locomotive': 22611, 'train_section': 27726, 'section': 22422, 'departure_time': 1536731700, 'arrival_time': 1536742740}
1948	{'task_type': 'deadhead', 'locomotive': 22611, 'first_train_section': 27726, 'first_section': 22422, 'first_departure_time': 1536731700, 'first_arrival_time': 1536742740, 'second_train_section': 24165, 'second_section': 22416, 'second_departure_time': 1536756840, 'second_arrival_time': 1536760500}
1949	{'task_type': 'regular', 'locomotive': 22611, 'train_section': 24165, 'section': 22416, 'departure_time': 1536756840, 'arrival_time': 1536760500}
1950	{'task_type': 'regular', 'locomotive': 22611, 'train_section': 26448, 'section': 22378, 'departure_time': 1536764700, 'arrival_time': 1536768360}
1951	{'task_type': 'deadhead', 'locomotive': 22611, 'first_train_section': 26448, 'first_section': 22378, 'first_departure_time': 1536764700, 'first_arrival_time': 1536768360, 'second_train_section': 27399, 'second_section': 22378, 'second_departure_time': 1536775500, 'second_arrival_time': 1536779160}
1952	{'task_type': 'regular', 'locomotive': 22611, 'train_section': 27399, 'section': 22378, 'departure_time': 1536775500, 'arrival_time': 1536779160}
1953	{'task_type': 'deadhead', 'locomotive': 22611, 'first_train_section': 27399, 'first_section': 22378, 'first_departure_time': 1536775500, 'first_arrival_time': 1536779160, 'second_train_section': 24852, 'second_section': 22431, 'second_departure_time': 1536781260, 'second_arrival_time': 1536785460}
1954	{'task_type': 'regular', 'locomotive': 22611, 'train_section': 24852, 'section': 22431, 'departure_time': 1536781260, 'arrival_time': 1536785460}
1955	{'task_type': 'deadhead', 'locomotive': 22611, 'first_train_section': 24852, 'first_section': 22431, 'first_departure_time': 1536781260, 'first_arrival_time': 1536785460, 'second_train_section': 26932, 'second_section': 22505, 'second_departure_time': 1536794100, 'second_arrival_time': 1536798840}
1956	{'task_type': 'regular', 'locomotive': 22611, 'train_section': 26932, 'section': 22505, 'departure_time': 1536794100, 'arrival_time': 1536798840}
1957	{'task_type': 'deadhead', 'locomotive': 22611, 'first_train_section': 26932, 'first_section': 22505, 'first_departure_time': 1536794100, 'first_arrival_time': 1536798840, 'second_train_section': 27532, 'second_section': 22342, 'second_departure_time': 1536810420, 'second_arrival_time': 1536816900}
1958	{'task_type': 'regular', 'locomotive': 22611, 'train_section': 27532, 'section': 22342, 'departure_time': 1536810420, 'arrival_time': 1536816900}
1959	{'task_type': 'regular', 'locomotive': 22611, 'train_section': 25179, 'section': 22281, 'departure_time': 1536822840, 'arrival_time': 1536828000}
1960	{'task_type': 'regular', 'locomotive': 22611, 'train_section': 22696, 'section': 22351, 'departure_time': 1536828480, 'arrival_time': 1536833640}
1961	{'task_type': 'deadhead', 'locomotive': 22611, 'first_train_section': 22696, 'first_section': 22351, 'first_departure_time': 1536828480, 'first_arrival_time': 1536833640, 'second_train_section': 26282, 'second_section': 22249, 'second_departure_time': 1536850080, 'second_arrival_time': 1536856080}
1962	{'task_type': 'regular', 'locomotive': 22611, 'train_section': 26282, 'section': 22249, 'departure_time': 1536850080, 'arrival_time': 1536856080}
1963	{'task_type': 'deadhead', 'locomotive': 22611, 'first_train_section': 23588, 'first_section': 22359, 'first_departure_time': 1536872400, 'first_arrival_time': 1536895800, 'second_train_section': 26857, 'second_section': 22508, 'second_departure_time': 1536903180, 'second_arrival_time': 1536906120}
1964	{'task_type': 'regular', 'locomotive': 22611, 'train_section': 26857, 'section': 22508, 'departure_time': 1536903180, 'arrival_time': 1536906120}
1965	{'task_type': 'deadhead', 'locomotive': 22611, 'first_train_section': 26857, 'first_section': 22508, 'first_departure_time': 1536903180, 'first_arrival_time': 1536906120, 'second_train_section': 23651, 'second_section': 22499, 'second_departure_time': 1536911100, 'second_arrival_time': 1536916260}
1966	{'task_type': 'regular', 'locomotive': 22611, 'train_section': 23651, 'section': 22499, 'departure_time': 1536911100, 'arrival_time': 1536916260}
1967	{'task_type': 'regular', 'locomotive': 22611, 'train_section': 26863, 'section': 22343, 'departure_time': 1536921600, 'arrival_time': 1536930120}
1968	{'task_type': 'regular', 'locomotive': 22611, 'train_section': 25136, 'section': 22469, 'departure_time': 1536938220, 'arrival_time': 1536940620}
1969	{'task_type': 'deadhead', 'locomotive': 22611, 'first_train_section': 25136, 'first_section': 22469, 'first_departure_time': 1536938220, 'first_arrival_time': 1536940620, 'second_train_section': 25096, 'second_section': 22256, 'second_departure_time': 1536945000, 'second_arrival_time': 1536947280}
1970	{'task_type': 'regular', 'locomotive': 22611, 'train_section': 25096, 'section': 22256, 'departure_time': 1536945000, 'arrival_time': 1536947280}
1971	{'task_type': 'deadhead', 'locomotive': 22611, 'first_train_section': 25096, 'first_section': 22256, 'first_departure_time': 1536945000, 'first_arrival_time': 1536947280, 'second_train_section': 27006, 'second_section': 22469, 'second_departure_time': 1536952800, 'second_arrival_time': 1536954960}
1972	{'task_type': 'regular', 'locomotive': 22611, 'train_section': 27006, 'section': 22469, 'departure_time': 1536952800, 'arrival_time': 1536954960}
1973	{'task_type': 'deadhead', 'locomotive': 22611, 'first_train_section': 23880, 'first_section': 22237, 'first_departure_time': 1536962400, 'first_arrival_time': 1536985500, 'second_train_section': 24344, 'second_section': 22279, 'second_departure_time': 1536989760, 'second_arrival_time': 1536995220}
1974	{'task_type': 'regular', 'locomotive': 22611, 'train_section': 24344, 'section': 22279, 'departure_time': 1536989760, 'arrival_time': 1536995220}
1975	{'task_type': 'deadhead', 'locomotive': 22611, 'first_train_section': 24344, 'first_section': 22279, 'first_departure_time': 1536989760, 'first_arrival_time': 1536995220, 'second_train_section': 25813, 'second_section': 22495, 'second_departure_time': 1537019280, 'second_arrival_time': 1537022040}
1976	{'task_type': 'regular', 'locomotive': 22611, 'train_section': 25813, 'section': 22495, 'departure_time': 1537019280, 'arrival_time': 1537022040}
1977	{'task_type': 'deadhead', 'locomotive': 22611, 'first_train_section': 25852, 'first_section': 22502, 'first_departure_time': 1537048860, 'first_arrival_time': 1537074900, 'second_train_section': 26403, 'second_section': 22356, 'second_departure_time': 1537090080, 'second_arrival_time': 1537097340}
1978	{'task_type': 'regular', 'locomotive': 22611, 'train_section': 26403, 'section': 22356, 'departure_time': 1537090080, 'arrival_time': 1537097340}
1979	{'task_type': 'regular', 'locomotive': 22612, 'train_section': 24945, 'section': 22309, 'departure_time': 1536641760, 'arrival_time': 1536647280}
1980	{'task_type': 'deadhead', 'locomotive': 22612, 'first_train_section': 24945, 'first_section': 22309, 'first_departure_time': 1536641760, 'first_arrival_time': 1536647280, 'second_train_section': 26510, 'second_section': 22479, 'second_departure_time': 1536652140, 'second_arrival_time': 1536653760}
1981	{'task_type': 'regular', 'locomotive': 22612, 'train_section': 26510, 'section': 22479, 'departure_time': 1536652140, 'arrival_time': 1536653760}
1982	{'task_type': 'deadhead', 'locomotive': 22612, 'first_train_section': 26510, 'first_section': 22479, 'first_departure_time': 1536652140, 'first_arrival_time': 1536653760, 'second_train_section': 27646, 'second_section': 22401, 'second_departure_time': 1536665700, 'second_arrival_time': 1536667080}
1983	{'task_type': 'regular', 'locomotive': 22612, 'train_section': 27646, 'section': 22401, 'departure_time': 1536665700, 'arrival_time': 1536667080}
1984	{'task_type': 'deadhead', 'locomotive': 22612, 'first_train_section': 27646, 'first_section': 22401, 'first_departure_time': 1536665700, 'first_arrival_time': 1536667080, 'second_train_section': 26693, 'second_section': 22318, 'second_departure_time': 1536672900, 'second_arrival_time': 1536677400}
1985	{'task_type': 'regular', 'locomotive': 22612, 'train_section': 26693, 'section': 22318, 'departure_time': 1536672900, 'arrival_time': 1536677400}
1986	{'task_type': 'deadhead', 'locomotive': 22612, 'first_train_section': 26693, 'first_section': 22318, 'first_departure_time': 1536672900, 'first_arrival_time': 1536677400, 'second_train_section': 22893, 'second_section': 22236, 'second_departure_time': 1536687300, 'second_arrival_time': 1536690540}
1987	{'task_type': 'regular', 'locomotive': 22612, 'train_section': 22893, 'section': 22236, 'departure_time': 1536687300, 'arrival_time': 1536690540}
1988	{'task_type': 'deadhead', 'locomotive': 22612, 'first_train_section': 22893, 'first_section': 22236, 'first_departure_time': 1536687300, 'first_arrival_time': 1536690540, 'second_train_section': 23961, 'second_section': 22404, 'second_departure_time': 1536691620, 'second_arrival_time': 1536700560}
1989	{'task_type': 'regular', 'locomotive': 22612, 'train_section': 23961, 'section': 22404, 'departure_time': 1536691620, 'arrival_time': 1536700560}
1990	{'task_type': 'regular', 'locomotive': 22612, 'train_section': 23963, 'section': 22249, 'departure_time': 1536700980, 'arrival_time': 1536705780}
1991	{'task_type': 'deadhead', 'locomotive': 22612, 'first_train_section': 23963, 'first_section': 22249, 'first_departure_time': 1536700980, 'first_arrival_time': 1536705780, 'second_train_section': 26141, 'second_section': 22378, 'second_departure_time': 1536719700, 'second_arrival_time': 1536723360}
1992	{'task_type': 'regular', 'locomotive': 22612, 'train_section': 26141, 'section': 22378, 'departure_time': 1536719700, 'arrival_time': 1536723360}
1993	{'task_type': 'deadhead', 'locomotive': 22612, 'first_train_section': 26141, 'first_section': 22378, 'first_departure_time': 1536719700, 'first_arrival_time': 1536723360, 'second_train_section': 25133, 'second_section': 22378, 'second_departure_time': 1536730500, 'second_arrival_time': 1536734160}
1994	{'task_type': 'regular', 'locomotive': 22612, 'train_section': 25133, 'section': 22378, 'departure_time': 1536730500, 'arrival_time': 1536734160}
1995	{'task_type': 'deadhead', 'locomotive': 22612, 'first_train_section': 25133, 'first_section': 22378, 'first_departure_time': 1536730500, 'first_arrival_time': 1536734160, 'second_train_section': 25189, 'second_section': 22495, 'second_departure_time': 1536745800, 'second_arrival_time': 1536748620}
1996	{'task_type': 'regular', 'locomotive': 22612, 'train_section': 25189, 'section': 22495, 'departure_time': 1536745800, 'arrival_time': 1536748620}
1997	{'task_type': 'regular', 'locomotive': 22612, 'train_section': 25191, 'section': 22304, 'departure_time': 1536750120, 'arrival_time': 1536755280}
1998	{'task_type': 'regular', 'locomotive': 22612, 'train_section': 25193, 'section': 22247, 'departure_time': 1536755520, 'arrival_time': 1536766620}
1999	{'task_type': 'deadhead', 'locomotive': 22612, 'first_train_section': 27619, 'first_section': 22382, 'first_departure_time': 1536774420, 'first_arrival_time': 1536789540, 'second_train_section': 23205, 'second_section': 22407, 'second_departure_time': 1536798720, 'second_arrival_time': 1536806160}
2000	{'task_type': 'regular', 'locomotive': 22612, 'train_section': 23205, 'section': 22407, 'departure_time': 1536798720, 'arrival_time': 1536806160}
2001	{'task_type': 'regular', 'locomotive': 22612, 'train_section': 23207, 'section': 22334, 'departure_time': 1536806760, 'arrival_time': 1536810000}
2002	{'task_type': 'deadhead', 'locomotive': 22612, 'first_train_section': 23207, 'first_section': 22334, 'first_departure_time': 1536806760, 'first_arrival_time': 1536810000, 'second_train_section': 23473, 'second_section': 22494, 'second_departure_time': 1536817500, 'second_arrival_time': 1536819720}
2003	{'task_type': 'regular', 'locomotive': 22612, 'train_section': 23473, 'section': 22494, 'departure_time': 1536817500, 'arrival_time': 1536819720}
2004	{'task_type': 'regular', 'locomotive': 22612, 'train_section': 23955, 'section': 22387, 'departure_time': 1536821520, 'arrival_time': 1536823320}
2005	{'task_type': 'deadhead', 'locomotive': 22612, 'first_train_section': 23955, 'first_section': 22387, 'first_departure_time': 1536821520, 'first_arrival_time': 1536823320, 'second_train_section': 23914, 'second_section': 22438, 'second_departure_time': 1536832320, 'second_arrival_time': 1536843060}
2006	{'task_type': 'regular', 'locomotive': 22612, 'train_section': 23914, 'section': 22438, 'departure_time': 1536832320, 'arrival_time': 1536843060}
2007	{'task_type': 'regular', 'locomotive': 22612, 'train_section': 23681, 'section': 22331, 'departure_time': 1536858480, 'arrival_time': 1536869400}
2008	{'task_type': 'deadhead', 'locomotive': 22612, 'first_train_section': 25805, 'first_section': 22319, 'first_departure_time': 1536876000, 'first_arrival_time': 1536893880, 'second_train_section': 24353, 'second_section': 22335, 'second_departure_time': 1536898320, 'second_arrival_time': 1536902100}
2009	{'task_type': 'regular', 'locomotive': 22612, 'train_section': 24353, 'section': 22335, 'departure_time': 1536898320, 'arrival_time': 1536902100}
2010	{'task_type': 'deadhead', 'locomotive': 22612, 'first_train_section': 24353, 'first_section': 22335, 'first_departure_time': 1536898320, 'first_arrival_time': 1536902100, 'second_train_section': 25739, 'second_section': 22494, 'second_departure_time': 1536903900, 'second_arrival_time': 1536906120}
2011	{'task_type': 'regular', 'locomotive': 22612, 'train_section': 25739, 'section': 22494, 'departure_time': 1536903900, 'arrival_time': 1536906120}
2012	{'task_type': 'deadhead', 'locomotive': 22612, 'first_train_section': 25739, 'first_section': 22494, 'first_departure_time': 1536903900, 'first_arrival_time': 1536906120, 'second_train_section': 24706, 'second_section': 22311, 'second_departure_time': 1536918000, 'second_arrival_time': 1536920760}
2013	{'task_type': 'regular', 'locomotive': 22612, 'train_section': 24706, 'section': 22311, 'departure_time': 1536918000, 'arrival_time': 1536920760}
2014	{'task_type': 'regular', 'locomotive': 22612, 'train_section': 23455, 'section': 22313, 'departure_time': 1536922080, 'arrival_time': 1536927000}
2015	{'task_type': 'deadhead', 'locomotive': 22612, 'first_train_section': 23455, 'first_section': 22313, 'first_departure_time': 1536922080, 'first_arrival_time': 1536927000, 'second_train_section': 24821, 'second_section': 22389, 'second_departure_time': 1536931800, 'second_arrival_time': 1536938520}
2016	{'task_type': 'regular', 'locomotive': 22612, 'train_section': 24821, 'section': 22389, 'departure_time': 1536931800, 'arrival_time': 1536938520}
2017	{'task_type': 'deadhead', 'locomotive': 22612, 'first_train_section': 24821, 'first_section': 22389, 'first_departure_time': 1536931800, 'first_arrival_time': 1536938520, 'second_train_section': 26696, 'second_section': 22288, 'second_departure_time': 1536944160, 'second_arrival_time': 1536953040}
2018	{'task_type': 'regular', 'locomotive': 22612, 'train_section': 26696, 'section': 22288, 'departure_time': 1536944160, 'arrival_time': 1536953040}
2019	{'task_type': 'deadhead', 'locomotive': 22612, 'first_train_section': 23767, 'first_section': 22319, 'first_departure_time': 1536962400, 'first_arrival_time': 1536985500, 'second_train_section': 27434, 'second_section': 22438, 'second_departure_time': 1536990600, 'second_arrival_time': 1537001460}
2020	{'task_type': 'regular', 'locomotive': 22612, 'train_section': 27434, 'section': 22438, 'departure_time': 1536990600, 'arrival_time': 1537001460}
2021	{'task_type': 'regular', 'locomotive': 22612, 'train_section': 27195, 'section': 22329, 'departure_time': 1537009080, 'arrival_time': 1537010520}
2022	{'task_type': 'regular', 'locomotive': 22613, 'train_section': 24287, 'section': 22442, 'departure_time': 1536594960, 'arrival_time': 1536597720}
2023	{'task_type': 'regular', 'locomotive': 22613, 'train_section': 24289, 'section': 22433, 'departure_time': 1536598560, 'arrival_time': 1536599040}
2024	{'task_type': 'deadhead', 'locomotive': 22613, 'first_train_section': 24289, 'first_section': 22433, 'first_departure_time': 1536598560, 'first_arrival_time': 1536599040, 'second_train_section': 27203, 'second_section': 22427, 'second_departure_time': 1536605100, 'second_arrival_time': 1536608340}
2025	{'task_type': 'regular', 'locomotive': 22613, 'train_section': 27203, 'section': 22427, 'departure_time': 1536605100, 'arrival_time': 1536608340}
2026	{'task_type': 'deadhead', 'locomotive': 22613, 'first_train_section': 27203, 'first_section': 22427, 'first_departure_time': 1536605100, 'first_arrival_time': 1536608340, 'second_train_section': 27207, 'second_section': 22495, 'second_departure_time': 1536611640, 'second_arrival_time': 1536614340}
2027	{'task_type': 'regular', 'locomotive': 22613, 'train_section': 27207, 'section': 22495, 'departure_time': 1536611640, 'arrival_time': 1536614340}
2028	{'task_type': 'deadhead', 'locomotive': 22613, 'first_train_section': 27207, 'first_section': 22495, 'first_departure_time': 1536611640, 'first_arrival_time': 1536614340, 'second_train_section': 27305, 'second_section': 22496, 'second_departure_time': 1536618180, 'second_arrival_time': 1536622200}
2029	{'task_type': 'regular', 'locomotive': 22613, 'train_section': 27305, 'section': 22496, 'departure_time': 1536618180, 'arrival_time': 1536622200}
2030	{'task_type': 'deadhead', 'locomotive': 22613, 'first_train_section': 27305, 'first_section': 22496, 'first_departure_time': 1536618180, 'first_arrival_time': 1536622200, 'second_train_section': 26552, 'second_section': 22496, 'second_departure_time': 1536637800, 'second_arrival_time': 1536643980}
2031	{'task_type': 'regular', 'locomotive': 22613, 'train_section': 26552, 'section': 22496, 'departure_time': 1536637800, 'arrival_time': 1536643980}
2032	{'task_type': 'deadhead', 'locomotive': 22613, 'first_train_section': 26552, 'first_section': 22496, 'first_departure_time': 1536637800, 'first_arrival_time': 1536643980, 'second_train_section': 26407, 'second_section': 22455, 'second_departure_time': 1536645480, 'second_arrival_time': 1536656880}
2033	{'task_type': 'regular', 'locomotive': 22613, 'train_section': 26407, 'section': 22455, 'departure_time': 1536645480, 'arrival_time': 1536656880}
2034	{'task_type': 'deadhead', 'locomotive': 22613, 'first_train_section': 26407, 'first_section': 22455, 'first_departure_time': 1536645480, 'first_arrival_time': 1536656880, 'second_train_section': 26800, 'second_section': 22416, 'second_departure_time': 1536670440, 'second_arrival_time': 1536674100}
2035	{'task_type': 'regular', 'locomotive': 22613, 'train_section': 26800, 'section': 22416, 'departure_time': 1536670440, 'arrival_time': 1536674100}
2036	{'task_type': 'deadhead', 'locomotive': 22613, 'first_train_section': 26800, 'first_section': 22416, 'first_departure_time': 1536670440, 'first_arrival_time': 1536674100, 'second_train_section': 26210, 'second_section': 22416, 'second_departure_time': 1536679440, 'second_arrival_time': 1536683100}
2037	{'task_type': 'regular', 'locomotive': 22613, 'train_section': 26210, 'section': 22416, 'departure_time': 1536679440, 'arrival_time': 1536683100}
2038	{'task_type': 'regular', 'locomotive': 22613, 'train_section': 23465, 'section': 22378, 'departure_time': 1536685500, 'arrival_time': 1536689160}
2039	{'task_type': 'regular', 'locomotive': 22613, 'train_section': 24966, 'section': 22378, 'departure_time': 1536721740, 'arrival_time': 1536725400}
2040	{'task_type': 'deadhead', 'locomotive': 22613, 'first_train_section': 24966, 'first_section': 22378, 'first_departure_time': 1536721740, 'first_arrival_time': 1536725400, 'second_train_section': 25614, 'second_section': 22429, 'second_departure_time': 1536728520, 'second_arrival_time': 1536730680}
2041	{'task_type': 'regular', 'locomotive': 22613, 'train_section': 25614, 'section': 22429, 'departure_time': 1536728520, 'arrival_time': 1536730680}
2042	{'task_type': 'deadhead', 'locomotive': 22613, 'first_train_section': 25614, 'first_section': 22429, 'first_departure_time': 1536728520, 'first_arrival_time': 1536730680, 'second_train_section': 24572, 'second_section': 22495, 'second_departure_time': 1536738480, 'second_arrival_time': 1536741360}
2043	{'task_type': 'regular', 'locomotive': 22613, 'train_section': 24572, 'section': 22495, 'departure_time': 1536738480, 'arrival_time': 1536741360}
2044	{'task_type': 'deadhead', 'locomotive': 22613, 'first_train_section': 24572, 'first_section': 22495, 'first_departure_time': 1536738480, 'first_arrival_time': 1536741360, 'second_train_section': 27111, 'second_section': 22416, 'second_departure_time': 1536753240, 'second_arrival_time': 1536756900}
2045	{'task_type': 'regular', 'locomotive': 22613, 'train_section': 27111, 'section': 22416, 'departure_time': 1536753240, 'arrival_time': 1536756900}
2046	{'task_type': 'deadhead', 'locomotive': 22613, 'first_train_section': 27111, 'first_section': 22416, 'first_departure_time': 1536753240, 'first_arrival_time': 1536756900, 'second_train_section': 26834, 'second_section': 22416, 'second_departure_time': 1536765840, 'second_arrival_time': 1536769500}
2047	{'task_type': 'regular', 'locomotive': 22613, 'train_section': 26834, 'section': 22416, 'departure_time': 1536765840, 'arrival_time': 1536769500}
2048	{'task_type': 'deadhead', 'locomotive': 22613, 'first_train_section': 25430, 'first_section': 22417, 'first_departure_time': 1536777360, 'first_arrival_time': 1536789540, 'second_train_section': 23917, 'second_section': 22326, 'second_departure_time': 1536809820, 'second_arrival_time': 1536818760}
2049	{'task_type': 'regular', 'locomotive': 22613, 'train_section': 23917, 'section': 22326, 'departure_time': 1536809820, 'arrival_time': 1536818760}
2050	{'task_type': 'deadhead', 'locomotive': 22613, 'first_train_section': 23917, 'first_section': 22326, 'first_departure_time': 1536809820, 'first_arrival_time': 1536818760, 'second_train_section': 27625, 'second_section': 22447, 'second_departure_time': 1536821580, 'second_arrival_time': 1536824640}
2051	{'task_type': 'regular', 'locomotive': 22613, 'train_section': 27625, 'section': 22447, 'departure_time': 1536821580, 'arrival_time': 1536824640}
2052	{'task_type': 'regular', 'locomotive': 22613, 'train_section': 23027, 'section': 22256, 'departure_time': 1536830280, 'arrival_time': 1536832980}
2053	{'task_type': 'deadhead', 'locomotive': 22613, 'first_train_section': 23027, 'first_section': 22256, 'first_departure_time': 1536830280, 'first_arrival_time': 1536832980, 'second_train_section': 27267, 'second_section': 22279, 'second_departure_time': 1536839400, 'second_arrival_time': 1536844320}
2054	{'task_type': 'regular', 'locomotive': 22613, 'train_section': 27267, 'section': 22279, 'departure_time': 1536839400, 'arrival_time': 1536844320}
2055	{'task_type': 'deadhead', 'locomotive': 22613, 'first_train_section': 27267, 'first_section': 22279, 'first_departure_time': 1536839400, 'first_arrival_time': 1536844320, 'second_train_section': 25736, 'second_section': 22329, 'second_departure_time': 1536857880, 'second_arrival_time': 1536859320}
2056	{'task_type': 'regular', 'locomotive': 22613, 'train_section': 25736, 'section': 22329, 'departure_time': 1536857880, 'arrival_time': 1536859320}
2057	{'task_type': 'deadhead', 'locomotive': 22613, 'first_train_section': 25736, 'first_section': 22329, 'first_departure_time': 1536857880, 'first_arrival_time': 1536859320, 'second_train_section': 24794, 'second_section': 22294, 'second_departure_time': 1536869280, 'second_arrival_time': 1536872520}
2058	{'task_type': 'regular', 'locomotive': 22613, 'train_section': 24794, 'section': 22294, 'departure_time': 1536869280, 'arrival_time': 1536872520}
2059	{'task_type': 'deadhead', 'locomotive': 22613, 'first_train_section': 24549, 'first_section': 22411, 'first_departure_time': 1536876000, 'first_arrival_time': 1536895620, 'second_train_section': 24321, 'second_section': 22388, 'second_departure_time': 1536903480, 'second_arrival_time': 1536905580}
2060	{'task_type': 'regular', 'locomotive': 22613, 'train_section': 24321, 'section': 22388, 'departure_time': 1536903480, 'arrival_time': 1536905580}
2061	{'task_type': 'deadhead', 'locomotive': 22613, 'first_train_section': 24321, 'first_section': 22388, 'first_departure_time': 1536903480, 'first_arrival_time': 1536905580, 'second_train_section': 23874, 'second_section': 22472, 'second_departure_time': 1536909180, 'second_arrival_time': 1536914340}
2062	{'task_type': 'regular', 'locomotive': 22613, 'train_section': 23874, 'section': 22472, 'departure_time': 1536909180, 'arrival_time': 1536914340}
2063	{'task_type': 'deadhead', 'locomotive': 22613, 'first_train_section': 23874, 'first_section': 22472, 'first_departure_time': 1536909180, 'first_arrival_time': 1536914340, 'second_train_section': 25339, 'second_section': 22472, 'second_departure_time': 1536923580, 'second_arrival_time': 1536928740}
2064	{'task_type': 'regular', 'locomotive': 22613, 'train_section': 25339, 'section': 22472, 'departure_time': 1536923580, 'arrival_time': 1536928740}
2065	{'task_type': 'deadhead', 'locomotive': 22613, 'first_train_section': 25339, 'first_section': 22472, 'first_departure_time': 1536923580, 'first_arrival_time': 1536928740, 'second_train_section': 27490, 'second_section': 22492, 'second_departure_time': 1536938640, 'second_arrival_time': 1536947880}
2066	{'task_type': 'regular', 'locomotive': 22613, 'train_section': 27490, 'section': 22492, 'departure_time': 1536938640, 'arrival_time': 1536947880}
2067	{'task_type': 'deadhead', 'locomotive': 22613, 'first_train_section': 27490, 'first_section': 22492, 'first_departure_time': 1536938640, 'first_arrival_time': 1536947880, 'second_train_section': 24429, 'second_section': 22289, 'second_departure_time': 1536953100, 'second_arrival_time': 1536960720}
2068	{'task_type': 'regular', 'locomotive': 22613, 'train_section': 24429, 'section': 22289, 'departure_time': 1536953100, 'arrival_time': 1536960720}
2069	{'task_type': 'deadhead', 'locomotive': 22613, 'first_train_section': 24429, 'first_section': 22289, 'first_departure_time': 1536953100, 'first_arrival_time': 1536960720, 'second_train_section': 25419, 'second_section': 22448, 'second_departure_time': 1536969360, 'second_arrival_time': 1536970620}
2070	{'task_type': 'regular', 'locomotive': 22613, 'train_section': 25419, 'section': 22448, 'departure_time': 1536969360, 'arrival_time': 1536970620}
2071	{'task_type': 'deadhead', 'locomotive': 22613, 'first_train_section': 25419, 'first_section': 22448, 'first_departure_time': 1536969360, 'first_arrival_time': 1536970620, 'second_train_section': 25414, 'second_section': 22323, 'second_departure_time': 1536980820, 'second_arrival_time': 1536984180}
2072	{'task_type': 'regular', 'locomotive': 22613, 'train_section': 25414, 'section': 22323, 'departure_time': 1536980820, 'arrival_time': 1536984180}
2073	{'task_type': 'deadhead', 'locomotive': 22613, 'first_train_section': 25414, 'first_section': 22323, 'first_departure_time': 1536980820, 'first_arrival_time': 1536984180, 'second_train_section': 23413, 'second_section': 22492, 'second_departure_time': 1536992640, 'second_arrival_time': 1537001880}
2074	{'task_type': 'regular', 'locomotive': 22613, 'train_section': 23413, 'section': 22492, 'departure_time': 1536992640, 'arrival_time': 1537001880}
2075	{'task_type': 'regular', 'locomotive': 22615, 'train_section': 24291, 'section': 22432, 'departure_time': 1536600480, 'arrival_time': 1536602100}
2076	{'task_type': 'deadhead', 'locomotive': 22615, 'first_train_section': 24291, 'first_section': 22432, 'first_departure_time': 1536600480, 'first_arrival_time': 1536602100, 'second_train_section': 26584, 'second_section': 22378, 'second_departure_time': 1536606300, 'second_arrival_time': 1536609960}
2077	{'task_type': 'regular', 'locomotive': 22615, 'train_section': 26584, 'section': 22378, 'departure_time': 1536606300, 'arrival_time': 1536609960}
2078	{'task_type': 'deadhead', 'locomotive': 22615, 'first_train_section': 22942, 'first_section': 22377, 'first_departure_time': 1536616500, 'first_arrival_time': 1536616740, 'second_train_section': 23657, 'second_section': 22426, 'second_departure_time': 1536636780, 'second_arrival_time': 1536639000}
2079	{'task_type': 'regular', 'locomotive': 22615, 'train_section': 23657, 'section': 22426, 'departure_time': 1536636780, 'arrival_time': 1536639000}
2080	{'task_type': 'deadhead', 'locomotive': 22615, 'first_train_section': 23657, 'first_section': 22426, 'first_departure_time': 1536636780, 'first_arrival_time': 1536639000, 'second_train_section': 23795, 'second_section': 22429, 'second_departure_time': 1536642120, 'second_arrival_time': 1536644280}
2081	{'task_type': 'regular', 'locomotive': 22615, 'train_section': 23795, 'section': 22429, 'departure_time': 1536642120, 'arrival_time': 1536644280}
2082	{'task_type': 'deadhead', 'locomotive': 22615, 'first_train_section': 23795, 'first_section': 22429, 'first_departure_time': 1536642120, 'first_arrival_time': 1536644280, 'second_train_section': 26591, 'second_section': 22306, 'second_departure_time': 1536656040, 'second_arrival_time': 1536659700}
2083	{'task_type': 'regular', 'locomotive': 22615, 'train_section': 26591, 'section': 22306, 'departure_time': 1536656040, 'arrival_time': 1536659700}
2084	{'task_type': 'deadhead', 'locomotive': 22615, 'first_train_section': 26591, 'first_section': 22306, 'first_departure_time': 1536656040, 'first_arrival_time': 1536659700, 'second_train_section': 24094, 'second_section': 22485, 'second_departure_time': 1536670740, 'second_arrival_time': 1536679380}
2085	{'task_type': 'regular', 'locomotive': 22615, 'train_section': 24094, 'section': 22485, 'departure_time': 1536670740, 'arrival_time': 1536679380}
2086	{'task_type': 'regular', 'locomotive': 22615, 'train_section': 25722, 'section': 22416, 'departure_time': 1536724440, 'arrival_time': 1536728100}
2087	{'task_type': 'regular', 'locomotive': 22615, 'train_section': 25912, 'section': 22378, 'departure_time': 1536728700, 'arrival_time': 1536732360}
2088	{'task_type': 'deadhead', 'locomotive': 22615, 'first_train_section': 25912, 'first_section': 22378, 'first_departure_time': 1536728700, 'first_arrival_time': 1536732360, 'second_train_section': 24264, 'second_section': 22423, 'second_departure_time': 1536737580, 'second_arrival_time': 1536750120}
2089	{'task_type': 'regular', 'locomotive': 22615, 'train_section': 24264, 'section': 22423, 'departure_time': 1536737580, 'arrival_time': 1536750120}
2090	{'task_type': 'deadhead', 'locomotive': 22615, 'first_train_section': 24264, 'first_section': 22423, 'first_departure_time': 1536737580, 'first_arrival_time': 1536750120, 'second_train_section': 25041, 'second_section': 22378, 'second_departure_time': 1536761100, 'second_arrival_time': 1536764760}
2091	{'task_type': 'regular', 'locomotive': 22615, 'train_section': 25041, 'section': 22378, 'departure_time': 1536761100, 'arrival_time': 1536764760}
2092	{'task_type': 'deadhead', 'locomotive': 22615, 'first_train_section': 25041, 'first_section': 22378, 'first_departure_time': 1536761100, 'first_arrival_time': 1536764760, 'second_train_section': 25932, 'second_section': 22414, 'second_departure_time': 1536767820, 'second_arrival_time': 1536772260}
2093	{'task_type': 'regular', 'locomotive': 22615, 'train_section': 25932, 'section': 22414, 'departure_time': 1536767820, 'arrival_time': 1536772260}
2094	{'task_type': 'deadhead', 'locomotive': 22615, 'first_train_section': 25932, 'first_section': 22414, 'first_departure_time': 1536767820, 'first_arrival_time': 1536772260, 'second_train_section': 27251, 'second_section': 22386, 'second_departure_time': 1536780120, 'second_arrival_time': 1536785160}
2095	{'task_type': 'regular', 'locomotive': 22615, 'train_section': 27251, 'section': 22386, 'departure_time': 1536780120, 'arrival_time': 1536785160}
2096	{'task_type': 'deadhead', 'locomotive': 22615, 'first_train_section': 27251, 'first_section': 22386, 'first_departure_time': 1536780120, 'first_arrival_time': 1536785160, 'second_train_section': 25507, 'second_section': 22304, 'second_departure_time': 1536787920, 'second_arrival_time': 1536792480}
2097	{'task_type': 'regular', 'locomotive': 22615, 'train_section': 25507, 'section': 22304, 'departure_time': 1536787920, 'arrival_time': 1536792480}
2098	{'task_type': 'regular', 'locomotive': 22615, 'train_section': 25509, 'section': 22247, 'departure_time': 1536793140, 'arrival_time': 1536801960}
2099	{'task_type': 'deadhead', 'locomotive': 22615, 'first_train_section': 25509, 'first_section': 22247, 'first_departure_time': 1536793140, 'first_arrival_time': 1536801960, 'second_train_section': 23523, 'second_section': 22273, 'second_departure_time': 1536809040, 'second_arrival_time': 1536814560}
2100	{'task_type': 'regular', 'locomotive': 22615, 'train_section': 23523, 'section': 22273, 'departure_time': 1536809040, 'arrival_time': 1536814560}
2101	{'task_type': 'regular', 'locomotive': 22615, 'train_section': 26653, 'section': 22401, 'departure_time': 1536815340, 'arrival_time': 1536816660}
2102	{'task_type': 'deadhead', 'locomotive': 22615, 'first_train_section': 26653, 'first_section': 22401, 'first_departure_time': 1536815340, 'first_arrival_time': 1536816660, 'second_train_section': 24506, 'second_section': 22403, 'second_departure_time': 1536817560, 'second_arrival_time': 1536820320}
2103	{'task_type': 'regular', 'locomotive': 22615, 'train_section': 24506, 'section': 22403, 'departure_time': 1536817560, 'arrival_time': 1536820320}
2104	{'task_type': 'deadhead', 'locomotive': 22615, 'first_train_section': 24506, 'first_section': 22403, 'first_departure_time': 1536817560, 'first_arrival_time': 1536820320, 'second_train_section': 24919, 'second_section': 22270, 'second_departure_time': 1536830160, 'second_arrival_time': 1536832080}
2105	{'task_type': 'regular', 'locomotive': 22615, 'train_section': 24919, 'section': 22270, 'departure_time': 1536830160, 'arrival_time': 1536832080}
2106	{'task_type': 'deadhead', 'locomotive': 22615, 'first_train_section': 24919, 'first_section': 22270, 'first_departure_time': 1536830160, 'first_arrival_time': 1536832080, 'second_train_section': 25243, 'second_section': 22394, 'second_departure_time': 1536850320, 'second_arrival_time': 1536854760}
2107	{'task_type': 'regular', 'locomotive': 22615, 'train_section': 25243, 'section': 22394, 'departure_time': 1536850320, 'arrival_time': 1536854760}
2108	{'task_type': 'deadhead', 'locomotive': 22615, 'first_train_section': 25243, 'first_section': 22394, 'first_departure_time': 1536850320, 'first_arrival_time': 1536854760, 'second_train_section': 23273, 'second_section': 22246, 'second_departure_time': 1536873120, 'second_arrival_time': 1536874380}
2109	{'task_type': 'regular', 'locomotive': 22615, 'train_section': 23273, 'section': 22246, 'departure_time': 1536873120, 'arrival_time': 1536874380}
2110	{'task_type': 'deadhead', 'locomotive': 22615, 'first_train_section': 23273, 'first_section': 22246, 'first_departure_time': 1536873120, 'first_arrival_time': 1536874380, 'second_train_section': 27493, 'second_section': 22430, 'second_departure_time': 1536890580, 'second_arrival_time': 1536892680}
2111	{'task_type': 'regular', 'locomotive': 22615, 'train_section': 27493, 'section': 22430, 'departure_time': 1536890580, 'arrival_time': 1536892680}
2112	{'task_type': 'deadhead', 'locomotive': 22615, 'first_train_section': 27493, 'first_section': 22430, 'first_departure_time': 1536890580, 'first_arrival_time': 1536892680, 'second_train_section': 25220, 'second_section': 22416, 'second_departure_time': 1536895440, 'second_arrival_time': 1536899100}
2113	{'task_type': 'regular', 'locomotive': 22615, 'train_section': 25220, 'section': 22416, 'departure_time': 1536895440, 'arrival_time': 1536899100}
2114	{'task_type': 'regular', 'locomotive': 22615, 'train_section': 27677, 'section': 22378, 'departure_time': 1536901500, 'arrival_time': 1536905160}
2115	{'task_type': 'deadhead', 'locomotive': 22615, 'first_train_section': 27677, 'first_section': 22378, 'first_departure_time': 1536901500, 'first_arrival_time': 1536905160, 'second_train_section': 24426, 'second_section': 22378, 'second_departure_time': 1536921300, 'second_arrival_time': 1536924960}
2116	{'task_type': 'regular', 'locomotive': 22615, 'train_section': 24426, 'section': 22378, 'departure_time': 1536921300, 'arrival_time': 1536924960}
2117	{'task_type': 'deadhead', 'locomotive': 22615, 'first_train_section': 24426, 'first_section': 22378, 'first_departure_time': 1536921300, 'first_arrival_time': 1536924960, 'second_train_section': 26068, 'second_section': 22338, 'second_departure_time': 1536935040, 'second_arrival_time': 1536947160}
2118	{'task_type': 'regular', 'locomotive': 22615, 'train_section': 26068, 'section': 22338, 'departure_time': 1536935040, 'arrival_time': 1536947160}
2119	{'task_type': 'deadhead', 'locomotive': 22615, 'first_train_section': 26068, 'first_section': 22338, 'first_departure_time': 1536935040, 'first_arrival_time': 1536947160, 'second_train_section': 24147, 'second_section': 22385, 'second_departure_time': 1536950820, 'second_arrival_time': 1536951600}
2120	{'task_type': 'regular', 'locomotive': 22615, 'train_section': 24147, 'section': 22385, 'departure_time': 1536950820, 'arrival_time': 1536951600}
2121	{'task_type': 'deadhead', 'locomotive': 22615, 'first_train_section': 24147, 'first_section': 22385, 'first_departure_time': 1536950820, 'first_arrival_time': 1536951600, 'second_train_section': 23625, 'second_section': 22443, 'second_departure_time': 1536965700, 'second_arrival_time': 1536967380}
2122	{'task_type': 'regular', 'locomotive': 22615, 'train_section': 23625, 'section': 22443, 'departure_time': 1536965700, 'arrival_time': 1536967380}
2123	{'task_type': 'deadhead', 'locomotive': 22615, 'first_train_section': 23625, 'first_section': 22443, 'first_departure_time': 1536965700, 'first_arrival_time': 1536967380, 'second_train_section': 25416, 'second_section': 22337, 'second_departure_time': 1536985920, 'second_arrival_time': 1536992760}
2124	{'task_type': 'regular', 'locomotive': 22615, 'train_section': 25416, 'section': 22337, 'departure_time': 1536985920, 'arrival_time': 1536992760}
2125	{'task_type': 'deadhead', 'locomotive': 22615, 'first_train_section': 25416, 'first_section': 22337, 'first_departure_time': 1536985920, 'first_arrival_time': 1536992760, 'second_train_section': 25754, 'second_section': 22351, 'second_departure_time': 1537008480, 'second_arrival_time': 1537013640}
2126	{'task_type': 'regular', 'locomotive': 22615, 'train_section': 25754, 'section': 22351, 'departure_time': 1537008480, 'arrival_time': 1537013640}
2127	{'task_type': 'deadhead', 'locomotive': 22615, 'first_train_section': 25754, 'first_section': 22351, 'first_departure_time': 1537008480, 'first_arrival_time': 1537013640, 'second_train_section': 27752, 'second_section': 22249, 'second_departure_time': 1537132980, 'second_arrival_time': 1537135199}
2128	{'task_type': 'regular', 'locomotive': 22615, 'train_section': 27752, 'section': 22249, 'departure_time': 1537132980, 'arrival_time': 1537135199}
2129	{'task_type': 'regular', 'locomotive': 22616, 'train_section': 25808, 'section': 22398, 'departure_time': 1536614400, 'arrival_time': 1536620280}
2130	{'task_type': 'regular', 'locomotive': 22616, 'train_section': 23047, 'section': 22336, 'departure_time': 1536632580, 'arrival_time': 1536638700}
2131	{'task_type': 'deadhead', 'locomotive': 22616, 'first_train_section': 23047, 'first_section': 22336, 'first_departure_time': 1536632580, 'first_arrival_time': 1536638700, 'second_train_section': 26380, 'second_section': 22403, 'second_departure_time': 1536644760, 'second_arrival_time': 1536647520}
2132	{'task_type': 'regular', 'locomotive': 22616, 'train_section': 26380, 'section': 22403, 'departure_time': 1536644760, 'arrival_time': 1536647520}
2133	{'task_type': 'deadhead', 'locomotive': 22616, 'first_train_section': 26380, 'first_section': 22403, 'first_departure_time': 1536644760, 'first_arrival_time': 1536647520, 'second_train_section': 27872, 'second_section': 22249, 'second_departure_time': 1536658560, 'second_arrival_time': 1536666000}
2134	{'task_type': 'regular', 'locomotive': 22616, 'train_section': 27872, 'section': 22249, 'departure_time': 1536658560, 'arrival_time': 1536666000}
2135	{'task_type': 'deadhead', 'locomotive': 22616, 'first_train_section': 27872, 'first_section': 22249, 'first_departure_time': 1536658560, 'first_arrival_time': 1536666000, 'second_train_section': 27121, 'second_section': 22264, 'second_departure_time': 1536676140, 'second_arrival_time': 1536676560}
2136	{'task_type': 'regular', 'locomotive': 22616, 'train_section': 27121, 'section': 22264, 'departure_time': 1536676140, 'arrival_time': 1536676560}
2137	{'task_type': 'deadhead', 'locomotive': 22616, 'first_train_section': 27121, 'first_section': 22264, 'first_departure_time': 1536676140, 'first_arrival_time': 1536676560, 'second_train_section': 23777, 'second_section': 22496, 'second_departure_time': 1536688140, 'second_arrival_time': 1536692760}
2138	{'task_type': 'regular', 'locomotive': 22616, 'train_section': 23777, 'section': 22496, 'departure_time': 1536688140, 'arrival_time': 1536692760}
2139	{'task_type': 'deadhead', 'locomotive': 22616, 'first_train_section': 23777, 'first_section': 22496, 'first_departure_time': 1536688140, 'first_arrival_time': 1536692760, 'second_train_section': 24108, 'second_section': 22385, 'second_departure_time': 1536700140, 'second_arrival_time': 1536701040}
2140	{'task_type': 'regular', 'locomotive': 22616, 'train_section': 24108, 'section': 22385, 'departure_time': 1536700140, 'arrival_time': 1536701040}
2141	{'task_type': 'deadhead', 'locomotive': 22616, 'first_train_section': 24108, 'first_section': 22385, 'first_departure_time': 1536700140, 'first_arrival_time': 1536701040, 'second_train_section': 25906, 'second_section': 22425, 'second_departure_time': 1536703500, 'second_arrival_time': 1536705060}
2142	{'task_type': 'regular', 'locomotive': 22616, 'train_section': 25906, 'section': 22425, 'departure_time': 1536703500, 'arrival_time': 1536705060}
2143	{'task_type': 'deadhead', 'locomotive': 22616, 'first_train_section': 25906, 'first_section': 22425, 'first_departure_time': 1536703500, 'first_arrival_time': 1536705060, 'second_train_section': 26388, 'second_section': 22443, 'second_departure_time': 1536715500, 'second_arrival_time': 1536717180}
2144	{'task_type': 'regular', 'locomotive': 22616, 'train_section': 26388, 'section': 22443, 'departure_time': 1536715500, 'arrival_time': 1536717180}
2145	{'task_type': 'deadhead', 'locomotive': 22616, 'first_train_section': 26388, 'first_section': 22443, 'first_departure_time': 1536715500, 'first_arrival_time': 1536717180, 'second_train_section': 23728, 'second_section': 22512, 'second_departure_time': 1536726540, 'second_arrival_time': 1536729900}
2146	{'task_type': 'regular', 'locomotive': 22616, 'train_section': 23728, 'section': 22512, 'departure_time': 1536726540, 'arrival_time': 1536729900}
2147	{'task_type': 'regular', 'locomotive': 22616, 'train_section': 24529, 'section': 22455, 'departure_time': 1536731880, 'arrival_time': 1536743280}
2148	{'task_type': 'deadhead', 'locomotive': 22616, 'first_train_section': 24529, 'first_section': 22455, 'first_departure_time': 1536731880, 'first_arrival_time': 1536743280, 'second_train_section': 22743, 'second_section': 22369, 'second_departure_time': 1536753660, 'second_arrival_time': 1536757380}
2149	{'task_type': 'regular', 'locomotive': 22616, 'train_section': 22743, 'section': 22369, 'departure_time': 1536753660, 'arrival_time': 1536757380}
2150	{'task_type': 'regular', 'locomotive': 22616, 'train_section': 22745, 'section': 22344, 'departure_time': 1536759180, 'arrival_time': 1536760200}
2151	{'task_type': 'deadhead', 'locomotive': 22616, 'first_train_section': 22745, 'first_section': 22344, 'first_departure_time': 1536759180, 'first_arrival_time': 1536760200, 'second_train_section': 25226, 'second_section': 22254, 'second_departure_time': 1536770880, 'second_arrival_time': 1536771540}
2152	{'task_type': 'regular', 'locomotive': 22616, 'train_section': 25226, 'section': 22254, 'departure_time': 1536770880, 'arrival_time': 1536771540}
2153	{'task_type': 'deadhead', 'locomotive': 22616, 'first_train_section': 25226, 'first_section': 22254, 'first_departure_time': 1536770880, 'first_arrival_time': 1536771540, 'second_train_section': 26803, 'second_section': 22446, 'second_departure_time': 1536772860, 'second_arrival_time': 1536773940}
2154	{'task_type': 'regular', 'locomotive': 22616, 'train_section': 26803, 'section': 22446, 'departure_time': 1536772860, 'arrival_time': 1536773940}
2155	{'task_type': 'deadhead', 'locomotive': 22616, 'first_train_section': 26803, 'first_section': 22446, 'first_departure_time': 1536772860, 'first_arrival_time': 1536773940, 'second_train_section': 27586, 'second_section': 22294, 'second_departure_time': 1536782880, 'second_arrival_time': 1536786120}
2156	{'task_type': 'regular', 'locomotive': 22616, 'train_section': 27586, 'section': 22294, 'departure_time': 1536782880, 'arrival_time': 1536786120}
2157	{'task_type': 'deadhead', 'locomotive': 22616, 'first_train_section': 22849, 'first_section': 22411, 'first_departure_time': 1536789600, 'first_arrival_time': 1536809220, 'second_train_section': 24521, 'second_section': 22247, 'second_departure_time': 1536822120, 'second_arrival_time': 1536831360}
2158	{'task_type': 'regular', 'locomotive': 22616, 'train_section': 24521, 'section': 22247, 'departure_time': 1536822120, 'arrival_time': 1536831360}
2159	{'task_type': 'deadhead', 'locomotive': 22616, 'first_train_section': 24521, 'first_section': 22247, 'first_departure_time': 1536822120, 'first_arrival_time': 1536831360, 'second_train_section': 26144, 'second_section': 22466, 'second_departure_time': 1536840300, 'second_arrival_time': 1536841440}
2160	{'task_type': 'regular', 'locomotive': 22616, 'train_section': 26144, 'section': 22466, 'departure_time': 1536840300, 'arrival_time': 1536841440}
2161	{'task_type': 'deadhead', 'locomotive': 22616, 'first_train_section': 26144, 'first_section': 22466, 'first_departure_time': 1536840300, 'first_arrival_time': 1536841440, 'second_train_section': 24000, 'second_section': 22318, 'second_departure_time': 1536845700, 'second_arrival_time': 1536850200}
2162	{'task_type': 'regular', 'locomotive': 22616, 'train_section': 24000, 'section': 22318, 'departure_time': 1536845700, 'arrival_time': 1536850200}
2163	{'task_type': 'regular', 'locomotive': 22616, 'train_section': 26091, 'section': 22488, 'departure_time': 1536851640, 'arrival_time': 1536856020}
2164	{'task_type': 'deadhead', 'locomotive': 22616, 'first_train_section': 26091, 'first_section': 22488, 'first_departure_time': 1536851640, 'first_arrival_time': 1536856020, 'second_train_section': 24925, 'second_section': 22404, 'second_departure_time': 1536865440, 'second_arrival_time': 1536874020}
2165	{'task_type': 'regular', 'locomotive': 22616, 'train_section': 24925, 'section': 22404, 'departure_time': 1536865440, 'arrival_time': 1536874020}
2166	{'task_type': 'deadhead', 'locomotive': 22616, 'first_train_section': 24925, 'first_section': 22404, 'first_departure_time': 1536865440, 'first_arrival_time': 1536874020, 'second_train_section': 27763, 'second_section': 22495, 'second_departure_time': 1536882240, 'second_arrival_time': 1536885120}
2167	{'task_type': 'regular', 'locomotive': 22616, 'train_section': 27763, 'section': 22495, 'departure_time': 1536882240, 'arrival_time': 1536885120}
2168	{'task_type': 'regular', 'locomotive': 22616, 'train_section': 27765, 'section': 22309, 'departure_time': 1536885780, 'arrival_time': 1536890400}
2169	{'task_type': 'deadhead', 'locomotive': 22616, 'first_train_section': 27765, 'first_section': 22309, 'first_departure_time': 1536885780, 'first_arrival_time': 1536890400, 'second_train_section': 26608, 'second_section': 22495, 'second_departure_time': 1536899640, 'second_arrival_time': 1536902460}
2170	{'task_type': 'regular', 'locomotive': 22616, 'train_section': 26608, 'section': 22495, 'departure_time': 1536899640, 'arrival_time': 1536902460}
2171	{'task_type': 'deadhead', 'locomotive': 22616, 'first_train_section': 26608, 'first_section': 22495, 'first_departure_time': 1536899640, 'first_arrival_time': 1536902460, 'second_train_section': 26613, 'second_section': 22247, 'second_departure_time': 1536908520, 'second_arrival_time': 1536917760}
2172	{'task_type': 'regular', 'locomotive': 22616, 'train_section': 26613, 'section': 22247, 'departure_time': 1536908520, 'arrival_time': 1536917760}
2173	{'task_type': 'deadhead', 'locomotive': 22616, 'first_train_section': 26613, 'first_section': 22247, 'first_departure_time': 1536908520, 'first_arrival_time': 1536917760, 'second_train_section': 22927, 'second_section': 22337, 'second_departure_time': 1536926280, 'second_arrival_time': 1536933000}
2174	{'task_type': 'regular', 'locomotive': 22616, 'train_section': 22927, 'section': 22337, 'departure_time': 1536926280, 'arrival_time': 1536933000}
2175	{'task_type': 'deadhead', 'locomotive': 22616, 'first_train_section': 22927, 'first_section': 22337, 'first_departure_time': 1536926280, 'first_arrival_time': 1536933000, 'second_train_section': 27734, 'second_section': 22399, 'second_departure_time': 1536937800, 'second_arrival_time': 1536939240}
2176	{'task_type': 'regular', 'locomotive': 22616, 'train_section': 27734, 'section': 22399, 'departure_time': 1536937800, 'arrival_time': 1536939240}
2177	{'task_type': 'deadhead', 'locomotive': 22616, 'first_train_section': 27734, 'first_section': 22399, 'first_departure_time': 1536937800, 'first_arrival_time': 1536939240, 'second_train_section': 27018, 'second_section': 22407, 'second_departure_time': 1536949080, 'second_arrival_time': 1536955740}
2178	{'task_type': 'regular', 'locomotive': 22616, 'train_section': 27018, 'section': 22407, 'departure_time': 1536949080, 'arrival_time': 1536955740}
2179	{'task_type': 'regular', 'locomotive': 22616, 'train_section': 26700, 'section': 22337, 'departure_time': 1536958920, 'arrival_time': 1536965580}
2180	{'task_type': 'deadhead', 'locomotive': 22616, 'first_train_section': 26700, 'first_section': 22337, 'first_departure_time': 1536958920, 'first_arrival_time': 1536965580, 'second_train_section': 23755, 'second_section': 22369, 'second_departure_time': 1536978240, 'second_arrival_time': 1536981120}
2181	{'task_type': 'regular', 'locomotive': 22616, 'train_section': 23755, 'section': 22369, 'departure_time': 1536978240, 'arrival_time': 1536981120}
2182	{'task_type': 'deadhead', 'locomotive': 22616, 'first_train_section': 23755, 'first_section': 22369, 'first_departure_time': 1536978240, 'first_arrival_time': 1536981120, 'second_train_section': 26120, 'second_section': 22260, 'second_departure_time': 1536992820, 'second_arrival_time': 1537001220}
2183	{'task_type': 'regular', 'locomotive': 22616, 'train_section': 26120, 'section': 22260, 'departure_time': 1536992820, 'arrival_time': 1537001220}
2184	{'task_type': 'deadhead', 'locomotive': 22616, 'first_train_section': 26120, 'first_section': 22260, 'first_departure_time': 1536992820, 'first_arrival_time': 1537001220, 'second_train_section': 27102, 'second_section': 22247, 'second_departure_time': 1537014720, 'second_arrival_time': 1537025820}
2185	{'task_type': 'regular', 'locomotive': 22616, 'train_section': 27102, 'section': 22247, 'departure_time': 1537014720, 'arrival_time': 1537025820}
2186	{'task_type': 'deadhead', 'locomotive': 22616, 'first_train_section': 27102, 'first_section': 22247, 'first_departure_time': 1537014720, 'first_arrival_time': 1537025820, 'second_train_section': 27225, 'second_section': 22407, 'second_departure_time': 1537035480, 'second_arrival_time': 1537042140}
2187	{'task_type': 'regular', 'locomotive': 22616, 'train_section': 27225, 'section': 22407, 'departure_time': 1537035480, 'arrival_time': 1537042140}
2188	{'task_type': 'regular', 'locomotive': 22616, 'train_section': 27227, 'section': 22334, 'departure_time': 1537042620, 'arrival_time': 1537045800}
2189	{'task_type': 'deadhead', 'locomotive': 22616, 'first_train_section': 27227, 'first_section': 22334, 'first_departure_time': 1537042620, 'first_arrival_time': 1537045800, 'second_train_section': 22975, 'second_section': 22336, 'second_departure_time': 1537064580, 'second_arrival_time': 1537070700}
2190	{'task_type': 'regular', 'locomotive': 22616, 'train_section': 22975, 'section': 22336, 'departure_time': 1537064580, 'arrival_time': 1537070700}
2191	{'task_type': 'deadhead', 'locomotive': 22616, 'first_train_section': 22975, 'first_section': 22336, 'first_departure_time': 1537064580, 'first_arrival_time': 1537070700, 'second_train_section': 26080, 'second_section': 22279, 'second_departure_time': 1537095000, 'second_arrival_time': 1537100580}
2192	{'task_type': 'regular', 'locomotive': 22616, 'train_section': 26080, 'section': 22279, 'departure_time': 1537095000, 'arrival_time': 1537100580}
2193	{'task_type': 'regular', 'locomotive': 22616, 'train_section': 23307, 'section': 22313, 'departure_time': 1537105020, 'arrival_time': 1537110480}
2194	{'task_type': 'deadhead', 'locomotive': 22616, 'first_train_section': 23307, 'first_section': 22313, 'first_departure_time': 1537105020, 'first_arrival_time': 1537110480, 'second_train_section': 26954, 'second_section': 22295, 'second_departure_time': 1537119180, 'second_arrival_time': 1537120620}
2195	{'task_type': 'regular', 'locomotive': 22616, 'train_section': 26954, 'section': 22295, 'departure_time': 1537119180, 'arrival_time': 1537120620}
2196	{'task_type': 'regular', 'locomotive': 22620, 'train_section': 24303, 'section': 22293, 'departure_time': 1536632280, 'arrival_time': 1536640740}
2197	{'task_type': 'deadhead', 'locomotive': 22620, 'first_train_section': 24303, 'first_section': 22293, 'first_departure_time': 1536632280, 'first_arrival_time': 1536640740, 'second_train_section': 25670, 'second_section': 22296, 'second_departure_time': 1536652800, 'second_arrival_time': 1536653700}
2198	{'task_type': 'regular', 'locomotive': 22620, 'train_section': 25670, 'section': 22296, 'departure_time': 1536652800, 'arrival_time': 1536653700}
2199	{'task_type': 'deadhead', 'locomotive': 22620, 'first_train_section': 25670, 'first_section': 22296, 'first_departure_time': 1536652800, 'first_arrival_time': 1536653700, 'second_train_section': 25529, 'second_section': 22311, 'second_departure_time': 1536658800, 'second_arrival_time': 1536661560}
2200	{'task_type': 'regular', 'locomotive': 22620, 'train_section': 25529, 'section': 22311, 'departure_time': 1536658800, 'arrival_time': 1536661560}
2201	{'task_type': 'regular', 'locomotive': 22620, 'train_section': 25013, 'section': 22313, 'departure_time': 1536670080, 'arrival_time': 1536675000}
2202	{'task_type': 'deadhead', 'locomotive': 22620, 'first_train_section': 25013, 'first_section': 22313, 'first_departure_time': 1536670080, 'first_arrival_time': 1536675000, 'second_train_section': 27172, 'second_section': 22343, 'second_departure_time': 1536681900, 'second_arrival_time': 1536692040}
2203	{'task_type': 'regular', 'locomotive': 22620, 'train_section': 27172, 'section': 22343, 'departure_time': 1536681900, 'arrival_time': 1536692040}
2204	{'task_type': 'deadhead', 'locomotive': 22620, 'first_train_section': 27172, 'first_section': 22343, 'first_departure_time': 1536681900, 'first_arrival_time': 1536692040, 'second_train_section': 24785, 'second_section': 22280, 'second_departure_time': 1536692520, 'second_arrival_time': 1536700920}
2205	{'task_type': 'regular', 'locomotive': 22620, 'train_section': 24785, 'section': 22280, 'departure_time': 1536692520, 'arrival_time': 1536700920}
2206	{'task_type': 'deadhead', 'locomotive': 22620, 'first_train_section': 24785, 'first_section': 22280, 'first_departure_time': 1536692520, 'first_arrival_time': 1536700920, 'second_train_section': 23053, 'second_section': 22336, 'second_departure_time': 1536718980, 'second_arrival_time': 1536725100}
2207	{'task_type': 'regular', 'locomotive': 22620, 'train_section': 23053, 'section': 22336, 'departure_time': 1536718980, 'arrival_time': 1536725100}
2208	{'task_type': 'regular', 'locomotive': 22620, 'train_section': 24612, 'section': 22400, 'departure_time': 1536727380, 'arrival_time': 1536731280}
2209	{'task_type': 'deadhead', 'locomotive': 22620, 'first_train_section': 24612, 'first_section': 22400, 'first_departure_time': 1536727380, 'first_arrival_time': 1536731280, 'second_train_section': 25003, 'second_section': 22407, 'second_departure_time': 1536740760, 'second_arrival_time': 1536747600}
2210	{'task_type': 'regular', 'locomotive': 22620, 'train_section': 25003, 'section': 22407, 'departure_time': 1536740760, 'arrival_time': 1536747600}
2211	{'task_type': 'deadhead', 'locomotive': 22620, 'first_train_section': 25003, 'first_section': 22407, 'first_departure_time': 1536740760, 'first_arrival_time': 1536747600, 'second_train_section': 26745, 'second_section': 22318, 'second_departure_time': 1536759300, 'second_arrival_time': 1536763800}
2212	{'task_type': 'regular', 'locomotive': 22620, 'train_section': 26745, 'section': 22318, 'departure_time': 1536759300, 'arrival_time': 1536763800}
2213	{'task_type': 'regular', 'locomotive': 22620, 'train_section': 24060, 'section': 22488, 'departure_time': 1536765240, 'arrival_time': 1536769620}
2214	{'task_type': 'deadhead', 'locomotive': 22620, 'first_train_section': 24060, 'first_section': 22488, 'first_departure_time': 1536765240, 'first_arrival_time': 1536769620, 'second_train_section': 26185, 'second_section': 22404, 'second_departure_time': 1536772740, 'second_arrival_time': 1536781620}
2215	{'task_type': 'regular', 'locomotive': 22620, 'train_section': 26185, 'section': 22404, 'departure_time': 1536772740, 'arrival_time': 1536781620}
2216	{'task_type': 'regular', 'locomotive': 22620, 'train_section': 26187, 'section': 22245, 'departure_time': 1536782220, 'arrival_time': 1536786900}
2217	{'task_type': 'deadhead', 'locomotive': 22620, 'first_train_section': 27462, 'first_section': 22302, 'first_departure_time': 1536789660, 'first_arrival_time': 1536806640, 'second_train_section': 27389, 'second_section': 22245, 'second_departure_time': 1536814680, 'second_arrival_time': 1536820140}
2218	{'task_type': 'regular', 'locomotive': 22620, 'train_section': 27389, 'section': 22245, 'departure_time': 1536814680, 'arrival_time': 1536820140}
2219	{'task_type': 'deadhead', 'locomotive': 22620, 'first_train_section': 27389, 'first_section': 22245, 'first_departure_time': 1536814680, 'first_arrival_time': 1536820140, 'second_train_section': 23575, 'second_section': 22481, 'second_departure_time': 1536822960, 'second_arrival_time': 1536827880}
2220	{'task_type': 'regular', 'locomotive': 22620, 'train_section': 23575, 'section': 22481, 'departure_time': 1536822960, 'arrival_time': 1536827880}
2221	{'task_type': 'regular', 'locomotive': 22620, 'train_section': 23079, 'section': 22351, 'departure_time': 1536835680, 'arrival_time': 1536840840}
2222	{'task_type': 'deadhead', 'locomotive': 22620, 'first_train_section': 23079, 'first_section': 22351, 'first_departure_time': 1536835680, 'first_arrival_time': 1536840840, 'second_train_section': 24274, 'second_section': 22479, 'second_departure_time': 1536844560, 'second_arrival_time': 1536846180}
2223	{'task_type': 'regular', 'locomotive': 22620, 'train_section': 24274, 'section': 22479, 'departure_time': 1536844560, 'arrival_time': 1536846180}
2224	{'task_type': 'deadhead', 'locomotive': 22620, 'first_train_section': 24274, 'first_section': 22479, 'first_departure_time': 1536844560, 'first_arrival_time': 1536846180, 'second_train_section': 24846, 'second_section': 22500, 'second_departure_time': 1536853080, 'second_arrival_time': 1536856200}
2225	{'task_type': 'regular', 'locomotive': 22620, 'train_section': 24846, 'section': 22500, 'departure_time': 1536853080, 'arrival_time': 1536856200}
2226	{'task_type': 'regular', 'locomotive': 22620, 'train_section': 24015, 'section': 22360, 'departure_time': 1536857280, 'arrival_time': 1536868920}
2227	{'task_type': 'deadhead', 'locomotive': 22620, 'first_train_section': 24015, 'first_section': 22360, 'first_departure_time': 1536857280, 'first_arrival_time': 1536868920, 'second_train_section': 24830, 'second_section': 22429, 'second_departure_time': 1536872040, 'second_arrival_time': 1536874680}
2228	{'task_type': 'regular', 'locomotive': 22620, 'train_section': 24830, 'section': 22429, 'departure_time': 1536872040, 'arrival_time': 1536874680}
2229	{'task_type': 'deadhead', 'locomotive': 22620, 'first_train_section': 24830, 'first_section': 22429, 'first_departure_time': 1536872040, 'first_arrival_time': 1536874680, 'second_train_section': 27761, 'second_section': 22431, 'second_departure_time': 1536877140, 'second_arrival_time': 1536881340}
2230	{'task_type': 'regular', 'locomotive': 22620, 'train_section': 27761, 'section': 22431, 'departure_time': 1536877140, 'arrival_time': 1536881340}
2231	{'task_type': 'deadhead', 'locomotive': 22620, 'first_train_section': 27761, 'first_section': 22431, 'first_departure_time': 1536877140, 'first_arrival_time': 1536881340, 'second_train_section': 22972, 'second_section': 22419, 'second_departure_time': 1536886020, 'second_arrival_time': 1536892380}
2232	{'task_type': 'regular', 'locomotive': 22620, 'train_section': 22972, 'section': 22419, 'departure_time': 1536886020, 'arrival_time': 1536892380}
2233	{'task_type': 'deadhead', 'locomotive': 22620, 'first_train_section': 22972, 'first_section': 22419, 'first_departure_time': 1536886020, 'first_arrival_time': 1536892380, 'second_train_section': 26575, 'second_section': 22416, 'second_departure_time': 1536899040, 'second_arrival_time': 1536902700}
2234	{'task_type': 'regular', 'locomotive': 22620, 'train_section': 26575, 'section': 22416, 'departure_time': 1536899040, 'arrival_time': 1536902700}
2235	{'task_type': 'deadhead', 'locomotive': 22620, 'first_train_section': 26575, 'first_section': 22416, 'first_departure_time': 1536899040, 'first_arrival_time': 1536902700, 'second_train_section': 24403, 'second_section': 22416, 'second_departure_time': 1536920640, 'second_arrival_time': 1536924300}
2236	{'task_type': 'regular', 'locomotive': 22620, 'train_section': 24403, 'section': 22416, 'departure_time': 1536920640, 'arrival_time': 1536924300}
2237	{'task_type': 'regular', 'locomotive': 22620, 'train_section': 23687, 'section': 22378, 'departure_time': 1536930300, 'arrival_time': 1536933960}
2238	{'task_type': 'deadhead', 'locomotive': 22620, 'first_train_section': 23687, 'first_section': 22378, 'first_departure_time': 1536930300, 'first_arrival_time': 1536933960, 'second_train_section': 27375, 'second_section': 22413, 'second_departure_time': 1536939120, 'second_arrival_time': 1536942960}
2239	{'task_type': 'regular', 'locomotive': 22620, 'train_section': 27375, 'section': 22413, 'departure_time': 1536939120, 'arrival_time': 1536942960}
2240	{'task_type': 'deadhead', 'locomotive': 22620, 'first_train_section': 27375, 'first_section': 22413, 'first_departure_time': 1536939120, 'first_arrival_time': 1536942960, 'second_train_section': 22712, 'second_section': 22427, 'second_departure_time': 1536950700, 'second_arrival_time': 1536953940}
2241	{'task_type': 'regular', 'locomotive': 22620, 'train_section': 22712, 'section': 22427, 'departure_time': 1536950700, 'arrival_time': 1536953940}
2242	{'task_type': 'deadhead', 'locomotive': 22620, 'first_train_section': 22712, 'first_section': 22427, 'first_departure_time': 1536950700, 'first_arrival_time': 1536953940, 'second_train_section': 22716, 'second_section': 22495, 'second_departure_time': 1536957240, 'second_arrival_time': 1536959940}
2243	{'task_type': 'regular', 'locomotive': 22620, 'train_section': 22716, 'section': 22495, 'departure_time': 1536957240, 'arrival_time': 1536959940}
2244	{'task_type': 'regular', 'locomotive': 22620, 'train_section': 26323, 'section': 22309, 'departure_time': 1536963960, 'arrival_time': 1536968820}
2245	{'task_type': 'deadhead', 'locomotive': 22620, 'first_train_section': 26323, 'first_section': 22309, 'first_departure_time': 1536963960, 'first_arrival_time': 1536968820, 'second_train_section': 24620, 'second_section': 22443, 'second_departure_time': 1536980040, 'second_arrival_time': 1536981840}
2246	{'task_type': 'regular', 'locomotive': 22620, 'train_section': 24620, 'section': 22443, 'departure_time': 1536980040, 'arrival_time': 1536981840}
2247	{'task_type': 'regular', 'locomotive': 22620, 'train_section': 26538, 'section': 22496, 'departure_time': 1536983400, 'arrival_time': 1536989580}
2248	{'task_type': 'deadhead', 'locomotive': 22620, 'first_train_section': 26538, 'first_section': 22496, 'first_departure_time': 1536983400, 'first_arrival_time': 1536989580, 'second_train_section': 22861, 'second_section': 22431, 'second_departure_time': 1536991800, 'second_arrival_time': 1536996420}
2249	{'task_type': 'regular', 'locomotive': 22620, 'train_section': 22861, 'section': 22431, 'departure_time': 1536991800, 'arrival_time': 1536996420}
2250	{'task_type': 'regular', 'locomotive': 22620, 'train_section': 25330, 'section': 22496, 'departure_time': 1536997260, 'arrival_time': 1537002060}
2251	{'task_type': 'deadhead', 'locomotive': 22620, 'first_train_section': 25330, 'first_section': 22496, 'first_departure_time': 1536997260, 'first_arrival_time': 1537002060, 'second_train_section': 26231, 'second_section': 22499, 'second_departure_time': 1537011900, 'second_arrival_time': 1537017060}
2252	{'task_type': 'regular', 'locomotive': 22620, 'train_section': 26231, 'section': 22499, 'departure_time': 1537011900, 'arrival_time': 1537017060}
2253	{'task_type': 'regular', 'locomotive': 22620, 'train_section': 27069, 'section': 22342, 'departure_time': 1537024740, 'arrival_time': 1537030020}
2254	{'task_type': 'deadhead', 'locomotive': 22620, 'first_train_section': 22660, 'first_section': 22377, 'first_departure_time': 1537048800, 'first_arrival_time': 1537074300, 'second_train_section': 26445, 'second_section': 22281, 'second_departure_time': 1537082040, 'second_arrival_time': 1537087200}
2255	{'task_type': 'regular', 'locomotive': 22620, 'train_section': 26445, 'section': 22281, 'departure_time': 1537082040, 'arrival_time': 1537087200}
2256	{'task_type': 'deadhead', 'locomotive': 22620, 'first_train_section': 26445, 'first_section': 22281, 'first_departure_time': 1537082040, 'first_arrival_time': 1537087200, 'second_train_section': 26894, 'second_section': 22499, 'second_departure_time': 1537098300, 'second_arrival_time': 1537103460}
2257	{'task_type': 'regular', 'locomotive': 22620, 'train_section': 26894, 'section': 22499, 'departure_time': 1537098300, 'arrival_time': 1537103460}
2258	{'task_type': 'regular', 'locomotive': 22620, 'train_section': 24123, 'section': 22342, 'departure_time': 1537104060, 'arrival_time': 1537110180}
2259	{'task_type': 'regular', 'locomotive': 22620, 'train_section': 26822, 'section': 22284, 'departure_time': 1537116720, 'arrival_time': 1537120380}
2260	{'task_type': 'regular', 'locomotive': 22621, 'train_section': 24350, 'section': 22380, 'departure_time': 1536602580, 'arrival_time': 1536603720}
2261	{'task_type': 'regular', 'locomotive': 22624, 'train_section': 22832, 'section': 22323, 'departure_time': 1536635220, 'arrival_time': 1536638580}
2262	{'task_type': 'deadhead', 'locomotive': 22624, 'first_train_section': 22832, 'first_section': 22323, 'first_departure_time': 1536635220, 'first_arrival_time': 1536638580, 'second_train_section': 26731, 'second_section': 22492, 'second_departure_time': 1536647040, 'second_arrival_time': 1536656280}
2263	{'task_type': 'regular', 'locomotive': 22624, 'train_section': 26731, 'section': 22492, 'departure_time': 1536647040, 'arrival_time': 1536656280}
2264	{'task_type': 'regular', 'locomotive': 22624, 'train_section': 25757, 'section': 22279, 'departure_time': 1536663000, 'arrival_time': 1536668580}
2265	{'task_type': 'regular', 'locomotive': 22624, 'train_section': 26529, 'section': 22313, 'departure_time': 1536673020, 'arrival_time': 1536678480}
2266	{'task_type': 'deadhead', 'locomotive': 22624, 'first_train_section': 26529, 'first_section': 22313, 'first_departure_time': 1536673020, 'first_arrival_time': 1536678480, 'second_train_section': 23316, 'second_section': 22288, 'second_departure_time': 1536684960, 'second_arrival_time': 1536693840}
2267	{'task_type': 'regular', 'locomotive': 22624, 'train_section': 23316, 'section': 22288, 'departure_time': 1536684960, 'arrival_time': 1536693840}
2268	{'task_type': 'regular', 'locomotive': 22624, 'train_section': 27827, 'section': 22438, 'departure_time': 1536723720, 'arrival_time': 1536735060}
2269	{'task_type': 'deadhead', 'locomotive': 22624, 'first_train_section': 27827, 'first_section': 22438, 'first_departure_time': 1536723720, 'first_arrival_time': 1536735060, 'second_train_section': 24758, 'second_section': 22256, 'second_departure_time': 1536743880, 'second_arrival_time': 1536746580}
2270	{'task_type': 'regular', 'locomotive': 22624, 'train_section': 24758, 'section': 22256, 'departure_time': 1536743880, 'arrival_time': 1536746580}
2271	{'task_type': 'deadhead', 'locomotive': 22624, 'first_train_section': 24758, 'first_section': 22256, 'first_departure_time': 1536743880, 'first_arrival_time': 1536746580, 'second_train_section': 27426, 'second_section': 22282, 'second_departure_time': 1536753840, 'second_arrival_time': 1536759240}
2272	{'task_type': 'regular', 'locomotive': 22624, 'train_section': 27426, 'section': 22282, 'departure_time': 1536753840, 'arrival_time': 1536759240}
2273	{'task_type': 'deadhead', 'locomotive': 22624, 'first_train_section': 27426, 'first_section': 22282, 'first_departure_time': 1536753840, 'first_arrival_time': 1536759240, 'second_train_section': 27541, 'second_section': 22347, 'second_departure_time': 1536765540, 'second_arrival_time': 1536770880}
2274	{'task_type': 'regular', 'locomotive': 22624, 'train_section': 27541, 'section': 22347, 'departure_time': 1536765540, 'arrival_time': 1536770880}
2275	{'task_type': 'regular', 'locomotive': 22624, 'train_section': 27543, 'section': 22471, 'departure_time': 1536771420, 'arrival_time': 1536774240}
2276	{'task_type': 'deadhead', 'locomotive': 22624, 'first_train_section': 27543, 'first_section': 22471, 'first_departure_time': 1536771420, 'first_arrival_time': 1536774240, 'second_train_section': 26807, 'second_section': 22468, 'second_departure_time': 1536779460, 'second_arrival_time': 1536783600}
2277	{'task_type': 'regular', 'locomotive': 22624, 'train_section': 26807, 'section': 22468, 'departure_time': 1536779460, 'arrival_time': 1536783600}
2278	{'task_type': 'deadhead', 'locomotive': 22624, 'first_train_section': 26807, 'first_section': 22468, 'first_departure_time': 1536779460, 'first_arrival_time': 1536783600, 'second_train_section': 23520, 'second_section': 22332, 'second_departure_time': 1536784200, 'second_arrival_time': 1536788340}
2279	{'task_type': 'regular', 'locomotive': 22624, 'train_section': 23520, 'section': 22332, 'departure_time': 1536784200, 'arrival_time': 1536788340}
2280	{'task_type': 'regular', 'locomotive': 22624, 'train_section': 24600, 'section': 22467, 'departure_time': 1536806400, 'arrival_time': 1536809100}
2281	{'task_type': 'deadhead', 'locomotive': 22624, 'first_train_section': 24600, 'first_section': 22467, 'first_departure_time': 1536806400, 'first_arrival_time': 1536809100, 'second_train_section': 25451, 'second_section': 22290, 'second_departure_time': 1536818760, 'second_arrival_time': 1536825900}
2282	{'task_type': 'regular', 'locomotive': 22624, 'train_section': 25451, 'section': 22290, 'departure_time': 1536818760, 'arrival_time': 1536825900}
2283	{'task_type': 'deadhead', 'locomotive': 22624, 'first_train_section': 25451, 'first_section': 22290, 'first_departure_time': 1536818760, 'first_arrival_time': 1536825900, 'second_train_section': 27108, 'second_section': 22279, 'second_departure_time': 1536835800, 'second_arrival_time': 1536841380}
2284	{'task_type': 'regular', 'locomotive': 22624, 'train_section': 27108, 'section': 22279, 'departure_time': 1536835800, 'arrival_time': 1536841380}
2285	{'task_type': 'deadhead', 'locomotive': 22624, 'first_train_section': 27108, 'first_section': 22279, 'first_departure_time': 1536835800, 'first_arrival_time': 1536841380, 'second_train_section': 22887, 'second_section': 22378, 'second_departure_time': 1536860100, 'second_arrival_time': 1536863760}
2286	{'task_type': 'regular', 'locomotive': 22624, 'train_section': 22887, 'section': 22378, 'departure_time': 1536860100, 'arrival_time': 1536863760}
2287	{'task_type': 'deadhead', 'locomotive': 22624, 'first_train_section': 22887, 'first_section': 22378, 'first_departure_time': 1536860100, 'first_arrival_time': 1536863760, 'second_train_section': 27737, 'second_section': 22431, 'second_departure_time': 1536865440, 'second_arrival_time': 1536869280}
2288	{'task_type': 'regular', 'locomotive': 22624, 'train_section': 27737, 'section': 22431, 'departure_time': 1536865440, 'arrival_time': 1536869280}
2289	{'task_type': 'deadhead', 'locomotive': 22624, 'first_train_section': 27737, 'first_section': 22431, 'first_departure_time': 1536865440, 'first_arrival_time': 1536869280, 'second_train_section': 24408, 'second_section': 22265, 'second_departure_time': 1536876060, 'second_arrival_time': 1536879780}
2290	{'task_type': 'regular', 'locomotive': 22624, 'train_section': 24408, 'section': 22265, 'departure_time': 1536876060, 'arrival_time': 1536879780}
2291	{'task_type': 'regular', 'locomotive': 22624, 'train_section': 27812, 'section': 22345, 'departure_time': 1536887160, 'arrival_time': 1536890100}
2292	{'task_type': 'deadhead', 'locomotive': 22624, 'first_train_section': 27812, 'first_section': 22345, 'first_departure_time': 1536887160, 'first_arrival_time': 1536890100, 'second_train_section': 25317, 'second_section': 22245, 'second_departure_time': 1536892200, 'second_arrival_time': 1536896580}
2293	{'task_type': 'regular', 'locomotive': 22624, 'train_section': 25317, 'section': 22245, 'departure_time': 1536892200, 'arrival_time': 1536896580}
2294	{'task_type': 'deadhead', 'locomotive': 22624, 'first_train_section': 25317, 'first_section': 22245, 'first_departure_time': 1536892200, 'first_arrival_time': 1536896580, 'second_train_section': 26168, 'second_section': 22499, 'second_departure_time': 1536903900, 'second_arrival_time': 1536909060}
2295	{'task_type': 'regular', 'locomotive': 22624, 'train_section': 26168, 'section': 22499, 'departure_time': 1536903900, 'arrival_time': 1536909060}
2296	{'task_type': 'regular', 'locomotive': 22624, 'train_section': 26171, 'section': 22347, 'departure_time': 1536909540, 'arrival_time': 1536914880}
2297	{'task_type': 'regular', 'locomotive': 22624, 'train_section': 26173, 'section': 22471, 'departure_time': 1536915420, 'arrival_time': 1536918240}
2298	{'task_type': 'deadhead', 'locomotive': 22624, 'first_train_section': 26173, 'first_section': 22471, 'first_departure_time': 1536915420, 'first_arrival_time': 1536918240, 'second_train_section': 22925, 'second_section': 22323, 'second_departure_time': 1536921480, 'second_arrival_time': 1536925380}
2299	{'task_type': 'regular', 'locomotive': 22624, 'train_section': 22925, 'section': 22323, 'departure_time': 1536921480, 'arrival_time': 1536925380}
2300	{'task_type': 'deadhead', 'locomotive': 22624, 'first_train_section': 22925, 'first_section': 22323, 'first_departure_time': 1536921480, 'first_arrival_time': 1536925380, 'second_train_section': 24162, 'second_section': 22257, 'second_departure_time': 1536933600, 'second_arrival_time': 1536934320}
2301	{'task_type': 'regular', 'locomotive': 22624, 'train_section': 24162, 'section': 22257, 'departure_time': 1536933600, 'arrival_time': 1536934320}
2302	{'task_type': 'deadhead', 'locomotive': 22624, 'first_train_section': 24162, 'first_section': 22257, 'first_departure_time': 1536933600, 'first_arrival_time': 1536934320, 'second_train_section': 23543, 'second_section': 22281, 'second_departure_time': 1536938040, 'second_arrival_time': 1536943200}
2303	{'task_type': 'regular', 'locomotive': 22624, 'train_section': 23543, 'section': 22281, 'departure_time': 1536938040, 'arrival_time': 1536943200}
2304	{'task_type': 'deadhead', 'locomotive': 22624, 'first_train_section': 23543, 'first_section': 22281, 'first_departure_time': 1536938040, 'first_arrival_time': 1536943200, 'second_train_section': 22992, 'second_section': 22294, 'second_departure_time': 1536955680, 'second_arrival_time': 1536958920}
2305	{'task_type': 'regular', 'locomotive': 22624, 'train_section': 22992, 'section': 22294, 'departure_time': 1536955680, 'arrival_time': 1536958920}
2306	{'task_type': 'deadhead', 'locomotive': 22624, 'first_train_section': 22992, 'first_section': 22294, 'first_departure_time': 1536955680, 'first_arrival_time': 1536958920, 'second_train_section': 24189, 'second_section': 22320, 'second_departure_time': 1536980280, 'second_arrival_time': 1536986700}
2307	{'task_type': 'regular', 'locomotive': 22624, 'train_section': 24189, 'section': 22320, 'departure_time': 1536980280, 'arrival_time': 1536986700}
2308	{'task_type': 'deadhead', 'locomotive': 22624, 'first_train_section': 24189, 'first_section': 22320, 'first_departure_time': 1536980280, 'first_arrival_time': 1536986700, 'second_train_section': 27296, 'second_section': 22493, 'second_departure_time': 1536988740, 'second_arrival_time': 1536989460}
2309	{'task_type': 'regular', 'locomotive': 22624, 'train_section': 27296, 'section': 22493, 'departure_time': 1536988740, 'arrival_time': 1536989460}
2310	{'task_type': 'deadhead', 'locomotive': 22624, 'first_train_section': 27296, 'first_section': 22493, 'first_departure_time': 1536988740, 'first_arrival_time': 1536989460, 'second_train_section': 23808, 'second_section': 22387, 'second_departure_time': 1536997080, 'second_arrival_time': 1536998520}
2311	{'task_type': 'regular', 'locomotive': 22624, 'train_section': 23808, 'section': 22387, 'departure_time': 1536997080, 'arrival_time': 1536998520}
2312	{'task_type': 'regular', 'locomotive': 22624, 'train_section': 25290, 'section': 22332, 'departure_time': 1537129800, 'arrival_time': 1537133940}
2313	{'task_type': 'regular', 'locomotive': 22625, 'train_section': 24788, 'section': 22378, 'departure_time': 1536602700, 'arrival_time': 1536606360}
2314	{'task_type': 'regular', 'locomotive': 22625, 'train_section': 23700, 'section': 22416, 'departure_time': 1536611280, 'arrival_time': 1536616500}
2315	{'task_type': 'deadhead', 'locomotive': 22625, 'first_train_section': 23700, 'first_section': 22416, 'first_departure_time': 1536611280, 'first_arrival_time': 1536616500, 'second_train_section': 23035, 'second_section': 22430, 'second_departure_time': 1536631380, 'second_arrival_time': 1536633480}
2316	{'task_type': 'regular', 'locomotive': 22625, 'train_section': 23035, 'section': 22430, 'departure_time': 1536631380, 'arrival_time': 1536633480}
2317	{'task_type': 'deadhead', 'locomotive': 22625, 'first_train_section': 23035, 'first_section': 22430, 'first_departure_time': 1536631380, 'first_arrival_time': 1536633480, 'second_train_section': 27589, 'second_section': 22378, 'second_departure_time': 1536638700, 'second_arrival_time': 1536642360}
2318	{'task_type': 'regular', 'locomotive': 22625, 'train_section': 27589, 'section': 22378, 'departure_time': 1536638700, 'arrival_time': 1536642360}
2319	{'task_type': 'regular', 'locomotive': 22625, 'train_section': 27045, 'section': 22416, 'departure_time': 1536645240, 'arrival_time': 1536648900}
2320	{'task_type': 'deadhead', 'locomotive': 22625, 'first_train_section': 26908, 'first_section': 22417, 'first_departure_time': 1536653160, 'first_arrival_time': 1536665040, 'second_train_section': 23074, 'second_section': 22378, 'second_departure_time': 1536674700, 'second_arrival_time': 1536678360}
2321	{'task_type': 'regular', 'locomotive': 22625, 'train_section': 23074, 'section': 22378, 'departure_time': 1536674700, 'arrival_time': 1536678360}
2322	{'task_type': 'deadhead', 'locomotive': 22625, 'first_train_section': 23074, 'first_section': 22378, 'first_departure_time': 1536674700, 'first_arrival_time': 1536678360, 'second_train_section': 26194, 'second_section': 22413, 'second_departure_time': 1536679920, 'second_arrival_time': 1536683760}
2323	{'task_type': 'regular', 'locomotive': 22625, 'train_section': 26194, 'section': 22413, 'departure_time': 1536679920, 'arrival_time': 1536683760}
2324	{'task_type': 'deadhead', 'locomotive': 22625, 'first_train_section': 26194, 'first_section': 22413, 'first_departure_time': 1536679920, 'first_arrival_time': 1536683760, 'second_train_section': 22812, 'second_section': 22378, 'second_departure_time': 1536692700, 'second_arrival_time': 1536696360}
2325	{'task_type': 'regular', 'locomotive': 22625, 'train_section': 22812, 'section': 22378, 'departure_time': 1536692700, 'arrival_time': 1536696360}
2326	{'task_type': 'regular', 'locomotive': 22625, 'train_section': 26100, 'section': 22416, 'departure_time': 1536697680, 'arrival_time': 1536702900}
2327	{'task_type': 'deadhead', 'locomotive': 22625, 'first_train_section': 23159, 'first_section': 22377, 'first_departure_time': 1536702900, 'first_arrival_time': 1536703140, 'second_train_section': 22654, 'second_section': 22452, 'second_departure_time': 1536713520, 'second_arrival_time': 1536716220}
2328	{'task_type': 'regular', 'locomotive': 22625, 'train_section': 22654, 'section': 22452, 'departure_time': 1536713520, 'arrival_time': 1536716220}
2329	{'task_type': 'deadhead', 'locomotive': 22625, 'first_train_section': 22654, 'first_section': 22452, 'first_departure_time': 1536713520, 'first_arrival_time': 1536716220, 'second_train_section': 22858, 'second_section': 22287, 'second_departure_time': 1536721560, 'second_arrival_time': 1536723000}
2330	{'task_type': 'regular', 'locomotive': 22625, 'train_section': 22858, 'section': 22287, 'departure_time': 1536721560, 'arrival_time': 1536723000}
2331	{'task_type': 'deadhead', 'locomotive': 22625, 'first_train_section': 22858, 'first_section': 22287, 'first_departure_time': 1536721560, 'first_arrival_time': 1536723000, 'second_train_section': 26331, 'second_section': 22333, 'second_departure_time': 1536732900, 'second_arrival_time': 1536735720}
2332	{'task_type': 'regular', 'locomotive': 22625, 'train_section': 26331, 'section': 22333, 'departure_time': 1536732900, 'arrival_time': 1536735720}
2333	{'task_type': 'regular', 'locomotive': 22625, 'train_section': 26333, 'section': 22472, 'departure_time': 1536736380, 'arrival_time': 1536741540}
2334	{'task_type': 'regular', 'locomotive': 22625, 'train_section': 27161, 'section': 22351, 'departure_time': 1536749280, 'arrival_time': 1536754440}
2335	{'task_type': 'regular', 'locomotive': 22625, 'train_section': 27538, 'section': 22499, 'departure_time': 1536759900, 'arrival_time': 1536765060}
2336	{'task_type': 'deadhead', 'locomotive': 22625, 'first_train_section': 27538, 'first_section': 22499, 'first_departure_time': 1536759900, 'first_arrival_time': 1536765060, 'second_train_section': 26805, 'second_section': 22255, 'second_departure_time': 1536775500, 'second_arrival_time': 1536776400}
2337	{'task_type': 'regular', 'locomotive': 22625, 'train_section': 26805, 'section': 22255, 'departure_time': 1536775500, 'arrival_time': 1536776400}
2338	{'task_type': 'deadhead', 'locomotive': 22625, 'first_train_section': 26805, 'first_section': 22255, 'first_departure_time': 1536775500, 'first_arrival_time': 1536776400, 'second_train_section': 25783, 'second_section': 22289, 'second_departure_time': 1536780960, 'second_arrival_time': 1536788700}
2339	{'task_type': 'regular', 'locomotive': 22625, 'train_section': 25783, 'section': 22289, 'departure_time': 1536780960, 'arrival_time': 1536788700}
2340	{'task_type': 'deadhead', 'locomotive': 22625, 'first_train_section': 25783, 'first_section': 22289, 'first_departure_time': 1536780960, 'first_arrival_time': 1536788700, 'second_train_section': 26001, 'second_section': 22330, 'second_departure_time': 1536795600, 'second_arrival_time': 1536803820}
2341	{'task_type': 'regular', 'locomotive': 22625, 'train_section': 26001, 'section': 22330, 'departure_time': 1536795600, 'arrival_time': 1536803820}
2342	{'task_type': 'deadhead', 'locomotive': 22625, 'first_train_section': 26001, 'first_section': 22330, 'first_departure_time': 1536795600, 'first_arrival_time': 1536803820, 'second_train_section': 27387, 'second_section': 22404, 'second_departure_time': 1536805260, 'second_arrival_time': 1536814500}
2343	{'task_type': 'regular', 'locomotive': 22625, 'train_section': 27387, 'section': 22404, 'departure_time': 1536805260, 'arrival_time': 1536814500}
2344	{'task_type': 'deadhead', 'locomotive': 22625, 'first_train_section': 27387, 'first_section': 22404, 'first_departure_time': 1536805260, 'first_arrival_time': 1536814500, 'second_train_section': 25617, 'second_section': 22258, 'second_departure_time': 1536821460, 'second_arrival_time': 1536823860}
2345	{'task_type': 'regular', 'locomotive': 22625, 'train_section': 25617, 'section': 22258, 'departure_time': 1536821460, 'arrival_time': 1536823860}
2346	{'task_type': 'deadhead', 'locomotive': 22625, 'first_train_section': 25617, 'first_section': 22258, 'first_departure_time': 1536821460, 'first_arrival_time': 1536823860, 'second_train_section': 24728, 'second_section': 22249, 'second_departure_time': 1536831360, 'second_arrival_time': 1536838800}
2347	{'task_type': 'regular', 'locomotive': 22625, 'train_section': 24728, 'section': 22249, 'departure_time': 1536831360, 'arrival_time': 1536838800}
2348	{'task_type': 'deadhead', 'locomotive': 22625, 'first_train_section': 24728, 'first_section': 22249, 'first_departure_time': 1536831360, 'first_arrival_time': 1536838800, 'second_train_section': 24126, 'second_section': 22500, 'second_departure_time': 1536845880, 'second_arrival_time': 1536849000}
2349	{'task_type': 'regular', 'locomotive': 22625, 'train_section': 24126, 'section': 22500, 'departure_time': 1536845880, 'arrival_time': 1536849000}
2350	{'task_type': 'deadhead', 'locomotive': 22625, 'first_train_section': 24126, 'first_section': 22500, 'first_departure_time': 1536845880, 'first_arrival_time': 1536849000, 'second_train_section': 23011, 'second_section': 22495, 'second_departure_time': 1536861180, 'second_arrival_time': 1536864060}
2351	{'task_type': 'regular', 'locomotive': 22625, 'train_section': 23011, 'section': 22495, 'departure_time': 1536861180, 'arrival_time': 1536864060}
2352	{'task_type': 'regular', 'locomotive': 22625, 'train_section': 27559, 'section': 22305, 'departure_time': 1536869700, 'arrival_time': 1536874740}
2353	{'task_type': 'deadhead', 'locomotive': 22625, 'first_train_section': 27559, 'first_section': 22305, 'first_departure_time': 1536869700, 'first_arrival_time': 1536874740, 'second_train_section': 27419, 'second_section': 22368, 'second_departure_time': 1536882480, 'second_arrival_time': 1536886200}
2354	{'task_type': 'regular', 'locomotive': 22625, 'train_section': 27419, 'section': 22368, 'departure_time': 1536882480, 'arrival_time': 1536886200}
2355	{'task_type': 'deadhead', 'locomotive': 22625, 'first_train_section': 27419, 'first_section': 22368, 'first_departure_time': 1536882480, 'first_arrival_time': 1536886200, 'second_train_section': 27180, 'second_section': 22496, 'second_departure_time': 1536890700, 'second_arrival_time': 1536895500}
2356	{'task_type': 'regular', 'locomotive': 22625, 'train_section': 27180, 'section': 22496, 'departure_time': 1536890700, 'arrival_time': 1536895500}
2357	{'task_type': 'deadhead', 'locomotive': 22625, 'first_train_section': 27180, 'first_section': 22496, 'first_departure_time': 1536890700, 'first_arrival_time': 1536895500, 'second_train_section': 25780, 'second_section': 22416, 'second_departure_time': 1536897240, 'second_arrival_time': 1536900900}
2358	{'task_type': 'regular', 'locomotive': 22625, 'train_section': 25780, 'section': 22416, 'departure_time': 1536897240, 'arrival_time': 1536900900}
2359	{'task_type': 'deadhead', 'locomotive': 22625, 'first_train_section': 25780, 'first_section': 22416, 'first_departure_time': 1536897240, 'first_arrival_time': 1536900900, 'second_train_section': 25823, 'second_section': 22485, 'second_departure_time': 1536911640, 'second_arrival_time': 1536919080}
2360	{'task_type': 'regular', 'locomotive': 22625, 'train_section': 25823, 'section': 22485, 'departure_time': 1536911640, 'arrival_time': 1536919080}
2361	{'task_type': 'deadhead', 'locomotive': 22625, 'first_train_section': 25823, 'first_section': 22485, 'first_departure_time': 1536911640, 'first_arrival_time': 1536919080, 'second_train_section': 25032, 'second_section': 22418, 'second_departure_time': 1536931800, 'second_arrival_time': 1536933300}
2362	{'task_type': 'regular', 'locomotive': 22625, 'train_section': 25032, 'section': 22418, 'departure_time': 1536931800, 'arrival_time': 1536933300}
2363	{'task_type': 'regular', 'locomotive': 22625, 'train_section': 26810, 'section': 22459, 'departure_time': 1536934680, 'arrival_time': 1536938160}
2364	{'task_type': 'deadhead', 'locomotive': 22625, 'first_train_section': 26810, 'first_section': 22459, 'first_departure_time': 1536934680, 'first_arrival_time': 1536938160, 'second_train_section': 25312, 'second_section': 22416, 'second_departure_time': 1536947640, 'second_arrival_time': 1536951300}
2365	{'task_type': 'regular', 'locomotive': 22625, 'train_section': 25312, 'section': 22416, 'departure_time': 1536947640, 'arrival_time': 1536951300}
2366	{'task_type': 'deadhead', 'locomotive': 22625, 'first_train_section': 25312, 'first_section': 22416, 'first_departure_time': 1536947640, 'first_arrival_time': 1536951300, 'second_train_section': 27487, 'second_section': 22462, 'second_departure_time': 1536955680, 'second_arrival_time': 1536958380}
2367	{'task_type': 'regular', 'locomotive': 22625, 'train_section': 27487, 'section': 22462, 'departure_time': 1536955680, 'arrival_time': 1536958380}
2368	{'task_type': 'deadhead', 'locomotive': 22625, 'first_train_section': 27487, 'first_section': 22462, 'first_departure_time': 1536955680, 'first_arrival_time': 1536958380, 'second_train_section': 25641, 'second_section': 22291, 'second_departure_time': 1536960360, 'second_arrival_time': 1536966240}
2369	{'task_type': 'regular', 'locomotive': 22625, 'train_section': 25641, 'section': 22291, 'departure_time': 1536960360, 'arrival_time': 1536966240}
2370	{'task_type': 'deadhead', 'locomotive': 22625, 'first_train_section': 25641, 'first_section': 22291, 'first_departure_time': 1536960360, 'first_arrival_time': 1536966240, 'second_train_section': 24700, 'second_section': 22293, 'second_departure_time': 1536977880, 'second_arrival_time': 1536986340}
2371	{'task_type': 'regular', 'locomotive': 22625, 'train_section': 24700, 'section': 22293, 'departure_time': 1536977880, 'arrival_time': 1536986340}
2372	{'task_type': 'deadhead', 'locomotive': 22625, 'first_train_section': 24700, 'first_section': 22293, 'first_departure_time': 1536977880, 'first_arrival_time': 1536986340, 'second_train_section': 26882, 'second_section': 22447, 'second_departure_time': 1536994380, 'second_arrival_time': 1536997440}
2373	{'task_type': 'regular', 'locomotive': 22625, 'train_section': 26882, 'section': 22447, 'departure_time': 1536994380, 'arrival_time': 1536997440}
2374	{'task_type': 'deadhead', 'locomotive': 22625, 'first_train_section': 26882, 'first_section': 22447, 'first_departure_time': 1536994380, 'first_arrival_time': 1536997440, 'second_train_section': 24567, 'second_section': 22327, 'second_departure_time': 1537002480, 'second_arrival_time': 1537008840}
2375	{'task_type': 'regular', 'locomotive': 22625, 'train_section': 24567, 'section': 22327, 'departure_time': 1537002480, 'arrival_time': 1537008840}
2376	{'task_type': 'deadhead', 'locomotive': 22625, 'first_train_section': 24567, 'first_section': 22327, 'first_departure_time': 1537002480, 'first_arrival_time': 1537008840, 'second_train_section': 26225, 'second_section': 22351, 'second_departure_time': 1537022880, 'second_arrival_time': 1537028040}
2377	{'task_type': 'regular', 'locomotive': 22625, 'train_section': 26225, 'section': 22351, 'departure_time': 1537022880, 'arrival_time': 1537028040}
2378	{'task_type': 'deadhead', 'locomotive': 22625, 'first_train_section': 26225, 'first_section': 22351, 'first_departure_time': 1537022880, 'first_arrival_time': 1537028040, 'second_train_section': 27800, 'second_section': 22415, 'second_departure_time': 1537038840, 'second_arrival_time': 1537040400}
2379	{'task_type': 'regular', 'locomotive': 22625, 'train_section': 27800, 'section': 22415, 'departure_time': 1537038840, 'arrival_time': 1537040400}
2380	{'task_type': 'deadhead', 'locomotive': 22625, 'first_train_section': 27800, 'first_section': 22415, 'first_departure_time': 1537038840, 'first_arrival_time': 1537040400, 'second_train_section': 27235, 'second_section': 22333, 'second_departure_time': 1537078500, 'second_arrival_time': 1537081320}
2381	{'task_type': 'regular', 'locomotive': 22625, 'train_section': 27235, 'section': 22333, 'departure_time': 1537078500, 'arrival_time': 1537081320}
2382	{'task_type': 'deadhead', 'locomotive': 22625, 'first_train_section': 27235, 'first_section': 22333, 'first_departure_time': 1537078500, 'first_arrival_time': 1537081320, 'second_train_section': 26982, 'second_section': 22327, 'second_departure_time': 1537088880, 'second_arrival_time': 1537095240}
2383	{'task_type': 'regular', 'locomotive': 22625, 'train_section': 26982, 'section': 22327, 'departure_time': 1537088880, 'arrival_time': 1537095240}
2384	{'task_type': 'deadhead', 'locomotive': 22625, 'first_train_section': 26982, 'first_section': 22327, 'first_departure_time': 1537088880, 'first_arrival_time': 1537095240, 'second_train_section': 23929, 'second_section': 22327, 'second_departure_time': 1537103280, 'second_arrival_time': 1537109640}
2385	{'task_type': 'regular', 'locomotive': 22625, 'train_section': 23929, 'section': 22327, 'departure_time': 1537103280, 'arrival_time': 1537109640}
2386	{'task_type': 'deadhead', 'locomotive': 22625, 'first_train_section': 23929, 'first_section': 22327, 'first_departure_time': 1537103280, 'first_arrival_time': 1537109640, 'second_train_section': 26619, 'second_section': 22344, 'second_departure_time': 1537120980, 'second_arrival_time': 1537122000}
2387	{'task_type': 'regular', 'locomotive': 22625, 'train_section': 26619, 'section': 22344, 'departure_time': 1537120980, 'arrival_time': 1537122000}
2388	{'task_type': 'deadhead', 'locomotive': 22627, 'first_train_section': 25433, 'first_section': 22250, 'first_departure_time': 1536597360, 'first_arrival_time': 1536616740, 'second_train_section': 23338, 'second_section': 22496, 'second_departure_time': 1536633060, 'second_arrival_time': 1536639420}
2389	{'task_type': 'regular', 'locomotive': 22627, 'train_section': 23338, 'section': 22496, 'departure_time': 1536633060, 'arrival_time': 1536639420}
2390	{'task_type': 'regular', 'locomotive': 22627, 'train_section': 24633, 'section': 22416, 'departure_time': 1536661440, 'arrival_time': 1536665100}
2391	{'task_type': 'regular', 'locomotive': 22627, 'train_section': 25742, 'section': 22378, 'departure_time': 1536667500, 'arrival_time': 1536671160}
2392	{'task_type': 'deadhead', 'locomotive': 22627, 'first_train_section': 25742, 'first_section': 22378, 'first_departure_time': 1536667500, 'first_arrival_time': 1536671160, 'second_train_section': 27351, 'second_section': 22475, 'second_departure_time': 1536676260, 'second_arrival_time': 1536680280}
2393	{'task_type': 'regular', 'locomotive': 22627, 'train_section': 27351, 'section': 22475, 'departure_time': 1536676260, 'arrival_time': 1536680280}
2394	{'task_type': 'deadhead', 'locomotive': 22627, 'first_train_section': 27351, 'first_section': 22475, 'first_departure_time': 1536676260, 'first_arrival_time': 1536680280, 'second_train_section': 25357, 'second_section': 22427, 'second_departure_time': 1536681600, 'second_arrival_time': 1536684480}
2395	{'task_type': 'regular', 'locomotive': 22627, 'train_section': 25357, 'section': 22427, 'departure_time': 1536681600, 'arrival_time': 1536684480}
2396	{'task_type': 'regular', 'locomotive': 22627, 'train_section': 25359, 'section': 22443, 'departure_time': 1536685200, 'arrival_time': 1536687000}
2397	{'task_type': 'regular', 'locomotive': 22627, 'train_section': 25361, 'section': 22495, 'departure_time': 1536688380, 'arrival_time': 1536691260}
2398	{'task_type': 'regular', 'locomotive': 22627, 'train_section': 26372, 'section': 22309, 'departure_time': 1536696540, 'arrival_time': 1536701280}
2399	{'task_type': 'deadhead', 'locomotive': 22627, 'first_train_section': 26372, 'first_section': 22309, 'first_departure_time': 1536696540, 'first_arrival_time': 1536701280, 'second_train_section': 26386, 'second_section': 22427, 'second_departure_time': 1536711600, 'second_arrival_time': 1536714540}
2400	{'task_type': 'regular', 'locomotive': 22627, 'train_section': 26386, 'section': 22427, 'departure_time': 1536711600, 'arrival_time': 1536714540}
2401	{'task_type': 'deadhead', 'locomotive': 22627, 'first_train_section': 26386, 'first_section': 22427, 'first_departure_time': 1536711600, 'first_arrival_time': 1536714540, 'second_train_section': 26390, 'second_section': 22495, 'second_departure_time': 1536718080, 'second_arrival_time': 1536721020}
2402	{'task_type': 'regular', 'locomotive': 22627, 'train_section': 26390, 'section': 22495, 'departure_time': 1536718080, 'arrival_time': 1536721020}
2403	{'task_type': 'regular', 'locomotive': 22627, 'train_section': 26392, 'section': 22304, 'departure_time': 1536722040, 'arrival_time': 1536726420}
2404	{'task_type': 'deadhead', 'locomotive': 22627, 'first_train_section': 26392, 'first_section': 22304, 'first_departure_time': 1536722040, 'first_arrival_time': 1536726420, 'second_train_section': 27088, 'second_section': 22347, 'second_departure_time': 1536736740, 'second_arrival_time': 1536742080}
2405	{'task_type': 'regular', 'locomotive': 22627, 'train_section': 27088, 'section': 22347, 'departure_time': 1536736740, 'arrival_time': 1536742080}
2406	{'task_type': 'deadhead', 'locomotive': 22627, 'first_train_section': 27088, 'first_section': 22347, 'first_departure_time': 1536736740, 'first_arrival_time': 1536742080, 'second_train_section': 27517, 'second_section': 22298, 'second_departure_time': 1536748920, 'second_arrival_time': 1536751620}
2407	{'task_type': 'regular', 'locomotive': 22627, 'train_section': 27517, 'section': 22298, 'departure_time': 1536748920, 'arrival_time': 1536751620}
2408	{'task_type': 'deadhead', 'locomotive': 22627, 'first_train_section': 27517, 'first_section': 22298, 'first_departure_time': 1536748920, 'first_arrival_time': 1536751620, 'second_train_section': 24916, 'second_section': 22247, 'second_departure_time': 1536761520, 'second_arrival_time': 1536772620}
2409	{'task_type': 'regular', 'locomotive': 22627, 'train_section': 24916, 'section': 22247, 'departure_time': 1536761520, 'arrival_time': 1536772620}
2410	{'task_type': 'deadhead', 'locomotive': 22627, 'first_train_section': 24916, 'first_section': 22247, 'first_departure_time': 1536761520, 'first_arrival_time': 1536772620, 'second_train_section': 25731, 'second_section': 22404, 'second_departure_time': 1536777480, 'second_arrival_time': 1536786300}
2411	{'task_type': 'regular', 'locomotive': 22627, 'train_section': 25731, 'section': 22404, 'departure_time': 1536777480, 'arrival_time': 1536786300}
2412	{'task_type': 'regular', 'locomotive': 22627, 'train_section': 25733, 'section': 22246, 'departure_time': 1536786720, 'arrival_time': 1536787980}
2413	{'task_type': 'deadhead', 'locomotive': 22627, 'first_train_section': 25733, 'first_section': 22246, 'first_departure_time': 1536786720, 'first_arrival_time': 1536787980, 'second_train_section': 23141, 'second_section': 22247, 'second_departure_time': 1536793980, 'second_arrival_time': 1536803340}
2414	{'task_type': 'regular', 'locomotive': 22627, 'train_section': 23141, 'section': 22247, 'departure_time': 1536793980, 'arrival_time': 1536803340}
2415	{'task_type': 'deadhead', 'locomotive': 22627, 'first_train_section': 23141, 'first_section': 22247, 'first_departure_time': 1536793980, 'first_arrival_time': 1536803340, 'second_train_section': 24685, 'second_section': 22402, 'second_departure_time': 1536807840, 'second_arrival_time': 1536810360}
2416	{'task_type': 'regular', 'locomotive': 22627, 'train_section': 24685, 'section': 22402, 'departure_time': 1536807840, 'arrival_time': 1536810360}
2417	{'task_type': 'deadhead', 'locomotive': 22627, 'first_train_section': 24685, 'first_section': 22402, 'first_departure_time': 1536807840, 'first_arrival_time': 1536810360, 'second_train_section': 25199, 'second_section': 22400, 'second_departure_time': 1536813780, 'second_arrival_time': 1536817680}
2418	{'task_type': 'regular', 'locomotive': 22627, 'train_section': 25199, 'section': 22400, 'departure_time': 1536813780, 'arrival_time': 1536817680}
2419	{'task_type': 'deadhead', 'locomotive': 22627, 'first_train_section': 25199, 'first_section': 22400, 'first_departure_time': 1536813780, 'first_arrival_time': 1536817680, 'second_train_section': 25693, 'second_section': 22410, 'second_departure_time': 1536822060, 'second_arrival_time': 1536824880}
2420	{'task_type': 'regular', 'locomotive': 22627, 'train_section': 25693, 'section': 22410, 'departure_time': 1536822060, 'arrival_time': 1536824880}
2421	{'task_type': 'deadhead', 'locomotive': 22627, 'first_train_section': 25693, 'first_section': 22410, 'first_departure_time': 1536822060, 'first_arrival_time': 1536824880, 'second_train_section': 27077, 'second_section': 22268, 'second_departure_time': 1536837540, 'second_arrival_time': 1536844620}
2422	{'task_type': 'regular', 'locomotive': 22627, 'train_section': 27077, 'section': 22268, 'departure_time': 1536837540, 'arrival_time': 1536844620}
2423	{'task_type': 'deadhead', 'locomotive': 22627, 'first_train_section': 27077, 'first_section': 22268, 'first_departure_time': 1536837540, 'first_arrival_time': 1536844620, 'second_train_section': 26523, 'second_section': 22496, 'second_departure_time': 1536853080, 'second_arrival_time': 1536858000}
2424	{'task_type': 'regular', 'locomotive': 22627, 'train_section': 26523, 'section': 22496, 'departure_time': 1536853080, 'arrival_time': 1536858000}
2425	{'task_type': 'regular', 'locomotive': 22627, 'train_section': 26970, 'section': 22432, 'departure_time': 1536859680, 'arrival_time': 1536861300}
2426	{'task_type': 'deadhead', 'locomotive': 22627, 'first_train_section': 26970, 'first_section': 22432, 'first_departure_time': 1536859680, 'first_arrival_time': 1536861300, 'second_train_section': 24179, 'second_section': 22378, 'second_departure_time': 1536865500, 'second_arrival_time': 1536869160}
2427	{'task_type': 'regular', 'locomotive': 22627, 'train_section': 24179, 'section': 22378, 'departure_time': 1536865500, 'arrival_time': 1536869160}
2428	{'task_type': 'regular', 'locomotive': 22627, 'train_section': 27580, 'section': 22354, 'departure_time': 1536896340, 'arrival_time': 1536900960}
2429	{'task_type': 'deadhead', 'locomotive': 22627, 'first_train_section': 27580, 'first_section': 22354, 'first_departure_time': 1536896340, 'first_arrival_time': 1536900960, 'second_train_section': 23259, 'second_section': 22309, 'second_departure_time': 1536914760, 'second_arrival_time': 1536919320}
2430	{'task_type': 'regular', 'locomotive': 22627, 'train_section': 23259, 'section': 22309, 'departure_time': 1536914760, 'arrival_time': 1536919320}
2431	{'task_type': 'deadhead', 'locomotive': 22627, 'first_train_section': 23259, 'first_section': 22309, 'first_departure_time': 1536914760, 'first_arrival_time': 1536919320, 'second_train_section': 23511, 'second_section': 22362, 'second_departure_time': 1536922860, 'second_arrival_time': 1536925500}
2432	{'task_type': 'regular', 'locomotive': 22627, 'train_section': 23511, 'section': 22362, 'departure_time': 1536922860, 'arrival_time': 1536925500}
2433	{'task_type': 'deadhead', 'locomotive': 22627, 'first_train_section': 23511, 'first_section': 22362, 'first_departure_time': 1536922860, 'first_arrival_time': 1536925500, 'second_train_section': 23249, 'second_section': 22479, 'second_departure_time': 1536930960, 'second_arrival_time': 1536932580}
2434	{'task_type': 'regular', 'locomotive': 22627, 'train_section': 23249, 'section': 22479, 'departure_time': 1536930960, 'arrival_time': 1536932580}
2435	{'task_type': 'deadhead', 'locomotive': 22627, 'first_train_section': 23249, 'first_section': 22479, 'first_departure_time': 1536930960, 'first_arrival_time': 1536932580, 'second_train_section': 26635, 'second_section': 22482, 'second_departure_time': 1536935100, 'second_arrival_time': 1536937020}
2436	{'task_type': 'regular', 'locomotive': 22627, 'train_section': 26635, 'section': 22482, 'departure_time': 1536935100, 'arrival_time': 1536937020}
2437	{'task_type': 'deadhead', 'locomotive': 22627, 'first_train_section': 26635, 'first_section': 22482, 'first_departure_time': 1536935100, 'first_arrival_time': 1536937020, 'second_train_section': 24824, 'second_section': 22483, 'second_departure_time': 1536945240, 'second_arrival_time': 1536948360}
2438	{'task_type': 'regular', 'locomotive': 22627, 'train_section': 24824, 'section': 22483, 'departure_time': 1536945240, 'arrival_time': 1536948360}
2439	{'task_type': 'deadhead', 'locomotive': 22627, 'first_train_section': 24824, 'first_section': 22483, 'first_departure_time': 1536945240, 'first_arrival_time': 1536948360, 'second_train_section': 24494, 'second_section': 22309, 'second_departure_time': 1536955740, 'second_arrival_time': 1536960480}
2440	{'task_type': 'regular', 'locomotive': 22627, 'train_section': 24494, 'section': 22309, 'departure_time': 1536955740, 'arrival_time': 1536960480}
2441	{'task_type': 'deadhead', 'locomotive': 22627, 'first_train_section': 24494, 'first_section': 22309, 'first_departure_time': 1536955740, 'first_arrival_time': 1536960480, 'second_train_section': 23495, 'second_section': 22368, 'second_departure_time': 1536968880, 'second_arrival_time': 1536972600}
2442	{'task_type': 'regular', 'locomotive': 22627, 'train_section': 23495, 'section': 22368, 'departure_time': 1536968880, 'arrival_time': 1536972600}
2443	{'task_type': 'deadhead', 'locomotive': 22627, 'first_train_section': 23495, 'first_section': 22368, 'first_departure_time': 1536968880, 'first_arrival_time': 1536972600, 'second_train_section': 23499, 'second_section': 22496, 'second_departure_time': 1536976800, 'second_arrival_time': 1536981600}
2444	{'task_type': 'regular', 'locomotive': 22627, 'train_section': 23499, 'section': 22496, 'departure_time': 1536976800, 'arrival_time': 1536981600}
2445	{'task_type': 'deadhead', 'locomotive': 22627, 'first_train_section': 23499, 'first_section': 22496, 'first_departure_time': 1536976800, 'first_arrival_time': 1536981600, 'second_train_section': 24767, 'second_section': 22281, 'second_departure_time': 1536995640, 'second_arrival_time': 1537000800}
2446	{'task_type': 'regular', 'locomotive': 22627, 'train_section': 24767, 'section': 22281, 'departure_time': 1536995640, 'arrival_time': 1537000800}
2447	{'task_type': 'deadhead', 'locomotive': 22627, 'first_train_section': 24767, 'first_section': 22281, 'first_departure_time': 1536995640, 'first_arrival_time': 1537000800, 'second_train_section': 23068, 'second_section': 22327, 'second_departure_time': 1537024080, 'second_arrival_time': 1537030500}
2448	{'task_type': 'regular', 'locomotive': 22627, 'train_section': 23068, 'section': 22327, 'departure_time': 1537024080, 'arrival_time': 1537030500}
2449	{'task_type': 'deadhead', 'locomotive': 22627, 'first_train_section': 23068, 'first_section': 22327, 'first_departure_time': 1537024080, 'first_arrival_time': 1537030500, 'second_train_section': 25719, 'second_section': 22247, 'second_departure_time': 1537050780, 'second_arrival_time': 1537059480}
2450	{'task_type': 'regular', 'locomotive': 22627, 'train_section': 25719, 'section': 22247, 'departure_time': 1537050780, 'arrival_time': 1537059480}
2451	{'task_type': 'deadhead', 'locomotive': 22627, 'first_train_section': 25719, 'first_section': 22247, 'first_departure_time': 1537050780, 'first_arrival_time': 1537059480, 'second_train_section': 23508, 'second_section': 22398, 'second_departure_time': 1537132800, 'second_arrival_time': 1537135199}
2452	{'task_type': 'regular', 'locomotive': 22627, 'train_section': 23508, 'section': 22398, 'departure_time': 1537132800, 'arrival_time': 1537135199}
2453	{'task_type': 'regular', 'locomotive': 22628, 'train_section': 26797, 'section': 22378, 'departure_time': 1536600900, 'arrival_time': 1536604560}
2454	{'task_type': 'regular', 'locomotive': 22628, 'train_section': 22678, 'section': 22416, 'departure_time': 1536605640, 'arrival_time': 1536609300}
2455	{'task_type': 'regular', 'locomotive': 22628, 'train_section': 24018, 'section': 22354, 'departure_time': 1536637140, 'arrival_time': 1536641760}
2456	{'task_type': 'deadhead', 'locomotive': 22628, 'first_train_section': 24018, 'first_section': 22354, 'first_departure_time': 1536637140, 'first_arrival_time': 1536641760, 'second_train_section': 26656, 'second_section': 22422, 'second_departure_time': 1536645300, 'second_arrival_time': 1536656340}
2457	{'task_type': 'regular', 'locomotive': 22628, 'train_section': 26656, 'section': 22422, 'departure_time': 1536645300, 'arrival_time': 1536656340}
2458	{'task_type': 'deadhead', 'locomotive': 22628, 'first_train_section': 26656, 'first_section': 22422, 'first_departure_time': 1536645300, 'first_arrival_time': 1536656340, 'second_train_section': 24066, 'second_section': 22445, 'second_departure_time': 1536667920, 'second_arrival_time': 1536674040}
2459	{'task_type': 'regular', 'locomotive': 22628, 'train_section': 24066, 'section': 22445, 'departure_time': 1536667920, 'arrival_time': 1536674040}
2460	{'task_type': 'deadhead', 'locomotive': 22628, 'first_train_section': 24066, 'first_section': 22445, 'first_departure_time': 1536667920, 'first_arrival_time': 1536674040, 'second_train_section': 26888, 'second_section': 22459, 'second_departure_time': 1536675480, 'second_arrival_time': 1536678960}
2461	{'task_type': 'regular', 'locomotive': 22628, 'train_section': 26888, 'section': 22459, 'departure_time': 1536675480, 'arrival_time': 1536678960}
2462	{'task_type': 'regular', 'locomotive': 22628, 'train_section': 24955, 'section': 22513, 'departure_time': 1536680280, 'arrival_time': 1536681900}
2463	{'task_type': 'deadhead', 'locomotive': 22628, 'first_train_section': 25923, 'first_section': 22473, 'first_departure_time': 1536681900, 'first_arrival_time': 1536703140, 'second_train_section': 23604, 'second_section': 22495, 'second_departure_time': 1536708840, 'second_arrival_time': 1536711720}
2464	{'task_type': 'regular', 'locomotive': 22628, 'train_section': 23604, 'section': 22495, 'departure_time': 1536708840, 'arrival_time': 1536711720}
2465	{'task_type': 'deadhead', 'locomotive': 22628, 'first_train_section': 23604, 'first_section': 22495, 'first_departure_time': 1536708840, 'first_arrival_time': 1536711720, 'second_train_section': 27783, 'second_section': 22372, 'second_departure_time': 1536718140, 'second_arrival_time': 1536722100}
2466	{'task_type': 'regular', 'locomotive': 22628, 'train_section': 27783, 'section': 22372, 'departure_time': 1536718140, 'arrival_time': 1536722100}
2467	{'task_type': 'deadhead', 'locomotive': 22628, 'first_train_section': 27783, 'first_section': 22372, 'first_departure_time': 1536718140, 'first_arrival_time': 1536722100, 'second_train_section': 22793, 'second_section': 22361, 'second_departure_time': 1536726240, 'second_arrival_time': 1536729240}
2468	{'task_type': 'regular', 'locomotive': 22628, 'train_section': 22793, 'section': 22361, 'departure_time': 1536726240, 'arrival_time': 1536729240}
2469	{'task_type': 'deadhead', 'locomotive': 22628, 'first_train_section': 22793, 'first_section': 22361, 'first_departure_time': 1536726240, 'first_arrival_time': 1536729240, 'second_train_section': 23747, 'second_section': 22404, 'second_departure_time': 1536747600, 'second_arrival_time': 1536756360}
2470	{'task_type': 'regular', 'locomotive': 22628, 'train_section': 23747, 'section': 22404, 'departure_time': 1536747600, 'arrival_time': 1536756360}
2471	{'task_type': 'regular', 'locomotive': 22628, 'train_section': 25385, 'section': 22245, 'departure_time': 1536759060, 'arrival_time': 1536764220}
2472	{'task_type': 'regular', 'locomotive': 22628, 'train_section': 25085, 'section': 22308, 'departure_time': 1536770880, 'arrival_time': 1536773820}
2473	{'task_type': 'regular', 'locomotive': 22628, 'train_section': 22706, 'section': 22496, 'departure_time': 1536780540, 'arrival_time': 1536784860}
2474	{'task_type': 'deadhead', 'locomotive': 22628, 'first_train_section': 22706, 'first_section': 22496, 'first_departure_time': 1536780540, 'first_arrival_time': 1536784860, 'second_train_section': 23276, 'second_section': 22385, 'second_departure_time': 1536786540, 'second_arrival_time': 1536787440}
2475	{'task_type': 'regular', 'locomotive': 22628, 'train_section': 23276, 'section': 22385, 'departure_time': 1536786540, 'arrival_time': 1536787440}
2476	{'task_type': 'deadhead', 'locomotive': 22628, 'first_train_section': 23276, 'first_section': 22385, 'first_departure_time': 1536786540, 'first_arrival_time': 1536787440, 'second_train_section': 23191, 'second_section': 22496, 'second_departure_time': 1536794460, 'second_arrival_time': 1536798360}
2477	{'task_type': 'regular', 'locomotive': 22628, 'train_section': 23191, 'section': 22496, 'departure_time': 1536794460, 'arrival_time': 1536798360}
2478	{'task_type': 'deadhead', 'locomotive': 22628, 'first_train_section': 23191, 'first_section': 22496, 'first_departure_time': 1536794460, 'first_arrival_time': 1536798360, 'second_train_section': 24512, 'second_section': 22427, 'second_departure_time': 1536807420, 'second_arrival_time': 1536810420}
2479	{'task_type': 'regular', 'locomotive': 22628, 'train_section': 24512, 'section': 22427, 'departure_time': 1536807420, 'arrival_time': 1536810420}
2480	{'task_type': 'deadhead', 'locomotive': 22628, 'first_train_section': 24512, 'first_section': 22427, 'first_departure_time': 1536807420, 'first_arrival_time': 1536810420, 'second_train_section': 24516, 'second_section': 22495, 'second_departure_time': 1536813240, 'second_arrival_time': 1536816060}
2481	{'task_type': 'regular', 'locomotive': 22628, 'train_section': 24516, 'section': 22495, 'departure_time': 1536813240, 'arrival_time': 1536816060}
2482	{'task_type': 'regular', 'locomotive': 22628, 'train_section': 26998, 'section': 22308, 'departure_time': 1536829440, 'arrival_time': 1536832080}
2483	{'task_type': 'deadhead', 'locomotive': 22628, 'first_train_section': 26998, 'first_section': 22308, 'first_departure_time': 1536829440, 'first_arrival_time': 1536832080, 'second_train_section': 25305, 'second_section': 22262, 'second_departure_time': 1536844080, 'second_arrival_time': 1536844380}
2484	{'task_type': 'regular', 'locomotive': 22628, 'train_section': 25305, 'section': 22262, 'departure_time': 1536844080, 'arrival_time': 1536844380}
2485	{'task_type': 'deadhead', 'locomotive': 22628, 'first_train_section': 25305, 'first_section': 22262, 'first_departure_time': 1536844080, 'first_arrival_time': 1536844380, 'second_train_section': 26521, 'second_section': 22308, 'second_departure_time': 1536848400, 'second_arrival_time': 1536851220}
2486	{'task_type': 'regular', 'locomotive': 22628, 'train_section': 26521, 'section': 22308, 'departure_time': 1536848400, 'arrival_time': 1536851220}
2487	{'task_type': 'deadhead', 'locomotive': 22628, 'first_train_section': 26521, 'first_section': 22308, 'first_departure_time': 1536848400, 'first_arrival_time': 1536851220, 'second_train_section': 26966, 'second_section': 22442, 'second_departure_time': 1536854160, 'second_arrival_time': 1536856920}
2488	{'task_type': 'regular', 'locomotive': 22628, 'train_section': 26966, 'section': 22442, 'departure_time': 1536854160, 'arrival_time': 1536856920}
2489	{'task_type': 'deadhead', 'locomotive': 22628, 'first_train_section': 26966, 'first_section': 22442, 'first_departure_time': 1536854160, 'first_arrival_time': 1536856920, 'second_train_section': 23634, 'second_section': 22301, 'second_departure_time': 1536863460, 'second_arrival_time': 1536865560}
2490	{'task_type': 'regular', 'locomotive': 22628, 'train_section': 23634, 'section': 22301, 'departure_time': 1536863460, 'arrival_time': 1536865560}
2491	{'task_type': 'regular', 'locomotive': 22628, 'train_section': 24218, 'section': 22376, 'departure_time': 1536867900, 'arrival_time': 1536873600}
2492	{'task_type': 'deadhead', 'locomotive': 22628, 'first_train_section': 24218, 'first_section': 22376, 'first_departure_time': 1536867900, 'first_arrival_time': 1536873600, 'second_train_section': 26740, 'second_section': 22304, 'second_departure_time': 1536881100, 'second_arrival_time': 1536885480}
2493	{'task_type': 'regular', 'locomotive': 22628, 'train_section': 26740, 'section': 22304, 'departure_time': 1536881100, 'arrival_time': 1536885480}
2494	{'task_type': 'deadhead', 'locomotive': 22628, 'first_train_section': 26740, 'first_section': 22304, 'first_departure_time': 1536881100, 'first_arrival_time': 1536885480, 'second_train_section': 27815, 'second_section': 22372, 'second_departure_time': 1536890940, 'second_arrival_time': 1536894900}
2495	{'task_type': 'regular', 'locomotive': 22628, 'train_section': 27815, 'section': 22372, 'departure_time': 1536890940, 'arrival_time': 1536894900}
2496	{'task_type': 'deadhead', 'locomotive': 22628, 'first_train_section': 27815, 'first_section': 22372, 'first_departure_time': 1536890940, 'first_arrival_time': 1536894900, 'second_train_section': 25038, 'second_section': 22361, 'second_departure_time': 1536900480, 'second_arrival_time': 1536902940}
2497	{'task_type': 'regular', 'locomotive': 22628, 'train_section': 25038, 'section': 22361, 'departure_time': 1536900480, 'arrival_time': 1536902940}
2498	{'task_type': 'deadhead', 'locomotive': 22628, 'first_train_section': 25038, 'first_section': 22361, 'first_departure_time': 1536900480, 'first_arrival_time': 1536902940, 'second_train_section': 26254, 'second_section': 22258, 'second_departure_time': 1536907860, 'second_arrival_time': 1536910260}
2499	{'task_type': 'regular', 'locomotive': 22628, 'train_section': 26254, 'section': 22258, 'departure_time': 1536907860, 'arrival_time': 1536910260}
2500	{'task_type': 'deadhead', 'locomotive': 22628, 'first_train_section': 26254, 'first_section': 22258, 'first_departure_time': 1536907860, 'first_arrival_time': 1536910260, 'second_train_section': 26903, 'second_section': 22308, 'second_departure_time': 1536915840, 'second_arrival_time': 1536918480}
2501	{'task_type': 'regular', 'locomotive': 22628, 'train_section': 26903, 'section': 22308, 'departure_time': 1536915840, 'arrival_time': 1536918480}
2502	{'task_type': 'deadhead', 'locomotive': 22628, 'first_train_section': 26903, 'first_section': 22308, 'first_departure_time': 1536915840, 'first_arrival_time': 1536918480, 'second_train_section': 25010, 'second_section': 22424, 'second_departure_time': 1536925680, 'second_arrival_time': 1536930540}
2503	{'task_type': 'regular', 'locomotive': 22628, 'train_section': 25010, 'section': 22424, 'departure_time': 1536925680, 'arrival_time': 1536930540}
2504	{'task_type': 'deadhead', 'locomotive': 22628, 'first_train_section': 25010, 'first_section': 22424, 'first_departure_time': 1536925680, 'first_arrival_time': 1536930540, 'second_train_section': 24655, 'second_section': 22416, 'second_departure_time': 1536935040, 'second_arrival_time': 1536938700}
2505	{'task_type': 'regular', 'locomotive': 22628, 'train_section': 24655, 'section': 22416, 'departure_time': 1536935040, 'arrival_time': 1536938700}
2506	{'task_type': 'deadhead', 'locomotive': 22628, 'first_train_section': 24655, 'first_section': 22416, 'first_departure_time': 1536935040, 'first_arrival_time': 1536938700, 'second_train_section': 24490, 'second_section': 22431, 'second_departure_time': 1536945540, 'second_arrival_time': 1536950400}
2507	{'task_type': 'regular', 'locomotive': 22628, 'train_section': 24490, 'section': 22431, 'departure_time': 1536945540, 'arrival_time': 1536950400}
2508	{'task_type': 'deadhead', 'locomotive': 22628, 'first_train_section': 24490, 'first_section': 22431, 'first_departure_time': 1536945540, 'first_arrival_time': 1536950400, 'second_train_section': 25066, 'second_section': 22427, 'second_departure_time': 1536956700, 'second_arrival_time': 1536959580}
2509	{'task_type': 'regular', 'locomotive': 22628, 'train_section': 25066, 'section': 22427, 'departure_time': 1536956700, 'arrival_time': 1536959580}
2510	{'task_type': 'deadhead', 'locomotive': 22628, 'first_train_section': 25066, 'first_section': 22427, 'first_departure_time': 1536956700, 'first_arrival_time': 1536959580, 'second_train_section': 23629, 'second_section': 22304, 'second_departure_time': 1536971580, 'second_arrival_time': 1536976020}
2511	{'task_type': 'regular', 'locomotive': 22628, 'train_section': 23629, 'section': 22304, 'departure_time': 1536971580, 'arrival_time': 1536976020}
2512	{'task_type': 'deadhead', 'locomotive': 22628, 'first_train_section': 23629, 'first_section': 22304, 'first_departure_time': 1536971580, 'first_arrival_time': 1536976020, 'second_train_section': 26156, 'second_section': 22357, 'second_departure_time': 1536988560, 'second_arrival_time': 1536992040}
2513	{'task_type': 'regular', 'locomotive': 22628, 'train_section': 26156, 'section': 22357, 'departure_time': 1536988560, 'arrival_time': 1536992040}
2514	{'task_type': 'deadhead', 'locomotive': 22628, 'first_train_section': 26156, 'first_section': 22357, 'first_departure_time': 1536988560, 'first_arrival_time': 1536992040, 'second_train_section': 27806, 'second_section': 22499, 'second_departure_time': 1536997500, 'second_arrival_time': 1537002660}
2515	{'task_type': 'regular', 'locomotive': 22628, 'train_section': 27806, 'section': 22499, 'departure_time': 1536997500, 'arrival_time': 1537002660}
2516	{'task_type': 'deadhead', 'locomotive': 22628, 'first_train_section': 27806, 'first_section': 22499, 'first_departure_time': 1536997500, 'first_arrival_time': 1537002660, 'second_train_section': 23231, 'second_section': 22378, 'second_departure_time': 1537016700, 'second_arrival_time': 1537020360}
2517	{'task_type': 'regular', 'locomotive': 22628, 'train_section': 23231, 'section': 22378, 'departure_time': 1537016700, 'arrival_time': 1537020360}
2518	{'task_type': 'deadhead', 'locomotive': 22628, 'first_train_section': 23231, 'first_section': 22378, 'first_departure_time': 1537016700, 'first_arrival_time': 1537020360, 'second_train_section': 26645, 'second_section': 22378, 'second_departure_time': 1537034700, 'second_arrival_time': 1537038360}
2519	{'task_type': 'regular', 'locomotive': 22628, 'train_section': 26645, 'section': 22378, 'departure_time': 1537034700, 'arrival_time': 1537038360}
