1	{'task_type': 'regular', 'locomotive': 22550, 'train_section': 23628, 'section': 22301, 'departure_time': 1536604260, 'arrival_time': 1536606360}
2	{'task_type': 'deadhead', 'locomotive': 22550, 'first_train_section': 23628, 'first_section': 22301, 'first_departure_time': 1536604260, 'first_arrival_time': 1536606360, 'second_train_section': 27184, 'second_section': 22416, 'second_departure_time': 1536611280, 'second_arrival_time': 1536616500}
3	{'task_type': 'regular', 'locomotive': 22550, 'train_section': 27184, 'section': 22416, 'departure_time': 1536611280, 'arrival_time': 1536616500}
4	{'task_type': 'deadhead', 'locomotive': 22550, 'first_train_section': 23163, 'first_section': 22377, 'first_departure_time': 1536616860, 'first_arrival_time': 1536635340, 'second_train_section': 27539, 'second_section': 22373, 'second_departure_time': 1536638040, 'second_arrival_time': 1536643320}
5	{'task_type': 'regular', 'locomotive': 22550, 'train_section': 27539, 'section': 22373, 'departure_time': 1536638040, 'arrival_time': 1536643320}
6	{'task_type': 'deadhead', 'locomotive': 22550, 'first_train_section': 27539, 'first_section': 22373, 'first_departure_time': 1536638040, 'first_arrival_time': 1536643320, 'second_train_section': 29500, 'second_section': 22343, 'second_departure_time': 1536662400, 'second_arrival_time': 1536670920}
7	{'task_type': 'regular', 'locomotive': 22550, 'train_section': 29500, 'section': 22343, 'departure_time': 1536662400, 'arrival_time': 1536670920}
8	{'task_type': 'deadhead', 'locomotive': 22550, 'first_train_section': 29500, 'first_section': 22343, 'first_departure_time': 1536662400, 'first_arrival_time': 1536670920, 'second_train_section': 25417, 'second_section': 22281, 'second_departure_time': 1536674280, 'second_arrival_time': 1536680580}
9	{'task_type': 'regular', 'locomotive': 22550, 'train_section': 25417, 'section': 22281, 'departure_time': 1536674280, 'arrival_time': 1536680580}
10	{'task_type': 'regular', 'locomotive': 22550, 'train_section': 29531, 'section': 22343, 'departure_time': 1536681900, 'arrival_time': 1536692040}
11	{'task_type': 'deadhead', 'locomotive': 22550, 'first_train_section': 29531, 'first_section': 22343, 'first_departure_time': 1536681900, 'first_arrival_time': 1536692040, 'second_train_section': 26639, 'second_section': 22289, 'second_departure_time': 1536693900, 'second_arrival_time': 1536701520}
12	{'task_type': 'regular', 'locomotive': 22550, 'train_section': 26639, 'section': 22289, 'departure_time': 1536693900, 'arrival_time': 1536701520}
13	{'task_type': 'deadhead', 'locomotive': 22550, 'first_train_section': 26639, 'first_section': 22289, 'first_departure_time': 1536693900, 'first_arrival_time': 1536701520, 'second_train_section': 24300, 'second_section': 22288, 'second_departure_time': 1536714420, 'second_arrival_time': 1536720960}
14	{'task_type': 'regular', 'locomotive': 22550, 'train_section': 24300, 'section': 22288, 'departure_time': 1536714420, 'arrival_time': 1536720960}
15	{'task_type': 'deadhead', 'locomotive': 22550, 'first_train_section': 24300, 'first_section': 22288, 'first_departure_time': 1536714420, 'first_arrival_time': 1536720960, 'second_train_section': 28855, 'second_section': 22472, 'second_departure_time': 1536729180, 'second_arrival_time': 1536734340}
16	{'task_type': 'regular', 'locomotive': 22550, 'train_section': 28855, 'section': 22472, 'departure_time': 1536729180, 'arrival_time': 1536734340}
17	{'task_type': 'regular', 'locomotive': 22550, 'train_section': 22800, 'section': 22350, 'departure_time': 1536740700, 'arrival_time': 1536744720}
18	{'task_type': 'regular', 'locomotive': 22550, 'train_section': 24721, 'section': 22486, 'departure_time': 1536753120, 'arrival_time': 1536756720}
19	{'task_type': 'deadhead', 'locomotive': 22550, 'first_train_section': 24721, 'first_section': 22486, 'first_departure_time': 1536753120, 'first_arrival_time': 1536756720, 'second_train_section': 25658, 'second_section': 22481, 'second_departure_time': 1536762840, 'second_arrival_time': 1536767940}
20	{'task_type': 'regular', 'locomotive': 22550, 'train_section': 25658, 'section': 22481, 'departure_time': 1536762840, 'arrival_time': 1536767940}
21	{'task_type': 'regular', 'locomotive': 22550, 'train_section': 25661, 'section': 22343, 'departure_time': 1536768300, 'arrival_time': 1536778440}
22	{'task_type': 'deadhead', 'locomotive': 22550, 'first_train_section': 25661, 'first_section': 22343, 'first_departure_time': 1536768300, 'first_arrival_time': 1536778440, 'second_train_section': 27218, 'second_section': 22280, 'second_departure_time': 1536778920, 'second_arrival_time': 1536787320}
23	{'task_type': 'regular', 'locomotive': 22550, 'train_section': 27218, 'section': 22280, 'departure_time': 1536778920, 'arrival_time': 1536787320}
24	{'task_type': 'deadhead', 'locomotive': 22550, 'first_train_section': 27218, 'first_section': 22280, 'first_departure_time': 1536778920, 'first_arrival_time': 1536787320, 'second_train_section': 24483, 'second_section': 22324, 'second_departure_time': 1536788760, 'second_arrival_time': 1536794100}
25	{'task_type': 'regular', 'locomotive': 22550, 'train_section': 24483, 'section': 22324, 'departure_time': 1536788760, 'arrival_time': 1536794100}
26	{'task_type': 'deadhead', 'locomotive': 22550, 'first_train_section': 24483, 'first_section': 22324, 'first_departure_time': 1536788760, 'first_arrival_time': 1536794100, 'second_train_section': 22653, 'second_section': 22336, 'second_departure_time': 1536805380, 'second_arrival_time': 1536811500}
27	{'task_type': 'regular', 'locomotive': 22550, 'train_section': 22653, 'section': 22336, 'departure_time': 1536805380, 'arrival_time': 1536811500}
28	{'task_type': 'deadhead', 'locomotive': 22550, 'first_train_section': 22653, 'first_section': 22336, 'first_departure_time': 1536805380, 'first_arrival_time': 1536811500, 'second_train_section': 26386, 'second_section': 22472, 'second_departure_time': 1536822780, 'second_arrival_time': 1536827940}
29	{'task_type': 'regular', 'locomotive': 22550, 'train_section': 26386, 'section': 22472, 'departure_time': 1536822780, 'arrival_time': 1536827940}
30	{'task_type': 'deadhead', 'locomotive': 22550, 'first_train_section': 26386, 'first_section': 22472, 'first_departure_time': 1536822780, 'first_arrival_time': 1536827940, 'second_train_section': 24135, 'second_section': 22264, 'second_departure_time': 1536834000, 'second_arrival_time': 1536834420}
31	{'task_type': 'regular', 'locomotive': 22550, 'train_section': 24135, 'section': 22264, 'departure_time': 1536834000, 'arrival_time': 1536834420}
32	{'task_type': 'deadhead', 'locomotive': 22550, 'first_train_section': 24135, 'first_section': 22264, 'first_departure_time': 1536834000, 'first_arrival_time': 1536834420, 'second_train_section': 24690, 'second_section': 22248, 'second_departure_time': 1536843360, 'second_arrival_time': 1536846000}
33	{'task_type': 'regular', 'locomotive': 22550, 'train_section': 24690, 'section': 22248, 'departure_time': 1536843360, 'arrival_time': 1536846000}
34	{'task_type': 'deadhead', 'locomotive': 22550, 'first_train_section': 24690, 'first_section': 22248, 'first_departure_time': 1536843360, 'first_arrival_time': 1536846000, 'second_train_section': 27103, 'second_section': 22347, 'second_departure_time': 1536851940, 'second_arrival_time': 1536857280}
35	{'task_type': 'regular', 'locomotive': 22550, 'train_section': 27103, 'section': 22347, 'departure_time': 1536851940, 'arrival_time': 1536857280}
36	{'task_type': 'deadhead', 'locomotive': 22550, 'first_train_section': 27103, 'first_section': 22347, 'first_departure_time': 1536851940, 'first_arrival_time': 1536857280, 'second_train_section': 26435, 'second_section': 22468, 'second_departure_time': 1536865860, 'second_arrival_time': 1536870000}
37	{'task_type': 'regular', 'locomotive': 22550, 'train_section': 26435, 'section': 22468, 'departure_time': 1536865860, 'arrival_time': 1536870000}
38	{'task_type': 'deadhead', 'locomotive': 22550, 'first_train_section': 26435, 'first_section': 22468, 'first_departure_time': 1536865860, 'first_arrival_time': 1536870000, 'second_train_section': 30023, 'second_section': 22451, 'second_departure_time': 1536879420, 'second_arrival_time': 1536886320}
39	{'task_type': 'regular', 'locomotive': 22550, 'train_section': 30023, 'section': 22451, 'departure_time': 1536879420, 'arrival_time': 1536886320}
40	{'task_type': 'regular', 'locomotive': 22550, 'train_section': 30026, 'section': 22345, 'departure_time': 1536887160, 'arrival_time': 1536890100}
41	{'task_type': 'deadhead', 'locomotive': 22550, 'first_train_section': 30026, 'first_section': 22345, 'first_departure_time': 1536887160, 'first_arrival_time': 1536890100, 'second_train_section': 25380, 'second_section': 22348, 'second_departure_time': 1536894780, 'second_arrival_time': 1536898320}
42	{'task_type': 'regular', 'locomotive': 22550, 'train_section': 25380, 'section': 22348, 'departure_time': 1536894780, 'arrival_time': 1536898320}
43	{'task_type': 'deadhead', 'locomotive': 22550, 'first_train_section': 25380, 'first_section': 22348, 'first_departure_time': 1536894780, 'first_arrival_time': 1536898320, 'second_train_section': 28900, 'second_section': 22499, 'second_departure_time': 1536903900, 'second_arrival_time': 1536909060}
44	{'task_type': 'regular', 'locomotive': 22550, 'train_section': 28900, 'section': 22499, 'departure_time': 1536903900, 'arrival_time': 1536909060}
45	{'task_type': 'regular', 'locomotive': 22550, 'train_section': 26810, 'section': 22342, 'departure_time': 1536909540, 'arrival_time': 1536914820}
46	{'task_type': 'regular', 'locomotive': 22550, 'train_section': 29877, 'section': 22278, 'departure_time': 1536922680, 'arrival_time': 1536929460}
47	{'task_type': 'deadhead', 'locomotive': 22550, 'first_train_section': 29877, 'first_section': 22278, 'first_departure_time': 1536922680, 'first_arrival_time': 1536929460, 'second_train_section': 27479, 'second_section': 22351, 'second_departure_time': 1536936480, 'second_arrival_time': 1536941640}
48	{'task_type': 'regular', 'locomotive': 22550, 'train_section': 27479, 'section': 22351, 'departure_time': 1536936480, 'arrival_time': 1536941640}
49	{'task_type': 'deadhead', 'locomotive': 22550, 'first_train_section': 27479, 'first_section': 22351, 'first_departure_time': 1536936480, 'first_arrival_time': 1536941640, 'second_train_section': 24151, 'second_section': 22483, 'second_departure_time': 1536945240, 'second_arrival_time': 1536948360}
50	{'task_type': 'regular', 'locomotive': 22550, 'train_section': 24151, 'section': 22483, 'departure_time': 1536945240, 'arrival_time': 1536948360}
51	{'task_type': 'deadhead', 'locomotive': 22550, 'first_train_section': 28759, 'first_section': 22502, 'first_departure_time': 1536951900, 'first_arrival_time': 1536962340, 'second_train_section': 26964, 'second_section': 22245, 'second_departure_time': 1536969960, 'second_arrival_time': 1536974640}
52	{'task_type': 'regular', 'locomotive': 22550, 'train_section': 26964, 'section': 22245, 'departure_time': 1536969960, 'arrival_time': 1536974640}
53	{'task_type': 'regular', 'locomotive': 22550, 'train_section': 29136, 'section': 22308, 'departure_time': 1536979380, 'arrival_time': 1536982140}
54	{'task_type': 'deadhead', 'locomotive': 22550, 'first_train_section': 29136, 'first_section': 22308, 'first_departure_time': 1536979380, 'first_arrival_time': 1536982140, 'second_train_section': 27878, 'second_section': 22304, 'second_departure_time': 1536987600, 'second_arrival_time': 1536992700}
55	{'task_type': 'regular', 'locomotive': 22550, 'train_section': 27878, 'section': 22304, 'departure_time': 1536987600, 'arrival_time': 1536992700}
56	{'task_type': 'deadhead', 'locomotive': 22550, 'first_train_section': 27878, 'first_section': 22304, 'first_departure_time': 1536987600, 'first_arrival_time': 1536992700, 'second_train_section': 24791, 'second_section': 22356, 'second_departure_time': 1537003680, 'second_arrival_time': 1537010940}
57	{'task_type': 'regular', 'locomotive': 22550, 'train_section': 24791, 'section': 22356, 'departure_time': 1537003680, 'arrival_time': 1537010940}
58	{'task_type': 'deadhead', 'locomotive': 22550, 'first_train_section': 24791, 'first_section': 22356, 'first_departure_time': 1537003680, 'first_arrival_time': 1537010940, 'second_train_section': 25517, 'second_section': 22472, 'second_departure_time': 1537031580, 'second_arrival_time': 1537036740}
59	{'task_type': 'regular', 'locomotive': 22550, 'train_section': 25517, 'section': 22472, 'departure_time': 1537031580, 'arrival_time': 1537036740}
60	{'task_type': 'deadhead', 'locomotive': 22550, 'first_train_section': 25517, 'first_section': 22472, 'first_departure_time': 1537031580, 'first_arrival_time': 1537036740, 'second_train_section': 29966, 'second_section': 22260, 'second_departure_time': 1537046100, 'second_arrival_time': 1537053240}
61	{'task_type': 'regular', 'locomotive': 22550, 'train_section': 29966, 'section': 22260, 'departure_time': 1537046100, 'arrival_time': 1537053240}
62	{'task_type': 'deadhead', 'locomotive': 22550, 'first_train_section': 29966, 'first_section': 22260, 'first_departure_time': 1537046100, 'first_arrival_time': 1537053240, 'second_train_section': 26482, 'second_section': 22242, 'second_departure_time': 1537104060, 'second_arrival_time': 1537106820}
63	{'task_type': 'regular', 'locomotive': 22550, 'train_section': 26482, 'section': 22242, 'departure_time': 1537104060, 'arrival_time': 1537106820}
64	{'task_type': 'deadhead', 'locomotive': 22550, 'first_train_section': 26482, 'first_section': 22242, 'first_departure_time': 1537104060, 'first_arrival_time': 1537106820, 'second_train_section': 28006, 'second_section': 22277, 'second_departure_time': 1537126500, 'second_arrival_time': 1537129980}
65	{'task_type': 'regular', 'locomotive': 22550, 'train_section': 28006, 'section': 22277, 'departure_time': 1537126500, 'arrival_time': 1537129980}
66	{'task_type': 'regular', 'locomotive': 22552, 'train_section': 28129, 'section': 22392, 'departure_time': 1536747900, 'arrival_time': 1536749280}
67	{'task_type': 'deadhead', 'locomotive': 22552, 'first_train_section': 28129, 'first_section': 22392, 'first_departure_time': 1536747900, 'first_arrival_time': 1536749280, 'second_train_section': 25670, 'second_section': 22404, 'second_departure_time': 1536754980, 'second_arrival_time': 1536763500}
68	{'task_type': 'regular', 'locomotive': 22552, 'train_section': 25670, 'section': 22404, 'departure_time': 1536754980, 'arrival_time': 1536763500}
69	{'task_type': 'regular', 'locomotive': 22552, 'train_section': 26401, 'section': 22245, 'departure_time': 1536770340, 'arrival_time': 1536775380}
70	{'task_type': 'regular', 'locomotive': 22552, 'train_section': 26403, 'section': 22308, 'departure_time': 1536776400, 'arrival_time': 1536779160}
71	{'task_type': 'regular', 'locomotive': 22552, 'train_section': 26405, 'section': 22496, 'departure_time': 1536780540, 'arrival_time': 1536784860}
72	{'task_type': 'deadhead', 'locomotive': 22552, 'first_train_section': 26405, 'first_section': 22496, 'first_departure_time': 1536780540, 'first_arrival_time': 1536784860, 'second_train_section': 26494, 'second_section': 22429, 'second_departure_time': 1536785640, 'second_arrival_time': 1536788280}
73	{'task_type': 'regular', 'locomotive': 22552, 'train_section': 26494, 'section': 22429, 'departure_time': 1536785640, 'arrival_time': 1536788280}
74	{'task_type': 'deadhead', 'locomotive': 22552, 'first_train_section': 26494, 'first_section': 22429, 'first_departure_time': 1536785640, 'first_arrival_time': 1536788280, 'second_train_section': 22991, 'second_section': 22496, 'second_departure_time': 1536794460, 'second_arrival_time': 1536798360}
75	{'task_type': 'regular', 'locomotive': 22552, 'train_section': 22991, 'section': 22496, 'departure_time': 1536794460, 'arrival_time': 1536798360}
76	{'task_type': 'deadhead', 'locomotive': 22552, 'first_train_section': 22991, 'first_section': 22496, 'first_departure_time': 1536794460, 'first_arrival_time': 1536798360, 'second_train_section': 28455, 'second_section': 22431, 'second_departure_time': 1536803640, 'second_arrival_time': 1536807780}
77	{'task_type': 'regular', 'locomotive': 22552, 'train_section': 28455, 'section': 22431, 'departure_time': 1536803640, 'arrival_time': 1536807780}
78	{'task_type': 'regular', 'locomotive': 22552, 'train_section': 25342, 'section': 22496, 'departure_time': 1536810600, 'arrival_time': 1536816780}
79	{'task_type': 'regular', 'locomotive': 22552, 'train_section': 23698, 'section': 22416, 'departure_time': 1536830640, 'arrival_time': 1536834300}
80	{'task_type': 'regular', 'locomotive': 22552, 'train_section': 25530, 'section': 22378, 'departure_time': 1536842100, 'arrival_time': 1536845760}
81	{'task_type': 'deadhead', 'locomotive': 22552, 'first_train_section': 25530, 'first_section': 22378, 'first_departure_time': 1536842100, 'first_arrival_time': 1536845760, 'second_train_section': 25430, 'second_section': 22496, 'second_departure_time': 1536853080, 'second_arrival_time': 1536858000}
82	{'task_type': 'regular', 'locomotive': 22552, 'train_section': 25430, 'section': 22496, 'departure_time': 1536853080, 'arrival_time': 1536858000}
83	{'task_type': 'deadhead', 'locomotive': 22552, 'first_train_section': 25430, 'first_section': 22496, 'first_departure_time': 1536853080, 'first_arrival_time': 1536858000, 'second_train_section': 26472, 'second_section': 22431, 'second_departure_time': 1536861780, 'second_arrival_time': 1536865740}
84	{'task_type': 'regular', 'locomotive': 22552, 'train_section': 26472, 'section': 22431, 'departure_time': 1536861780, 'arrival_time': 1536865740}
85	{'task_type': 'deadhead', 'locomotive': 22552, 'first_train_section': 26472, 'first_section': 22431, 'first_departure_time': 1536861780, 'first_arrival_time': 1536865740, 'second_train_section': 26476, 'second_section': 22307, 'second_departure_time': 1536870660, 'second_arrival_time': 1536872700}
86	{'task_type': 'regular', 'locomotive': 22552, 'train_section': 26476, 'section': 22307, 'departure_time': 1536870660, 'arrival_time': 1536872700}
87	{'task_type': 'regular', 'locomotive': 22552, 'train_section': 23001, 'section': 22481, 'departure_time': 1536874680, 'arrival_time': 1536879600}
88	{'task_type': 'deadhead', 'locomotive': 22552, 'first_train_section': 23001, 'first_section': 22481, 'first_departure_time': 1536874680, 'first_arrival_time': 1536879600, 'second_train_section': 29539, 'second_section': 22496, 'second_departure_time': 1536890700, 'second_arrival_time': 1536895500}
89	{'task_type': 'regular', 'locomotive': 22552, 'train_section': 29539, 'section': 22496, 'departure_time': 1536890700, 'arrival_time': 1536895500}
90	{'task_type': 'deadhead', 'locomotive': 22552, 'first_train_section': 29539, 'first_section': 22496, 'first_departure_time': 1536890700, 'first_arrival_time': 1536895500, 'second_train_section': 29167, 'second_section': 22416, 'second_departure_time': 1536899040, 'second_arrival_time': 1536902700}
91	{'task_type': 'regular', 'locomotive': 22552, 'train_section': 29167, 'section': 22416, 'departure_time': 1536899040, 'arrival_time': 1536902700}
92	{'task_type': 'regular', 'locomotive': 22552, 'train_section': 25326, 'section': 22378, 'departure_time': 1536908700, 'arrival_time': 1536912360}
93	{'task_type': 'deadhead', 'locomotive': 22552, 'first_train_section': 25326, 'first_section': 22378, 'first_departure_time': 1536908700, 'first_arrival_time': 1536912360, 'second_train_section': 27775, 'second_section': 22431, 'second_departure_time': 1536916620, 'second_arrival_time': 1536921000}
94	{'task_type': 'regular', 'locomotive': 22552, 'train_section': 27775, 'section': 22431, 'departure_time': 1536916620, 'arrival_time': 1536921000}
95	{'task_type': 'deadhead', 'locomotive': 22552, 'first_train_section': 27775, 'first_section': 22431, 'first_departure_time': 1536916620, 'first_arrival_time': 1536921000, 'second_train_section': 24276, 'second_section': 22424, 'second_departure_time': 1536925680, 'second_arrival_time': 1536930540}
96	{'task_type': 'regular', 'locomotive': 22552, 'train_section': 24276, 'section': 22424, 'departure_time': 1536925680, 'arrival_time': 1536930540}
97	{'task_type': 'deadhead', 'locomotive': 22552, 'first_train_section': 24276, 'first_section': 22424, 'first_departure_time': 1536925680, 'first_arrival_time': 1536930540, 'second_train_section': 26246, 'second_section': 22378, 'second_departure_time': 1536935700, 'second_arrival_time': 1536939360}
98	{'task_type': 'regular', 'locomotive': 22552, 'train_section': 26246, 'section': 22378, 'departure_time': 1536935700, 'arrival_time': 1536939360}
99	{'task_type': 'deadhead', 'locomotive': 22552, 'first_train_section': 26246, 'first_section': 22378, 'first_departure_time': 1536935700, 'first_arrival_time': 1536939360, 'second_train_section': 25052, 'second_section': 22427, 'second_departure_time': 1536940800, 'second_arrival_time': 1536943680}
100	{'task_type': 'regular', 'locomotive': 22552, 'train_section': 25052, 'section': 22427, 'departure_time': 1536940800, 'arrival_time': 1536943680}
101	{'task_type': 'regular', 'locomotive': 22552, 'train_section': 25054, 'section': 22443, 'departure_time': 1536944400, 'arrival_time': 1536946200}
102	{'task_type': 'regular', 'locomotive': 22552, 'train_section': 24930, 'section': 22495, 'departure_time': 1536953280, 'arrival_time': 1536956220}
103	{'task_type': 'regular', 'locomotive': 22552, 'train_section': 24932, 'section': 22307, 'departure_time': 1536957060, 'arrival_time': 1536959100}
104	{'task_type': 'deadhead', 'locomotive': 22552, 'first_train_section': 24932, 'first_section': 22307, 'first_departure_time': 1536957060, 'first_arrival_time': 1536959100, 'second_train_section': 27826, 'second_section': 22476, 'second_departure_time': 1536959820, 'second_arrival_time': 1536963420}
105	{'task_type': 'regular', 'locomotive': 22552, 'train_section': 27826, 'section': 22476, 'departure_time': 1536959820, 'arrival_time': 1536963420}
106	{'task_type': 'regular', 'locomotive': 22552, 'train_section': 26581, 'section': 22345, 'departure_time': 1536973560, 'arrival_time': 1536976500}
107	{'task_type': 'deadhead', 'locomotive': 22552, 'first_train_section': 26581, 'first_section': 22345, 'first_departure_time': 1536973560, 'first_arrival_time': 1536976500, 'second_train_section': 29139, 'second_section': 22496, 'second_departure_time': 1536983400, 'second_arrival_time': 1536989580}
108	{'task_type': 'regular', 'locomotive': 22552, 'train_section': 29139, 'section': 22496, 'departure_time': 1536983400, 'arrival_time': 1536989580}
109	{'task_type': 'deadhead', 'locomotive': 22552, 'first_train_section': 24154, 'first_section': 22417, 'first_departure_time': 1536991560, 'first_arrival_time': 1537005240, 'second_train_section': 29189, 'second_section': 22378, 'second_departure_time': 1537034700, 'second_arrival_time': 1537038360}
110	{'task_type': 'regular', 'locomotive': 22552, 'train_section': 29189, 'section': 22378, 'departure_time': 1537034700, 'arrival_time': 1537038360}
111	{'task_type': 'deadhead', 'locomotive': 22552, 'first_train_section': 23336, 'first_section': 22377, 'first_departure_time': 1537048500, 'first_arrival_time': 1537048740, 'second_train_section': 26241, 'second_section': 22404, 'second_departure_time': 1537123620, 'second_arrival_time': 1537132560}
112	{'task_type': 'regular', 'locomotive': 22552, 'train_section': 26241, 'section': 22404, 'departure_time': 1537123620, 'arrival_time': 1537132560}
113	{'task_type': 'regular', 'locomotive': 22553, 'train_section': 23829, 'section': 22380, 'departure_time': 1536602580, 'arrival_time': 1536603720}
114	{'task_type': 'deadhead', 'locomotive': 22553, 'first_train_section': 23829, 'first_section': 22380, 'first_departure_time': 1536602580, 'first_arrival_time': 1536603720, 'second_train_section': 23103, 'second_section': 22289, 'second_departure_time': 1536607500, 'second_arrival_time': 1536615120}
115	{'task_type': 'regular', 'locomotive': 22553, 'train_section': 23103, 'section': 22289, 'departure_time': 1536607500, 'arrival_time': 1536615120}
116	{'task_type': 'deadhead', 'locomotive': 22553, 'first_train_section': 23103, 'first_section': 22289, 'first_departure_time': 1536607500, 'first_arrival_time': 1536615120, 'second_train_section': 24185, 'second_section': 22446, 'second_departure_time': 1536637440, 'second_arrival_time': 1536638580}
117	{'task_type': 'regular', 'locomotive': 22553, 'train_section': 24185, 'section': 22446, 'departure_time': 1536637440, 'arrival_time': 1536638580}
118	{'task_type': 'regular', 'locomotive': 22553, 'train_section': 25613, 'section': 22416, 'departure_time': 1536670440, 'arrival_time': 1536674100}
119	{'task_type': 'regular', 'locomotive': 22553, 'train_section': 28947, 'section': 22474, 'departure_time': 1536722400, 'arrival_time': 1536724080}
120	{'task_type': 'deadhead', 'locomotive': 22553, 'first_train_section': 28947, 'first_section': 22474, 'first_departure_time': 1536722400, 'first_arrival_time': 1536724080, 'second_train_section': 24404, 'second_section': 22427, 'second_departure_time': 1536739380, 'second_arrival_time': 1536742200}
121	{'task_type': 'regular', 'locomotive': 22553, 'train_section': 24404, 'section': 22427, 'departure_time': 1536739380, 'arrival_time': 1536742200}
122	{'task_type': 'deadhead', 'locomotive': 22553, 'first_train_section': 24404, 'first_section': 22427, 'first_departure_time': 1536739380, 'first_arrival_time': 1536742200, 'second_train_section': 24492, 'second_section': 22503, 'second_departure_time': 1536749400, 'second_arrival_time': 1536750420}
123	{'task_type': 'regular', 'locomotive': 22553, 'train_section': 24492, 'section': 22503, 'departure_time': 1536749400, 'arrival_time': 1536750420}
124	{'task_type': 'regular', 'locomotive': 22553, 'train_section': 25656, 'section': 22508, 'departure_time': 1536756540, 'arrival_time': 1536759900}
125	{'task_type': 'deadhead', 'locomotive': 22553, 'first_train_section': 25656, 'first_section': 22508, 'first_departure_time': 1536756540, 'first_arrival_time': 1536759900, 'second_train_section': 24552, 'second_section': 22308, 'second_departure_time': 1536764640, 'second_arrival_time': 1536767160}
126	{'task_type': 'regular', 'locomotive': 22553, 'train_section': 24552, 'section': 22308, 'departure_time': 1536764640, 'arrival_time': 1536767160}
127	{'task_type': 'deadhead', 'locomotive': 22553, 'first_train_section': 24552, 'first_section': 22308, 'first_departure_time': 1536764640, 'first_arrival_time': 1536767160, 'second_train_section': 28134, 'second_section': 22431, 'second_departure_time': 1536772740, 'second_arrival_time': 1536777600}
128	{'task_type': 'regular', 'locomotive': 22553, 'train_section': 28134, 'section': 22431, 'departure_time': 1536772740, 'arrival_time': 1536777600}
129	{'task_type': 'regular', 'locomotive': 22553, 'train_section': 28136, 'section': 22495, 'departure_time': 1536779040, 'arrival_time': 1536781860}
130	{'task_type': 'regular', 'locomotive': 22553, 'train_section': 28138, 'section': 22309, 'departure_time': 1536782940, 'arrival_time': 1536787680}
131	{'task_type': 'deadhead', 'locomotive': 22553, 'first_train_section': 25362, 'first_section': 22502, 'first_departure_time': 1536789660, 'first_arrival_time': 1536813900, 'second_train_section': 27111, 'second_section': 22508, 'second_departure_time': 1536816780, 'second_arrival_time': 1536819720}
132	{'task_type': 'regular', 'locomotive': 22553, 'train_section': 27111, 'section': 22508, 'departure_time': 1536816780, 'arrival_time': 1536819720}
133	{'task_type': 'deadhead', 'locomotive': 22553, 'first_train_section': 27111, 'first_section': 22508, 'first_departure_time': 1536816780, 'first_arrival_time': 1536819720, 'second_train_section': 30017, 'second_section': 22507, 'second_departure_time': 1536828360, 'second_arrival_time': 1536831960}
134	{'task_type': 'regular', 'locomotive': 22553, 'train_section': 30017, 'section': 22507, 'departure_time': 1536828360, 'arrival_time': 1536831960}
135	{'task_type': 'deadhead', 'locomotive': 22553, 'first_train_section': 30017, 'first_section': 22507, 'first_departure_time': 1536828360, 'first_arrival_time': 1536831960, 'second_train_section': 23769, 'second_section': 22479, 'second_departure_time': 1536844560, 'second_arrival_time': 1536846180}
136	{'task_type': 'regular', 'locomotive': 22553, 'train_section': 23769, 'section': 22479, 'departure_time': 1536844560, 'arrival_time': 1536846180}
137	{'task_type': 'deadhead', 'locomotive': 22553, 'first_train_section': 23769, 'first_section': 22479, 'first_departure_time': 1536844560, 'first_arrival_time': 1536846180, 'second_train_section': 27696, 'second_section': 22342, 'second_departure_time': 1536851940, 'second_arrival_time': 1536857220}
138	{'task_type': 'regular', 'locomotive': 22553, 'train_section': 27696, 'section': 22342, 'departure_time': 1536851940, 'arrival_time': 1536857220}
139	{'task_type': 'deadhead', 'locomotive': 22553, 'first_train_section': 27696, 'first_section': 22342, 'first_departure_time': 1536851940, 'first_arrival_time': 1536857220, 'second_train_section': 25861, 'second_section': 22288, 'second_departure_time': 1536857760, 'second_arrival_time': 1536866640}
140	{'task_type': 'regular', 'locomotive': 22553, 'train_section': 25861, 'section': 22288, 'departure_time': 1536857760, 'arrival_time': 1536866640}
141	{'task_type': 'deadhead', 'locomotive': 22553, 'first_train_section': 22797, 'first_section': 22470, 'first_departure_time': 1536874800, 'first_arrival_time': 1536875940, 'second_train_section': 26780, 'second_section': 22334, 'second_departure_time': 1536893160, 'second_arrival_time': 1536896400}
142	{'task_type': 'regular', 'locomotive': 22553, 'train_section': 26780, 'section': 22334, 'departure_time': 1536893160, 'arrival_time': 1536896400}
143	{'task_type': 'regular', 'locomotive': 22553, 'train_section': 26782, 'section': 22322, 'departure_time': 1536897420, 'arrival_time': 1536907080}
144	{'task_type': 'deadhead', 'locomotive': 22553, 'first_train_section': 26782, 'first_section': 22322, 'first_departure_time': 1536897420, 'first_arrival_time': 1536907080, 'second_train_section': 23649, 'second_section': 22281, 'second_departure_time': 1536909240, 'second_arrival_time': 1536914400}
145	{'task_type': 'regular', 'locomotive': 22553, 'train_section': 23649, 'section': 22281, 'departure_time': 1536909240, 'arrival_time': 1536914400}
146	{'task_type': 'regular', 'locomotive': 22553, 'train_section': 25334, 'section': 22351, 'departure_time': 1536922080, 'arrival_time': 1536927240}
147	{'task_type': 'regular', 'locomotive': 22553, 'train_section': 24539, 'section': 22500, 'departure_time': 1536932280, 'arrival_time': 1536935400}
148	{'task_type': 'regular', 'locomotive': 22553, 'train_section': 28341, 'section': 22361, 'departure_time': 1536935940, 'arrival_time': 1536938940}
149	{'task_type': 'regular', 'locomotive': 22553, 'train_section': 27456, 'section': 22500, 'departure_time': 1536939480, 'arrival_time': 1536942600}
150	{'task_type': 'deadhead', 'locomotive': 22553, 'first_train_section': 27456, 'first_section': 22500, 'first_departure_time': 1536939480, 'first_arrival_time': 1536942600, 'second_train_section': 24718, 'second_section': 22500, 'second_departure_time': 1536946680, 'second_arrival_time': 1536949800}
151	{'task_type': 'regular', 'locomotive': 22553, 'train_section': 24718, 'section': 22500, 'departure_time': 1536946680, 'arrival_time': 1536949800}
152	{'task_type': 'regular', 'locomotive': 22553, 'train_section': 26999, 'section': 22356, 'departure_time': 1536956160, 'arrival_time': 1536964200}
153	{'task_type': 'deadhead', 'locomotive': 22553, 'first_train_section': 26999, 'first_section': 22356, 'first_departure_time': 1536956160, 'first_arrival_time': 1536964200, 'second_train_section': 27943, 'second_section': 22308, 'second_departure_time': 1536968160, 'second_arrival_time': 1536970860}
154	{'task_type': 'regular', 'locomotive': 22553, 'train_section': 27943, 'section': 22308, 'departure_time': 1536968160, 'arrival_time': 1536970860}
155	{'task_type': 'deadhead', 'locomotive': 22553, 'first_train_section': 27943, 'first_section': 22308, 'first_departure_time': 1536968160, 'first_arrival_time': 1536970860, 'second_train_section': 25090, 'second_section': 22357, 'second_departure_time': 1536988560, 'second_arrival_time': 1536992040}
156	{'task_type': 'regular', 'locomotive': 22553, 'train_section': 25090, 'section': 22357, 'departure_time': 1536988560, 'arrival_time': 1536992040}
157	{'task_type': 'deadhead', 'locomotive': 22553, 'first_train_section': 25090, 'first_section': 22357, 'first_departure_time': 1536988560, 'first_arrival_time': 1536992040, 'second_train_section': 30020, 'second_section': 22499, 'second_departure_time': 1536997500, 'second_arrival_time': 1537002660}
158	{'task_type': 'regular', 'locomotive': 22553, 'train_section': 30020, 'section': 22499, 'departure_time': 1536997500, 'arrival_time': 1537002660}
159	{'task_type': 'regular', 'locomotive': 22555, 'train_section': 28350, 'section': 22429, 'departure_time': 1536612840, 'arrival_time': 1536615480}
160	{'task_type': 'regular', 'locomotive': 22555, 'train_section': 25031, 'section': 22474, 'departure_time': 1536636000, 'arrival_time': 1536637680}
161	{'task_type': 'deadhead', 'locomotive': 22555, 'first_train_section': 25031, 'first_section': 22474, 'first_departure_time': 1536636000, 'first_arrival_time': 1536637680, 'second_train_section': 29822, 'second_section': 22378, 'second_departure_time': 1536671100, 'second_arrival_time': 1536674760}
162	{'task_type': 'regular', 'locomotive': 22555, 'train_section': 29822, 'section': 22378, 'departure_time': 1536671100, 'arrival_time': 1536674760}
163	{'task_type': 'deadhead', 'locomotive': 22555, 'first_train_section': 29822, 'first_section': 22378, 'first_departure_time': 1536671100, 'first_arrival_time': 1536674760, 'second_train_section': 24464, 'second_section': 22378, 'second_departure_time': 1536687300, 'second_arrival_time': 1536690960}
164	{'task_type': 'regular', 'locomotive': 22555, 'train_section': 24464, 'section': 22378, 'departure_time': 1536687300, 'arrival_time': 1536690960}
165	{'task_type': 'regular', 'locomotive': 22555, 'train_section': 28034, 'section': 22416, 'departure_time': 1536722640, 'arrival_time': 1536726300}
166	{'task_type': 'regular', 'locomotive': 22555, 'train_section': 23014, 'section': 22378, 'departure_time': 1536726900, 'arrival_time': 1536730560}
167	{'task_type': 'regular', 'locomotive': 22555, 'train_section': 25134, 'section': 22416, 'departure_time': 1536731640, 'arrival_time': 1536735300}
168	{'task_type': 'regular', 'locomotive': 22555, 'train_section': 23671, 'section': 22416, 'departure_time': 1536756840, 'arrival_time': 1536760500}
169	{'task_type': 'deadhead', 'locomotive': 22555, 'first_train_section': 23671, 'first_section': 22416, 'first_departure_time': 1536756840, 'first_arrival_time': 1536760500, 'second_train_section': 24985, 'second_section': 22454, 'second_departure_time': 1536765900, 'second_arrival_time': 1536771720}
170	{'task_type': 'regular', 'locomotive': 22555, 'train_section': 24985, 'section': 22454, 'departure_time': 1536765900, 'arrival_time': 1536771720}
171	{'task_type': 'deadhead', 'locomotive': 22555, 'first_train_section': 23439, 'first_section': 22302, 'first_departure_time': 1536774300, 'first_arrival_time': 1536789540, 'second_train_section': 22989, 'second_section': 22308, 'second_departure_time': 1536790920, 'second_arrival_time': 1536793620}
172	{'task_type': 'regular', 'locomotive': 22555, 'train_section': 22989, 'section': 22308, 'departure_time': 1536790920, 'arrival_time': 1536793620}
173	{'task_type': 'regular', 'locomotive': 22555, 'train_section': 24180, 'section': 22495, 'departure_time': 1536795840, 'arrival_time': 1536798720}
174	{'task_type': 'regular', 'locomotive': 22555, 'train_section': 23149, 'section': 22304, 'departure_time': 1536798780, 'arrival_time': 1536803220}
175	{'task_type': 'deadhead', 'locomotive': 22555, 'first_train_section': 23149, 'first_section': 22304, 'first_departure_time': 1536798780, 'first_arrival_time': 1536803220, 'second_train_section': 29201, 'second_section': 22383, 'second_departure_time': 1536811080, 'second_arrival_time': 1536815280}
176	{'task_type': 'regular', 'locomotive': 22555, 'train_section': 29201, 'section': 22383, 'departure_time': 1536811080, 'arrival_time': 1536815280}
177	{'task_type': 'deadhead', 'locomotive': 22555, 'first_train_section': 29201, 'first_section': 22383, 'first_departure_time': 1536811080, 'first_arrival_time': 1536815280, 'second_train_section': 25037, 'second_section': 22409, 'second_departure_time': 1536818340, 'second_arrival_time': 1536825840}
178	{'task_type': 'regular', 'locomotive': 22555, 'train_section': 25037, 'section': 22409, 'departure_time': 1536818340, 'arrival_time': 1536825840}
179	{'task_type': 'deadhead', 'locomotive': 22555, 'first_train_section': 25037, 'first_section': 22409, 'first_departure_time': 1536818340, 'first_arrival_time': 1536825840, 'second_train_section': 27381, 'second_section': 22489, 'second_departure_time': 1536832020, 'second_arrival_time': 1536835020}
180	{'task_type': 'regular', 'locomotive': 22555, 'train_section': 27381, 'section': 22489, 'departure_time': 1536832020, 'arrival_time': 1536835020}
181	{'task_type': 'deadhead', 'locomotive': 22555, 'first_train_section': 27381, 'first_section': 22489, 'first_departure_time': 1536832020, 'first_arrival_time': 1536835020, 'second_train_section': 23181, 'second_section': 22404, 'second_departure_time': 1536835440, 'second_arrival_time': 1536845280}
182	{'task_type': 'regular', 'locomotive': 22555, 'train_section': 23181, 'section': 22404, 'departure_time': 1536835440, 'arrival_time': 1536845280}
183	{'task_type': 'deadhead', 'locomotive': 22555, 'first_train_section': 23181, 'first_section': 22404, 'first_departure_time': 1536835440, 'first_arrival_time': 1536845280, 'second_train_section': 23377, 'second_section': 22264, 'second_departure_time': 1536848940, 'second_arrival_time': 1536849360}
184	{'task_type': 'regular', 'locomotive': 22555, 'train_section': 23377, 'section': 22264, 'departure_time': 1536848940, 'arrival_time': 1536849360}
185	{'task_type': 'deadhead', 'locomotive': 22555, 'first_train_section': 23377, 'first_section': 22264, 'first_departure_time': 1536848940, 'first_arrival_time': 1536849360, 'second_train_section': 26604, 'second_section': 22264, 'second_departure_time': 1536853980, 'second_arrival_time': 1536854400}
186	{'task_type': 'regular', 'locomotive': 22555, 'train_section': 26604, 'section': 22264, 'departure_time': 1536853980, 'arrival_time': 1536854400}
187	{'task_type': 'deadhead', 'locomotive': 22555, 'first_train_section': 26604, 'first_section': 22264, 'first_departure_time': 1536853980, 'first_arrival_time': 1536854400, 'second_train_section': 23566, 'second_section': 22245, 'second_departure_time': 1536856740, 'second_arrival_time': 1536861780}
188	{'task_type': 'regular', 'locomotive': 22555, 'train_section': 23566, 'section': 22245, 'departure_time': 1536856740, 'arrival_time': 1536861780}
189	{'task_type': 'deadhead', 'locomotive': 22555, 'first_train_section': 23566, 'first_section': 22245, 'first_departure_time': 1536856740, 'first_arrival_time': 1536861780, 'second_train_section': 27251, 'second_section': 22495, 'second_departure_time': 1536865440, 'second_arrival_time': 1536868260}
190	{'task_type': 'regular', 'locomotive': 22555, 'train_section': 27251, 'section': 22495, 'departure_time': 1536865440, 'arrival_time': 1536868260}
191	{'task_type': 'regular', 'locomotive': 22555, 'train_section': 29862, 'section': 22305, 'departure_time': 1536869700, 'arrival_time': 1536874740}
192	{'task_type': 'deadhead', 'locomotive': 22555, 'first_train_section': 29862, 'first_section': 22305, 'first_departure_time': 1536869700, 'first_arrival_time': 1536874740, 'second_train_section': 25764, 'second_section': 22369, 'second_departure_time': 1536880320, 'second_arrival_time': 1536883140}
193	{'task_type': 'regular', 'locomotive': 22555, 'train_section': 25764, 'section': 22369, 'departure_time': 1536880320, 'arrival_time': 1536883140}
194	{'task_type': 'deadhead', 'locomotive': 22555, 'first_train_section': 25764, 'first_section': 22369, 'first_departure_time': 1536880320, 'first_arrival_time': 1536883140, 'second_train_section': 29164, 'second_section': 22320, 'second_departure_time': 1536893880, 'second_arrival_time': 1536900300}
195	{'task_type': 'regular', 'locomotive': 22555, 'train_section': 29164, 'section': 22320, 'departure_time': 1536893880, 'arrival_time': 1536900300}
196	{'task_type': 'regular', 'locomotive': 22555, 'train_section': 25166, 'section': 22331, 'departure_time': 1536901680, 'arrival_time': 1536912480}
197	{'task_type': 'regular', 'locomotive': 22555, 'train_section': 22938, 'section': 22438, 'departure_time': 1536918720, 'arrival_time': 1536929460}
198	{'task_type': 'regular', 'locomotive': 22555, 'train_section': 28083, 'section': 22333, 'departure_time': 1536934500, 'arrival_time': 1536937320}
199	{'task_type': 'regular', 'locomotive': 22555, 'train_section': 28085, 'section': 22472, 'departure_time': 1536937980, 'arrival_time': 1536943140}
200	{'task_type': 'deadhead', 'locomotive': 22555, 'first_train_section': 28085, 'first_section': 22472, 'first_departure_time': 1536937980, 'first_arrival_time': 1536943140, 'second_train_section': 29599, 'second_section': 22277, 'second_departure_time': 1536953700, 'second_arrival_time': 1536957180}
201	{'task_type': 'regular', 'locomotive': 22555, 'train_section': 29599, 'section': 22277, 'departure_time': 1536953700, 'arrival_time': 1536957180}
202	{'task_type': 'deadhead', 'locomotive': 22555, 'first_train_section': 29599, 'first_section': 22277, 'first_departure_time': 1536953700, 'first_arrival_time': 1536957180, 'second_train_section': 28169, 'second_section': 22449, 'second_departure_time': 1536964620, 'second_arrival_time': 1536966840}
203	{'task_type': 'regular', 'locomotive': 22555, 'train_section': 28169, 'section': 22449, 'departure_time': 1536964620, 'arrival_time': 1536966840}
204	{'task_type': 'deadhead', 'locomotive': 22555, 'first_train_section': 28169, 'first_section': 22449, 'first_departure_time': 1536964620, 'first_arrival_time': 1536966840, 'second_train_section': 27190, 'second_section': 22326, 'second_departure_time': 1536989880, 'second_arrival_time': 1536998280}
205	{'task_type': 'regular', 'locomotive': 22555, 'train_section': 27190, 'section': 22326, 'departure_time': 1536989880, 'arrival_time': 1536998280}
206	{'task_type': 'deadhead', 'locomotive': 22555, 'first_train_section': 27190, 'first_section': 22326, 'first_departure_time': 1536989880, 'first_arrival_time': 1536998280, 'second_train_section': 26756, 'second_section': 22293, 'second_departure_time': 1537005840, 'second_arrival_time': 1537011300}
207	{'task_type': 'regular', 'locomotive': 22555, 'train_section': 26756, 'section': 22293, 'departure_time': 1537005840, 'arrival_time': 1537011300}
208	{'task_type': 'regular', 'locomotive': 22556, 'train_section': 24267, 'section': 22449, 'departure_time': 1536603180, 'arrival_time': 1536605340}
209	{'task_type': 'deadhead', 'locomotive': 22556, 'first_train_section': 24267, 'first_section': 22449, 'first_departure_time': 1536603180, 'first_arrival_time': 1536605340, 'second_train_section': 25650, 'second_section': 22277, 'second_departure_time': 1536608100, 'second_arrival_time': 1536611580}
210	{'task_type': 'regular', 'locomotive': 22556, 'train_section': 25650, 'section': 22277, 'departure_time': 1536608100, 'arrival_time': 1536611580}
211	{'task_type': 'deadhead', 'locomotive': 22556, 'first_train_section': 29403, 'first_section': 22237, 'first_departure_time': 1536616800, 'first_arrival_time': 1536639900, 'second_train_section': 24245, 'second_section': 22281, 'second_departure_time': 1536650040, 'second_arrival_time': 1536655200}
212	{'task_type': 'regular', 'locomotive': 22556, 'train_section': 24245, 'section': 22281, 'departure_time': 1536650040, 'arrival_time': 1536655200}
213	{'task_type': 'deadhead', 'locomotive': 22556, 'first_train_section': 24245, 'first_section': 22281, 'first_departure_time': 1536650040, 'first_arrival_time': 1536655200, 'second_train_section': 22746, 'second_section': 22499, 'second_departure_time': 1536666300, 'second_arrival_time': 1536671460}
214	{'task_type': 'regular', 'locomotive': 22556, 'train_section': 22746, 'section': 22499, 'departure_time': 1536666300, 'arrival_time': 1536671460}
215	{'task_type': 'regular', 'locomotive': 22556, 'train_section': 24473, 'section': 22347, 'departure_time': 1536679140, 'arrival_time': 1536684480}
216	{'task_type': 'deadhead', 'locomotive': 22556, 'first_train_section': 24473, 'first_section': 22347, 'first_departure_time': 1536679140, 'first_arrival_time': 1536684480, 'second_train_section': 23594, 'second_section': 22343, 'second_departure_time': 1536697200, 'second_arrival_time': 1536707940}
217	{'task_type': 'regular', 'locomotive': 22556, 'train_section': 23594, 'section': 22343, 'departure_time': 1536697200, 'arrival_time': 1536707940}
218	{'task_type': 'deadhead', 'locomotive': 22556, 'first_train_section': 23594, 'first_section': 22343, 'first_departure_time': 1536697200, 'first_arrival_time': 1536707940, 'second_train_section': 24886, 'second_section': 22295, 'second_departure_time': 1536719820, 'second_arrival_time': 1536721200}
219	{'task_type': 'regular', 'locomotive': 22556, 'train_section': 24886, 'section': 22295, 'departure_time': 1536719820, 'arrival_time': 1536721200}
220	{'task_type': 'regular', 'locomotive': 22556, 'train_section': 23111, 'section': 22487, 'departure_time': 1536863220, 'arrival_time': 1536865620}
221	{'task_type': 'regular', 'locomotive': 22556, 'train_section': 29268, 'section': 22462, 'departure_time': 1536869280, 'arrival_time': 1536871980}
222	{'task_type': 'deadhead', 'locomotive': 22556, 'first_train_section': 27838, 'first_section': 22411, 'first_departure_time': 1536876000, 'first_arrival_time': 1536895620, 'second_train_section': 29304, 'second_section': 22446, 'second_departure_time': 1536896640, 'second_arrival_time': 1536897780}
223	{'task_type': 'regular', 'locomotive': 22556, 'train_section': 29304, 'section': 22446, 'departure_time': 1536896640, 'arrival_time': 1536897780}
224	{'task_type': 'deadhead', 'locomotive': 22556, 'first_train_section': 29304, 'first_section': 22446, 'first_departure_time': 1536896640, 'first_arrival_time': 1536897780, 'second_train_section': 23803, 'second_section': 22388, 'second_departure_time': 1536903480, 'second_arrival_time': 1536905580}
225	{'task_type': 'regular', 'locomotive': 22556, 'train_section': 23803, 'section': 22388, 'departure_time': 1536903480, 'arrival_time': 1536905580}
226	{'task_type': 'regular', 'locomotive': 22556, 'train_section': 28468, 'section': 22492, 'departure_time': 1536906240, 'arrival_time': 1536915480}
227	{'task_type': 'deadhead', 'locomotive': 22556, 'first_train_section': 28468, 'first_section': 22492, 'first_departure_time': 1536906240, 'first_arrival_time': 1536915480, 'second_train_section': 28616, 'second_section': 22350, 'second_departure_time': 1536922140, 'second_arrival_time': 1536925800}
228	{'task_type': 'regular', 'locomotive': 22556, 'train_section': 28616, 'section': 22350, 'departure_time': 1536922140, 'arrival_time': 1536925800}
229	{'task_type': 'regular', 'locomotive': 22556, 'train_section': 25310, 'section': 22486, 'departure_time': 1536925920, 'arrival_time': 1536929520}
230	{'task_type': 'regular', 'locomotive': 22556, 'train_section': 23348, 'section': 22340, 'departure_time': 1536931140, 'arrival_time': 1536946800}
231	{'task_type': 'deadhead', 'locomotive': 22556, 'first_train_section': 23348, 'first_section': 22340, 'first_departure_time': 1536931140, 'first_arrival_time': 1536946800, 'second_train_section': 25771, 'second_section': 22322, 'second_departure_time': 1536959580, 'second_arrival_time': 1536967800}
232	{'task_type': 'regular', 'locomotive': 22556, 'train_section': 25771, 'section': 22322, 'departure_time': 1536959580, 'arrival_time': 1536967800}
233	{'task_type': 'deadhead', 'locomotive': 22556, 'first_train_section': 25771, 'first_section': 22322, 'first_departure_time': 1536959580, 'first_arrival_time': 1536967800, 'second_train_section': 28226, 'second_section': 22447, 'second_departure_time': 1536979500, 'second_arrival_time': 1536982200}
234	{'task_type': 'regular', 'locomotive': 22556, 'train_section': 28226, 'section': 22447, 'departure_time': 1536979500, 'arrival_time': 1536982200}
235	{'task_type': 'deadhead', 'locomotive': 22556, 'first_train_section': 28226, 'first_section': 22447, 'first_departure_time': 1536979500, 'first_arrival_time': 1536982200, 'second_train_section': 23823, 'second_section': 22279, 'second_departure_time': 1536989760, 'second_arrival_time': 1536995220}
236	{'task_type': 'regular', 'locomotive': 22556, 'train_section': 23823, 'section': 22279, 'departure_time': 1536989760, 'arrival_time': 1536995220}
237	{'task_type': 'deadhead', 'locomotive': 22556, 'first_train_section': 23823, 'first_section': 22279, 'first_departure_time': 1536989760, 'first_arrival_time': 1536995220, 'second_train_section': 25894, 'second_section': 22407, 'second_departure_time': 1537035480, 'second_arrival_time': 1537042140}
238	{'task_type': 'regular', 'locomotive': 22556, 'train_section': 25894, 'section': 22407, 'departure_time': 1537035480, 'arrival_time': 1537042140}
239	{'task_type': 'regular', 'locomotive': 22561, 'train_section': 27420, 'section': 22423, 'departure_time': 1536626580, 'arrival_time': 1536637680}
240	{'task_type': 'deadhead', 'locomotive': 22561, 'first_train_section': 27420, 'first_section': 22423, 'first_departure_time': 1536626580, 'first_arrival_time': 1536637680, 'second_train_section': 24242, 'second_section': 22497, 'second_departure_time': 1536645360, 'second_arrival_time': 1536646740}
241	{'task_type': 'regular', 'locomotive': 22561, 'train_section': 24242, 'section': 22497, 'departure_time': 1536645360, 'arrival_time': 1536646740}
242	{'task_type': 'deadhead', 'locomotive': 22561, 'first_train_section': 24242, 'first_section': 22497, 'first_departure_time': 1536645360, 'first_arrival_time': 1536646740, 'second_train_section': 28682, 'second_section': 22378, 'second_departure_time': 1536665700, 'second_arrival_time': 1536669360}
243	{'task_type': 'regular', 'locomotive': 22561, 'train_section': 28682, 'section': 22378, 'departure_time': 1536665700, 'arrival_time': 1536669360}
244	{'task_type': 'regular', 'locomotive': 22561, 'train_section': 28246, 'section': 22416, 'departure_time': 1536672240, 'arrival_time': 1536675900}
245	{'task_type': 'regular', 'locomotive': 22561, 'train_section': 24489, 'section': 22378, 'departure_time': 1536680100, 'arrival_time': 1536683760}
246	{'task_type': 'deadhead', 'locomotive': 22561, 'first_train_section': 24489, 'first_section': 22378, 'first_departure_time': 1536680100, 'first_arrival_time': 1536683760, 'second_train_section': 25218, 'second_section': 22301, 'second_departure_time': 1536690660, 'second_arrival_time': 1536692760}
247	{'task_type': 'regular', 'locomotive': 22561, 'train_section': 25218, 'section': 22301, 'departure_time': 1536690660, 'arrival_time': 1536692760}
248	{'task_type': 'regular', 'locomotive': 22561, 'train_section': 25220, 'section': 22375, 'departure_time': 1536698760, 'arrival_time': 1536707340}
249	{'task_type': 'deadhead', 'locomotive': 22561, 'first_train_section': 25220, 'first_section': 22375, 'first_departure_time': 1536698760, 'first_arrival_time': 1536707340, 'second_train_section': 28722, 'second_section': 22334, 'second_departure_time': 1536720360, 'second_arrival_time': 1536723600}
250	{'task_type': 'regular', 'locomotive': 22561, 'train_section': 28722, 'section': 22334, 'departure_time': 1536720360, 'arrival_time': 1536723600}
251	{'task_type': 'regular', 'locomotive': 22561, 'train_section': 28724, 'section': 22322, 'departure_time': 1536724620, 'arrival_time': 1536734280}
252	{'task_type': 'deadhead', 'locomotive': 22561, 'first_train_section': 28724, 'first_section': 22322, 'first_departure_time': 1536724620, 'first_arrival_time': 1536734280, 'second_train_section': 29063, 'second_section': 22288, 'second_departure_time': 1536741720, 'second_arrival_time': 1536748080}
253	{'task_type': 'regular', 'locomotive': 22561, 'train_section': 29063, 'section': 22288, 'departure_time': 1536741720, 'arrival_time': 1536748080}
254	{'task_type': 'deadhead', 'locomotive': 22561, 'first_train_section': 29063, 'first_section': 22288, 'first_departure_time': 1536741720, 'first_arrival_time': 1536748080, 'second_train_section': 25505, 'second_section': 22331, 'second_departure_time': 1536750480, 'second_arrival_time': 1536761280}
255	{'task_type': 'regular', 'locomotive': 22561, 'train_section': 25505, 'section': 22331, 'departure_time': 1536750480, 'arrival_time': 1536761280}
256	{'task_type': 'regular', 'locomotive': 22561, 'train_section': 23720, 'section': 22438, 'departure_time': 1536767520, 'arrival_time': 1536778260}
257	{'task_type': 'deadhead', 'locomotive': 22561, 'first_train_section': 23720, 'first_section': 22438, 'first_departure_time': 1536767520, 'first_arrival_time': 1536778260, 'second_train_section': 23690, 'second_section': 22334, 'second_departure_time': 1536783420, 'second_arrival_time': 1536786600}
258	{'task_type': 'regular', 'locomotive': 22561, 'train_section': 23690, 'section': 22334, 'departure_time': 1536783420, 'arrival_time': 1536786600}
259	{'task_type': 'deadhead', 'locomotive': 22561, 'first_train_section': 23690, 'first_section': 22334, 'first_departure_time': 1536783420, 'first_arrival_time': 1536786600, 'second_train_section': 24973, 'second_section': 22330, 'second_departure_time': 1536795600, 'second_arrival_time': 1536803820}
260	{'task_type': 'regular', 'locomotive': 22561, 'train_section': 24973, 'section': 22330, 'departure_time': 1536795600, 'arrival_time': 1536803820}
261	{'task_type': 'deadhead', 'locomotive': 22561, 'first_train_section': 24973, 'first_section': 22330, 'first_departure_time': 1536795600, 'first_arrival_time': 1536803820, 'second_train_section': 22907, 'second_section': 22273, 'second_departure_time': 1536810480, 'second_arrival_time': 1536814860}
262	{'task_type': 'regular', 'locomotive': 22561, 'train_section': 22907, 'section': 22273, 'departure_time': 1536810480, 'arrival_time': 1536814860}
263	{'task_type': 'regular', 'locomotive': 22561, 'train_section': 29203, 'section': 22401, 'departure_time': 1536815340, 'arrival_time': 1536816660}
264	{'task_type': 'regular', 'locomotive': 22561, 'train_section': 26912, 'section': 22465, 'departure_time': 1536817260, 'arrival_time': 1536818460}
265	{'task_type': 'deadhead', 'locomotive': 22561, 'first_train_section': 26912, 'first_section': 22465, 'first_departure_time': 1536817260, 'first_arrival_time': 1536818460, 'second_train_section': 28037, 'second_section': 22270, 'second_departure_time': 1536830160, 'second_arrival_time': 1536832080}
266	{'task_type': 'regular', 'locomotive': 22561, 'train_section': 28037, 'section': 22270, 'departure_time': 1536830160, 'arrival_time': 1536832080}
267	{'task_type': 'deadhead', 'locomotive': 22561, 'first_train_section': 28037, 'first_section': 22270, 'first_departure_time': 1536830160, 'first_arrival_time': 1536832080, 'second_train_section': 25181, 'second_section': 22404, 'second_departure_time': 1536841380, 'second_arrival_time': 1536849900}
268	{'task_type': 'regular', 'locomotive': 22561, 'train_section': 25181, 'section': 22404, 'departure_time': 1536841380, 'arrival_time': 1536849900}
269	{'task_type': 'deadhead', 'locomotive': 22561, 'first_train_section': 25181, 'first_section': 22404, 'first_departure_time': 1536841380, 'first_arrival_time': 1536849900, 'second_train_section': 27426, 'second_section': 22242, 'second_departure_time': 1536859440, 'second_arrival_time': 1536862620}
270	{'task_type': 'regular', 'locomotive': 22561, 'train_section': 27426, 'section': 22242, 'departure_time': 1536859440, 'arrival_time': 1536862620}
271	{'task_type': 'regular', 'locomotive': 22561, 'train_section': 24749, 'section': 22383, 'departure_time': 1536897480, 'arrival_time': 1536901680}
272	{'task_type': 'deadhead', 'locomotive': 22561, 'first_train_section': 24749, 'first_section': 22383, 'first_departure_time': 1536897480, 'first_arrival_time': 1536901680, 'second_train_section': 26823, 'second_section': 22409, 'second_departure_time': 1536904740, 'second_arrival_time': 1536912240}
273	{'task_type': 'regular', 'locomotive': 22561, 'train_section': 26823, 'section': 22409, 'departure_time': 1536904740, 'arrival_time': 1536912240}
274	{'task_type': 'regular', 'locomotive': 22561, 'train_section': 25665, 'section': 22392, 'departure_time': 1536920700, 'arrival_time': 1536922080}
275	{'task_type': 'deadhead', 'locomotive': 22561, 'first_train_section': 25665, 'first_section': 22392, 'first_departure_time': 1536920700, 'first_arrival_time': 1536922080, 'second_train_section': 23091, 'second_section': 22404, 'second_departure_time': 1536933360, 'second_arrival_time': 1536942900}
276	{'task_type': 'regular', 'locomotive': 22561, 'train_section': 23091, 'section': 22404, 'departure_time': 1536933360, 'arrival_time': 1536942900}
277	{'task_type': 'deadhead', 'locomotive': 22561, 'first_train_section': 23091, 'first_section': 22404, 'first_departure_time': 1536933360, 'first_arrival_time': 1536942900, 'second_train_section': 23095, 'second_section': 22308, 'second_departure_time': 1536949200, 'second_arrival_time': 1536951960}
278	{'task_type': 'regular', 'locomotive': 22561, 'train_section': 23095, 'section': 22308, 'departure_time': 1536949200, 'arrival_time': 1536951960}
279	{'task_type': 'deadhead', 'locomotive': 22561, 'first_train_section': 23095, 'first_section': 22308, 'first_departure_time': 1536949200, 'first_arrival_time': 1536951960, 'second_train_section': 23924, 'second_section': 22309, 'second_departure_time': 1536955740, 'second_arrival_time': 1536960480}
280	{'task_type': 'regular', 'locomotive': 22561, 'train_section': 23924, 'section': 22309, 'departure_time': 1536955740, 'arrival_time': 1536960480}
281	{'task_type': 'regular', 'locomotive': 22561, 'train_section': 28534, 'section': 22505, 'departure_time': 1536966900, 'arrival_time': 1536971640}
282	{'task_type': 'regular', 'locomotive': 22561, 'train_section': 28536, 'section': 22308, 'departure_time': 1536972360, 'arrival_time': 1536975120}
283	{'task_type': 'regular', 'locomotive': 22561, 'train_section': 28538, 'section': 22496, 'departure_time': 1536977100, 'arrival_time': 1536981900}
284	{'task_type': 'deadhead', 'locomotive': 22561, 'first_train_section': 29262, 'first_section': 22300, 'first_departure_time': 1536988980, 'first_arrival_time': 1536992400, 'second_train_section': 25974, 'second_section': 22416, 'second_departure_time': 1537001640, 'second_arrival_time': 1537005300}
285	{'task_type': 'regular', 'locomotive': 22561, 'train_section': 25974, 'section': 22416, 'departure_time': 1537001640, 'arrival_time': 1537005300}
286	{'task_type': 'regular', 'locomotive': 22561, 'train_section': 23031, 'section': 22378, 'departure_time': 1537016700, 'arrival_time': 1537020360}
287	{'task_type': 'deadhead', 'locomotive': 22561, 'first_train_section': 23031, 'first_section': 22378, 'first_departure_time': 1537016700, 'first_arrival_time': 1537020360, 'second_train_section': 24605, 'second_section': 22431, 'second_departure_time': 1537028280, 'second_arrival_time': 1537032600}
288	{'task_type': 'regular', 'locomotive': 22561, 'train_section': 24605, 'section': 22431, 'departure_time': 1537028280, 'arrival_time': 1537032600}
289	{'task_type': 'deadhead', 'locomotive': 22561, 'first_train_section': 24605, 'first_section': 22431, 'first_departure_time': 1537028280, 'first_arrival_time': 1537032600, 'second_train_section': 24609, 'second_section': 22304, 'second_departure_time': 1537037940, 'second_arrival_time': 1537042380}
290	{'task_type': 'regular', 'locomotive': 22561, 'train_section': 24609, 'section': 22304, 'departure_time': 1537037940, 'arrival_time': 1537042380}
291	{'task_type': 'deadhead', 'locomotive': 22561, 'first_train_section': 24609, 'first_section': 22304, 'first_departure_time': 1537037940, 'first_arrival_time': 1537042380, 'second_train_section': 25269, 'second_section': 22476, 'second_departure_time': 1537046220, 'second_arrival_time': 1537049820}
292	{'task_type': 'regular', 'locomotive': 22561, 'train_section': 25269, 'section': 22476, 'departure_time': 1537046220, 'arrival_time': 1537049820}
293	{'task_type': 'deadhead', 'locomotive': 22561, 'first_train_section': 25269, 'first_section': 22476, 'first_departure_time': 1537046220, 'first_arrival_time': 1537049820, 'second_train_section': 27082, 'second_section': 22416, 'second_departure_time': 1537088040, 'second_arrival_time': 1537091700}
294	{'task_type': 'regular', 'locomotive': 22561, 'train_section': 27082, 'section': 22416, 'departure_time': 1537088040, 'arrival_time': 1537091700}
295	{'task_type': 'deadhead', 'locomotive': 22561, 'first_train_section': 27082, 'first_section': 22416, 'first_departure_time': 1537088040, 'first_arrival_time': 1537091700, 'second_train_section': 26991, 'second_section': 22458, 'second_departure_time': 1537106280, 'second_arrival_time': 1537115580}
296	{'task_type': 'regular', 'locomotive': 22561, 'train_section': 26991, 'section': 22458, 'departure_time': 1537106280, 'arrival_time': 1537115580}
297	{'task_type': 'deadhead', 'locomotive': 22562, 'first_train_section': 24883, 'first_section': 22237, 'first_departure_time': 1536616800, 'first_arrival_time': 1536637020, 'second_train_section': 27333, 'second_section': 22299, 'second_departure_time': 1536637860, 'second_arrival_time': 1536641640}
298	{'task_type': 'regular', 'locomotive': 22562, 'train_section': 27333, 'section': 22299, 'departure_time': 1536637860, 'arrival_time': 1536641640}
299	{'task_type': 'deadhead', 'locomotive': 22562, 'first_train_section': 27333, 'first_section': 22299, 'first_departure_time': 1536637860, 'first_arrival_time': 1536641640, 'second_train_section': 24040, 'second_section': 22387, 'second_departure_time': 1536648720, 'second_arrival_time': 1536650520}
300	{'task_type': 'regular', 'locomotive': 22562, 'train_section': 24040, 'section': 22387, 'departure_time': 1536648720, 'arrival_time': 1536650520}
301	{'task_type': 'deadhead', 'locomotive': 22562, 'first_train_section': 24040, 'first_section': 22387, 'first_departure_time': 1536648720, 'first_arrival_time': 1536650520, 'second_train_section': 26203, 'second_section': 22438, 'second_departure_time': 1536659520, 'second_arrival_time': 1536670260}
302	{'task_type': 'regular', 'locomotive': 22562, 'train_section': 26203, 'section': 22438, 'departure_time': 1536659520, 'arrival_time': 1536670260}
303	{'task_type': 'deadhead', 'locomotive': 22562, 'first_train_section': 26203, 'first_section': 22438, 'first_departure_time': 1536659520, 'first_arrival_time': 1536670260, 'second_train_section': 26610, 'second_section': 22310, 'second_departure_time': 1536678900, 'second_arrival_time': 1536680340}
304	{'task_type': 'regular', 'locomotive': 22562, 'train_section': 26610, 'section': 22310, 'departure_time': 1536678900, 'arrival_time': 1536680340}
305	{'task_type': 'deadhead', 'locomotive': 22562, 'first_train_section': 26610, 'first_section': 22310, 'first_departure_time': 1536678900, 'first_arrival_time': 1536680340, 'second_train_section': 26869, 'second_section': 22288, 'second_departure_time': 1536684960, 'second_arrival_time': 1536693840}
306	{'task_type': 'regular', 'locomotive': 22562, 'train_section': 26869, 'section': 22288, 'departure_time': 1536684960, 'arrival_time': 1536693840}
307	{'task_type': 'regular', 'locomotive': 22562, 'train_section': 26871, 'section': 22323, 'departure_time': 1536695340, 'arrival_time': 1536698580}
308	{'task_type': 'deadhead', 'locomotive': 22562, 'first_train_section': 26871, 'first_section': 22323, 'first_departure_time': 1536695340, 'first_arrival_time': 1536698580, 'second_train_section': 26206, 'second_section': 22330, 'second_departure_time': 1536709200, 'second_arrival_time': 1536717420}
309	{'task_type': 'regular', 'locomotive': 22562, 'train_section': 26206, 'section': 22330, 'departure_time': 1536709200, 'arrival_time': 1536717420}
310	{'task_type': 'regular', 'locomotive': 22562, 'train_section': 23307, 'section': 22401, 'departure_time': 1536728940, 'arrival_time': 1536730260}
311	{'task_type': 'deadhead', 'locomotive': 22562, 'first_train_section': 23307, 'first_section': 22401, 'first_departure_time': 1536728940, 'first_arrival_time': 1536730260, 'second_train_section': 23319, 'second_section': 22404, 'second_departure_time': 1536747600, 'second_arrival_time': 1536756360}
312	{'task_type': 'regular', 'locomotive': 22562, 'train_section': 23319, 'section': 22404, 'departure_time': 1536747600, 'arrival_time': 1536756360}
313	{'task_type': 'regular', 'locomotive': 22562, 'train_section': 23321, 'section': 22248, 'departure_time': 1536756960, 'arrival_time': 1536759600}
314	{'task_type': 'deadhead', 'locomotive': 22562, 'first_train_section': 23321, 'first_section': 22248, 'first_departure_time': 1536756960, 'first_arrival_time': 1536759600, 'second_train_section': 25673, 'second_section': 22249, 'second_departure_time': 1536763680, 'second_arrival_time': 1536769680}
315	{'task_type': 'regular', 'locomotive': 22562, 'train_section': 25673, 'section': 22249, 'departure_time': 1536763680, 'arrival_time': 1536769680}
316	{'task_type': 'regular', 'locomotive': 22562, 'train_section': 26677, 'section': 22361, 'departure_time': 1536814080, 'arrival_time': 1536816540}
317	{'task_type': 'deadhead', 'locomotive': 22562, 'first_train_section': 26677, 'first_section': 22361, 'first_departure_time': 1536814080, 'first_arrival_time': 1536816540, 'second_train_section': 29778, 'second_section': 22495, 'second_departure_time': 1536825240, 'second_arrival_time': 1536828120}
318	{'task_type': 'regular', 'locomotive': 22562, 'train_section': 29778, 'section': 22495, 'departure_time': 1536825240, 'arrival_time': 1536828120}
319	{'task_type': 'deadhead', 'locomotive': 22562, 'first_train_section': 29778, 'first_section': 22495, 'first_departure_time': 1536825240, 'first_arrival_time': 1536828120, 'second_train_section': 23253, 'second_section': 22441, 'second_departure_time': 1536832440, 'second_arrival_time': 1536836400}
320	{'task_type': 'regular', 'locomotive': 22562, 'train_section': 23253, 'section': 22441, 'departure_time': 1536832440, 'arrival_time': 1536836400}
321	{'task_type': 'deadhead', 'locomotive': 22562, 'first_train_section': 23253, 'first_section': 22441, 'first_departure_time': 1536832440, 'first_arrival_time': 1536836400, 'second_train_section': 24365, 'second_section': 22416, 'second_departure_time': 1536845040, 'second_arrival_time': 1536848700}
322	{'task_type': 'regular', 'locomotive': 22562, 'train_section': 24365, 'section': 22416, 'departure_time': 1536845040, 'arrival_time': 1536848700}
323	{'task_type': 'deadhead', 'locomotive': 22562, 'first_train_section': 24365, 'first_section': 22416, 'first_departure_time': 1536845040, 'first_arrival_time': 1536848700, 'second_train_section': 28651, 'second_section': 22416, 'second_departure_time': 1536855840, 'second_arrival_time': 1536859500}
324	{'task_type': 'regular', 'locomotive': 22562, 'train_section': 28651, 'section': 22416, 'departure_time': 1536855840, 'arrival_time': 1536859500}
325	{'task_type': 'regular', 'locomotive': 22562, 'train_section': 26200, 'section': 22378, 'departure_time': 1536861900, 'arrival_time': 1536865560}
326	{'task_type': 'regular', 'locomotive': 22562, 'train_section': 27053, 'section': 22416, 'departure_time': 1536870480, 'arrival_time': 1536875700}
327	{'task_type': 'deadhead', 'locomotive': 22562, 'first_train_section': 23178, 'first_section': 22377, 'first_departure_time': 1536876060, 'first_arrival_time': 1536894540, 'second_train_section': 29470, 'second_section': 22251, 'second_departure_time': 1536897060, 'second_arrival_time': 1536901200}
328	{'task_type': 'regular', 'locomotive': 22562, 'train_section': 29470, 'section': 22251, 'departure_time': 1536897060, 'arrival_time': 1536901200}
329	{'task_type': 'deadhead', 'locomotive': 22562, 'first_train_section': 29470, 'first_section': 22251, 'first_departure_time': 1536897060, 'first_arrival_time': 1536901200, 'second_train_section': 27905, 'second_section': 22456, 'second_departure_time': 1536903300, 'second_arrival_time': 1536904800}
330	{'task_type': 'regular', 'locomotive': 22562, 'train_section': 27905, 'section': 22456, 'departure_time': 1536903300, 'arrival_time': 1536904800}
331	{'task_type': 'regular', 'locomotive': 22562, 'train_section': 26099, 'section': 22416, 'departure_time': 1536924240, 'arrival_time': 1536927900}
332	{'task_type': 'deadhead', 'locomotive': 22562, 'first_train_section': 26099, 'first_section': 22416, 'first_departure_time': 1536924240, 'first_arrival_time': 1536927900, 'second_train_section': 23625, 'second_section': 22376, 'second_departure_time': 1536933000, 'second_arrival_time': 1536938280}
333	{'task_type': 'regular', 'locomotive': 22562, 'train_section': 23625, 'section': 22376, 'departure_time': 1536933000, 'arrival_time': 1536938280}
334	{'task_type': 'deadhead', 'locomotive': 22562, 'first_train_section': 23625, 'first_section': 22376, 'first_departure_time': 1536933000, 'first_arrival_time': 1536938280, 'second_train_section': 28568, 'second_section': 22416, 'second_departure_time': 1536940440, 'second_arrival_time': 1536944100}
335	{'task_type': 'regular', 'locomotive': 22562, 'train_section': 28568, 'section': 22416, 'departure_time': 1536940440, 'arrival_time': 1536944100}
336	{'task_type': 'regular', 'locomotive': 22562, 'train_section': 29929, 'section': 22378, 'departure_time': 1536944700, 'arrival_time': 1536948360}
337	{'task_type': 'deadhead', 'locomotive': 22562, 'first_train_section': 29929, 'first_section': 22378, 'first_departure_time': 1536944700, 'first_arrival_time': 1536948360, 'second_train_section': 24028, 'second_section': 22460, 'second_departure_time': 1536949260, 'second_arrival_time': 1536951600}
338	{'task_type': 'regular', 'locomotive': 22562, 'train_section': 24028, 'section': 22460, 'departure_time': 1536949260, 'arrival_time': 1536951600}
339	{'task_type': 'deadhead', 'locomotive': 22562, 'first_train_section': 24028, 'first_section': 22460, 'first_departure_time': 1536949260, 'first_arrival_time': 1536951600, 'second_train_section': 24673, 'second_section': 22386, 'second_departure_time': 1536952920, 'second_arrival_time': 1536957960}
340	{'task_type': 'regular', 'locomotive': 22562, 'train_section': 24673, 'section': 22386, 'departure_time': 1536952920, 'arrival_time': 1536957960}
341	{'task_type': 'regular', 'locomotive': 22562, 'train_section': 24676, 'section': 22495, 'departure_time': 1536959520, 'arrival_time': 1536962460}
342	{'task_type': 'regular', 'locomotive': 22562, 'train_section': 23359, 'section': 22308, 'departure_time': 1536963720, 'arrival_time': 1536966420}
343	{'task_type': 'regular', 'locomotive': 22562, 'train_section': 23263, 'section': 22495, 'departure_time': 1536968040, 'arrival_time': 1536970920}
344	{'task_type': 'regular', 'locomotive': 22562, 'train_section': 26966, 'section': 22308, 'departure_time': 1536975360, 'arrival_time': 1536978000}
345	{'task_type': 'deadhead', 'locomotive': 22562, 'first_train_section': 26966, 'first_section': 22308, 'first_departure_time': 1536975360, 'first_arrival_time': 1536978000, 'second_train_section': 27873, 'second_section': 22443, 'second_departure_time': 1536980040, 'second_arrival_time': 1536981840}
346	{'task_type': 'regular', 'locomotive': 22562, 'train_section': 27873, 'section': 22443, 'departure_time': 1536980040, 'arrival_time': 1536981840}
347	{'task_type': 'regular', 'locomotive': 22562, 'train_section': 23811, 'section': 22495, 'departure_time': 1536998040, 'arrival_time': 1537000920}
348	{'task_type': 'regular', 'locomotive': 22562, 'train_section': 23893, 'section': 22308, 'departure_time': 1537002240, 'arrival_time': 1537004880}
349	{'task_type': 'regular', 'locomotive': 22562, 'train_section': 24839, 'section': 22495, 'departure_time': 1537019280, 'arrival_time': 1537022040}
350	{'task_type': 'deadhead', 'locomotive': 22562, 'first_train_section': 24839, 'first_section': 22495, 'first_departure_time': 1537019280, 'first_arrival_time': 1537022040, 'second_train_section': 28839, 'second_section': 22431, 'second_departure_time': 1537031940, 'second_arrival_time': 1537036800}
351	{'task_type': 'regular', 'locomotive': 22562, 'train_section': 28839, 'section': 22431, 'departure_time': 1537031940, 'arrival_time': 1537036800}
352	{'task_type': 'regular', 'locomotive': 22562, 'train_section': 28841, 'section': 22495, 'departure_time': 1537038240, 'arrival_time': 1537041060}
353	{'task_type': 'deadhead', 'locomotive': 22562, 'first_train_section': 28841, 'first_section': 22495, 'first_departure_time': 1537038240, 'first_arrival_time': 1537041060, 'second_train_section': 26461, 'second_section': 22406, 'second_departure_time': 1537106160, 'second_arrival_time': 1537120980}
354	{'task_type': 'regular', 'locomotive': 22562, 'train_section': 26461, 'section': 22406, 'departure_time': 1537106160, 'arrival_time': 1537120980}
355	{'task_type': 'deadhead', 'locomotive': 22562, 'first_train_section': 26461, 'first_section': 22406, 'first_departure_time': 1537106160, 'first_arrival_time': 1537120980, 'second_train_section': 26466, 'second_section': 22496, 'second_departure_time': 1537126140, 'second_arrival_time': 1537131120}
356	{'task_type': 'regular', 'locomotive': 22562, 'train_section': 26466, 'section': 22496, 'departure_time': 1537126140, 'arrival_time': 1537131120}
357	{'task_type': 'regular', 'locomotive': 22563, 'train_section': 28318, 'section': 22508, 'departure_time': 1536608220, 'arrival_time': 1536611760}
358	{'task_type': 'deadhead', 'locomotive': 22563, 'first_train_section': 28318, 'first_section': 22508, 'first_departure_time': 1536608220, 'first_arrival_time': 1536611760, 'second_train_section': 27258, 'second_section': 22476, 'second_departure_time': 1536614220, 'second_arrival_time': 1536617820}
359	{'task_type': 'regular', 'locomotive': 22563, 'train_section': 27258, 'section': 22476, 'departure_time': 1536614220, 'arrival_time': 1536617820}
360	{'task_type': 'deadhead', 'locomotive': 22563, 'first_train_section': 27258, 'first_section': 22476, 'first_departure_time': 1536614220, 'first_arrival_time': 1536617820, 'second_train_section': 27327, 'second_section': 22292, 'second_departure_time': 1536627300, 'second_arrival_time': 1536629580}
361	{'task_type': 'regular', 'locomotive': 22563, 'train_section': 27327, 'section': 22292, 'departure_time': 1536627300, 'arrival_time': 1536629580}
362	{'task_type': 'deadhead', 'locomotive': 22563, 'first_train_section': 27327, 'first_section': 22292, 'first_departure_time': 1536627300, 'first_arrival_time': 1536629580, 'second_train_section': 27769, 'second_section': 22295, 'second_departure_time': 1536633420, 'second_arrival_time': 1536634800}
363	{'task_type': 'regular', 'locomotive': 22563, 'train_section': 27769, 'section': 22295, 'departure_time': 1536633420, 'arrival_time': 1536634800}
364	{'task_type': 'regular', 'locomotive': 22563, 'train_section': 26656, 'section': 22487, 'departure_time': 1536776820, 'arrival_time': 1536779220}
365	{'task_type': 'deadhead', 'locomotive': 22563, 'first_train_section': 26656, 'first_section': 22487, 'first_departure_time': 1536776820, 'first_arrival_time': 1536779220, 'second_train_section': 29617, 'second_section': 22291, 'second_departure_time': 1536787560, 'second_arrival_time': 1536793440}
366	{'task_type': 'regular', 'locomotive': 22563, 'train_section': 29617, 'section': 22291, 'departure_time': 1536787560, 'arrival_time': 1536793440}
367	{'task_type': 'deadhead', 'locomotive': 22563, 'first_train_section': 29617, 'first_section': 22291, 'first_departure_time': 1536787560, 'first_arrival_time': 1536793440, 'second_train_section': 25826, 'second_section': 22419, 'second_departure_time': 1536799620, 'second_arrival_time': 1536805980}
368	{'task_type': 'regular', 'locomotive': 22563, 'train_section': 25826, 'section': 22419, 'departure_time': 1536799620, 'arrival_time': 1536805980}
369	{'task_type': 'deadhead', 'locomotive': 22563, 'first_train_section': 25826, 'first_section': 22419, 'first_departure_time': 1536799620, 'first_arrival_time': 1536805980, 'second_train_section': 26734, 'second_section': 22495, 'second_departure_time': 1536822780, 'second_arrival_time': 1536825720}
370	{'task_type': 'regular', 'locomotive': 22563, 'train_section': 26734, 'section': 22495, 'departure_time': 1536822780, 'arrival_time': 1536825720}
371	{'task_type': 'regular', 'locomotive': 22563, 'train_section': 25753, 'section': 22308, 'departure_time': 1536829440, 'arrival_time': 1536832080}
372	{'task_type': 'regular', 'locomotive': 22563, 'train_section': 27619, 'section': 22495, 'departure_time': 1536832200, 'arrival_time': 1536835020}
373	{'task_type': 'regular', 'locomotive': 22563, 'train_section': 27621, 'section': 22304, 'departure_time': 1536836520, 'arrival_time': 1536841680}
374	{'task_type': 'regular', 'locomotive': 22563, 'train_section': 27623, 'section': 22247, 'departure_time': 1536841920, 'arrival_time': 1536853020}
375	{'task_type': 'deadhead', 'locomotive': 22563, 'first_train_section': 27623, 'first_section': 22247, 'first_departure_time': 1536841920, 'first_arrival_time': 1536853020, 'second_train_section': 27342, 'second_section': 22407, 'second_departure_time': 1536862680, 'second_arrival_time': 1536869340}
376	{'task_type': 'regular', 'locomotive': 22563, 'train_section': 27342, 'section': 22407, 'departure_time': 1536862680, 'arrival_time': 1536869340}
377	{'task_type': 'regular', 'locomotive': 22563, 'train_section': 25865, 'section': 22337, 'departure_time': 1536872520, 'arrival_time': 1536879180}
378	{'task_type': 'deadhead', 'locomotive': 22563, 'first_train_section': 25865, 'first_section': 22337, 'first_departure_time': 1536872520, 'first_arrival_time': 1536879180, 'second_train_section': 28411, 'second_section': 22510, 'second_departure_time': 1536892200, 'second_arrival_time': 1536893760}
379	{'task_type': 'regular', 'locomotive': 22563, 'train_section': 28411, 'section': 22510, 'departure_time': 1536892200, 'arrival_time': 1536893760}
380	{'task_type': 'deadhead', 'locomotive': 22563, 'first_train_section': 28411, 'first_section': 22510, 'first_departure_time': 1536892200, 'first_arrival_time': 1536893760, 'second_train_section': 25701, 'second_section': 22404, 'second_departure_time': 1536899820, 'second_arrival_time': 1536910020}
381	{'task_type': 'regular', 'locomotive': 22563, 'train_section': 25701, 'section': 22404, 'departure_time': 1536899820, 'arrival_time': 1536910020}
382	{'task_type': 'deadhead', 'locomotive': 22563, 'first_train_section': 25701, 'first_section': 22404, 'first_departure_time': 1536899820, 'first_arrival_time': 1536910020, 'second_train_section': 25962, 'second_section': 22404, 'second_departure_time': 1536921840, 'second_arrival_time': 1536931680}
383	{'task_type': 'regular', 'locomotive': 22563, 'train_section': 25962, 'section': 22404, 'departure_time': 1536921840, 'arrival_time': 1536931680}
384	{'task_type': 'deadhead', 'locomotive': 22563, 'first_train_section': 25962, 'first_section': 22404, 'first_departure_time': 1536921840, 'first_arrival_time': 1536931680, 'second_train_section': 25966, 'second_section': 22308, 'second_departure_time': 1536937440, 'second_arrival_time': 1536939960}
385	{'task_type': 'regular', 'locomotive': 22563, 'train_section': 25966, 'section': 22308, 'departure_time': 1536937440, 'arrival_time': 1536939960}
386	{'task_type': 'deadhead', 'locomotive': 22563, 'first_train_section': 28772, 'first_section': 22302, 'first_departure_time': 1536962460, 'first_arrival_time': 1537048740, 'second_train_section': 22863, 'second_section': 22336, 'second_departure_time': 1537064580, 'second_arrival_time': 1537070700}
387	{'task_type': 'regular', 'locomotive': 22563, 'train_section': 22863, 'section': 22336, 'departure_time': 1537064580, 'arrival_time': 1537070700}
388	{'task_type': 'deadhead', 'locomotive': 22563, 'first_train_section': 22863, 'first_section': 22336, 'first_departure_time': 1537064580, 'first_arrival_time': 1537070700, 'second_train_section': 23250, 'second_section': 22311, 'second_departure_time': 1537090800, 'second_arrival_time': 1537093560}
389	{'task_type': 'regular', 'locomotive': 22563, 'train_section': 23250, 'section': 22311, 'departure_time': 1537090800, 'arrival_time': 1537093560}
390	{'task_type': 'deadhead', 'locomotive': 22563, 'first_train_section': 23250, 'first_section': 22311, 'first_departure_time': 1537090800, 'first_arrival_time': 1537093560, 'second_train_section': 23484, 'second_section': 22327, 'second_departure_time': 1537103280, 'second_arrival_time': 1537109640}
391	{'task_type': 'regular', 'locomotive': 22563, 'train_section': 23484, 'section': 22327, 'departure_time': 1537103280, 'arrival_time': 1537109640}
392	{'task_type': 'regular', 'locomotive': 22563, 'train_section': 24506, 'section': 22332, 'departure_time': 1537129800, 'arrival_time': 1537133940}
393	{'task_type': 'regular', 'locomotive': 22565, 'train_section': 26700, 'section': 22350, 'departure_time': 1536654300, 'arrival_time': 1536658320}
394	{'task_type': 'deadhead', 'locomotive': 22565, 'first_train_section': 26700, 'first_section': 22350, 'first_departure_time': 1536654300, 'first_arrival_time': 1536658320, 'second_train_section': 28787, 'second_section': 22479, 'second_departure_time': 1536671760, 'second_arrival_time': 1536673380}
395	{'task_type': 'regular', 'locomotive': 22565, 'train_section': 28787, 'section': 22479, 'departure_time': 1536671760, 'arrival_time': 1536673380}
396	{'task_type': 'deadhead', 'locomotive': 22565, 'first_train_section': 28787, 'first_section': 22479, 'first_departure_time': 1536671760, 'first_arrival_time': 1536673380, 'second_train_section': 29855, 'second_section': 22247, 'second_departure_time': 1536683460, 'second_arrival_time': 1536692460}
397	{'task_type': 'regular', 'locomotive': 22565, 'train_section': 29855, 'section': 22247, 'departure_time': 1536683460, 'arrival_time': 1536692460}
398	{'task_type': 'deadhead', 'locomotive': 22565, 'first_train_section': 29855, 'first_section': 22247, 'first_departure_time': 1536683460, 'first_arrival_time': 1536692460, 'second_train_section': 27315, 'second_section': 22247, 'second_departure_time': 1536714780, 'second_arrival_time': 1536724260}
399	{'task_type': 'regular', 'locomotive': 22565, 'train_section': 27315, 'section': 22247, 'departure_time': 1536714780, 'arrival_time': 1536724260}
400	{'task_type': 'regular', 'locomotive': 22565, 'train_section': 26072, 'section': 22383, 'departure_time': 1536750720, 'arrival_time': 1536754140}
401	{'task_type': 'deadhead', 'locomotive': 22565, 'first_train_section': 26072, 'first_section': 22383, 'first_departure_time': 1536750720, 'first_arrival_time': 1536754140, 'second_train_section': 29235, 'second_section': 22318, 'second_departure_time': 1536759300, 'second_arrival_time': 1536763800}
402	{'task_type': 'regular', 'locomotive': 22565, 'train_section': 29235, 'section': 22318, 'departure_time': 1536759300, 'arrival_time': 1536763800}
403	{'task_type': 'deadhead', 'locomotive': 22565, 'first_train_section': 29235, 'first_section': 22318, 'first_departure_time': 1536759300, 'first_arrival_time': 1536763800, 'second_train_section': 28123, 'second_section': 22317, 'second_departure_time': 1536769920, 'second_arrival_time': 1536771660}
404	{'task_type': 'regular', 'locomotive': 22565, 'train_section': 28123, 'section': 22317, 'departure_time': 1536769920, 'arrival_time': 1536771660}
405	{'task_type': 'deadhead', 'locomotive': 22565, 'first_train_section': 28123, 'first_section': 22317, 'first_departure_time': 1536769920, 'first_arrival_time': 1536771660, 'second_train_section': 26043, 'second_section': 22404, 'second_departure_time': 1536778020, 'second_arrival_time': 1536786960}
406	{'task_type': 'regular', 'locomotive': 22565, 'train_section': 26043, 'section': 22404, 'departure_time': 1536778020, 'arrival_time': 1536786960}
407	{'task_type': 'regular', 'locomotive': 22565, 'train_section': 25603, 'section': 22245, 'departure_time': 1536790140, 'arrival_time': 1536794640}
408	{'task_type': 'regular', 'locomotive': 22565, 'train_section': 25605, 'section': 22308, 'departure_time': 1536795360, 'arrival_time': 1536798060}
409	{'task_type': 'deadhead', 'locomotive': 22565, 'first_train_section': 25605, 'first_section': 22308, 'first_departure_time': 1536795360, 'first_arrival_time': 1536798060, 'second_train_section': 25339, 'second_section': 22308, 'second_departure_time': 1536806580, 'second_arrival_time': 1536809340}
410	{'task_type': 'regular', 'locomotive': 22565, 'train_section': 25339, 'section': 22308, 'departure_time': 1536806580, 'arrival_time': 1536809340}
411	{'task_type': 'deadhead', 'locomotive': 22565, 'first_train_section': 25339, 'first_section': 22308, 'first_departure_time': 1536806580, 'first_arrival_time': 1536809340, 'second_train_section': 23561, 'second_section': 22429, 'second_departure_time': 1536814920, 'second_arrival_time': 1536817080}
412	{'task_type': 'regular', 'locomotive': 22565, 'train_section': 23561, 'section': 22429, 'departure_time': 1536814920, 'arrival_time': 1536817080}
413	{'task_type': 'deadhead', 'locomotive': 22565, 'first_train_section': 23561, 'first_section': 22429, 'first_departure_time': 1536814920, 'first_arrival_time': 1536817080, 'second_train_section': 22915, 'second_section': 22351, 'second_departure_time': 1536835680, 'second_arrival_time': 1536840840}
414	{'task_type': 'regular', 'locomotive': 22565, 'train_section': 22915, 'section': 22351, 'departure_time': 1536835680, 'arrival_time': 1536840840}
415	{'task_type': 'deadhead', 'locomotive': 22565, 'first_train_section': 22915, 'first_section': 22351, 'first_departure_time': 1536835680, 'first_arrival_time': 1536840840, 'second_train_section': 29009, 'second_section': 22508, 'second_departure_time': 1536842940, 'second_arrival_time': 1536846300}
416	{'task_type': 'regular', 'locomotive': 22565, 'train_section': 29009, 'section': 22508, 'departure_time': 1536842940, 'arrival_time': 1536846300}
417	{'task_type': 'deadhead', 'locomotive': 22565, 'first_train_section': 29009, 'first_section': 22508, 'first_departure_time': 1536842940, 'first_arrival_time': 1536846300, 'second_train_section': 24169, 'second_section': 22500, 'second_departure_time': 1536853080, 'second_arrival_time': 1536856200}
418	{'task_type': 'regular', 'locomotive': 22565, 'train_section': 24169, 'section': 22500, 'departure_time': 1536853080, 'arrival_time': 1536856200}
419	{'task_type': 'regular', 'locomotive': 22565, 'train_section': 27467, 'section': 22360, 'departure_time': 1536857280, 'arrival_time': 1536868920}
420	{'task_type': 'deadhead', 'locomotive': 22565, 'first_train_section': 27467, 'first_section': 22360, 'first_departure_time': 1536857280, 'first_arrival_time': 1536868920, 'second_train_section': 29224, 'second_section': 22427, 'second_departure_time': 1536870300, 'second_arrival_time': 1536873180}
421	{'task_type': 'regular', 'locomotive': 22565, 'train_section': 29224, 'section': 22427, 'departure_time': 1536870300, 'arrival_time': 1536873180}
422	{'task_type': 'regular', 'locomotive': 22565, 'train_section': 29226, 'section': 22443, 'departure_time': 1536874260, 'arrival_time': 1536876060}
423	{'task_type': 'regular', 'locomotive': 22565, 'train_section': 29228, 'section': 22495, 'departure_time': 1536877500, 'arrival_time': 1536880440}
424	{'task_type': 'deadhead', 'locomotive': 22565, 'first_train_section': 29228, 'first_section': 22495, 'first_departure_time': 1536877500, 'first_arrival_time': 1536880440, 'second_train_section': 25323, 'second_section': 22496, 'second_departure_time': 1536885240, 'second_arrival_time': 1536888960}
425	{'task_type': 'regular', 'locomotive': 22565, 'train_section': 25323, 'section': 22496, 'departure_time': 1536885240, 'arrival_time': 1536888960}
426	{'task_type': 'deadhead', 'locomotive': 22565, 'first_train_section': 25323, 'first_section': 22496, 'first_departure_time': 1536885240, 'first_arrival_time': 1536888960, 'second_train_section': 24254, 'second_section': 22386, 'second_departure_time': 1536890280, 'second_arrival_time': 1536895080}
427	{'task_type': 'regular', 'locomotive': 22565, 'train_section': 24254, 'section': 22386, 'departure_time': 1536890280, 'arrival_time': 1536895080}
428	{'task_type': 'regular', 'locomotive': 22565, 'train_section': 24257, 'section': 22495, 'departure_time': 1536896460, 'arrival_time': 1536899460}
429	{'task_type': 'deadhead', 'locomotive': 22565, 'first_train_section': 24257, 'first_section': 22495, 'first_departure_time': 1536896460, 'first_arrival_time': 1536899460, 'second_train_section': 22817, 'second_section': 22443, 'second_departure_time': 1536905460, 'second_arrival_time': 1536907260}
430	{'task_type': 'regular', 'locomotive': 22565, 'train_section': 22817, 'section': 22443, 'departure_time': 1536905460, 'arrival_time': 1536907260}
431	{'task_type': 'regular', 'locomotive': 22565, 'train_section': 22819, 'section': 22495, 'departure_time': 1536909180, 'arrival_time': 1536912120}
432	{'task_type': 'deadhead', 'locomotive': 22565, 'first_train_section': 22819, 'first_section': 22495, 'first_departure_time': 1536909180, 'first_arrival_time': 1536912120, 'second_train_section': 22676, 'second_section': 22496, 'second_departure_time': 1536915420, 'second_arrival_time': 1536920100}
433	{'task_type': 'regular', 'locomotive': 22565, 'train_section': 22676, 'section': 22496, 'departure_time': 1536915420, 'arrival_time': 1536920100}
434	{'task_type': 'deadhead', 'locomotive': 22565, 'first_train_section': 22676, 'first_section': 22496, 'first_departure_time': 1536915420, 'first_arrival_time': 1536920100, 'second_train_section': 27050, 'second_section': 22416, 'second_departure_time': 1536922440, 'second_arrival_time': 1536926100}
435	{'task_type': 'regular', 'locomotive': 22565, 'train_section': 27050, 'section': 22416, 'departure_time': 1536922440, 'arrival_time': 1536926100}
436	{'task_type': 'regular', 'locomotive': 22565, 'train_section': 27171, 'section': 22378, 'departure_time': 1536930300, 'arrival_time': 1536933960}
437	{'task_type': 'deadhead', 'locomotive': 22565, 'first_train_section': 27171, 'first_section': 22378, 'first_departure_time': 1536930300, 'first_arrival_time': 1536933960, 'second_train_section': 26768, 'second_section': 22413, 'second_departure_time': 1536935520, 'second_arrival_time': 1536939360}
438	{'task_type': 'regular', 'locomotive': 22565, 'train_section': 26768, 'section': 22413, 'departure_time': 1536935520, 'arrival_time': 1536939360}
439	{'task_type': 'deadhead', 'locomotive': 22565, 'first_train_section': 22944, 'first_section': 22250, 'first_departure_time': 1536942960, 'first_arrival_time': 1536962340, 'second_train_section': 26161, 'second_section': 22386, 'second_departure_time': 1536976680, 'second_arrival_time': 1536981480}
440	{'task_type': 'regular', 'locomotive': 22565, 'train_section': 26161, 'section': 22386, 'departure_time': 1536976680, 'arrival_time': 1536981480}
441	{'task_type': 'deadhead', 'locomotive': 22565, 'first_train_section': 26161, 'first_section': 22386, 'first_departure_time': 1536976680, 'first_arrival_time': 1536981480, 'second_train_section': 26516, 'second_section': 22431, 'second_departure_time': 1536991800, 'second_arrival_time': 1536996420}
442	{'task_type': 'regular', 'locomotive': 22565, 'train_section': 26516, 'section': 22431, 'departure_time': 1536991800, 'arrival_time': 1536996420}
443	{'task_type': 'deadhead', 'locomotive': 22565, 'first_train_section': 26516, 'first_section': 22431, 'first_departure_time': 1536991800, 'first_arrival_time': 1536996420, 'second_train_section': 30035, 'second_section': 22242, 'second_departure_time': 1537017660, 'second_arrival_time': 1537020420}
444	{'task_type': 'regular', 'locomotive': 22565, 'train_section': 30035, 'section': 22242, 'departure_time': 1537017660, 'arrival_time': 1537020420}
445	{'task_type': 'deadhead', 'locomotive': 22566, 'first_train_section': 26066, 'first_section': 22502, 'first_departure_time': 1536616860, 'first_arrival_time': 1536641100, 'second_train_section': 28049, 'second_section': 22506, 'second_departure_time': 1536647640, 'second_arrival_time': 1536648420}
446	{'task_type': 'regular', 'locomotive': 22566, 'train_section': 28049, 'section': 22506, 'departure_time': 1536647640, 'arrival_time': 1536648420}
447	{'task_type': 'deadhead', 'locomotive': 22566, 'first_train_section': 28049, 'first_section': 22506, 'first_departure_time': 1536647640, 'first_arrival_time': 1536648420, 'second_train_section': 24273, 'second_section': 22507, 'second_departure_time': 1536655560, 'second_arrival_time': 1536659160}
448	{'task_type': 'regular', 'locomotive': 22566, 'train_section': 24273, 'section': 22507, 'departure_time': 1536655560, 'arrival_time': 1536659160}
449	{'task_type': 'deadhead', 'locomotive': 22566, 'first_train_section': 24273, 'first_section': 22507, 'first_departure_time': 1536655560, 'first_arrival_time': 1536659160, 'second_train_section': 29467, 'second_section': 22248, 'second_departure_time': 1536670560, 'second_arrival_time': 1536673200}
450	{'task_type': 'regular', 'locomotive': 22566, 'train_section': 29467, 'section': 22248, 'departure_time': 1536670560, 'arrival_time': 1536673200}
451	{'task_type': 'deadhead', 'locomotive': 22566, 'first_train_section': 29467, 'first_section': 22248, 'first_departure_time': 1536670560, 'first_arrival_time': 1536673200, 'second_train_section': 28929, 'second_section': 22342, 'second_departure_time': 1536679140, 'second_arrival_time': 1536684420}
452	{'task_type': 'regular', 'locomotive': 22566, 'train_section': 28929, 'section': 22342, 'departure_time': 1536679140, 'arrival_time': 1536684420}
453	{'task_type': 'regular', 'locomotive': 22566, 'train_section': 28175, 'section': 22284, 'departure_time': 1536684720, 'arrival_time': 1536688380}
454	{'task_type': 'deadhead', 'locomotive': 22566, 'first_train_section': 28175, 'first_section': 22284, 'first_departure_time': 1536684720, 'first_arrival_time': 1536688380, 'second_train_section': 25852, 'second_section': 22266, 'second_departure_time': 1536701100, 'second_arrival_time': 1536707640}
455	{'task_type': 'regular', 'locomotive': 22566, 'train_section': 25852, 'section': 22266, 'departure_time': 1536701100, 'arrival_time': 1536707640}
456	{'task_type': 'deadhead', 'locomotive': 22566, 'first_train_section': 25852, 'first_section': 22266, 'first_departure_time': 1536701100, 'first_arrival_time': 1536707640, 'second_train_section': 26372, 'second_section': 22248, 'second_departure_time': 1536724200, 'second_arrival_time': 1536726960}
457	{'task_type': 'regular', 'locomotive': 22566, 'train_section': 26372, 'section': 22248, 'departure_time': 1536724200, 'arrival_time': 1536726960}
458	{'task_type': 'deadhead', 'locomotive': 22566, 'first_train_section': 26372, 'first_section': 22248, 'first_departure_time': 1536724200, 'first_arrival_time': 1536726960, 'second_train_section': 23748, 'second_section': 22304, 'second_departure_time': 1536730500, 'second_arrival_time': 1536735540}
459	{'task_type': 'regular', 'locomotive': 22566, 'train_section': 23748, 'section': 22304, 'departure_time': 1536730500, 'arrival_time': 1536735540}
460	{'task_type': 'regular', 'locomotive': 22566, 'train_section': 23750, 'section': 22247, 'departure_time': 1536735720, 'arrival_time': 1536744960}
461	{'task_type': 'deadhead', 'locomotive': 22566, 'first_train_section': 23750, 'first_section': 22247, 'first_departure_time': 1536735720, 'first_arrival_time': 1536744960, 'second_train_section': 24863, 'second_section': 22400, 'second_departure_time': 1536745800, 'second_arrival_time': 1536749220}
462	{'task_type': 'regular', 'locomotive': 22566, 'train_section': 24863, 'section': 22400, 'departure_time': 1536745800, 'arrival_time': 1536749220}
463	{'task_type': 'deadhead', 'locomotive': 22566, 'first_train_section': 24863, 'first_section': 22400, 'first_departure_time': 1536745800, 'first_arrival_time': 1536749220, 'second_train_section': 25102, 'second_section': 22466, 'second_departure_time': 1536753900, 'second_arrival_time': 1536755040}
464	{'task_type': 'regular', 'locomotive': 22566, 'train_section': 25102, 'section': 22466, 'departure_time': 1536753900, 'arrival_time': 1536755040}
465	{'task_type': 'deadhead', 'locomotive': 22566, 'first_train_section': 25102, 'first_section': 22466, 'first_departure_time': 1536753900, 'first_arrival_time': 1536755040, 'second_train_section': 25172, 'second_section': 22396, 'second_departure_time': 1536756960, 'second_arrival_time': 1536758820}
466	{'task_type': 'regular', 'locomotive': 22566, 'train_section': 25172, 'section': 22396, 'departure_time': 1536756960, 'arrival_time': 1536758820}
467	{'task_type': 'deadhead', 'locomotive': 22566, 'first_train_section': 25172, 'first_section': 22396, 'first_departure_time': 1536756960, 'first_arrival_time': 1536758820, 'second_train_section': 23400, 'second_section': 22399, 'second_departure_time': 1536765000, 'second_arrival_time': 1536766440}
468	{'task_type': 'regular', 'locomotive': 22566, 'train_section': 23400, 'section': 22399, 'departure_time': 1536765000, 'arrival_time': 1536766440}
469	{'task_type': 'deadhead', 'locomotive': 22566, 'first_train_section': 23400, 'first_section': 22399, 'first_departure_time': 1536765000, 'first_arrival_time': 1536766440, 'second_train_section': 22904, 'second_section': 22274, 'second_departure_time': 1536770940, 'second_arrival_time': 1536778200}
470	{'task_type': 'regular', 'locomotive': 22566, 'train_section': 22904, 'section': 22274, 'departure_time': 1536770940, 'arrival_time': 1536778200}
471	{'task_type': 'deadhead', 'locomotive': 22566, 'first_train_section': 22904, 'first_section': 22274, 'first_departure_time': 1536770940, 'first_arrival_time': 1536778200, 'second_train_section': 27580, 'second_section': 22398, 'second_departure_time': 1536787200, 'second_arrival_time': 1536793080}
472	{'task_type': 'regular', 'locomotive': 22566, 'train_section': 27580, 'section': 22398, 'departure_time': 1536787200, 'arrival_time': 1536793080}
473	{'task_type': 'deadhead', 'locomotive': 22566, 'first_train_section': 27580, 'first_section': 22398, 'first_departure_time': 1536787200, 'first_arrival_time': 1536793080, 'second_train_section': 23998, 'second_section': 22467, 'second_departure_time': 1536806400, 'second_arrival_time': 1536809100}
474	{'task_type': 'regular', 'locomotive': 22566, 'train_section': 23998, 'section': 22467, 'departure_time': 1536806400, 'arrival_time': 1536809100}
475	{'task_type': 'regular', 'locomotive': 22566, 'train_section': 24509, 'section': 22280, 'departure_time': 1536810840, 'arrival_time': 1536817440}
476	{'task_type': 'deadhead', 'locomotive': 22566, 'first_train_section': 24509, 'first_section': 22280, 'first_departure_time': 1536810840, 'first_arrival_time': 1536817440, 'second_train_section': 23794, 'second_section': 22492, 'second_departure_time': 1536819840, 'second_arrival_time': 1536829080}
477	{'task_type': 'regular', 'locomotive': 22566, 'train_section': 23794, 'section': 22492, 'departure_time': 1536819840, 'arrival_time': 1536829080}
478	{'task_type': 'regular', 'locomotive': 22566, 'train_section': 25891, 'section': 22278, 'departure_time': 1536836280, 'arrival_time': 1536843060}
479	{'task_type': 'deadhead', 'locomotive': 22566, 'first_train_section': 25891, 'first_section': 22278, 'first_departure_time': 1536836280, 'first_arrival_time': 1536843060, 'second_train_section': 26307, 'second_section': 22340, 'second_departure_time': 1536844740, 'second_arrival_time': 1536860400}
480	{'task_type': 'regular', 'locomotive': 22566, 'train_section': 26307, 'section': 22340, 'departure_time': 1536844740, 'arrival_time': 1536860400}
481	{'task_type': 'deadhead', 'locomotive': 22566, 'first_train_section': 26307, 'first_section': 22340, 'first_departure_time': 1536844740, 'first_arrival_time': 1536860400, 'second_train_section': 27346, 'second_section': 22322, 'second_departure_time': 1536873180, 'second_arrival_time': 1536881400}
482	{'task_type': 'regular', 'locomotive': 22566, 'train_section': 27346, 'section': 22322, 'departure_time': 1536873180, 'arrival_time': 1536881400}
483	{'task_type': 'deadhead', 'locomotive': 22566, 'first_train_section': 27346, 'first_section': 22322, 'first_departure_time': 1536873180, 'first_arrival_time': 1536881400, 'second_train_section': 24094, 'second_section': 22452, 'second_departure_time': 1536886320, 'second_arrival_time': 1536889020}
484	{'task_type': 'regular', 'locomotive': 22566, 'train_section': 24094, 'section': 22452, 'departure_time': 1536886320, 'arrival_time': 1536889020}
485	{'task_type': 'regular', 'locomotive': 22566, 'train_section': 24614, 'section': 22467, 'departure_time': 1536892800, 'arrival_time': 1536895500}
486	{'task_type': 'deadhead', 'locomotive': 22566, 'first_train_section': 24614, 'first_section': 22467, 'first_departure_time': 1536892800, 'first_arrival_time': 1536895500, 'second_train_section': 26130, 'second_section': 22342, 'second_departure_time': 1536902460, 'second_arrival_time': 1536908580}
487	{'task_type': 'regular', 'locomotive': 22566, 'train_section': 26130, 'section': 22342, 'departure_time': 1536902460, 'arrival_time': 1536908580}
488	{'task_type': 'deadhead', 'locomotive': 22566, 'first_train_section': 26130, 'first_section': 22342, 'first_departure_time': 1536902460, 'first_arrival_time': 1536908580, 'second_train_section': 24055, 'second_section': 22311, 'second_departure_time': 1536918000, 'second_arrival_time': 1536920760}
489	{'task_type': 'regular', 'locomotive': 22566, 'train_section': 24055, 'section': 22311, 'departure_time': 1536918000, 'arrival_time': 1536920760}
490	{'task_type': 'regular', 'locomotive': 22566, 'train_section': 23137, 'section': 22313, 'departure_time': 1536922080, 'arrival_time': 1536927000}
491	{'task_type': 'deadhead', 'locomotive': 22566, 'first_train_section': 23137, 'first_section': 22313, 'first_departure_time': 1536922080, 'first_arrival_time': 1536927000, 'second_train_section': 27983, 'second_section': 22389, 'second_departure_time': 1536931800, 'second_arrival_time': 1536938520}
492	{'task_type': 'regular', 'locomotive': 22566, 'train_section': 27983, 'section': 22389, 'departure_time': 1536931800, 'arrival_time': 1536938520}
493	{'task_type': 'deadhead', 'locomotive': 22566, 'first_train_section': 27983, 'first_section': 22389, 'first_departure_time': 1536931800, 'first_arrival_time': 1536938520, 'second_train_section': 26028, 'second_section': 22452, 'second_departure_time': 1536948960, 'second_arrival_time': 1536950760}
494	{'task_type': 'regular', 'locomotive': 22566, 'train_section': 26028, 'section': 22452, 'departure_time': 1536948960, 'arrival_time': 1536950760}
495	{'task_type': 'deadhead', 'locomotive': 22566, 'first_train_section': 23414, 'first_section': 22237, 'first_departure_time': 1536962400, 'first_arrival_time': 1536985500, 'second_train_section': 24112, 'second_section': 22281, 'second_departure_time': 1536995640, 'second_arrival_time': 1537000800}
496	{'task_type': 'regular', 'locomotive': 22566, 'train_section': 24112, 'section': 22281, 'departure_time': 1536995640, 'arrival_time': 1537000800}
497	{'task_type': 'regular', 'locomotive': 22566, 'train_section': 29045, 'section': 22342, 'departure_time': 1537017660, 'arrival_time': 1537023780}
498	{'task_type': 'deadhead', 'locomotive': 22566, 'first_train_section': 29045, 'first_section': 22342, 'first_departure_time': 1537017660, 'first_arrival_time': 1537023780, 'second_train_section': 24763, 'second_section': 22431, 'second_departure_time': 1537037100, 'second_arrival_time': 1537042380}
499	{'task_type': 'regular', 'locomotive': 22566, 'train_section': 24763, 'section': 22431, 'departure_time': 1537037100, 'arrival_time': 1537042380}
500	{'task_type': 'regular', 'locomotive': 22566, 'train_section': 28573, 'section': 22495, 'departure_time': 1537043220, 'arrival_time': 1537045980}
501	{'task_type': 'deadhead', 'locomotive': 22566, 'first_train_section': 28573, 'first_section': 22495, 'first_departure_time': 1537043220, 'first_arrival_time': 1537045980, 'second_train_section': 22743, 'second_section': 22416, 'second_departure_time': 1537098840, 'second_arrival_time': 1537102500}
502	{'task_type': 'regular', 'locomotive': 22566, 'train_section': 22743, 'section': 22416, 'departure_time': 1537098840, 'arrival_time': 1537102500}
503	{'task_type': 'deadhead', 'locomotive': 22566, 'first_train_section': 22743, 'first_section': 22416, 'first_departure_time': 1537098840, 'first_arrival_time': 1537102500, 'second_train_section': 26959, 'second_section': 22260, 'second_departure_time': 1537132500, 'second_arrival_time': 1537135199}
504	{'task_type': 'regular', 'locomotive': 22566, 'train_section': 26959, 'section': 22260, 'departure_time': 1537132500, 'arrival_time': 1537135199}
505	{'task_type': 'regular', 'locomotive': 22568, 'train_section': 23701, 'section': 22390, 'departure_time': 1536641220, 'arrival_time': 1536643020}
506	{'task_type': 'deadhead', 'locomotive': 22568, 'first_train_section': 23701, 'first_section': 22390, 'first_departure_time': 1536641220, 'first_arrival_time': 1536643020, 'second_train_section': 25286, 'second_section': 22438, 'second_departure_time': 1536666720, 'second_arrival_time': 1536677460}
507	{'task_type': 'regular', 'locomotive': 22568, 'train_section': 25286, 'section': 22438, 'departure_time': 1536666720, 'arrival_time': 1536677460}
508	{'task_type': 'regular', 'locomotive': 22568, 'train_section': 29865, 'section': 22331, 'departure_time': 1536678480, 'arrival_time': 1536689340}
509	{'task_type': 'regular', 'locomotive': 22568, 'train_section': 27829, 'section': 22438, 'departure_time': 1536731400, 'arrival_time': 1536742260}
510	{'task_type': 'deadhead', 'locomotive': 22568, 'first_train_section': 27829, 'first_section': 22438, 'first_departure_time': 1536731400, 'first_arrival_time': 1536742260, 'second_train_section': 28093, 'second_section': 22334, 'second_departure_time': 1536748680, 'second_arrival_time': 1536752880}
511	{'task_type': 'regular', 'locomotive': 22568, 'train_section': 28093, 'section': 22334, 'departure_time': 1536748680, 'arrival_time': 1536752880}
512	{'task_type': 'deadhead', 'locomotive': 22568, 'first_train_section': 28093, 'first_section': 22334, 'first_departure_time': 1536748680, 'first_arrival_time': 1536752880, 'second_train_section': 29406, 'second_section': 22447, 'second_departure_time': 1536759600, 'second_arrival_time': 1536762480}
513	{'task_type': 'regular', 'locomotive': 22568, 'train_section': 29406, 'section': 22447, 'departure_time': 1536759600, 'arrival_time': 1536762480}
514	{'task_type': 'deadhead', 'locomotive': 22568, 'first_train_section': 29406, 'first_section': 22447, 'first_departure_time': 1536759600, 'first_arrival_time': 1536762480, 'second_train_section': 22740, 'second_section': 22469, 'second_departure_time': 1536765420, 'second_arrival_time': 1536767820}
515	{'task_type': 'regular', 'locomotive': 22568, 'train_section': 22740, 'section': 22469, 'departure_time': 1536765420, 'arrival_time': 1536767820}
516	{'task_type': 'deadhead', 'locomotive': 22568, 'first_train_section': 22740, 'first_section': 22469, 'first_departure_time': 1536765420, 'first_arrival_time': 1536767820, 'second_train_section': 24780, 'second_section': 22387, 'second_departure_time': 1536773880, 'second_arrival_time': 1536775320}
517	{'task_type': 'regular', 'locomotive': 22568, 'train_section': 24780, 'section': 22387, 'departure_time': 1536773880, 'arrival_time': 1536775320}
518	{'task_type': 'deadhead', 'locomotive': 22568, 'first_train_section': 24780, 'first_section': 22387, 'first_departure_time': 1536773880, 'first_arrival_time': 1536775320, 'second_train_section': 25520, 'second_section': 22290, 'second_departure_time': 1536785460, 'second_arrival_time': 1536792300}
519	{'task_type': 'regular', 'locomotive': 22568, 'train_section': 25520, 'section': 22290, 'departure_time': 1536785460, 'arrival_time': 1536792300}
520	{'task_type': 'deadhead', 'locomotive': 22568, 'first_train_section': 25520, 'first_section': 22290, 'first_departure_time': 1536785460, 'first_arrival_time': 1536792300, 'second_train_section': 23151, 'second_section': 22247, 'second_departure_time': 1536803400, 'second_arrival_time': 1536813960}
521	{'task_type': 'regular', 'locomotive': 22568, 'train_section': 23151, 'section': 22247, 'departure_time': 1536803400, 'arrival_time': 1536813960}
522	{'task_type': 'deadhead', 'locomotive': 22568, 'first_train_section': 23151, 'first_section': 22247, 'first_departure_time': 1536803400, 'first_arrival_time': 1536813960, 'second_train_section': 27067, 'second_section': 22393, 'second_departure_time': 1536814740, 'second_arrival_time': 1536816480}
523	{'task_type': 'regular', 'locomotive': 22568, 'train_section': 27067, 'section': 22393, 'departure_time': 1536814740, 'arrival_time': 1536816480}
524	{'task_type': 'deadhead', 'locomotive': 22568, 'first_train_section': 27067, 'first_section': 22393, 'first_departure_time': 1536814740, 'first_arrival_time': 1536816480, 'second_train_section': 24078, 'second_section': 22404, 'second_departure_time': 1536821220, 'second_arrival_time': 1536831120}
525	{'task_type': 'regular', 'locomotive': 22568, 'train_section': 24078, 'section': 22404, 'departure_time': 1536821220, 'arrival_time': 1536831120}
526	{'task_type': 'regular', 'locomotive': 22568, 'train_section': 24080, 'section': 22249, 'departure_time': 1536831360, 'arrival_time': 1536838800}
527	{'task_type': 'deadhead', 'locomotive': 22568, 'first_train_section': 24080, 'first_section': 22249, 'first_departure_time': 1536831360, 'first_arrival_time': 1536838800, 'second_train_section': 28276, 'second_section': 22262, 'second_departure_time': 1536844080, 'second_arrival_time': 1536844380}
528	{'task_type': 'regular', 'locomotive': 22568, 'train_section': 28276, 'section': 22262, 'departure_time': 1536844080, 'arrival_time': 1536844380}
529	{'task_type': 'regular', 'locomotive': 22568, 'train_section': 28278, 'section': 22263, 'departure_time': 1536845880, 'arrival_time': 1536847680}
530	{'task_type': 'deadhead', 'locomotive': 22568, 'first_train_section': 28278, 'first_section': 22263, 'first_departure_time': 1536845880, 'first_arrival_time': 1536847680, 'second_train_section': 29014, 'second_section': 22343, 'second_departure_time': 1536854700, 'second_arrival_time': 1536864840}
531	{'task_type': 'regular', 'locomotive': 22568, 'train_section': 29014, 'section': 22343, 'departure_time': 1536854700, 'arrival_time': 1536864840}
532	{'task_type': 'deadhead', 'locomotive': 22568, 'first_train_section': 29014, 'first_section': 22343, 'first_departure_time': 1536854700, 'first_arrival_time': 1536864840, 'second_train_section': 29048, 'second_section': 22289, 'second_departure_time': 1536867360, 'second_arrival_time': 1536875100}
533	{'task_type': 'regular', 'locomotive': 22568, 'train_section': 29048, 'section': 22289, 'departure_time': 1536867360, 'arrival_time': 1536875100}
534	{'task_type': 'deadhead', 'locomotive': 22568, 'first_train_section': 29048, 'first_section': 22289, 'first_departure_time': 1536867360, 'first_arrival_time': 1536875100, 'second_train_section': 28756, 'second_section': 22330, 'second_departure_time': 1536882000, 'second_arrival_time': 1536890220}
535	{'task_type': 'regular', 'locomotive': 22568, 'train_section': 28756, 'section': 22330, 'departure_time': 1536882000, 'arrival_time': 1536890220}
536	{'task_type': 'deadhead', 'locomotive': 22568, 'first_train_section': 28756, 'first_section': 22330, 'first_departure_time': 1536882000, 'first_arrival_time': 1536890220, 'second_train_section': 29485, 'second_section': 22365, 'second_departure_time': 1536892980, 'second_arrival_time': 1536896160}
537	{'task_type': 'regular', 'locomotive': 22568, 'train_section': 29485, 'section': 22365, 'departure_time': 1536892980, 'arrival_time': 1536896160}
538	{'task_type': 'regular', 'locomotive': 22568, 'train_section': 24130, 'section': 22273, 'departure_time': 1536896880, 'arrival_time': 1536901260}
539	{'task_type': 'regular', 'locomotive': 22568, 'train_section': 24751, 'section': 22401, 'departure_time': 1536901740, 'arrival_time': 1536903060}
540	{'task_type': 'deadhead', 'locomotive': 22568, 'first_train_section': 24751, 'first_section': 22401, 'first_departure_time': 1536901740, 'first_arrival_time': 1536903060, 'second_train_section': 29656, 'second_section': 22403, 'second_departure_time': 1536903960, 'second_arrival_time': 1536906720}
541	{'task_type': 'regular', 'locomotive': 22568, 'train_section': 29656, 'section': 22403, 'departure_time': 1536903960, 'arrival_time': 1536906720}
542	{'task_type': 'deadhead', 'locomotive': 22568, 'first_train_section': 29656, 'first_section': 22403, 'first_departure_time': 1536903960, 'first_arrival_time': 1536906720, 'second_train_section': 28408, 'second_section': 22270, 'second_departure_time': 1536916560, 'second_arrival_time': 1536918480}
543	{'task_type': 'regular', 'locomotive': 22568, 'train_section': 28408, 'section': 22270, 'departure_time': 1536916560, 'arrival_time': 1536918480}
544	{'task_type': 'deadhead', 'locomotive': 22568, 'first_train_section': 28408, 'first_section': 22270, 'first_departure_time': 1536916560, 'first_arrival_time': 1536918480, 'second_train_section': 25847, 'second_section': 22272, 'second_departure_time': 1536928320, 'second_arrival_time': 1536929040}
545	{'task_type': 'regular', 'locomotive': 22568, 'train_section': 25847, 'section': 22272, 'departure_time': 1536928320, 'arrival_time': 1536929040}
546	{'task_type': 'regular', 'locomotive': 22568, 'train_section': 28556, 'section': 22391, 'departure_time': 1536931560, 'arrival_time': 1536932280}
547	{'task_type': 'regular', 'locomotive': 22568, 'train_section': 22984, 'section': 22274, 'departure_time': 1536943740, 'arrival_time': 1536951000}
548	{'task_type': 'deadhead', 'locomotive': 22568, 'first_train_section': 22984, 'first_section': 22274, 'first_departure_time': 1536943740, 'first_arrival_time': 1536951000, 'second_train_section': 26962, 'second_section': 22404, 'second_departure_time': 1536960780, 'second_arrival_time': 1536969720}
549	{'task_type': 'regular', 'locomotive': 22568, 'train_section': 26962, 'section': 22404, 'departure_time': 1536960780, 'arrival_time': 1536969720}
550	{'task_type': 'deadhead', 'locomotive': 22568, 'first_train_section': 26962, 'first_section': 22404, 'first_departure_time': 1536960780, 'first_arrival_time': 1536969720, 'second_train_section': 27675, 'second_section': 22403, 'second_departure_time': 1536982860, 'second_arrival_time': 1536985260}
551	{'task_type': 'regular', 'locomotive': 22568, 'train_section': 27675, 'section': 22403, 'departure_time': 1536982860, 'arrival_time': 1536985260}
552	{'task_type': 'deadhead', 'locomotive': 22568, 'first_train_section': 27675, 'first_section': 22403, 'first_departure_time': 1536982860, 'first_arrival_time': 1536985260, 'second_train_section': 23891, 'second_section': 22245, 'second_departure_time': 1536996780, 'second_arrival_time': 1537001760}
553	{'task_type': 'regular', 'locomotive': 22568, 'train_section': 23891, 'section': 22245, 'departure_time': 1536996780, 'arrival_time': 1537001760}
554	{'task_type': 'deadhead', 'locomotive': 22568, 'first_train_section': 23891, 'first_section': 22245, 'first_departure_time': 1536996780, 'first_arrival_time': 1537001760, 'second_train_section': 24480, 'second_section': 22264, 'second_departure_time': 1537006800, 'second_arrival_time': 1537007220}
555	{'task_type': 'regular', 'locomotive': 22568, 'train_section': 24480, 'section': 22264, 'departure_time': 1537006800, 'arrival_time': 1537007220}
556	{'task_type': 'deadhead', 'locomotive': 22568, 'first_train_section': 24480, 'first_section': 22264, 'first_departure_time': 1537006800, 'first_arrival_time': 1537007220, 'second_train_section': 24172, 'second_section': 22416, 'second_departure_time': 1537037640, 'second_arrival_time': 1537041300}
557	{'task_type': 'regular', 'locomotive': 22568, 'train_section': 24172, 'section': 22416, 'departure_time': 1537037640, 'arrival_time': 1537041300}
558	{'task_type': 'regular', 'locomotive': 22570, 'train_section': 27012, 'section': 22249, 'departure_time': 1536614580, 'arrival_time': 1536619380}
559	{'task_type': 'deadhead', 'locomotive': 22570, 'first_train_section': 27012, 'first_section': 22249, 'first_departure_time': 1536614580, 'first_arrival_time': 1536619380, 'second_train_section': 27108, 'second_section': 22356, 'second_departure_time': 1536627720, 'second_arrival_time': 1536635460}
560	{'task_type': 'regular', 'locomotive': 22570, 'train_section': 27108, 'section': 22356, 'departure_time': 1536627720, 'arrival_time': 1536635460}
561	{'task_type': 'deadhead', 'locomotive': 22570, 'first_train_section': 27108, 'first_section': 22356, 'first_departure_time': 1536627720, 'first_arrival_time': 1536635460, 'second_train_section': 26860, 'second_section': 22247, 'second_departure_time': 1536640200, 'second_arrival_time': 1536650340}
562	{'task_type': 'regular', 'locomotive': 22570, 'train_section': 26860, 'section': 22247, 'departure_time': 1536640200, 'arrival_time': 1536650340}
563	{'task_type': 'deadhead', 'locomotive': 22570, 'first_train_section': 26860, 'first_section': 22247, 'first_departure_time': 1536640200, 'first_arrival_time': 1536650340, 'second_train_section': 24571, 'second_section': 22272, 'second_departure_time': 1536669120, 'second_arrival_time': 1536669840}
564	{'task_type': 'regular', 'locomotive': 22570, 'train_section': 24571, 'section': 22272, 'departure_time': 1536669120, 'arrival_time': 1536669840}
565	{'task_type': 'deadhead', 'locomotive': 22570, 'first_train_section': 24571, 'first_section': 22272, 'first_departure_time': 1536669120, 'first_arrival_time': 1536669840, 'second_train_section': 22932, 'second_section': 22472, 'second_departure_time': 1536685980, 'second_arrival_time': 1536691140}
566	{'task_type': 'regular', 'locomotive': 22570, 'train_section': 22932, 'section': 22472, 'departure_time': 1536685980, 'arrival_time': 1536691140}
567	{'task_type': 'deadhead', 'locomotive': 22570, 'first_train_section': 22932, 'first_section': 22472, 'first_departure_time': 1536685980, 'first_arrival_time': 1536691140, 'second_train_section': 26873, 'second_section': 22337, 'second_departure_time': 1536699720, 'second_arrival_time': 1536706380}
568	{'task_type': 'regular', 'locomotive': 22570, 'train_section': 26873, 'section': 22337, 'departure_time': 1536699720, 'arrival_time': 1536706380}
569	{'task_type': 'deadhead', 'locomotive': 22570, 'first_train_section': 26873, 'first_section': 22337, 'first_departure_time': 1536699720, 'first_arrival_time': 1536706380, 'second_train_section': 29729, 'second_section': 22325, 'second_departure_time': 1536719700, 'second_arrival_time': 1536733980}
570	{'task_type': 'regular', 'locomotive': 22570, 'train_section': 29729, 'section': 22325, 'departure_time': 1536719700, 'arrival_time': 1536733980}
571	{'task_type': 'regular', 'locomotive': 22570, 'train_section': 24208, 'section': 22234, 'departure_time': 1536735000, 'arrival_time': 1536737760}
572	{'task_type': 'regular', 'locomotive': 22570, 'train_section': 25356, 'section': 22438, 'departure_time': 1536738720, 'arrival_time': 1536749460}
573	{'task_type': 'deadhead', 'locomotive': 22570, 'first_train_section': 25356, 'first_section': 22438, 'first_departure_time': 1536738720, 'first_arrival_time': 1536749460, 'second_train_section': 28095, 'second_section': 22324, 'second_departure_time': 1536754980, 'second_arrival_time': 1536760380}
574	{'task_type': 'regular', 'locomotive': 22570, 'train_section': 28095, 'section': 22324, 'departure_time': 1536754980, 'arrival_time': 1536760380}
575	{'task_type': 'deadhead', 'locomotive': 22570, 'first_train_section': 28095, 'first_section': 22324, 'first_departure_time': 1536754980, 'first_arrival_time': 1536760380, 'second_train_section': 25365, 'second_section': 22281, 'second_departure_time': 1536765240, 'second_arrival_time': 1536770400}
576	{'task_type': 'regular', 'locomotive': 22570, 'train_section': 25365, 'section': 22281, 'departure_time': 1536765240, 'arrival_time': 1536770400}
577	{'task_type': 'deadhead', 'locomotive': 22570, 'first_train_section': 25901, 'first_section': 22237, 'first_departure_time': 1536789600, 'first_arrival_time': 1536812700, 'second_train_section': 28516, 'second_section': 22258, 'second_departure_time': 1536821460, 'second_arrival_time': 1536823860}
578	{'task_type': 'regular', 'locomotive': 22570, 'train_section': 28516, 'section': 22258, 'departure_time': 1536821460, 'arrival_time': 1536823860}
579	{'task_type': 'deadhead', 'locomotive': 22570, 'first_train_section': 28516, 'first_section': 22258, 'first_departure_time': 1536821460, 'first_arrival_time': 1536823860, 'second_train_section': 29780, 'second_section': 22306, 'second_departure_time': 1536828840, 'second_arrival_time': 1536832500}
580	{'task_type': 'regular', 'locomotive': 22570, 'train_section': 29780, 'section': 22306, 'departure_time': 1536828840, 'arrival_time': 1536832500}
581	{'task_type': 'deadhead', 'locomotive': 22570, 'first_train_section': 29780, 'first_section': 22306, 'first_departure_time': 1536828840, 'first_arrival_time': 1536832500, 'second_train_section': 24622, 'second_section': 22384, 'second_departure_time': 1536841500, 'second_arrival_time': 1536846900}
582	{'task_type': 'regular', 'locomotive': 22570, 'train_section': 24622, 'section': 22384, 'departure_time': 1536841500, 'arrival_time': 1536846900}
583	{'task_type': 'deadhead', 'locomotive': 22570, 'first_train_section': 24622, 'first_section': 22384, 'first_departure_time': 1536841500, 'first_arrival_time': 1536846900, 'second_train_section': 25040, 'second_section': 22488, 'second_departure_time': 1536851640, 'second_arrival_time': 1536856020}
584	{'task_type': 'regular', 'locomotive': 22570, 'train_section': 25040, 'section': 22488, 'departure_time': 1536851640, 'arrival_time': 1536856020}
585	{'task_type': 'deadhead', 'locomotive': 22570, 'first_train_section': 25040, 'first_section': 22488, 'first_departure_time': 1536851640, 'first_arrival_time': 1536856020, 'second_train_section': 24225, 'second_section': 22404, 'second_departure_time': 1536865440, 'second_arrival_time': 1536874020}
586	{'task_type': 'regular', 'locomotive': 22570, 'train_section': 24225, 'section': 22404, 'departure_time': 1536865440, 'arrival_time': 1536874020}
587	{'task_type': 'regular', 'locomotive': 22570, 'train_section': 24227, 'section': 22244, 'departure_time': 1536874320, 'arrival_time': 1536875880}
588	{'task_type': 'regular', 'locomotive': 22570, 'train_section': 27713, 'section': 22265, 'departure_time': 1536876060, 'arrival_time': 1536879780}
589	{'task_type': 'regular', 'locomotive': 22570, 'train_section': 23004, 'section': 22343, 'departure_time': 1536883260, 'arrival_time': 1536891660}
590	{'task_type': 'deadhead', 'locomotive': 22570, 'first_train_section': 23004, 'first_section': 22343, 'first_departure_time': 1536883260, 'first_arrival_time': 1536891660, 'second_train_section': 24086, 'second_section': 22412, 'second_departure_time': 1536895620, 'second_arrival_time': 1536902880}
591	{'task_type': 'regular', 'locomotive': 22570, 'train_section': 24086, 'section': 22412, 'departure_time': 1536895620, 'arrival_time': 1536902880}
592	{'task_type': 'regular', 'locomotive': 22570, 'train_section': 28613, 'section': 22494, 'departure_time': 1536903900, 'arrival_time': 1536906120}
593	{'task_type': 'regular', 'locomotive': 22570, 'train_section': 28863, 'section': 22387, 'departure_time': 1536907920, 'arrival_time': 1536909720}
594	{'task_type': 'deadhead', 'locomotive': 22570, 'first_train_section': 28863, 'first_section': 22387, 'first_departure_time': 1536907920, 'first_arrival_time': 1536909720, 'second_train_section': 29703, 'second_section': 22256, 'second_departure_time': 1536916680, 'second_arrival_time': 1536919380}
595	{'task_type': 'regular', 'locomotive': 22570, 'train_section': 29703, 'section': 22256, 'departure_time': 1536916680, 'arrival_time': 1536919380}
596	{'task_type': 'deadhead', 'locomotive': 22570, 'first_train_section': 29703, 'first_section': 22256, 'first_departure_time': 1536916680, 'first_arrival_time': 1536919380, 'second_train_section': 27485, 'second_section': 22381, 'second_departure_time': 1536924720, 'second_arrival_time': 1536926640}
597	{'task_type': 'regular', 'locomotive': 22570, 'train_section': 27485, 'section': 22381, 'departure_time': 1536924720, 'arrival_time': 1536926640}
598	{'task_type': 'deadhead', 'locomotive': 22570, 'first_train_section': 27485, 'first_section': 22381, 'first_departure_time': 1536924720, 'first_arrival_time': 1536926640, 'second_train_section': 24350, 'second_section': 22278, 'second_departure_time': 1536929880, 'second_arrival_time': 1536936480}
599	{'task_type': 'regular', 'locomotive': 22570, 'train_section': 24350, 'section': 22278, 'departure_time': 1536929880, 'arrival_time': 1536936480}
600	{'task_type': 'deadhead', 'locomotive': 22570, 'first_train_section': 24350, 'first_section': 22278, 'first_departure_time': 1536929880, 'first_arrival_time': 1536936480, 'second_train_section': 28835, 'second_section': 22343, 'second_departure_time': 1536941100, 'second_arrival_time': 1536951240}
601	{'task_type': 'regular', 'locomotive': 22570, 'train_section': 28835, 'section': 22343, 'departure_time': 1536941100, 'arrival_time': 1536951240}
602	{'task_type': 'regular', 'locomotive': 22571, 'train_section': 28450, 'section': 22334, 'departure_time': 1536610620, 'arrival_time': 1536613800}
603	{'task_type': 'deadhead', 'locomotive': 22571, 'first_train_section': 28450, 'first_section': 22334, 'first_departure_time': 1536610620, 'first_arrival_time': 1536613800, 'second_train_section': 23597, 'second_section': 22378, 'second_departure_time': 1536635340, 'second_arrival_time': 1536639000}
604	{'task_type': 'regular', 'locomotive': 22571, 'train_section': 23597, 'section': 22378, 'departure_time': 1536635340, 'arrival_time': 1536639000}
605	{'task_type': 'regular', 'locomotive': 22571, 'train_section': 28807, 'section': 22416, 'departure_time': 1536639840, 'arrival_time': 1536643500}
606	{'task_type': 'regular', 'locomotive': 22571, 'train_section': 29706, 'section': 22378, 'departure_time': 1536644100, 'arrival_time': 1536647760}
607	{'task_type': 'regular', 'locomotive': 22571, 'train_section': 25885, 'section': 22416, 'departure_time': 1536665040, 'arrival_time': 1536668700}
608	{'task_type': 'regular', 'locomotive': 22571, 'train_section': 26683, 'section': 22378, 'departure_time': 1536674700, 'arrival_time': 1536678360}
609	{'task_type': 'regular', 'locomotive': 22571, 'train_section': 28869, 'section': 22416, 'departure_time': 1536683040, 'arrival_time': 1536686700}
610	{'task_type': 'regular', 'locomotive': 22571, 'train_section': 28911, 'section': 22378, 'departure_time': 1536689100, 'arrival_time': 1536692760}
611	{'task_type': 'deadhead', 'locomotive': 22571, 'first_train_section': 22968, 'first_section': 22377, 'first_departure_time': 1536702900, 'first_arrival_time': 1536703140, 'second_train_section': 27384, 'second_section': 22423, 'second_departure_time': 1536712980, 'second_arrival_time': 1536724080}
612	{'task_type': 'regular', 'locomotive': 22571, 'train_section': 27384, 'section': 22423, 'departure_time': 1536712980, 'arrival_time': 1536724080}
613	{'task_type': 'deadhead', 'locomotive': 22571, 'first_train_section': 27384, 'first_section': 22423, 'first_departure_time': 1536712980, 'first_arrival_time': 1536724080, 'second_train_section': 24034, 'second_section': 22497, 'second_departure_time': 1536731760, 'second_arrival_time': 1536733140}
614	{'task_type': 'regular', 'locomotive': 22571, 'train_section': 24034, 'section': 22497, 'departure_time': 1536731760, 'arrival_time': 1536733140}
615	{'task_type': 'deadhead', 'locomotive': 22571, 'first_train_section': 24034, 'first_section': 22497, 'first_departure_time': 1536731760, 'first_arrival_time': 1536733140, 'second_train_section': 28396, 'second_section': 22416, 'second_departure_time': 1536744240, 'second_arrival_time': 1536747900}
616	{'task_type': 'regular', 'locomotive': 22571, 'train_section': 28396, 'section': 22416, 'departure_time': 1536744240, 'arrival_time': 1536747900}
617	{'task_type': 'deadhead', 'locomotive': 22571, 'first_train_section': 28396, 'first_section': 22416, 'first_departure_time': 1536744240, 'first_arrival_time': 1536747900, 'second_train_section': 29473, 'second_section': 22416, 'second_departure_time': 1536753240, 'second_arrival_time': 1536756900}
618	{'task_type': 'regular', 'locomotive': 22571, 'train_section': 29473, 'section': 22416, 'departure_time': 1536753240, 'arrival_time': 1536756900}
619	{'task_type': 'regular', 'locomotive': 22571, 'train_section': 24297, 'section': 22378, 'departure_time': 1536761100, 'arrival_time': 1536764760}
620	{'task_type': 'regular', 'locomotive': 22571, 'train_section': 28365, 'section': 22416, 'departure_time': 1536767640, 'arrival_time': 1536771300}
621	{'task_type': 'regular', 'locomotive': 22571, 'train_section': 26947, 'section': 22378, 'departure_time': 1536771900, 'arrival_time': 1536775560}
622	{'task_type': 'deadhead', 'locomotive': 22571, 'first_train_section': 26947, 'first_section': 22378, 'first_departure_time': 1536771900, 'first_arrival_time': 1536775560, 'second_train_section': 23227, 'second_section': 22460, 'second_departure_time': 1536776460, 'second_arrival_time': 1536778800}
623	{'task_type': 'regular', 'locomotive': 22571, 'train_section': 23227, 'section': 22460, 'departure_time': 1536776460, 'arrival_time': 1536778800}
624	{'task_type': 'deadhead', 'locomotive': 22571, 'first_train_section': 23227, 'first_section': 22460, 'first_departure_time': 1536776460, 'first_arrival_time': 1536778800, 'second_train_section': 28421, 'second_section': 22495, 'second_departure_time': 1536784440, 'second_arrival_time': 1536787140}
625	{'task_type': 'regular', 'locomotive': 22571, 'train_section': 28421, 'section': 22495, 'departure_time': 1536784440, 'arrival_time': 1536787140}
626	{'task_type': 'deadhead', 'locomotive': 22571, 'first_train_section': 29764, 'first_section': 22302, 'first_departure_time': 1536789660, 'first_arrival_time': 1536806640, 'second_train_section': 27816, 'second_section': 22495, 'second_departure_time': 1536813240, 'second_arrival_time': 1536816060}
627	{'task_type': 'regular', 'locomotive': 22571, 'train_section': 27816, 'section': 22495, 'departure_time': 1536813240, 'arrival_time': 1536816060}
628	{'task_type': 'deadhead', 'locomotive': 22571, 'first_train_section': 27816, 'first_section': 22495, 'first_departure_time': 1536813240, 'first_arrival_time': 1536816060, 'second_train_section': 24138, 'second_section': 22479, 'second_departure_time': 1536824940, 'second_arrival_time': 1536826560}
629	{'task_type': 'regular', 'locomotive': 22571, 'train_section': 24138, 'section': 22479, 'departure_time': 1536824940, 'arrival_time': 1536826560}
630	{'task_type': 'deadhead', 'locomotive': 22571, 'first_train_section': 24138, 'first_section': 22479, 'first_departure_time': 1536824940, 'first_arrival_time': 1536826560, 'second_train_section': 24620, 'second_section': 22392, 'second_departure_time': 1536834300, 'second_arrival_time': 1536835680}
631	{'task_type': 'regular', 'locomotive': 22571, 'train_section': 24620, 'section': 22392, 'departure_time': 1536834300, 'arrival_time': 1536835680}
632	{'task_type': 'deadhead', 'locomotive': 22571, 'first_train_section': 24620, 'first_section': 22392, 'first_departure_time': 1536834300, 'first_arrival_time': 1536835680, 'second_train_section': 28492, 'second_section': 22247, 'second_departure_time': 1536845220, 'second_arrival_time': 1536856620}
633	{'task_type': 'regular', 'locomotive': 22571, 'train_section': 28492, 'section': 22247, 'departure_time': 1536845220, 'arrival_time': 1536856620}
634	{'task_type': 'deadhead', 'locomotive': 22571, 'first_train_section': 28492, 'first_section': 22247, 'first_departure_time': 1536845220, 'first_arrival_time': 1536856620, 'second_train_section': 26813, 'second_section': 22404, 'second_departure_time': 1536863880, 'second_arrival_time': 1536872700}
635	{'task_type': 'regular', 'locomotive': 22571, 'train_section': 26813, 'section': 22404, 'departure_time': 1536863880, 'arrival_time': 1536872700}
636	{'task_type': 'regular', 'locomotive': 22571, 'train_section': 26815, 'section': 22246, 'departure_time': 1536873120, 'arrival_time': 1536874380}
637	{'task_type': 'deadhead', 'locomotive': 22571, 'first_train_section': 26815, 'first_section': 22246, 'first_departure_time': 1536873120, 'first_arrival_time': 1536874380, 'second_train_section': 24229, 'second_section': 22264, 'second_departure_time': 1536878220, 'second_arrival_time': 1536878640}
638	{'task_type': 'regular', 'locomotive': 22571, 'train_section': 24229, 'section': 22264, 'departure_time': 1536878220, 'arrival_time': 1536878640}
639	{'task_type': 'deadhead', 'locomotive': 22571, 'first_train_section': 24229, 'first_section': 22264, 'first_departure_time': 1536878220, 'first_arrival_time': 1536878640, 'second_train_section': 27438, 'second_section': 22431, 'second_departure_time': 1536890040, 'second_arrival_time': 1536894180}
640	{'task_type': 'regular', 'locomotive': 22571, 'train_section': 27438, 'section': 22431, 'departure_time': 1536890040, 'arrival_time': 1536894180}
641	{'task_type': 'deadhead', 'locomotive': 22571, 'first_train_section': 27438, 'first_section': 22431, 'first_departure_time': 1536890040, 'first_arrival_time': 1536894180, 'second_train_section': 27442, 'second_section': 22307, 'second_departure_time': 1536900000, 'second_arrival_time': 1536902340}
642	{'task_type': 'regular', 'locomotive': 22571, 'train_section': 27442, 'section': 22307, 'departure_time': 1536900000, 'arrival_time': 1536902340}
643	{'task_type': 'deadhead', 'locomotive': 22571, 'first_train_section': 27442, 'first_section': 22307, 'first_departure_time': 1536900000, 'first_arrival_time': 1536902340, 'second_train_section': 25486, 'second_section': 22247, 'second_departure_time': 1536908520, 'second_arrival_time': 1536917760}
644	{'task_type': 'regular', 'locomotive': 22571, 'train_section': 25486, 'section': 22247, 'departure_time': 1536908520, 'arrival_time': 1536917760}
645	{'task_type': 'deadhead', 'locomotive': 22571, 'first_train_section': 25486, 'first_section': 22247, 'first_departure_time': 1536908520, 'first_arrival_time': 1536917760, 'second_train_section': 25140, 'second_section': 22401, 'second_departure_time': 1536924900, 'second_arrival_time': 1536926280}
646	{'task_type': 'regular', 'locomotive': 22571, 'train_section': 25140, 'section': 22401, 'departure_time': 1536924900, 'arrival_time': 1536926280}
647	{'task_type': 'deadhead', 'locomotive': 22571, 'first_train_section': 25140, 'first_section': 22401, 'first_departure_time': 1536924900, 'first_arrival_time': 1536926280, 'second_train_section': 24871, 'second_section': 22396, 'second_departure_time': 1536929760, 'second_arrival_time': 1536931620}
648	{'task_type': 'regular', 'locomotive': 22571, 'train_section': 24871, 'section': 22396, 'departure_time': 1536929760, 'arrival_time': 1536931620}
649	{'task_type': 'regular', 'locomotive': 22571, 'train_section': 29813, 'section': 22318, 'departure_time': 1536932100, 'arrival_time': 1536936600}
650	{'task_type': 'regular', 'locomotive': 22571, 'train_section': 24515, 'section': 22488, 'departure_time': 1536938040, 'arrival_time': 1536942420}
651	{'task_type': 'deadhead', 'locomotive': 22571, 'first_train_section': 24515, 'first_section': 22488, 'first_departure_time': 1536938040, 'first_arrival_time': 1536942420, 'second_train_section': 29700, 'second_section': 22242, 'second_departure_time': 1536949560, 'second_arrival_time': 1536952680}
652	{'task_type': 'regular', 'locomotive': 22571, 'train_section': 29700, 'section': 22242, 'departure_time': 1536949560, 'arrival_time': 1536952680}
653	{'task_type': 'deadhead', 'locomotive': 22571, 'first_train_section': 29700, 'first_section': 22242, 'first_departure_time': 1536949560, 'first_arrival_time': 1536952680, 'second_train_section': 24991, 'second_section': 22407, 'second_departure_time': 1536971520, 'second_arrival_time': 1536978960}
654	{'task_type': 'regular', 'locomotive': 22571, 'train_section': 24991, 'section': 22407, 'departure_time': 1536971520, 'arrival_time': 1536978960}
655	{'task_type': 'deadhead', 'locomotive': 22571, 'first_train_section': 24991, 'first_section': 22407, 'first_departure_time': 1536971520, 'first_arrival_time': 1536978960, 'second_train_section': 25990, 'second_section': 22438, 'second_departure_time': 1536990600, 'second_arrival_time': 1537001460}
656	{'task_type': 'regular', 'locomotive': 22571, 'train_section': 25990, 'section': 22438, 'departure_time': 1536990600, 'arrival_time': 1537001460}
657	{'task_type': 'deadhead', 'locomotive': 22572, 'first_train_section': 27330, 'first_section': 22328, 'first_departure_time': 1536601440, 'first_arrival_time': 1536611160, 'second_train_section': 28452, 'second_section': 22322, 'second_departure_time': 1536613980, 'second_arrival_time': 1536622200}
658	{'task_type': 'regular', 'locomotive': 22572, 'train_section': 28452, 'section': 22322, 'departure_time': 1536613980, 'arrival_time': 1536622200}
659	{'task_type': 'deadhead', 'locomotive': 22572, 'first_train_section': 28452, 'first_section': 22322, 'first_departure_time': 1536613980, 'first_arrival_time': 1536622200, 'second_train_section': 28021, 'second_section': 22239, 'second_departure_time': 1536637020, 'second_arrival_time': 1536637260}
660	{'task_type': 'regular', 'locomotive': 22572, 'train_section': 28021, 'section': 22239, 'departure_time': 1536637020, 'arrival_time': 1536637260}
661	{'task_type': 'deadhead', 'locomotive': 22572, 'first_train_section': 28021, 'first_section': 22239, 'first_departure_time': 1536637020, 'first_arrival_time': 1536637260, 'second_train_section': 26143, 'second_section': 22290, 'second_departure_time': 1536645960, 'second_arrival_time': 1536653100}
662	{'task_type': 'regular', 'locomotive': 22572, 'train_section': 26143, 'section': 22290, 'departure_time': 1536645960, 'arrival_time': 1536653100}
663	{'task_type': 'deadhead', 'locomotive': 22572, 'first_train_section': 26143, 'first_section': 22290, 'first_departure_time': 1536645960, 'first_arrival_time': 1536653100, 'second_train_section': 29526, 'second_section': 22508, 'second_departure_time': 1536670140, 'second_arrival_time': 1536673500}
664	{'task_type': 'regular', 'locomotive': 22572, 'train_section': 29526, 'section': 22508, 'departure_time': 1536670140, 'arrival_time': 1536673500}
665	{'task_type': 'regular', 'locomotive': 22572, 'train_section': 29528, 'section': 22481, 'departure_time': 1536676440, 'arrival_time': 1536681540}
666	{'task_type': 'regular', 'locomotive': 22572, 'train_section': 23885, 'section': 22351, 'departure_time': 1536684480, 'arrival_time': 1536689640}
667	{'task_type': 'deadhead', 'locomotive': 22572, 'first_train_section': 23885, 'first_section': 22351, 'first_departure_time': 1536684480, 'first_arrival_time': 1536689640, 'second_train_section': 27168, 'second_section': 22261, 'second_departure_time': 1536695100, 'second_arrival_time': 1536696660}
668	{'task_type': 'regular', 'locomotive': 22572, 'train_section': 27168, 'section': 22261, 'departure_time': 1536695100, 'arrival_time': 1536696660}
669	{'task_type': 'deadhead', 'locomotive': 22572, 'first_train_section': 27168, 'first_section': 22261, 'first_departure_time': 1536695100, 'first_arrival_time': 1536696660, 'second_train_section': 23518, 'second_section': 22249, 'second_departure_time': 1536700980, 'second_arrival_time': 1536705780}
670	{'task_type': 'regular', 'locomotive': 22572, 'train_section': 23518, 'section': 22249, 'departure_time': 1536700980, 'arrival_time': 1536705780}
671	{'task_type': 'deadhead', 'locomotive': 22572, 'first_train_section': 23518, 'first_section': 22249, 'first_departure_time': 1536700980, 'first_arrival_time': 1536705780, 'second_train_section': 26891, 'second_section': 22361, 'second_departure_time': 1536719460, 'second_arrival_time': 1536722460}
672	{'task_type': 'regular', 'locomotive': 22572, 'train_section': 26891, 'section': 22361, 'departure_time': 1536719460, 'arrival_time': 1536722460}
673	{'task_type': 'deadhead', 'locomotive': 22572, 'first_train_section': 26891, 'first_section': 22361, 'first_departure_time': 1536719460, 'first_arrival_time': 1536722460, 'second_train_section': 22787, 'second_section': 22508, 'second_departure_time': 1536730380, 'second_arrival_time': 1536733320}
674	{'task_type': 'regular', 'locomotive': 22572, 'train_section': 22787, 'section': 22508, 'departure_time': 1536730380, 'arrival_time': 1536733320}
675	{'task_type': 'regular', 'locomotive': 22572, 'train_section': 22790, 'section': 22481, 'departure_time': 1536736560, 'arrival_time': 1536741480}
676	{'task_type': 'deadhead', 'locomotive': 22572, 'first_train_section': 22790, 'first_section': 22481, 'first_departure_time': 1536736560, 'first_arrival_time': 1536741480, 'second_train_section': 26414, 'second_section': 22447, 'second_departure_time': 1536750720, 'second_arrival_time': 1536753600}
677	{'task_type': 'regular', 'locomotive': 22572, 'train_section': 26414, 'section': 22447, 'departure_time': 1536750720, 'arrival_time': 1536753600}
678	{'task_type': 'deadhead', 'locomotive': 22572, 'first_train_section': 26414, 'first_section': 22447, 'first_departure_time': 1536750720, 'first_arrival_time': 1536753600, 'second_train_section': 25405, 'second_section': 22279, 'second_departure_time': 1536760200, 'second_arrival_time': 1536765120}
679	{'task_type': 'regular', 'locomotive': 22572, 'train_section': 25405, 'section': 22279, 'departure_time': 1536760200, 'arrival_time': 1536765120}
680	{'task_type': 'deadhead', 'locomotive': 22572, 'first_train_section': 25405, 'first_section': 22279, 'first_departure_time': 1536760200, 'first_arrival_time': 1536765120, 'second_train_section': 23202, 'second_section': 22449, 'second_departure_time': 1536775980, 'second_arrival_time': 1536778140}
681	{'task_type': 'regular', 'locomotive': 22572, 'train_section': 23202, 'section': 22449, 'departure_time': 1536775980, 'arrival_time': 1536778140}
682	{'task_type': 'deadhead', 'locomotive': 22572, 'first_train_section': 23202, 'first_section': 22449, 'first_departure_time': 1536775980, 'first_arrival_time': 1536778140, 'second_train_section': 29674, 'second_section': 22281, 'second_departure_time': 1536786480, 'second_arrival_time': 1536793200}
683	{'task_type': 'regular', 'locomotive': 22572, 'train_section': 29674, 'section': 22281, 'departure_time': 1536786480, 'arrival_time': 1536793200}
684	{'task_type': 'regular', 'locomotive': 22572, 'train_section': 23247, 'section': 22344, 'departure_time': 1536796500, 'arrival_time': 1536797520}
685	{'task_type': 'deadhead', 'locomotive': 22572, 'first_train_section': 23247, 'first_section': 22344, 'first_departure_time': 1536796500, 'first_arrival_time': 1536797520, 'second_train_section': 26773, 'second_section': 22334, 'second_departure_time': 1536806760, 'second_arrival_time': 1536810000}
686	{'task_type': 'regular', 'locomotive': 22572, 'train_section': 26773, 'section': 22334, 'departure_time': 1536806760, 'arrival_time': 1536810000}
687	{'task_type': 'regular', 'locomotive': 22572, 'train_section': 26775, 'section': 22322, 'departure_time': 1536811020, 'arrival_time': 1536820680}
688	{'task_type': 'deadhead', 'locomotive': 22572, 'first_train_section': 26775, 'first_section': 22322, 'first_departure_time': 1536811020, 'first_arrival_time': 1536820680, 'second_train_section': 24398, 'second_section': 22281, 'second_departure_time': 1536822840, 'second_arrival_time': 1536828000}
689	{'task_type': 'regular', 'locomotive': 22572, 'train_section': 24398, 'section': 22281, 'departure_time': 1536822840, 'arrival_time': 1536828000}
690	{'task_type': 'deadhead', 'locomotive': 22572, 'first_train_section': 24398, 'first_section': 22281, 'first_departure_time': 1536822840, 'first_arrival_time': 1536828000, 'second_train_section': 25823, 'second_section': 22279, 'second_departure_time': 1536835800, 'second_arrival_time': 1536841380}
691	{'task_type': 'regular', 'locomotive': 22572, 'train_section': 25823, 'section': 22279, 'departure_time': 1536835800, 'arrival_time': 1536841380}
692	{'task_type': 'deadhead', 'locomotive': 22572, 'first_train_section': 25823, 'first_section': 22279, 'first_departure_time': 1536835800, 'first_arrival_time': 1536841380, 'second_train_section': 26344, 'second_section': 22257, 'second_departure_time': 1536847200, 'second_arrival_time': 1536847920}
693	{'task_type': 'regular', 'locomotive': 22572, 'train_section': 26344, 'section': 22257, 'departure_time': 1536847200, 'arrival_time': 1536847920}
694	{'task_type': 'deadhead', 'locomotive': 22572, 'first_train_section': 26344, 'first_section': 22257, 'first_departure_time': 1536847200, 'first_arrival_time': 1536847920, 'second_train_section': 23055, 'second_section': 22315, 'second_departure_time': 1536857280, 'second_arrival_time': 1536861780}
695	{'task_type': 'regular', 'locomotive': 22572, 'train_section': 23055, 'section': 22315, 'departure_time': 1536857280, 'arrival_time': 1536861780}
696	{'task_type': 'deadhead', 'locomotive': 22572, 'first_train_section': 23055, 'first_section': 22315, 'first_departure_time': 1536857280, 'first_arrival_time': 1536861780, 'second_train_section': 25868, 'second_section': 22449, 'second_departure_time': 1536862380, 'second_arrival_time': 1536864540}
697	{'task_type': 'regular', 'locomotive': 22572, 'train_section': 25868, 'section': 22449, 'departure_time': 1536862380, 'arrival_time': 1536864540}
698	{'task_type': 'deadhead', 'locomotive': 22572, 'first_train_section': 25868, 'first_section': 22449, 'first_departure_time': 1536862380, 'first_arrival_time': 1536864540, 'second_train_section': 25489, 'second_section': 22280, 'second_departure_time': 1536865320, 'second_arrival_time': 1536873720}
699	{'task_type': 'regular', 'locomotive': 22572, 'train_section': 25489, 'section': 22280, 'departure_time': 1536865320, 'arrival_time': 1536873720}
700	{'task_type': 'deadhead', 'locomotive': 22572, 'first_train_section': 25489, 'first_section': 22280, 'first_departure_time': 1536865320, 'first_arrival_time': 1536873720, 'second_train_section': 27448, 'second_section': 22404, 'second_departure_time': 1536886860, 'second_arrival_time': 1536895860}
701	{'task_type': 'regular', 'locomotive': 22572, 'train_section': 27448, 'section': 22404, 'departure_time': 1536886860, 'arrival_time': 1536895860}
702	{'task_type': 'regular', 'locomotive': 22572, 'train_section': 26899, 'section': 22245, 'departure_time': 1536901080, 'arrival_time': 1536906540}
703	{'task_type': 'deadhead', 'locomotive': 22572, 'first_train_section': 26899, 'first_section': 22245, 'first_departure_time': 1536901080, 'first_arrival_time': 1536906540, 'second_train_section': 29297, 'second_section': 22481, 'second_departure_time': 1536909360, 'second_arrival_time': 1536914280}
704	{'task_type': 'regular', 'locomotive': 22572, 'train_section': 29297, 'section': 22481, 'departure_time': 1536909360, 'arrival_time': 1536914280}
705	{'task_type': 'deadhead', 'locomotive': 22572, 'first_train_section': 29297, 'first_section': 22481, 'first_departure_time': 1536909360, 'first_arrival_time': 1536914280, 'second_train_section': 26394, 'second_section': 22334, 'second_departure_time': 1536921480, 'second_arrival_time': 1536925680}
706	{'task_type': 'regular', 'locomotive': 22572, 'train_section': 26394, 'section': 22334, 'departure_time': 1536921480, 'arrival_time': 1536925680}
707	{'task_type': 'deadhead', 'locomotive': 22572, 'first_train_section': 26394, 'first_section': 22334, 'first_departure_time': 1536921480, 'first_arrival_time': 1536925680, 'second_train_section': 29024, 'second_section': 22331, 'second_departure_time': 1536930480, 'second_arrival_time': 1536941280}
708	{'task_type': 'regular', 'locomotive': 22572, 'train_section': 29024, 'section': 22331, 'departure_time': 1536930480, 'arrival_time': 1536941280}
709	{'task_type': 'deadhead', 'locomotive': 22572, 'first_train_section': 24456, 'first_section': 22319, 'first_departure_time': 1536946860, 'first_arrival_time': 1536962340, 'second_train_section': 29215, 'second_section': 22467, 'second_departure_time': 1536979200, 'second_arrival_time': 1536981900}
710	{'task_type': 'regular', 'locomotive': 22572, 'train_section': 29215, 'section': 22467, 'departure_time': 1536979200, 'arrival_time': 1536981900}
711	{'task_type': 'deadhead', 'locomotive': 22572, 'first_train_section': 29215, 'first_section': 22467, 'first_departure_time': 1536979200, 'first_arrival_time': 1536981900, 'second_train_section': 29311, 'second_section': 22238, 'second_departure_time': 1536985500, 'second_arrival_time': 1536989100}
712	{'task_type': 'regular', 'locomotive': 22572, 'train_section': 29311, 'section': 22238, 'departure_time': 1536985500, 'arrival_time': 1536989100}
713	{'task_type': 'deadhead', 'locomotive': 22572, 'first_train_section': 29311, 'first_section': 22238, 'first_departure_time': 1536985500, 'first_arrival_time': 1536989100, 'second_train_section': 25208, 'second_section': 22314, 'second_departure_time': 1536996840, 'second_arrival_time': 1536999540}
714	{'task_type': 'regular', 'locomotive': 22572, 'train_section': 25208, 'section': 22314, 'departure_time': 1536996840, 'arrival_time': 1536999540}
715	{'task_type': 'regular', 'locomotive': 22572, 'train_section': 28474, 'section': 22311, 'departure_time': 1537004400, 'arrival_time': 1537007160}
716	{'task_type': 'deadhead', 'locomotive': 22572, 'first_train_section': 28267, 'first_section': 22359, 'first_departure_time': 1537045200, 'first_arrival_time': 1537048740, 'second_train_section': 27835, 'second_section': 22246, 'second_departure_time': 1537132500, 'second_arrival_time': 1537133880}
717	{'task_type': 'regular', 'locomotive': 22572, 'train_section': 27835, 'section': 22246, 'departure_time': 1537132500, 'arrival_time': 1537133880}
718	{'task_type': 'regular', 'locomotive': 22573, 'train_section': 25377, 'section': 22439, 'departure_time': 1536605520, 'arrival_time': 1536612600}
719	{'task_type': 'deadhead', 'locomotive': 22573, 'first_train_section': 25377, 'first_section': 22439, 'first_departure_time': 1536605520, 'first_arrival_time': 1536612600, 'second_train_section': 29279, 'second_section': 22346, 'second_departure_time': 1536620640, 'second_arrival_time': 1536622320}
720	{'task_type': 'regular', 'locomotive': 22573, 'train_section': 29279, 'section': 22346, 'departure_time': 1536620640, 'arrival_time': 1536622320}
721	{'task_type': 'deadhead', 'locomotive': 22573, 'first_train_section': 29279, 'first_section': 22346, 'first_departure_time': 1536620640, 'first_arrival_time': 1536622320, 'second_train_section': 29323, 'second_section': 22412, 'second_departure_time': 1536636420, 'second_arrival_time': 1536643680}
722	{'task_type': 'regular', 'locomotive': 22573, 'train_section': 29323, 'section': 22412, 'departure_time': 1536636420, 'arrival_time': 1536643680}
723	{'task_type': 'deadhead', 'locomotive': 22573, 'first_train_section': 29323, 'first_section': 22412, 'first_departure_time': 1536636420, 'first_arrival_time': 1536643680, 'second_train_section': 26121, 'second_section': 22331, 'second_departure_time': 1536649680, 'second_arrival_time': 1536660480}
724	{'task_type': 'regular', 'locomotive': 22573, 'train_section': 26121, 'section': 22331, 'departure_time': 1536649680, 'arrival_time': 1536660480}
725	{'task_type': 'deadhead', 'locomotive': 22573, 'first_train_section': 26121, 'first_section': 22331, 'first_departure_time': 1536649680, 'first_arrival_time': 1536660480, 'second_train_section': 23826, 'second_section': 22257, 'second_departure_time': 1536674400, 'second_arrival_time': 1536675120}
726	{'task_type': 'regular', 'locomotive': 22573, 'train_section': 23826, 'section': 22257, 'departure_time': 1536674400, 'arrival_time': 1536675120}
727	{'task_type': 'deadhead', 'locomotive': 22573, 'first_train_section': 29770, 'first_section': 22470, 'first_departure_time': 1536675120, 'first_arrival_time': 1536679020, 'second_train_section': 29842, 'second_section': 22277, 'second_departure_time': 1536687300, 'second_arrival_time': 1536690780}
728	{'task_type': 'regular', 'locomotive': 22573, 'train_section': 29842, 'section': 22277, 'departure_time': 1536687300, 'arrival_time': 1536690780}
729	{'task_type': 'regular', 'locomotive': 22573, 'train_section': 28012, 'section': 22238, 'departure_time': 1536726300, 'arrival_time': 1536729900}
730	{'task_type': 'deadhead', 'locomotive': 22573, 'first_train_section': 28012, 'first_section': 22238, 'first_departure_time': 1536726300, 'first_arrival_time': 1536729900, 'second_train_section': 23775, 'second_section': 22349, 'second_departure_time': 1536741120, 'second_arrival_time': 1536746700}
731	{'task_type': 'regular', 'locomotive': 22573, 'train_section': 23775, 'section': 22349, 'departure_time': 1536741120, 'arrival_time': 1536746700}
732	{'task_type': 'deadhead', 'locomotive': 22573, 'first_train_section': 23775, 'first_section': 22349, 'first_departure_time': 1536741120, 'first_arrival_time': 1536746700, 'second_train_section': 27094, 'second_section': 22261, 'second_departure_time': 1536752280, 'second_arrival_time': 1536754020}
733	{'task_type': 'regular', 'locomotive': 22573, 'train_section': 27094, 'section': 22261, 'departure_time': 1536752280, 'arrival_time': 1536754020}
734	{'task_type': 'deadhead', 'locomotive': 22573, 'first_train_section': 27094, 'first_section': 22261, 'first_departure_time': 1536752280, 'first_arrival_time': 1536754020, 'second_train_section': 29834, 'second_section': 22499, 'second_departure_time': 1536759900, 'second_arrival_time': 1536765060}
735	{'task_type': 'regular', 'locomotive': 22573, 'train_section': 29834, 'section': 22499, 'departure_time': 1536759900, 'arrival_time': 1536765060}
736	{'task_type': 'regular', 'locomotive': 22573, 'train_section': 29837, 'section': 22347, 'departure_time': 1536765540, 'arrival_time': 1536770880}
737	{'task_type': 'regular', 'locomotive': 22573, 'train_section': 29839, 'section': 22471, 'departure_time': 1536771420, 'arrival_time': 1536774240}
738	{'task_type': 'deadhead', 'locomotive': 22573, 'first_train_section': 22766, 'first_section': 22470, 'first_departure_time': 1536788400, 'first_arrival_time': 1536789540, 'second_train_section': 26361, 'second_section': 22451, 'second_departure_time': 1536793020, 'second_arrival_time': 1536799920}
739	{'task_type': 'regular', 'locomotive': 22573, 'train_section': 26361, 'section': 22451, 'departure_time': 1536793020, 'arrival_time': 1536799920}
740	{'task_type': 'regular', 'locomotive': 22573, 'train_section': 26364, 'section': 22345, 'departure_time': 1536800760, 'arrival_time': 1536803700}
741	{'task_type': 'deadhead', 'locomotive': 22573, 'first_train_section': 26364, 'first_section': 22345, 'first_departure_time': 1536800760, 'first_arrival_time': 1536803700, 'second_train_section': 22845, 'second_section': 22238, 'second_departure_time': 1536812700, 'second_arrival_time': 1536816300}
742	{'task_type': 'regular', 'locomotive': 22573, 'train_section': 22845, 'section': 22238, 'departure_time': 1536812700, 'arrival_time': 1536816300}
743	{'task_type': 'deadhead', 'locomotive': 22573, 'first_train_section': 22845, 'first_section': 22238, 'first_departure_time': 1536812700, 'first_arrival_time': 1536816300, 'second_train_section': 28378, 'second_section': 22290, 'second_departure_time': 1536818760, 'second_arrival_time': 1536825900}
744	{'task_type': 'regular', 'locomotive': 22573, 'train_section': 28378, 'section': 22290, 'departure_time': 1536818760, 'arrival_time': 1536825900}
745	{'task_type': 'regular', 'locomotive': 22573, 'train_section': 28381, 'section': 22349, 'departure_time': 1536827520, 'arrival_time': 1536833100}
746	{'task_type': 'deadhead', 'locomotive': 22573, 'first_train_section': 28381, 'first_section': 22349, 'first_departure_time': 1536827520, 'first_arrival_time': 1536833100, 'second_train_section': 26305, 'second_section': 22499, 'second_departure_time': 1536839100, 'second_arrival_time': 1536844260}
747	{'task_type': 'regular', 'locomotive': 22573, 'train_section': 26305, 'section': 22499, 'departure_time': 1536839100, 'arrival_time': 1536844260}
748	{'task_type': 'deadhead', 'locomotive': 22573, 'first_train_section': 26305, 'first_section': 22499, 'first_departure_time': 1536839100, 'first_arrival_time': 1536844260, 'second_train_section': 25184, 'second_section': 22249, 'second_departure_time': 1536850080, 'second_arrival_time': 1536856080}
749	{'task_type': 'regular', 'locomotive': 22573, 'train_section': 25184, 'section': 22249, 'departure_time': 1536850080, 'arrival_time': 1536856080}
750	{'task_type': 'deadhead', 'locomotive': 22573, 'first_train_section': 25184, 'first_section': 22249, 'first_departure_time': 1536850080, 'first_arrival_time': 1536856080, 'second_train_section': 23860, 'second_section': 22500, 'second_departure_time': 1536860280, 'second_arrival_time': 1536863400}
751	{'task_type': 'regular', 'locomotive': 22573, 'train_section': 23860, 'section': 22500, 'departure_time': 1536860280, 'arrival_time': 1536863400}
752	{'task_type': 'deadhead', 'locomotive': 22573, 'first_train_section': 23860, 'first_section': 22500, 'first_departure_time': 1536860280, 'first_arrival_time': 1536863400, 'second_train_section': 27858, 'second_section': 22504, 'second_departure_time': 1536868020, 'second_arrival_time': 1536873060}
753	{'task_type': 'regular', 'locomotive': 22573, 'train_section': 27858, 'section': 22504, 'departure_time': 1536868020, 'arrival_time': 1536873060}
754	{'task_type': 'regular', 'locomotive': 22573, 'train_section': 27861, 'section': 22247, 'departure_time': 1536873240, 'arrival_time': 1536884100}
755	{'task_type': 'deadhead', 'locomotive': 22573, 'first_train_section': 27861, 'first_section': 22247, 'first_departure_time': 1536873240, 'first_arrival_time': 1536884100, 'second_train_section': 26897, 'second_section': 22404, 'second_departure_time': 1536891660, 'second_arrival_time': 1536900900}
756	{'task_type': 'regular', 'locomotive': 22573, 'train_section': 26897, 'section': 22404, 'departure_time': 1536891660, 'arrival_time': 1536900900}
757	{'task_type': 'deadhead', 'locomotive': 22573, 'first_train_section': 26897, 'first_section': 22404, 'first_departure_time': 1536891660, 'first_arrival_time': 1536900900, 'second_train_section': 22674, 'second_section': 22308, 'second_departure_time': 1536911280, 'second_arrival_time': 1536914100}
758	{'task_type': 'regular', 'locomotive': 22573, 'train_section': 22674, 'section': 22308, 'departure_time': 1536911280, 'arrival_time': 1536914100}
759	{'task_type': 'regular', 'locomotive': 22573, 'train_section': 24499, 'section': 22495, 'departure_time': 1536918600, 'arrival_time': 1536921420}
760	{'task_type': 'deadhead', 'locomotive': 22573, 'first_train_section': 24499, 'first_section': 22495, 'first_departure_time': 1536918600, 'first_arrival_time': 1536921420, 'second_train_section': 24239, 'second_section': 22436, 'second_departure_time': 1536926640, 'second_arrival_time': 1536928620}
761	{'task_type': 'regular', 'locomotive': 22573, 'train_section': 24239, 'section': 22436, 'departure_time': 1536926640, 'arrival_time': 1536928620}
762	{'task_type': 'deadhead', 'locomotive': 22573, 'first_train_section': 24239, 'first_section': 22436, 'first_departure_time': 1536926640, 'first_arrival_time': 1536928620, 'second_train_section': 29960, 'second_section': 22416, 'second_departure_time': 1536933240, 'second_arrival_time': 1536936900}
763	{'task_type': 'regular', 'locomotive': 22573, 'train_section': 29960, 'section': 22416, 'departure_time': 1536933240, 'arrival_time': 1536936900}
764	{'task_type': 'deadhead', 'locomotive': 22573, 'first_train_section': 29960, 'first_section': 22416, 'first_departure_time': 1536933240, 'first_arrival_time': 1536936900, 'second_train_section': 25644, 'second_section': 22416, 'second_departure_time': 1536942240, 'second_arrival_time': 1536945900}
765	{'task_type': 'regular', 'locomotive': 22573, 'train_section': 25644, 'section': 22416, 'departure_time': 1536942240, 'arrival_time': 1536945900}
766	{'task_type': 'regular', 'locomotive': 22573, 'train_section': 27215, 'section': 22378, 'departure_time': 1536946500, 'arrival_time': 1536950160}
767	{'task_type': 'deadhead', 'locomotive': 22573, 'first_train_section': 24166, 'first_section': 22417, 'first_departure_time': 1536950160, 'first_arrival_time': 1536962340, 'second_train_section': 24560, 'second_section': 22427, 'second_departure_time': 1536970800, 'second_arrival_time': 1536973740}
768	{'task_type': 'regular', 'locomotive': 22573, 'train_section': 24560, 'section': 22427, 'departure_time': 1536970800, 'arrival_time': 1536973740}
769	{'task_type': 'deadhead', 'locomotive': 22573, 'first_train_section': 24560, 'first_section': 22427, 'first_departure_time': 1536970800, 'first_arrival_time': 1536973740, 'second_train_section': 28259, 'second_section': 22378, 'second_departure_time': 1536989700, 'second_arrival_time': 1536993360}
770	{'task_type': 'regular', 'locomotive': 22573, 'train_section': 28259, 'section': 22378, 'departure_time': 1536989700, 'arrival_time': 1536993360}
771	{'task_type': 'deadhead', 'locomotive': 22573, 'first_train_section': 28259, 'first_section': 22378, 'first_departure_time': 1536989700, 'first_arrival_time': 1536993360, 'second_train_section': 25811, 'second_section': 22431, 'second_departure_time': 1536999480, 'second_arrival_time': 1537003440}
772	{'task_type': 'regular', 'locomotive': 22573, 'train_section': 25811, 'section': 22431, 'departure_time': 1536999480, 'arrival_time': 1537003440}
773	{'task_type': 'deadhead', 'locomotive': 22573, 'first_train_section': 25811, 'first_section': 22431, 'first_departure_time': 1536999480, 'first_arrival_time': 1537003440, 'second_train_section': 27324, 'second_section': 22435, 'second_departure_time': 1537006980, 'second_arrival_time': 1537012320}
774	{'task_type': 'regular', 'locomotive': 22573, 'train_section': 27324, 'section': 22435, 'departure_time': 1537006980, 'arrival_time': 1537012320}
775	{'task_type': 'deadhead', 'locomotive': 22573, 'first_train_section': 27324, 'first_section': 22435, 'first_departure_time': 1537006980, 'first_arrival_time': 1537012320, 'second_train_section': 23945, 'second_section': 22458, 'second_departure_time': 1537019880, 'second_arrival_time': 1537029180}
776	{'task_type': 'regular', 'locomotive': 22573, 'train_section': 23945, 'section': 22458, 'departure_time': 1537019880, 'arrival_time': 1537029180}
777	{'task_type': 'regular', 'locomotive': 22575, 'train_section': 27503, 'section': 22443, 'departure_time': 1536732660, 'arrival_time': 1536734460}
778	{'task_type': 'deadhead', 'locomotive': 22575, 'first_train_section': 27503, 'first_section': 22443, 'first_departure_time': 1536732660, 'first_arrival_time': 1536734460, 'second_train_section': 27373, 'second_section': 22308, 'second_departure_time': 1536738480, 'second_arrival_time': 1536741300}
779	{'task_type': 'regular', 'locomotive': 22575, 'train_section': 27373, 'section': 22308, 'departure_time': 1536738480, 'arrival_time': 1536741300}
780	{'task_type': 'deadhead', 'locomotive': 22575, 'first_train_section': 27373, 'first_section': 22308, 'first_departure_time': 1536738480, 'first_arrival_time': 1536741300, 'second_train_section': 28727, 'second_section': 22416, 'second_departure_time': 1536747840, 'second_arrival_time': 1536751500}
781	{'task_type': 'regular', 'locomotive': 22575, 'train_section': 28727, 'section': 22416, 'departure_time': 1536747840, 'arrival_time': 1536751500}
782	{'task_type': 'regular', 'locomotive': 22575, 'train_section': 28596, 'section': 22378, 'departure_time': 1536753900, 'arrival_time': 1536757560}
783	{'task_type': 'deadhead', 'locomotive': 22575, 'first_train_section': 28596, 'first_section': 22378, 'first_departure_time': 1536753900, 'first_arrival_time': 1536757560, 'second_train_section': 29082, 'second_section': 22378, 'second_departure_time': 1536764700, 'second_arrival_time': 1536768360}
784	{'task_type': 'regular', 'locomotive': 22575, 'train_section': 29082, 'section': 22378, 'departure_time': 1536764700, 'arrival_time': 1536768360}
785	{'task_type': 'deadhead', 'locomotive': 22575, 'first_train_section': 29082, 'first_section': 22378, 'first_departure_time': 1536764700, 'first_arrival_time': 1536768360, 'second_train_section': 23713, 'second_section': 22495, 'second_departure_time': 1536774780, 'second_arrival_time': 1536777660}
786	{'task_type': 'regular', 'locomotive': 22575, 'train_section': 23713, 'section': 22495, 'departure_time': 1536774780, 'arrival_time': 1536777660}
787	{'task_type': 'regular', 'locomotive': 22575, 'train_section': 28155, 'section': 22308, 'departure_time': 1536780300, 'arrival_time': 1536783060}
788	{'task_type': 'deadhead', 'locomotive': 22575, 'first_train_section': 24163, 'first_section': 22473, 'first_departure_time': 1536789660, 'first_arrival_time': 1536808800, 'second_train_section': 27602, 'second_section': 22416, 'second_departure_time': 1536812640, 'second_arrival_time': 1536816300}
789	{'task_type': 'regular', 'locomotive': 22575, 'train_section': 27602, 'section': 22416, 'departure_time': 1536812640, 'arrival_time': 1536816300}
790	{'task_type': 'regular', 'locomotive': 22575, 'train_section': 28707, 'section': 22378, 'departure_time': 1536816900, 'arrival_time': 1536820560}
791	{'task_type': 'deadhead', 'locomotive': 22575, 'first_train_section': 28707, 'first_section': 22378, 'first_departure_time': 1536816900, 'first_arrival_time': 1536820560, 'second_train_section': 26299, 'second_section': 22316, 'second_departure_time': 1536839640, 'second_arrival_time': 1536847860}
792	{'task_type': 'regular', 'locomotive': 22575, 'train_section': 26299, 'section': 22316, 'departure_time': 1536839640, 'arrival_time': 1536847860}
793	{'task_type': 'deadhead', 'locomotive': 22575, 'first_train_section': 26299, 'first_section': 22316, 'first_departure_time': 1536839640, 'first_arrival_time': 1536847860, 'second_train_section': 29381, 'second_section': 22442, 'second_departure_time': 1536854160, 'second_arrival_time': 1536856920}
794	{'task_type': 'regular', 'locomotive': 22575, 'train_section': 29381, 'section': 22442, 'departure_time': 1536854160, 'arrival_time': 1536856920}
795	{'task_type': 'deadhead', 'locomotive': 22575, 'first_train_section': 29381, 'first_section': 22442, 'first_departure_time': 1536854160, 'first_arrival_time': 1536856920, 'second_train_section': 29385, 'second_section': 22432, 'second_departure_time': 1536859680, 'second_arrival_time': 1536861300}
796	{'task_type': 'regular', 'locomotive': 22575, 'train_section': 29385, 'section': 22432, 'departure_time': 1536859680, 'arrival_time': 1536861300}
797	{'task_type': 'regular', 'locomotive': 22575, 'train_section': 23011, 'section': 22460, 'departure_time': 1536862860, 'arrival_time': 1536865200}
798	{'task_type': 'deadhead', 'locomotive': 22575, 'first_train_section': 23011, 'first_section': 22460, 'first_departure_time': 1536862860, 'first_arrival_time': 1536865200, 'second_train_section': 29978, 'second_section': 22431, 'second_departure_time': 1536865440, 'second_arrival_time': 1536869280}
799	{'task_type': 'regular', 'locomotive': 22575, 'train_section': 29978, 'section': 22431, 'departure_time': 1536865440, 'arrival_time': 1536869280}
800	{'task_type': 'regular', 'locomotive': 22575, 'train_section': 28879, 'section': 22496, 'departure_time': 1536870420, 'arrival_time': 1536875520}
801	{'task_type': 'deadhead', 'locomotive': 22575, 'first_train_section': 28879, 'first_section': 22496, 'first_departure_time': 1536870420, 'first_arrival_time': 1536875520, 'second_train_section': 29285, 'second_section': 22425, 'second_departure_time': 1536876300, 'second_arrival_time': 1536877860}
802	{'task_type': 'regular', 'locomotive': 22575, 'train_section': 29285, 'section': 22425, 'departure_time': 1536876300, 'arrival_time': 1536877860}
803	{'task_type': 'deadhead', 'locomotive': 22575, 'first_train_section': 29285, 'first_section': 22425, 'first_departure_time': 1536876300, 'first_arrival_time': 1536877860, 'second_train_section': 23662, 'second_section': 22423, 'second_departure_time': 1536885780, 'second_arrival_time': 1536896880}
804	{'task_type': 'regular', 'locomotive': 22575, 'train_section': 23662, 'section': 22423, 'departure_time': 1536885780, 'arrival_time': 1536896880}
805	{'task_type': 'regular', 'locomotive': 22575, 'train_section': 28104, 'section': 22339, 'departure_time': 1536898440, 'arrival_time': 1536900000}
806	{'task_type': 'regular', 'locomotive': 22575, 'train_section': 23487, 'section': 22497, 'departure_time': 1536904560, 'arrival_time': 1536905940}
807	{'task_type': 'regular', 'locomotive': 22575, 'train_section': 25414, 'section': 22338, 'departure_time': 1536908700, 'arrival_time': 1536920640}
808	{'task_type': 'deadhead', 'locomotive': 22575, 'first_train_section': 25414, 'first_section': 22338, 'first_departure_time': 1536908700, 'first_arrival_time': 1536920640, 'second_train_section': 24594, 'second_section': 22378, 'second_departure_time': 1536933900, 'second_arrival_time': 1536937560}
809	{'task_type': 'regular', 'locomotive': 22575, 'train_section': 24594, 'section': 22378, 'departure_time': 1536933900, 'arrival_time': 1536937560}
810	{'task_type': 'deadhead', 'locomotive': 22575, 'first_train_section': 24594, 'first_section': 22378, 'first_departure_time': 1536933900, 'first_arrival_time': 1536937560, 'second_train_section': 28405, 'second_section': 22414, 'second_departure_time': 1536942480, 'second_arrival_time': 1536946860}
811	{'task_type': 'regular', 'locomotive': 22575, 'train_section': 28405, 'section': 22414, 'departure_time': 1536942480, 'arrival_time': 1536946860}
812	{'task_type': 'deadhead', 'locomotive': 22575, 'first_train_section': 28405, 'first_section': 22414, 'first_departure_time': 1536942480, 'first_arrival_time': 1536946860, 'second_train_section': 29259, 'second_section': 22376, 'second_departure_time': 1536953760, 'second_arrival_time': 1536957960}
813	{'task_type': 'regular', 'locomotive': 22575, 'train_section': 29259, 'section': 22376, 'departure_time': 1536953760, 'arrival_time': 1536957960}
814	{'task_type': 'deadhead', 'locomotive': 22575, 'first_train_section': 26002, 'first_section': 22377, 'first_departure_time': 1536962400, 'first_arrival_time': 1536987900, 'second_train_section': 24955, 'second_section': 22334, 'second_departure_time': 1537007880, 'second_arrival_time': 1537012080}
815	{'task_type': 'regular', 'locomotive': 22575, 'train_section': 24955, 'section': 22334, 'departure_time': 1537007880, 'arrival_time': 1537012080}
816	{'task_type': 'regular', 'locomotive': 22576, 'train_section': 26500, 'section': 22288, 'departure_time': 1536628020, 'arrival_time': 1536634560}
817	{'task_type': 'regular', 'locomotive': 22576, 'train_section': 26502, 'section': 22323, 'departure_time': 1536635220, 'arrival_time': 1536638580}
818	{'task_type': 'regular', 'locomotive': 22576, 'train_section': 26504, 'section': 22337, 'departure_time': 1536640320, 'arrival_time': 1536647160}
819	{'task_type': 'deadhead', 'locomotive': 22576, 'first_train_section': 26504, 'first_section': 22337, 'first_departure_time': 1536640320, 'first_arrival_time': 1536647160, 'second_train_section': 27855, 'second_section': 22350, 'second_departure_time': 1536662940, 'second_arrival_time': 1536666600}
820	{'task_type': 'regular', 'locomotive': 22576, 'train_section': 27855, 'section': 22350, 'departure_time': 1536662940, 'arrival_time': 1536666600}
821	{'task_type': 'deadhead', 'locomotive': 22576, 'first_train_section': 27855, 'first_section': 22350, 'first_departure_time': 1536662940, 'first_arrival_time': 1536666600, 'second_train_section': 23883, 'second_section': 22472, 'second_departure_time': 1536678780, 'second_arrival_time': 1536683940}
822	{'task_type': 'regular', 'locomotive': 22576, 'train_section': 23883, 'section': 22472, 'departure_time': 1536678780, 'arrival_time': 1536683940}
823	{'task_type': 'deadhead', 'locomotive': 22576, 'first_train_section': 23883, 'first_section': 22472, 'first_departure_time': 1536678780, 'first_arrival_time': 1536683940, 'second_train_section': 23448, 'second_section': 22356, 'second_departure_time': 1536696960, 'second_arrival_time': 1536705000}
824	{'task_type': 'regular', 'locomotive': 22576, 'train_section': 23448, 'section': 22356, 'departure_time': 1536696960, 'arrival_time': 1536705000}
825	{'task_type': 'deadhead', 'locomotive': 22576, 'first_train_section': 23448, 'first_section': 22356, 'first_departure_time': 1536696960, 'first_arrival_time': 1536705000, 'second_train_section': 27367, 'second_section': 22247, 'second_departure_time': 1536707580, 'second_arrival_time': 1536716940}
826	{'task_type': 'regular', 'locomotive': 22576, 'train_section': 27367, 'section': 22247, 'departure_time': 1536707580, 'arrival_time': 1536716940}
827	{'task_type': 'deadhead', 'locomotive': 22576, 'first_train_section': 27367, 'first_section': 22247, 'first_departure_time': 1536707580, 'first_arrival_time': 1536716940, 'second_train_section': 24304, 'second_section': 22337, 'second_departure_time': 1536726720, 'second_arrival_time': 1536733560}
828	{'task_type': 'regular', 'locomotive': 22576, 'train_section': 24304, 'section': 22337, 'departure_time': 1536726720, 'arrival_time': 1536733560}
829	{'task_type': 'deadhead', 'locomotive': 22576, 'first_train_section': 24304, 'first_section': 22337, 'first_departure_time': 1536726720, 'first_arrival_time': 1536733560, 'second_train_section': 25199, 'second_section': 22395, 'second_departure_time': 1536740640, 'second_arrival_time': 1536743280}
830	{'task_type': 'regular', 'locomotive': 22576, 'train_section': 25199, 'section': 22395, 'departure_time': 1536740640, 'arrival_time': 1536743280}
831	{'task_type': 'regular', 'locomotive': 22576, 'train_section': 26051, 'section': 22298, 'departure_time': 1536748920, 'arrival_time': 1536751620}
832	{'task_type': 'deadhead', 'locomotive': 22576, 'first_train_section': 26051, 'first_section': 22298, 'first_departure_time': 1536748920, 'first_arrival_time': 1536751620, 'second_train_section': 27957, 'second_section': 22401, 'second_departure_time': 1536752100, 'second_arrival_time': 1536753480}
833	{'task_type': 'regular', 'locomotive': 22576, 'train_section': 27957, 'section': 22401, 'departure_time': 1536752100, 'arrival_time': 1536753480}
834	{'task_type': 'deadhead', 'locomotive': 22576, 'first_train_section': 27957, 'first_section': 22401, 'first_departure_time': 1536752100, 'first_arrival_time': 1536753480, 'second_train_section': 26399, 'second_section': 22404, 'second_departure_time': 1536760560, 'second_arrival_time': 1536770100}
835	{'task_type': 'regular', 'locomotive': 22576, 'train_section': 26399, 'section': 22404, 'departure_time': 1536760560, 'arrival_time': 1536770100}
836	{'task_type': 'deadhead', 'locomotive': 22576, 'first_train_section': 26399, 'first_section': 22404, 'first_departure_time': 1536760560, 'first_arrival_time': 1536770100, 'second_train_section': 25554, 'second_section': 22495, 'second_departure_time': 1536780480, 'second_arrival_time': 1536783420}
837	{'task_type': 'regular', 'locomotive': 22576, 'train_section': 25554, 'section': 22495, 'departure_time': 1536780480, 'arrival_time': 1536783420}
838	{'task_type': 'regular', 'locomotive': 22576, 'train_section': 28918, 'section': 22308, 'departure_time': 1536787440, 'arrival_time': 1536790140}
839	{'task_type': 'regular', 'locomotive': 22576, 'train_section': 28920, 'section': 22496, 'departure_time': 1536790980, 'arrival_time': 1536795000}
840	{'task_type': 'deadhead', 'locomotive': 22576, 'first_train_section': 28920, 'first_section': 22496, 'first_departure_time': 1536790980, 'first_arrival_time': 1536795000, 'second_train_section': 28439, 'second_section': 22428, 'second_departure_time': 1536797460, 'second_arrival_time': 1536803220}
841	{'task_type': 'regular', 'locomotive': 22576, 'train_section': 28439, 'section': 22428, 'departure_time': 1536797460, 'arrival_time': 1536803220}
842	{'task_type': 'deadhead', 'locomotive': 22576, 'first_train_section': 28439, 'first_section': 22428, 'first_departure_time': 1536797460, 'first_arrival_time': 1536803220, 'second_train_section': 22656, 'second_section': 22251, 'second_departure_time': 1536810660, 'second_arrival_time': 1536814800}
843	{'task_type': 'regular', 'locomotive': 22576, 'train_section': 22656, 'section': 22251, 'departure_time': 1536810660, 'arrival_time': 1536814800}
844	{'task_type': 'deadhead', 'locomotive': 22576, 'first_train_section': 22656, 'first_section': 22251, 'first_departure_time': 1536810660, 'first_arrival_time': 1536814800, 'second_train_section': 26040, 'second_section': 22416, 'second_departure_time': 1536818040, 'second_arrival_time': 1536821700}
845	{'task_type': 'regular', 'locomotive': 22576, 'train_section': 26040, 'section': 22416, 'departure_time': 1536818040, 'arrival_time': 1536821700}
846	{'task_type': 'regular', 'locomotive': 22576, 'train_section': 24037, 'section': 22378, 'departure_time': 1536822300, 'arrival_time': 1536825960}
847	{'task_type': 'deadhead', 'locomotive': 22576, 'first_train_section': 24037, 'first_section': 22378, 'first_departure_time': 1536822300, 'first_arrival_time': 1536825960, 'second_train_section': 28486, 'second_section': 22431, 'second_departure_time': 1536830220, 'second_arrival_time': 1536834600}
848	{'task_type': 'regular', 'locomotive': 22576, 'train_section': 28486, 'section': 22431, 'departure_time': 1536830220, 'arrival_time': 1536834600}
849	{'task_type': 'deadhead', 'locomotive': 22576, 'first_train_section': 28486, 'first_section': 22431, 'first_departure_time': 1536830220, 'first_arrival_time': 1536834600, 'second_train_section': 28490, 'second_section': 22304, 'second_departure_time': 1536840120, 'second_arrival_time': 1536844980}
850	{'task_type': 'regular', 'locomotive': 22576, 'train_section': 28490, 'section': 22304, 'departure_time': 1536840120, 'arrival_time': 1536844980}
851	{'task_type': 'deadhead', 'locomotive': 22576, 'first_train_section': 28490, 'first_section': 22304, 'first_departure_time': 1536840120, 'first_arrival_time': 1536844980, 'second_train_section': 25470, 'second_section': 22482, 'second_departure_time': 1536848700, 'second_arrival_time': 1536850620}
852	{'task_type': 'regular', 'locomotive': 22576, 'train_section': 25470, 'section': 22482, 'departure_time': 1536848700, 'arrival_time': 1536850620}
853	{'task_type': 'deadhead', 'locomotive': 22576, 'first_train_section': 25470, 'first_section': 22482, 'first_departure_time': 1536848700, 'first_arrival_time': 1536850620, 'second_train_section': 25474, 'second_section': 22247, 'second_departure_time': 1536856260, 'second_arrival_time': 1536865260}
854	{'task_type': 'regular', 'locomotive': 22576, 'train_section': 25474, 'section': 22247, 'departure_time': 1536856260, 'arrival_time': 1536865260}
855	{'task_type': 'deadhead', 'locomotive': 22576, 'first_train_section': 25474, 'first_section': 22247, 'first_departure_time': 1536856260, 'first_arrival_time': 1536865260, 'second_train_section': 23282, 'second_section': 22404, 'second_departure_time': 1536874380, 'second_arrival_time': 1536883320}
856	{'task_type': 'regular', 'locomotive': 22576, 'train_section': 23282, 'section': 22404, 'departure_time': 1536874380, 'arrival_time': 1536883320}
857	{'task_type': 'regular', 'locomotive': 22576, 'train_section': 23284, 'section': 22245, 'departure_time': 1536883560, 'arrival_time': 1536888240}
858	{'task_type': 'deadhead', 'locomotive': 22576, 'first_train_section': 23284, 'first_section': 22245, 'first_departure_time': 1536883560, 'first_arrival_time': 1536888240, 'second_train_section': 28504, 'second_section': 22303, 'second_departure_time': 1536895440, 'second_arrival_time': 1536901320}
859	{'task_type': 'regular', 'locomotive': 22576, 'train_section': 28504, 'section': 22303, 'departure_time': 1536895440, 'arrival_time': 1536901320}
860	{'task_type': 'regular', 'locomotive': 22576, 'train_section': 27280, 'section': 22455, 'departure_time': 1536904680, 'arrival_time': 1536916080}
861	{'task_type': 'regular', 'locomotive': 22576, 'train_section': 25001, 'section': 22356, 'departure_time': 1536917280, 'arrival_time': 1536924540}
862	{'task_type': 'deadhead', 'locomotive': 22576, 'first_train_section': 25001, 'first_section': 22356, 'first_departure_time': 1536917280, 'first_arrival_time': 1536924540, 'second_train_section': 24503, 'second_section': 22247, 'second_departure_time': 1536928320, 'second_arrival_time': 1536939420}
863	{'task_type': 'regular', 'locomotive': 22576, 'train_section': 24503, 'section': 22247, 'departure_time': 1536928320, 'arrival_time': 1536939420}
864	{'task_type': 'deadhead', 'locomotive': 22576, 'first_train_section': 24503, 'first_section': 22247, 'first_departure_time': 1536928320, 'first_arrival_time': 1536939420, 'second_train_section': 23990, 'second_section': 22317, 'second_departure_time': 1536942720, 'second_arrival_time': 1536944460}
865	{'task_type': 'regular', 'locomotive': 22576, 'train_section': 23990, 'section': 22317, 'departure_time': 1536942720, 'arrival_time': 1536944460}
866	{'task_type': 'deadhead', 'locomotive': 22576, 'first_train_section': 23990, 'first_section': 22317, 'first_departure_time': 1536942720, 'first_arrival_time': 1536944460, 'second_train_section': 25767, 'second_section': 22407, 'second_departure_time': 1536949080, 'second_arrival_time': 1536955740}
867	{'task_type': 'regular', 'locomotive': 22576, 'train_section': 25767, 'section': 22407, 'departure_time': 1536949080, 'arrival_time': 1536955740}
868	{'task_type': 'regular', 'locomotive': 22576, 'train_section': 25543, 'section': 22337, 'departure_time': 1536958920, 'arrival_time': 1536965580}
869	{'task_type': 'deadhead', 'locomotive': 22576, 'first_train_section': 25543, 'first_section': 22337, 'first_departure_time': 1536958920, 'first_arrival_time': 1536965580, 'second_train_section': 28355, 'second_section': 22323, 'second_departure_time': 1536980820, 'second_arrival_time': 1536984180}
870	{'task_type': 'regular', 'locomotive': 22576, 'train_section': 28355, 'section': 22323, 'departure_time': 1536980820, 'arrival_time': 1536984180}
871	{'task_type': 'deadhead', 'locomotive': 22576, 'first_train_section': 28355, 'first_section': 22323, 'first_departure_time': 1536980820, 'first_arrival_time': 1536984180, 'second_train_section': 26417, 'second_section': 22472, 'second_departure_time': 1536988380, 'second_arrival_time': 1536993540}
872	{'task_type': 'regular', 'locomotive': 22576, 'train_section': 26417, 'section': 22472, 'departure_time': 1536988380, 'arrival_time': 1536993540}
873	{'task_type': 'regular', 'locomotive': 22576, 'train_section': 26153, 'section': 22342, 'departure_time': 1536995940, 'arrival_time': 1537001220}
874	{'task_type': 'deadhead', 'locomotive': 22576, 'first_train_section': 26153, 'first_section': 22342, 'first_departure_time': 1536995940, 'first_arrival_time': 1537001220, 'second_train_section': 29121, 'second_section': 22389, 'second_departure_time': 1537018200, 'second_arrival_time': 1537024920}
875	{'task_type': 'regular', 'locomotive': 22576, 'train_section': 29121, 'section': 22389, 'departure_time': 1537018200, 'arrival_time': 1537024920}
876	{'task_type': 'regular', 'locomotive': 22579, 'train_section': 27375, 'section': 22496, 'departure_time': 1536742620, 'arrival_time': 1536747300}
877	{'task_type': 'deadhead', 'locomotive': 22579, 'first_train_section': 27375, 'first_section': 22496, 'first_departure_time': 1536742620, 'first_arrival_time': 1536747300, 'second_train_section': 27911, 'second_section': 22316, 'second_departure_time': 1536753240, 'second_arrival_time': 1536761460}
878	{'task_type': 'regular', 'locomotive': 22579, 'train_section': 27911, 'section': 22316, 'departure_time': 1536753240, 'arrival_time': 1536761460}
879	{'task_type': 'deadhead', 'locomotive': 22579, 'first_train_section': 27911, 'first_section': 22316, 'first_departure_time': 1536753240, 'first_arrival_time': 1536761460, 'second_train_section': 29553, 'second_section': 22413, 'second_departure_time': 1536762720, 'second_arrival_time': 1536766560}
880	{'task_type': 'regular', 'locomotive': 22579, 'train_section': 29553, 'section': 22413, 'departure_time': 1536762720, 'arrival_time': 1536766560}
881	{'task_type': 'deadhead', 'locomotive': 22579, 'first_train_section': 29553, 'first_section': 22413, 'first_departure_time': 1536762720, 'first_arrival_time': 1536766560, 'second_train_section': 23738, 'second_section': 22378, 'second_departure_time': 1536770100, 'second_arrival_time': 1536773760}
882	{'task_type': 'regular', 'locomotive': 22579, 'train_section': 23738, 'section': 22378, 'departure_time': 1536770100, 'arrival_time': 1536773760}
883	{'task_type': 'regular', 'locomotive': 22579, 'train_section': 24433, 'section': 22416, 'departure_time': 1536774840, 'arrival_time': 1536778500}
884	{'task_type': 'deadhead', 'locomotive': 22579, 'first_train_section': 26662, 'first_section': 22417, 'first_departure_time': 1536782760, 'first_arrival_time': 1536789540, 'second_train_section': 24234, 'second_section': 22308, 'second_departure_time': 1536800400, 'second_arrival_time': 1536803160}
885	{'task_type': 'regular', 'locomotive': 22579, 'train_section': 24234, 'section': 22308, 'departure_time': 1536800400, 'arrival_time': 1536803160}
886	{'task_type': 'deadhead', 'locomotive': 22579, 'first_train_section': 24234, 'first_section': 22308, 'first_departure_time': 1536800400, 'first_arrival_time': 1536803160, 'second_train_section': 28501, 'second_section': 22416, 'second_departure_time': 1536809040, 'second_arrival_time': 1536812700}
887	{'task_type': 'regular', 'locomotive': 22579, 'train_section': 28501, 'section': 22416, 'departure_time': 1536809040, 'arrival_time': 1536812700}
888	{'task_type': 'regular', 'locomotive': 22579, 'train_section': 28163, 'section': 22378, 'departure_time': 1536813300, 'arrival_time': 1536816960}
889	{'task_type': 'deadhead', 'locomotive': 22579, 'first_train_section': 28163, 'first_section': 22378, 'first_departure_time': 1536813300, 'first_arrival_time': 1536816960, 'second_train_section': 25935, 'second_section': 22356, 'second_departure_time': 1536830880, 'second_arrival_time': 1536838140}
890	{'task_type': 'regular', 'locomotive': 22579, 'train_section': 25935, 'section': 22356, 'departure_time': 1536830880, 'arrival_time': 1536838140}
891	{'task_type': 'deadhead', 'locomotive': 22579, 'first_train_section': 25935, 'first_section': 22356, 'first_departure_time': 1536830880, 'first_arrival_time': 1536838140, 'second_train_section': 23375, 'second_section': 22341, 'second_departure_time': 1536843420, 'second_arrival_time': 1536847320}
892	{'task_type': 'regular', 'locomotive': 22579, 'train_section': 23375, 'section': 22341, 'departure_time': 1536843420, 'arrival_time': 1536847320}
893	{'task_type': 'deadhead', 'locomotive': 22579, 'first_train_section': 23375, 'first_section': 22341, 'first_departure_time': 1536843420, 'first_arrival_time': 1536847320, 'second_train_section': 23187, 'second_section': 22496, 'second_departure_time': 1536854040, 'second_arrival_time': 1536857880}
894	{'task_type': 'regular', 'locomotive': 22579, 'train_section': 23187, 'section': 22496, 'departure_time': 1536854040, 'arrival_time': 1536857880}
895	{'task_type': 'deadhead', 'locomotive': 22579, 'first_train_section': 23187, 'first_section': 22496, 'first_departure_time': 1536854040, 'first_arrival_time': 1536857880, 'second_train_section': 29858, 'second_section': 22434, 'second_departure_time': 1536860160, 'second_arrival_time': 1536865440}
896	{'task_type': 'regular', 'locomotive': 22579, 'train_section': 29858, 'section': 22434, 'departure_time': 1536860160, 'arrival_time': 1536865440}
897	{'task_type': 'regular', 'locomotive': 22579, 'train_section': 29860, 'section': 22495, 'departure_time': 1536866100, 'arrival_time': 1536869100}
898	{'task_type': 'regular', 'locomotive': 22579, 'train_section': 27253, 'section': 22309, 'departure_time': 1536869340, 'arrival_time': 1536874080}
899	{'task_type': 'regular', 'locomotive': 22579, 'train_section': 29535, 'section': 22505, 'departure_time': 1536880500, 'arrival_time': 1536885240}
900	{'task_type': 'regular', 'locomotive': 22579, 'train_section': 24774, 'section': 22308, 'departure_time': 1536892980, 'arrival_time': 1536895740}
901	{'task_type': 'deadhead', 'locomotive': 22579, 'first_train_section': 24774, 'first_section': 22308, 'first_departure_time': 1536892980, 'first_arrival_time': 1536895740, 'second_train_section': 23819, 'second_section': 22349, 'second_departure_time': 1536913920, 'second_arrival_time': 1536919500}
902	{'task_type': 'regular', 'locomotive': 22579, 'train_section': 23819, 'section': 22349, 'departure_time': 1536913920, 'arrival_time': 1536919500}
903	{'task_type': 'deadhead', 'locomotive': 22579, 'first_train_section': 23819, 'first_section': 22349, 'first_departure_time': 1536913920, 'first_arrival_time': 1536919500, 'second_train_section': 27400, 'second_section': 22505, 'second_departure_time': 1536927540, 'second_arrival_time': 1536933420}
904	{'task_type': 'regular', 'locomotive': 22579, 'train_section': 27400, 'section': 22505, 'departure_time': 1536927540, 'arrival_time': 1536933420}
905	{'task_type': 'deadhead', 'locomotive': 22579, 'first_train_section': 27400, 'first_section': 22505, 'first_departure_time': 1536927540, 'first_arrival_time': 1536933420, 'second_train_section': 29662, 'second_section': 22442, 'second_departure_time': 1536940560, 'second_arrival_time': 1536943320}
906	{'task_type': 'regular', 'locomotive': 22579, 'train_section': 29662, 'section': 22442, 'departure_time': 1536940560, 'arrival_time': 1536943320}
907	{'task_type': 'deadhead', 'locomotive': 22579, 'first_train_section': 29662, 'first_section': 22442, 'first_departure_time': 1536940560, 'first_arrival_time': 1536943320, 'second_train_section': 30004, 'second_section': 22441, 'second_departure_time': 1536949860, 'second_arrival_time': 1536952980}
908	{'task_type': 'regular', 'locomotive': 22579, 'train_section': 30004, 'section': 22441, 'departure_time': 1536949860, 'arrival_time': 1536952980}
909	{'task_type': 'deadhead', 'locomotive': 22579, 'first_train_section': 30004, 'first_section': 22441, 'first_departure_time': 1536949860, 'first_arrival_time': 1536952980, 'second_train_section': 25211, 'second_section': 22431, 'second_departure_time': 1536954060, 'second_arrival_time': 1536958260}
910	{'task_type': 'regular', 'locomotive': 22579, 'train_section': 25211, 'section': 22431, 'departure_time': 1536954060, 'arrival_time': 1536958260}
911	{'task_type': 'deadhead', 'locomotive': 22579, 'first_train_section': 25211, 'first_section': 22431, 'first_departure_time': 1536954060, 'first_arrival_time': 1536958260, 'second_train_section': 24679, 'second_section': 22309, 'second_departure_time': 1536962940, 'second_arrival_time': 1536967800}
912	{'task_type': 'regular', 'locomotive': 22579, 'train_section': 24679, 'section': 22309, 'departure_time': 1536962940, 'arrival_time': 1536967800}
913	{'task_type': 'deadhead', 'locomotive': 22579, 'first_train_section': 24679, 'first_section': 22309, 'first_departure_time': 1536962940, 'first_arrival_time': 1536967800, 'second_train_section': 28018, 'second_section': 22356, 'second_departure_time': 1536973320, 'second_arrival_time': 1536981060}
914	{'task_type': 'regular', 'locomotive': 22579, 'train_section': 28018, 'section': 22356, 'departure_time': 1536973320, 'arrival_time': 1536981060}
915	{'task_type': 'deadhead', 'locomotive': 22579, 'first_train_section': 28018, 'first_section': 22356, 'first_departure_time': 1536973320, 'first_arrival_time': 1536981060, 'second_train_section': 23977, 'second_section': 22327, 'second_departure_time': 1537002480, 'second_arrival_time': 1537008840}
916	{'task_type': 'regular', 'locomotive': 22579, 'train_section': 23977, 'section': 22327, 'departure_time': 1537002480, 'arrival_time': 1537008840}
917	{'task_type': 'regular', 'locomotive': 22581, 'train_section': 26885, 'section': 22438, 'departure_time': 1536637320, 'arrival_time': 1536648660}
918	{'task_type': 'deadhead', 'locomotive': 22581, 'first_train_section': 26885, 'first_section': 22438, 'first_departure_time': 1536637320, 'first_arrival_time': 1536648660, 'second_train_section': 24450, 'second_section': 22471, 'second_departure_time': 1536656220, 'second_arrival_time': 1536659040}
919	{'task_type': 'regular', 'locomotive': 22581, 'train_section': 24450, 'section': 22471, 'departure_time': 1536656220, 'arrival_time': 1536659040}
920	{'task_type': 'regular', 'locomotive': 22581, 'train_section': 23403, 'section': 22331, 'departure_time': 1536671280, 'arrival_time': 1536682080}
921	{'task_type': 'deadhead', 'locomotive': 22581, 'first_train_section': 26721, 'first_section': 22319, 'first_departure_time': 1536703200, 'first_arrival_time': 1536721080, 'second_train_section': 29518, 'second_section': 22233, 'second_departure_time': 1536733260, 'second_arrival_time': 1536748740}
922	{'task_type': 'regular', 'locomotive': 22581, 'train_section': 29518, 'section': 22233, 'departure_time': 1536733260, 'arrival_time': 1536748740}
923	{'task_type': 'deadhead', 'locomotive': 22581, 'first_train_section': 29518, 'first_section': 22233, 'first_departure_time': 1536733260, 'first_arrival_time': 1536748740, 'second_train_section': 24412, 'second_section': 22247, 'second_departure_time': 1536755520, 'second_arrival_time': 1536766620}
924	{'task_type': 'regular', 'locomotive': 22581, 'train_section': 24412, 'section': 22247, 'departure_time': 1536755520, 'arrival_time': 1536766620}
925	{'task_type': 'deadhead', 'locomotive': 22581, 'first_train_section': 24412, 'first_section': 22247, 'first_departure_time': 1536755520, 'first_arrival_time': 1536766620, 'second_train_section': 29347, 'second_section': 22400, 'second_departure_time': 1536771000, 'second_arrival_time': 1536774420}
926	{'task_type': 'regular', 'locomotive': 22581, 'train_section': 29347, 'section': 22400, 'departure_time': 1536771000, 'arrival_time': 1536774420}
927	{'task_type': 'deadhead', 'locomotive': 22581, 'first_train_section': 29908, 'first_section': 22382, 'first_departure_time': 1536774420, 'first_arrival_time': 1536789540, 'second_train_section': 25995, 'second_section': 22245, 'second_departure_time': 1536797160, 'second_arrival_time': 1536801840}
928	{'task_type': 'regular', 'locomotive': 22581, 'train_section': 25995, 'section': 22245, 'departure_time': 1536797160, 'arrival_time': 1536801840}
929	{'task_type': 'regular', 'locomotive': 22581, 'train_section': 25997, 'section': 22308, 'departure_time': 1536802560, 'arrival_time': 1536805200}
930	{'task_type': 'regular', 'locomotive': 22581, 'train_section': 28457, 'section': 22495, 'departure_time': 1536808920, 'arrival_time': 1536811860}
931	{'task_type': 'deadhead', 'locomotive': 22581, 'first_train_section': 28457, 'first_section': 22495, 'first_departure_time': 1536808920, 'first_arrival_time': 1536811860, 'second_train_section': 26712, 'second_section': 22423, 'second_departure_time': 1536823980, 'second_arrival_time': 1536836520}
932	{'task_type': 'regular', 'locomotive': 22581, 'train_section': 26712, 'section': 22423, 'departure_time': 1536823980, 'arrival_time': 1536836520}
933	{'task_type': 'deadhead', 'locomotive': 22581, 'first_train_section': 26712, 'first_section': 22423, 'first_departure_time': 1536823980, 'first_arrival_time': 1536836520, 'second_train_section': 29363, 'second_section': 22378, 'second_departure_time': 1536847500, 'second_arrival_time': 1536851160}
934	{'task_type': 'regular', 'locomotive': 22581, 'train_section': 29363, 'section': 22378, 'departure_time': 1536847500, 'arrival_time': 1536851160}
935	{'task_type': 'deadhead', 'locomotive': 22581, 'first_train_section': 29363, 'first_section': 22378, 'first_departure_time': 1536847500, 'first_arrival_time': 1536851160, 'second_train_section': 26619, 'second_section': 22427, 'second_departure_time': 1536854400, 'second_arrival_time': 1536857280}
936	{'task_type': 'regular', 'locomotive': 22581, 'train_section': 26619, 'section': 22427, 'departure_time': 1536854400, 'arrival_time': 1536857280}
937	{'task_type': 'regular', 'locomotive': 22581, 'train_section': 26621, 'section': 22443, 'departure_time': 1536858000, 'arrival_time': 1536859800}
938	{'task_type': 'regular', 'locomotive': 22581, 'train_section': 26623, 'section': 22495, 'departure_time': 1536861180, 'arrival_time': 1536864060}
939	{'task_type': 'regular', 'locomotive': 22581, 'train_section': 26625, 'section': 22304, 'departure_time': 1536865140, 'arrival_time': 1536869580}
940	{'task_type': 'regular', 'locomotive': 22581, 'train_section': 26627, 'section': 22247, 'departure_time': 1536869760, 'arrival_time': 1536878460}
941	{'task_type': 'deadhead', 'locomotive': 22581, 'first_train_section': 26627, 'first_section': 22247, 'first_departure_time': 1536869760, 'first_arrival_time': 1536878460, 'second_train_section': 28291, 'second_section': 22404, 'second_departure_time': 1536883380, 'second_arrival_time': 1536892020}
942	{'task_type': 'regular', 'locomotive': 22581, 'train_section': 28291, 'section': 22404, 'departure_time': 1536883380, 'arrival_time': 1536892020}
943	{'task_type': 'deadhead', 'locomotive': 22581, 'first_train_section': 28291, 'first_section': 22404, 'first_departure_time': 1536883380, 'first_arrival_time': 1536892020, 'second_train_section': 26378, 'second_section': 22350, 'second_departure_time': 1536901440, 'second_arrival_time': 1536905100}
944	{'task_type': 'regular', 'locomotive': 22581, 'train_section': 26378, 'section': 22350, 'departure_time': 1536901440, 'arrival_time': 1536905100}
945	{'task_type': 'deadhead', 'locomotive': 22581, 'first_train_section': 26378, 'first_section': 22350, 'first_departure_time': 1536901440, 'first_arrival_time': 1536905100, 'second_train_section': 28903, 'second_section': 22347, 'second_departure_time': 1536909540, 'second_arrival_time': 1536914880}
946	{'task_type': 'regular', 'locomotive': 22581, 'train_section': 28903, 'section': 22347, 'departure_time': 1536909540, 'arrival_time': 1536914880}
947	{'task_type': 'deadhead', 'locomotive': 22581, 'first_train_section': 28903, 'first_section': 22347, 'first_departure_time': 1536909540, 'first_arrival_time': 1536914880, 'second_train_section': 22828, 'second_section': 22323, 'second_departure_time': 1536921480, 'second_arrival_time': 1536925380}
948	{'task_type': 'regular', 'locomotive': 22581, 'train_section': 22828, 'section': 22323, 'departure_time': 1536921480, 'arrival_time': 1536925380}
949	{'task_type': 'regular', 'locomotive': 22581, 'train_section': 22830, 'section': 22337, 'departure_time': 1536926280, 'arrival_time': 1536933000}
950	{'task_type': 'deadhead', 'locomotive': 22581, 'first_train_section': 22830, 'first_section': 22337, 'first_departure_time': 1536926280, 'first_arrival_time': 1536933000, 'second_train_section': 29917, 'second_section': 22472, 'second_departure_time': 1536945180, 'second_arrival_time': 1536950340}
951	{'task_type': 'regular', 'locomotive': 22581, 'train_section': 29917, 'section': 22472, 'departure_time': 1536945180, 'arrival_time': 1536950340}
952	{'task_type': 'deadhead', 'locomotive': 22581, 'first_train_section': 29917, 'first_section': 22472, 'first_departure_time': 1536945180, 'first_arrival_time': 1536950340, 'second_train_section': 25060, 'second_section': 22247, 'second_departure_time': 1536956160, 'second_arrival_time': 1536964860}
953	{'task_type': 'regular', 'locomotive': 22581, 'train_section': 25060, 'section': 22247, 'departure_time': 1536956160, 'arrival_time': 1536964860}
954	{'task_type': 'deadhead', 'locomotive': 22581, 'first_train_section': 25060, 'first_section': 22247, 'first_departure_time': 1536956160, 'first_arrival_time': 1536964860, 'second_train_section': 28300, 'second_section': 22404, 'second_departure_time': 1536978060, 'second_arrival_time': 1536987300}
955	{'task_type': 'regular', 'locomotive': 22581, 'train_section': 28300, 'section': 22404, 'departure_time': 1536978060, 'arrival_time': 1536987300}
956	{'task_type': 'regular', 'locomotive': 22581, 'train_section': 28302, 'section': 22245, 'departure_time': 1536987480, 'arrival_time': 1536992940}
957	{'task_type': 'deadhead', 'locomotive': 22581, 'first_train_section': 28302, 'first_section': 22245, 'first_departure_time': 1536987480, 'first_arrival_time': 1536992940, 'second_train_section': 26443, 'second_section': 22281, 'second_departure_time': 1537009080, 'second_arrival_time': 1537015140}
958	{'task_type': 'regular', 'locomotive': 22581, 'train_section': 26443, 'section': 22281, 'departure_time': 1537009080, 'arrival_time': 1537015140}
959	{'task_type': 'deadhead', 'locomotive': 22581, 'first_train_section': 26443, 'first_section': 22281, 'first_departure_time': 1537009080, 'first_arrival_time': 1537015140, 'second_train_section': 27766, 'second_section': 22289, 'second_departure_time': 1537023540, 'second_arrival_time': 1537032480}
960	{'task_type': 'regular', 'locomotive': 22581, 'train_section': 27766, 'section': 22289, 'departure_time': 1537023540, 'arrival_time': 1537032480}
961	{'task_type': 'deadhead', 'locomotive': 22581, 'first_train_section': 24925, 'first_section': 22237, 'first_departure_time': 1537043580, 'first_arrival_time': 1537048740, 'second_train_section': 28107, 'second_section': 22260, 'second_departure_time': 1537079220, 'second_arrival_time': 1537087620}
962	{'task_type': 'regular', 'locomotive': 22581, 'train_section': 28107, 'section': 22260, 'departure_time': 1537079220, 'arrival_time': 1537087620}
963	{'task_type': 'deadhead', 'locomotive': 22581, 'first_train_section': 28107, 'first_section': 22260, 'first_departure_time': 1537079220, 'first_arrival_time': 1537087620, 'second_train_section': 23930, 'second_section': 22428, 'second_departure_time': 1537111320, 'second_arrival_time': 1537119540}
964	{'task_type': 'regular', 'locomotive': 22581, 'train_section': 23930, 'section': 22428, 'departure_time': 1537111320, 'arrival_time': 1537119540}
965	{'task_type': 'deadhead', 'locomotive': 22584, 'first_train_section': 29972, 'first_section': 22417, 'first_departure_time': 1536616800, 'first_arrival_time': 1536636240, 'second_train_section': 23800, 'second_section': 22378, 'second_departure_time': 1536642300, 'second_arrival_time': 1536645960}
966	{'task_type': 'regular', 'locomotive': 22584, 'train_section': 23800, 'section': 22378, 'departure_time': 1536642300, 'arrival_time': 1536645960}
967	{'task_type': 'regular', 'locomotive': 22584, 'train_section': 24010, 'section': 22416, 'departure_time': 1536661440, 'arrival_time': 1536665100}
968	{'task_type': 'regular', 'locomotive': 22584, 'train_section': 24788, 'section': 22378, 'departure_time': 1536667500, 'arrival_time': 1536671160}
969	{'task_type': 'regular', 'locomotive': 22584, 'train_section': 23302, 'section': 22416, 'departure_time': 1536674040, 'arrival_time': 1536677700}
970	{'task_type': 'regular', 'locomotive': 22584, 'train_section': 23430, 'section': 22378, 'departure_time': 1536678300, 'arrival_time': 1536681960}
971	{'task_type': 'regular', 'locomotive': 22584, 'train_section': 25677, 'section': 22416, 'departure_time': 1536692040, 'arrival_time': 1536695700}
972	{'task_type': 'deadhead', 'locomotive': 22584, 'first_train_section': 27902, 'first_section': 22377, 'first_departure_time': 1536695700, 'first_arrival_time': 1536703140, 'second_train_section': 22679, 'second_section': 22452, 'second_departure_time': 1536713520, 'second_arrival_time': 1536716220}
973	{'task_type': 'regular', 'locomotive': 22584, 'train_section': 22679, 'section': 22452, 'departure_time': 1536713520, 'arrival_time': 1536716220}
974	{'task_type': 'deadhead', 'locomotive': 22584, 'first_train_section': 22679, 'first_section': 22452, 'first_departure_time': 1536713520, 'first_arrival_time': 1536716220, 'second_train_section': 28965, 'second_section': 22447, 'second_departure_time': 1536720300, 'second_arrival_time': 1536723000}
975	{'task_type': 'regular', 'locomotive': 22584, 'train_section': 28965, 'section': 22447, 'departure_time': 1536720300, 'arrival_time': 1536723000}
976	{'task_type': 'deadhead', 'locomotive': 22584, 'first_train_section': 28965, 'first_section': 22447, 'first_departure_time': 1536720300, 'first_arrival_time': 1536723000, 'second_train_section': 26651, 'second_section': 22388, 'second_departure_time': 1536730680, 'second_arrival_time': 1536732780}
977	{'task_type': 'regular', 'locomotive': 22584, 'train_section': 26651, 'section': 22388, 'departure_time': 1536730680, 'arrival_time': 1536732780}
978	{'task_type': 'deadhead', 'locomotive': 22584, 'first_train_section': 26651, 'first_section': 22388, 'first_departure_time': 1536730680, 'first_arrival_time': 1536732780, 'second_train_section': 28117, 'second_section': 22331, 'second_departure_time': 1536736080, 'second_arrival_time': 1536746880}
979	{'task_type': 'regular', 'locomotive': 22584, 'train_section': 28117, 'section': 22331, 'departure_time': 1536736080, 'arrival_time': 1536746880}
980	{'task_type': 'regular', 'locomotive': 22584, 'train_section': 22685, 'section': 22438, 'departure_time': 1536753120, 'arrival_time': 1536763860}
981	{'task_type': 'regular', 'locomotive': 22584, 'train_section': 29076, 'section': 22329, 'departure_time': 1536764280, 'arrival_time': 1536765720}
982	{'task_type': 'deadhead', 'locomotive': 22584, 'first_train_section': 29076, 'first_section': 22329, 'first_departure_time': 1536764280, 'first_arrival_time': 1536765720, 'second_train_section': 23540, 'second_section': 22256, 'second_departure_time': 1536772200, 'second_arrival_time': 1536774480}
983	{'task_type': 'regular', 'locomotive': 22584, 'train_section': 23540, 'section': 22256, 'departure_time': 1536772200, 'arrival_time': 1536774480}
984	{'task_type': 'regular', 'locomotive': 22584, 'train_section': 26060, 'section': 22463, 'departure_time': 1536811980, 'arrival_time': 1536820860}
985	{'task_type': 'deadhead', 'locomotive': 22584, 'first_train_section': 26060, 'first_section': 22463, 'first_departure_time': 1536811980, 'first_arrival_time': 1536820860, 'second_train_section': 25402, 'second_section': 22292, 'second_departure_time': 1536830400, 'second_arrival_time': 1536834480}
986	{'task_type': 'regular', 'locomotive': 22584, 'train_section': 25402, 'section': 22292, 'departure_time': 1536830400, 'arrival_time': 1536834480}
987	{'task_type': 'deadhead', 'locomotive': 22584, 'first_train_section': 25402, 'first_section': 22292, 'first_departure_time': 1536830400, 'first_arrival_time': 1536834480, 'second_train_section': 23157, 'second_section': 22285, 'second_departure_time': 1536840120, 'second_arrival_time': 1536849240}
988	{'task_type': 'regular', 'locomotive': 22584, 'train_section': 23157, 'section': 22285, 'departure_time': 1536840120, 'arrival_time': 1536849240}
989	{'task_type': 'deadhead', 'locomotive': 22584, 'first_train_section': 23157, 'first_section': 22285, 'first_departure_time': 1536840120, 'first_arrival_time': 1536849240, 'second_train_section': 23452, 'second_section': 22331, 'second_departure_time': 1536851280, 'second_arrival_time': 1536862140}
990	{'task_type': 'regular', 'locomotive': 22584, 'train_section': 23452, 'section': 22331, 'departure_time': 1536851280, 'arrival_time': 1536862140}
991	{'task_type': 'regular', 'locomotive': 22584, 'train_section': 23436, 'section': 22439, 'departure_time': 1536864720, 'arrival_time': 1536871800}
992	{'task_type': 'deadhead', 'locomotive': 22584, 'first_train_section': 23436, 'first_section': 22439, 'first_departure_time': 1536864720, 'first_arrival_time': 1536871800, 'second_train_section': 24696, 'second_section': 22322, 'second_departure_time': 1536880560, 'second_arrival_time': 1536888060}
993	{'task_type': 'regular', 'locomotive': 22584, 'train_section': 24696, 'section': 22322, 'departure_time': 1536880560, 'arrival_time': 1536888060}
994	{'task_type': 'deadhead', 'locomotive': 22584, 'first_train_section': 24696, 'first_section': 22322, 'first_departure_time': 1536880560, 'first_arrival_time': 1536888060, 'second_train_section': 28181, 'second_section': 22447, 'second_departure_time': 1536893100, 'second_arrival_time': 1536895800}
995	{'task_type': 'regular', 'locomotive': 22584, 'train_section': 28181, 'section': 22447, 'departure_time': 1536893100, 'arrival_time': 1536895800}
996	{'task_type': 'deadhead', 'locomotive': 22584, 'first_train_section': 28181, 'first_section': 22447, 'first_departure_time': 1536893100, 'first_arrival_time': 1536895800, 'second_train_section': 25128, 'second_section': 22329, 'second_departure_time': 1536901080, 'second_arrival_time': 1536902520}
997	{'task_type': 'regular', 'locomotive': 22584, 'train_section': 25128, 'section': 22329, 'departure_time': 1536901080, 'arrival_time': 1536902520}
998	{'task_type': 'deadhead', 'locomotive': 22584, 'first_train_section': 25128, 'first_section': 22329, 'first_departure_time': 1536901080, 'first_arrival_time': 1536902520, 'second_train_section': 23406, 'second_section': 22333, 'second_departure_time': 1536905700, 'second_arrival_time': 1536908520}
999	{'task_type': 'regular', 'locomotive': 22584, 'train_section': 23406, 'section': 22333, 'departure_time': 1536905700, 'arrival_time': 1536908520}
1000	{'task_type': 'regular', 'locomotive': 22584, 'train_section': 23408, 'section': 22472, 'departure_time': 1536909180, 'arrival_time': 1536914340}
1001	{'task_type': 'regular', 'locomotive': 22584, 'train_section': 23410, 'section': 22351, 'departure_time': 1536914880, 'arrival_time': 1536920040}
1002	{'task_type': 'deadhead', 'locomotive': 22584, 'first_train_section': 23410, 'first_section': 22351, 'first_departure_time': 1536914880, 'first_arrival_time': 1536920040, 'second_train_section': 28610, 'second_section': 22503, 'second_departure_time': 1536922200, 'second_arrival_time': 1536923220}
1003	{'task_type': 'regular', 'locomotive': 22584, 'train_section': 28610, 'section': 22503, 'departure_time': 1536922200, 'arrival_time': 1536923220}
1004	{'task_type': 'deadhead', 'locomotive': 22584, 'first_train_section': 28610, 'first_section': 22503, 'first_departure_time': 1536922200, 'first_arrival_time': 1536923220, 'second_train_section': 23043, 'second_section': 22479, 'second_departure_time': 1536930960, 'second_arrival_time': 1536932580}
1005	{'task_type': 'regular', 'locomotive': 22584, 'train_section': 23043, 'section': 22479, 'departure_time': 1536930960, 'arrival_time': 1536932580}
1006	{'task_type': 'deadhead', 'locomotive': 22584, 'first_train_section': 23043, 'first_section': 22479, 'first_departure_time': 1536930960, 'first_arrival_time': 1536932580, 'second_train_section': 25408, 'second_section': 22500, 'second_departure_time': 1536938820, 'second_arrival_time': 1536941220}
1007	{'task_type': 'regular', 'locomotive': 22584, 'train_section': 25408, 'section': 22500, 'departure_time': 1536938820, 'arrival_time': 1536941220}
1008	{'task_type': 'regular', 'locomotive': 22584, 'train_section': 28531, 'section': 22360, 'departure_time': 1536943680, 'arrival_time': 1536955320}
1009	{'task_type': 'deadhead', 'locomotive': 22584, 'first_train_section': 28531, 'first_section': 22360, 'first_departure_time': 1536943680, 'first_arrival_time': 1536955320, 'second_train_section': 29451, 'second_section': 22416, 'second_departure_time': 1536956880, 'second_arrival_time': 1536962100}
1010	{'task_type': 'regular', 'locomotive': 22584, 'train_section': 29451, 'section': 22416, 'departure_time': 1536956880, 'arrival_time': 1536962100}
1011	{'task_type': 'deadhead', 'locomotive': 22584, 'first_train_section': 29451, 'first_section': 22416, 'first_departure_time': 1536956880, 'first_arrival_time': 1536962100, 'second_train_section': 28283, 'second_section': 22420, 'second_departure_time': 1536972180, 'second_arrival_time': 1536974220}
1012	{'task_type': 'regular', 'locomotive': 22584, 'train_section': 28283, 'section': 22420, 'departure_time': 1536972180, 'arrival_time': 1536974220}
1013	{'task_type': 'deadhead', 'locomotive': 22584, 'first_train_section': 28283, 'first_section': 22420, 'first_departure_time': 1536972180, 'first_arrival_time': 1536974220, 'second_train_section': 27871, 'second_section': 22427, 'second_departure_time': 1536975960, 'second_arrival_time': 1536978900}
1014	{'task_type': 'regular', 'locomotive': 22584, 'train_section': 27871, 'section': 22427, 'departure_time': 1536975960, 'arrival_time': 1536978900}
1015	{'task_type': 'deadhead', 'locomotive': 22584, 'first_train_section': 27871, 'first_section': 22427, 'first_departure_time': 1536975960, 'first_arrival_time': 1536978900, 'second_train_section': 27875, 'second_section': 22495, 'second_departure_time': 1536983460, 'second_arrival_time': 1536986460}
1016	{'task_type': 'regular', 'locomotive': 22584, 'train_section': 27875, 'section': 22495, 'departure_time': 1536983460, 'arrival_time': 1536986460}
1017	{'task_type': 'deadhead', 'locomotive': 22584, 'first_train_section': 27875, 'first_section': 22495, 'first_departure_time': 1536983460, 'first_arrival_time': 1536986460, 'second_train_section': 27880, 'second_section': 22247, 'second_departure_time': 1536992880, 'second_arrival_time': 1537003080}
1018	{'task_type': 'regular', 'locomotive': 22584, 'train_section': 27880, 'section': 22247, 'departure_time': 1536992880, 'arrival_time': 1537003080}
1019	{'task_type': 'deadhead', 'locomotive': 22584, 'first_train_section': 27880, 'first_section': 22247, 'first_departure_time': 1536992880, 'first_arrival_time': 1537003080, 'second_train_section': 24147, 'second_section': 22249, 'second_departure_time': 1537022880, 'second_arrival_time': 1537028400}
1020	{'task_type': 'regular', 'locomotive': 22584, 'train_section': 24147, 'section': 22249, 'departure_time': 1537022880, 'arrival_time': 1537028400}
1021	{'task_type': 'deadhead', 'locomotive': 22584, 'first_train_section': 24147, 'first_section': 22249, 'first_departure_time': 1537022880, 'first_arrival_time': 1537028400, 'second_train_section': 26285, 'second_section': 22415, 'second_departure_time': 1537038840, 'second_arrival_time': 1537040400}
1022	{'task_type': 'regular', 'locomotive': 22584, 'train_section': 26285, 'section': 22415, 'departure_time': 1537038840, 'arrival_time': 1537040400}
1023	{'task_type': 'deadhead', 'locomotive': 22584, 'first_train_section': 28172, 'first_section': 22491, 'first_departure_time': 1537040400, 'first_arrival_time': 1537048740, 'second_train_section': 23723, 'second_section': 22455, 'second_departure_time': 1537077480, 'second_arrival_time': 1537088880}
1024	{'task_type': 'regular', 'locomotive': 22584, 'train_section': 23723, 'section': 22455, 'departure_time': 1537077480, 'arrival_time': 1537088880}
1025	{'task_type': 'regular', 'locomotive': 22584, 'train_section': 25300, 'section': 22356, 'departure_time': 1537090080, 'arrival_time': 1537097340}
1026	{'task_type': 'deadhead', 'locomotive': 22584, 'first_train_section': 25300, 'first_section': 22356, 'first_departure_time': 1537090080, 'first_arrival_time': 1537097340, 'second_train_section': 27548, 'second_section': 22342, 'second_departure_time': 1537104060, 'second_arrival_time': 1537110180}
1027	{'task_type': 'regular', 'locomotive': 22584, 'train_section': 27548, 'section': 22342, 'departure_time': 1537104060, 'arrival_time': 1537110180}
1028	{'task_type': 'deadhead', 'locomotive': 22584, 'first_train_section': 27548, 'first_section': 22342, 'first_departure_time': 1537104060, 'first_arrival_time': 1537110180, 'second_train_section': 27992, 'second_section': 22451, 'second_departure_time': 1537125420, 'second_arrival_time': 1537131420}
1029	{'task_type': 'regular', 'locomotive': 22584, 'train_section': 27992, 'section': 22451, 'departure_time': 1537125420, 'arrival_time': 1537131420}
1030	{'task_type': 'regular', 'locomotive': 22585, 'train_section': 26689, 'section': 22251, 'departure_time': 1536640140, 'arrival_time': 1536643860}
1031	{'task_type': 'deadhead', 'locomotive': 22585, 'first_train_section': 26689, 'first_section': 22251, 'first_departure_time': 1536640140, 'first_arrival_time': 1536643860, 'second_train_section': 25122, 'second_section': 22423, 'second_departure_time': 1536651180, 'second_arrival_time': 1536663720}
1032	{'task_type': 'regular', 'locomotive': 22585, 'train_section': 25122, 'section': 22423, 'departure_time': 1536651180, 'arrival_time': 1536663720}
1033	{'task_type': 'deadhead', 'locomotive': 22585, 'first_train_section': 25122, 'first_section': 22423, 'first_departure_time': 1536651180, 'first_arrival_time': 1536663720, 'second_train_section': 28778, 'second_section': 22414, 'second_departure_time': 1536676080, 'second_arrival_time': 1536680460}
1034	{'task_type': 'regular', 'locomotive': 22585, 'train_section': 28778, 'section': 22414, 'departure_time': 1536676080, 'arrival_time': 1536680460}
1035	{'task_type': 'regular', 'locomotive': 22585, 'train_section': 24944, 'section': 22354, 'departure_time': 1536723540, 'arrival_time': 1536728160}
1036	{'task_type': 'deadhead', 'locomotive': 22585, 'first_train_section': 24944, 'first_section': 22354, 'first_departure_time': 1536723540, 'first_arrival_time': 1536728160, 'second_train_section': 23942, 'second_section': 22455, 'second_departure_time': 1536731880, 'second_arrival_time': 1536743280}
1037	{'task_type': 'regular', 'locomotive': 22585, 'train_section': 23942, 'section': 22455, 'departure_time': 1536731880, 'arrival_time': 1536743280}
1038	{'task_type': 'regular', 'locomotive': 22585, 'train_section': 29994, 'section': 22356, 'departure_time': 1536744480, 'arrival_time': 1536751740}
1039	{'task_type': 'deadhead', 'locomotive': 22585, 'first_train_section': 29994, 'first_section': 22356, 'first_departure_time': 1536744480, 'first_arrival_time': 1536751740, 'second_train_section': 24723, 'second_section': 22341, 'second_departure_time': 1536757020, 'second_arrival_time': 1536760920}
1040	{'task_type': 'regular', 'locomotive': 22585, 'train_section': 24723, 'section': 22341, 'departure_time': 1536757020, 'arrival_time': 1536760920}
1041	{'task_type': 'deadhead', 'locomotive': 22585, 'first_train_section': 24723, 'first_section': 22341, 'first_departure_time': 1536757020, 'first_arrival_time': 1536760920, 'second_train_section': 25178, 'second_section': 22342, 'second_departure_time': 1536765540, 'second_arrival_time': 1536770820}
1042	{'task_type': 'regular', 'locomotive': 22585, 'train_section': 25178, 'section': 22342, 'departure_time': 1536765540, 'arrival_time': 1536770820}
1043	{'task_type': 'regular', 'locomotive': 22585, 'train_section': 24699, 'section': 22277, 'departure_time': 1536780900, 'arrival_time': 1536784380}
1044	{'task_type': 'deadhead', 'locomotive': 22585, 'first_train_section': 24699, 'first_section': 22277, 'first_departure_time': 1536780900, 'first_arrival_time': 1536784380, 'second_train_section': 25523, 'second_section': 22352, 'second_departure_time': 1536792720, 'second_arrival_time': 1536799440}
1045	{'task_type': 'regular', 'locomotive': 22585, 'train_section': 25523, 'section': 22352, 'departure_time': 1536792720, 'arrival_time': 1536799440}
1046	{'task_type': 'deadhead', 'locomotive': 22585, 'first_train_section': 25523, 'first_section': 22352, 'first_departure_time': 1536792720, 'first_arrival_time': 1536799440, 'second_train_section': 29021, 'second_section': 22474, 'second_departure_time': 1536808800, 'second_arrival_time': 1536810480}
1047	{'task_type': 'regular', 'locomotive': 22585, 'train_section': 29021, 'section': 22474, 'departure_time': 1536808800, 'arrival_time': 1536810480}
1048	{'task_type': 'regular', 'locomotive': 22585, 'train_section': 29097, 'section': 22512, 'departure_time': 1536812940, 'arrival_time': 1536816300}
1049	{'task_type': 'deadhead', 'locomotive': 22585, 'first_train_section': 25746, 'first_section': 22417, 'first_departure_time': 1536818400, 'first_arrival_time': 1536845400, 'second_train_section': 26375, 'second_section': 22475, 'second_departure_time': 1536849060, 'second_arrival_time': 1536853080}
1050	{'task_type': 'regular', 'locomotive': 22585, 'train_section': 26375, 'section': 22475, 'departure_time': 1536849060, 'arrival_time': 1536853080}
1051	{'task_type': 'deadhead', 'locomotive': 22585, 'first_train_section': 26375, 'first_section': 22475, 'first_departure_time': 1536849060, 'first_arrival_time': 1536853080, 'second_train_section': 26191, 'second_section': 22414, 'second_departure_time': 1536854220, 'second_arrival_time': 1536858660}
1052	{'task_type': 'regular', 'locomotive': 22585, 'train_section': 26191, 'section': 22414, 'departure_time': 1536854220, 'arrival_time': 1536858660}
1053	{'task_type': 'deadhead', 'locomotive': 22585, 'first_train_section': 26191, 'first_section': 22414, 'first_departure_time': 1536854220, 'first_arrival_time': 1536858660, 'second_train_section': 23616, 'second_section': 22445, 'second_departure_time': 1536863640, 'second_arrival_time': 1536869400}
1054	{'task_type': 'regular', 'locomotive': 22585, 'train_section': 23616, 'section': 22445, 'departure_time': 1536863640, 'arrival_time': 1536869400}
1055	{'task_type': 'deadhead', 'locomotive': 22585, 'first_train_section': 23616, 'first_section': 22445, 'first_departure_time': 1536863640, 'first_arrival_time': 1536869400, 'second_train_section': 24160, 'second_section': 22429, 'second_departure_time': 1536872040, 'second_arrival_time': 1536874680}
1056	{'task_type': 'regular', 'locomotive': 22585, 'train_section': 24160, 'section': 22429, 'departure_time': 1536872040, 'arrival_time': 1536874680}
1057	{'task_type': 'deadhead', 'locomotive': 22585, 'first_train_section': 24160, 'first_section': 22429, 'first_departure_time': 1536872040, 'first_arrival_time': 1536874680, 'second_train_section': 24805, 'second_section': 22496, 'second_departure_time': 1536880860, 'second_arrival_time': 1536884760}
1058	{'task_type': 'regular', 'locomotive': 22585, 'train_section': 24805, 'section': 22496, 'departure_time': 1536880860, 'arrival_time': 1536884760}
1059	{'task_type': 'deadhead', 'locomotive': 22585, 'first_train_section': 24805, 'first_section': 22496, 'first_departure_time': 1536880860, 'first_arrival_time': 1536884760, 'second_train_section': 26593, 'second_section': 22419, 'second_departure_time': 1536886020, 'second_arrival_time': 1536892380}
1060	{'task_type': 'regular', 'locomotive': 22585, 'train_section': 26593, 'section': 22419, 'departure_time': 1536886020, 'arrival_time': 1536892380}
1061	{'task_type': 'deadhead', 'locomotive': 22585, 'first_train_section': 26593, 'first_section': 22419, 'first_departure_time': 1536886020, 'first_arrival_time': 1536892380, 'second_train_section': 22815, 'second_section': 22427, 'second_departure_time': 1536901080, 'second_arrival_time': 1536904740}
1062	{'task_type': 'regular', 'locomotive': 22585, 'train_section': 22815, 'section': 22427, 'departure_time': 1536901080, 'arrival_time': 1536904740}
1063	{'task_type': 'deadhead', 'locomotive': 22585, 'first_train_section': 22815, 'first_section': 22427, 'first_departure_time': 1536901080, 'first_arrival_time': 1536904740, 'second_train_section': 26796, 'second_section': 22495, 'second_departure_time': 1536911280, 'second_arrival_time': 1536914160}
1064	{'task_type': 'regular', 'locomotive': 22585, 'train_section': 26796, 'section': 22495, 'departure_time': 1536911280, 'arrival_time': 1536914160}
1065	{'task_type': 'deadhead', 'locomotive': 22585, 'first_train_section': 26796, 'first_section': 22495, 'first_departure_time': 1536911280, 'first_arrival_time': 1536914160, 'second_train_section': 27663, 'second_section': 22482, 'second_departure_time': 1536922080, 'second_arrival_time': 1536923700}
1066	{'task_type': 'regular', 'locomotive': 22585, 'train_section': 27663, 'section': 22482, 'departure_time': 1536922080, 'arrival_time': 1536923700}
1067	{'task_type': 'deadhead', 'locomotive': 22585, 'first_train_section': 27663, 'first_section': 22482, 'first_departure_time': 1536922080, 'first_arrival_time': 1536923700, 'second_train_section': 28830, 'second_section': 22508, 'second_departure_time': 1536929340, 'second_arrival_time': 1536932700}
1068	{'task_type': 'regular', 'locomotive': 22585, 'train_section': 28830, 'section': 22508, 'departure_time': 1536929340, 'arrival_time': 1536932700}
1069	{'task_type': 'regular', 'locomotive': 22585, 'train_section': 28832, 'section': 22481, 'departure_time': 1536935640, 'arrival_time': 1536940740}
1070	{'task_type': 'regular', 'locomotive': 22585, 'train_section': 27809, 'section': 22342, 'departure_time': 1536945660, 'arrival_time': 1536951780}
1071	{'task_type': 'deadhead', 'locomotive': 22585, 'first_train_section': 27809, 'first_section': 22342, 'first_departure_time': 1536945660, 'first_arrival_time': 1536951780, 'second_train_section': 27742, 'second_section': 22289, 'second_departure_time': 1536953100, 'second_arrival_time': 1536960720}
1072	{'task_type': 'regular', 'locomotive': 22585, 'train_section': 27742, 'section': 22289, 'departure_time': 1536953100, 'arrival_time': 1536960720}
1073	{'task_type': 'deadhead', 'locomotive': 22585, 'first_train_section': 27742, 'first_section': 22289, 'first_departure_time': 1536953100, 'first_arrival_time': 1536960720, 'second_train_section': 28362, 'second_section': 22284, 'second_departure_time': 1536970980, 'second_arrival_time': 1536975900}
1074	{'task_type': 'regular', 'locomotive': 22585, 'train_section': 28362, 'section': 22284, 'departure_time': 1536970980, 'arrival_time': 1536975900}
1075	{'task_type': 'deadhead', 'locomotive': 22585, 'first_train_section': 28362, 'first_section': 22284, 'first_departure_time': 1536970980, 'first_arrival_time': 1536975900, 'second_train_section': 25353, 'second_section': 22256, 'second_departure_time': 1536986520, 'second_arrival_time': 1536989460}
1076	{'task_type': 'regular', 'locomotive': 22585, 'train_section': 25353, 'section': 22256, 'departure_time': 1536986520, 'arrival_time': 1536989460}
1077	{'task_type': 'deadhead', 'locomotive': 22585, 'first_train_section': 25353, 'first_section': 22256, 'first_departure_time': 1536986520, 'first_arrival_time': 1536989460, 'second_train_section': 28744, 'second_section': 22471, 'second_departure_time': 1537001820, 'second_arrival_time': 1537004640}
1078	{'task_type': 'regular', 'locomotive': 22585, 'train_section': 28744, 'section': 22471, 'departure_time': 1537001820, 'arrival_time': 1537004640}
1079	{'task_type': 'deadhead', 'locomotive': 22585, 'first_train_section': 28744, 'first_section': 22471, 'first_departure_time': 1537001820, 'first_arrival_time': 1537004640, 'second_train_section': 27960, 'second_section': 22378, 'second_departure_time': 1537023900, 'second_arrival_time': 1537027560}
1080	{'task_type': 'regular', 'locomotive': 22585, 'train_section': 27960, 'section': 22378, 'departure_time': 1537023900, 'arrival_time': 1537027560}
1081	{'task_type': 'regular', 'locomotive': 22585, 'train_section': 27432, 'section': 22416, 'departure_time': 1537030440, 'arrival_time': 1537034100}
1082	{'task_type': 'deadhead', 'locomotive': 22585, 'first_train_section': 27432, 'first_section': 22416, 'first_departure_time': 1537030440, 'first_arrival_time': 1537034100, 'second_train_section': 29602, 'second_section': 22416, 'second_departure_time': 1537043280, 'second_arrival_time': 1537048500}
1083	{'task_type': 'regular', 'locomotive': 22585, 'train_section': 29602, 'section': 22416, 'departure_time': 1537043280, 'arrival_time': 1537048500}
1084	{'task_type': 'deadhead', 'locomotive': 22585, 'first_train_section': 29602, 'first_section': 22416, 'first_departure_time': 1537043280, 'first_arrival_time': 1537048500, 'second_train_section': 29614, 'second_section': 22490, 'second_departure_time': 1537069140, 'second_arrival_time': 1537073340}
1085	{'task_type': 'regular', 'locomotive': 22585, 'train_section': 29614, 'section': 22490, 'departure_time': 1537069140, 'arrival_time': 1537073340}
1086	{'task_type': 'deadhead', 'locomotive': 22585, 'first_train_section': 29614, 'first_section': 22490, 'first_departure_time': 1537069140, 'first_arrival_time': 1537073340, 'second_train_section': 28520, 'second_section': 22499, 'second_departure_time': 1537083900, 'second_arrival_time': 1537089060}
1087	{'task_type': 'regular', 'locomotive': 22585, 'train_section': 28520, 'section': 22499, 'departure_time': 1537083900, 'arrival_time': 1537089060}
1088	{'task_type': 'regular', 'locomotive': 22585, 'train_section': 26820, 'section': 22351, 'departure_time': 1537094880, 'arrival_time': 1537100040}
1089	{'task_type': 'regular', 'locomotive': 22585, 'train_section': 26993, 'section': 22500, 'departure_time': 1537115940, 'arrival_time': 1537117680}
1090	{'task_type': 'deadhead', 'locomotive': 22585, 'first_train_section': 26993, 'first_section': 22500, 'first_departure_time': 1537115940, 'first_arrival_time': 1537117680, 'second_train_section': 30060, 'second_section': 22305, 'second_departure_time': 1537128900, 'second_arrival_time': 1537133940}
1091	{'task_type': 'regular', 'locomotive': 22585, 'train_section': 30060, 'section': 22305, 'departure_time': 1537128900, 'arrival_time': 1537133940}
1092	{'task_type': 'regular', 'locomotive': 22586, 'train_section': 23552, 'section': 22354, 'departure_time': 1536637140, 'arrival_time': 1536641760}
1093	{'task_type': 'deadhead', 'locomotive': 22586, 'first_train_section': 23552, 'first_section': 22354, 'first_departure_time': 1536637140, 'first_arrival_time': 1536641760, 'second_train_section': 24141, 'second_section': 22378, 'second_departure_time': 1536649500, 'second_arrival_time': 1536653160}
1094	{'task_type': 'regular', 'locomotive': 22586, 'train_section': 24141, 'section': 22378, 'departure_time': 1536649500, 'arrival_time': 1536653160}
1095	{'task_type': 'regular', 'locomotive': 22586, 'train_section': 22860, 'section': 22416, 'departure_time': 1536657840, 'arrival_time': 1536661500}
1096	{'task_type': 'deadhead', 'locomotive': 22586, 'first_train_section': 22860, 'first_section': 22416, 'first_departure_time': 1536657840, 'first_arrival_time': 1536661500, 'second_train_section': 27926, 'second_section': 22416, 'second_departure_time': 1536666840, 'second_arrival_time': 1536670500}
1097	{'task_type': 'regular', 'locomotive': 22586, 'train_section': 27926, 'section': 22416, 'departure_time': 1536666840, 'arrival_time': 1536670500}
1098	{'task_type': 'deadhead', 'locomotive': 22586, 'first_train_section': 27926, 'first_section': 22416, 'first_departure_time': 1536666840, 'first_arrival_time': 1536670500, 'second_train_section': 25119, 'second_section': 22416, 'second_departure_time': 1536679440, 'second_arrival_time': 1536683100}
1099	{'task_type': 'regular', 'locomotive': 22586, 'train_section': 25119, 'section': 22416, 'departure_time': 1536679440, 'arrival_time': 1536683100}
1100	{'task_type': 'regular', 'locomotive': 22586, 'train_section': 27007, 'section': 22378, 'departure_time': 1536685500, 'arrival_time': 1536689160}
1101	{'task_type': 'regular', 'locomotive': 22586, 'train_section': 28593, 'section': 22416, 'departure_time': 1536724440, 'arrival_time': 1536728100}
1102	{'task_type': 'deadhead', 'locomotive': 22586, 'first_train_section': 29975, 'first_section': 22417, 'first_departure_time': 1536732000, 'first_arrival_time': 1536759000, 'second_train_section': 23797, 'second_section': 22475, 'second_departure_time': 1536762660, 'second_arrival_time': 1536766680}
1103	{'task_type': 'regular', 'locomotive': 22586, 'train_section': 23797, 'section': 22475, 'departure_time': 1536762660, 'arrival_time': 1536766680}
1104	{'task_type': 'deadhead', 'locomotive': 22586, 'first_train_section': 23797, 'first_section': 22475, 'first_departure_time': 1536762660, 'first_arrival_time': 1536766680, 'second_train_section': 23709, 'second_section': 22427, 'second_departure_time': 1536768000, 'second_arrival_time': 1536770880}
1105	{'task_type': 'regular', 'locomotive': 22586, 'train_section': 23709, 'section': 22427, 'departure_time': 1536768000, 'arrival_time': 1536770880}
1106	{'task_type': 'regular', 'locomotive': 22586, 'train_section': 23711, 'section': 22443, 'departure_time': 1536771600, 'arrival_time': 1536773400}
1107	{'task_type': 'deadhead', 'locomotive': 22586, 'first_train_section': 23711, 'first_section': 22443, 'first_departure_time': 1536771600, 'first_arrival_time': 1536773400, 'second_train_section': 23715, 'second_section': 22304, 'second_departure_time': 1536778740, 'second_arrival_time': 1536783180}
1108	{'task_type': 'regular', 'locomotive': 22586, 'train_section': 23715, 'section': 22304, 'departure_time': 1536778740, 'arrival_time': 1536783180}
1109	{'task_type': 'regular', 'locomotive': 22586, 'train_section': 23717, 'section': 22247, 'departure_time': 1536783360, 'arrival_time': 1536792060}
1110	{'task_type': 'deadhead', 'locomotive': 22586, 'first_train_section': 23717, 'first_section': 22247, 'first_departure_time': 1536783360, 'first_arrival_time': 1536792060, 'second_train_section': 26982, 'second_section': 22404, 'second_departure_time': 1536796980, 'second_arrival_time': 1536805620}
1111	{'task_type': 'regular', 'locomotive': 22586, 'train_section': 26982, 'section': 22404, 'departure_time': 1536796980, 'arrival_time': 1536805620}
1112	{'task_type': 'deadhead', 'locomotive': 22586, 'first_train_section': 26982, 'first_section': 22404, 'first_departure_time': 1536796980, 'first_arrival_time': 1536805620, 'second_train_section': 28590, 'second_section': 22350, 'second_departure_time': 1536815040, 'second_arrival_time': 1536818700}
1113	{'task_type': 'regular', 'locomotive': 22586, 'train_section': 28590, 'section': 22350, 'departure_time': 1536815040, 'arrival_time': 1536818700}
1114	{'task_type': 'deadhead', 'locomotive': 22586, 'first_train_section': 28590, 'first_section': 22350, 'first_departure_time': 1536815040, 'first_arrival_time': 1536818700, 'second_train_section': 29868, 'second_section': 22342, 'second_departure_time': 1536823140, 'second_arrival_time': 1536828420}
1115	{'task_type': 'regular', 'locomotive': 22586, 'train_section': 29868, 'section': 22342, 'departure_time': 1536823140, 'arrival_time': 1536828420}
1116	{'task_type': 'deadhead', 'locomotive': 22586, 'first_train_section': 29868, 'first_section': 22342, 'first_departure_time': 1536823140, 'first_arrival_time': 1536828420, 'second_train_section': 23256, 'second_section': 22331, 'second_departure_time': 1536836880, 'second_arrival_time': 1536847680}
1117	{'task_type': 'regular', 'locomotive': 22586, 'train_section': 23256, 'section': 22331, 'departure_time': 1536836880, 'arrival_time': 1536847680}
1118	{'task_type': 'regular', 'locomotive': 22586, 'train_section': 24310, 'section': 22438, 'departure_time': 1536853920, 'arrival_time': 1536864660}
1119	{'task_type': 'regular', 'locomotive': 22586, 'train_section': 25096, 'section': 22438, 'departure_time': 1536925920, 'arrival_time': 1536936660}
1120	{'task_type': 'deadhead', 'locomotive': 22586, 'first_train_section': 25096, 'first_section': 22438, 'first_departure_time': 1536925920, 'first_arrival_time': 1536936660, 'second_train_section': 26031, 'second_section': 22492, 'second_departure_time': 1536938640, 'second_arrival_time': 1536947880}
1121	{'task_type': 'regular', 'locomotive': 22586, 'train_section': 26031, 'section': 22492, 'departure_time': 1536938640, 'arrival_time': 1536947880}
1122	{'task_type': 'deadhead', 'locomotive': 22586, 'first_train_section': 26031, 'first_section': 22492, 'first_departure_time': 1536938640, 'first_arrival_time': 1536947880, 'second_train_section': 26513, 'second_section': 22343, 'second_departure_time': 1536956400, 'second_arrival_time': 1536967140}
1123	{'task_type': 'regular', 'locomotive': 22586, 'train_section': 26513, 'section': 22343, 'departure_time': 1536956400, 'arrival_time': 1536967140}
1124	{'task_type': 'deadhead', 'locomotive': 22586, 'first_train_section': 26513, 'first_section': 22343, 'first_departure_time': 1536956400, 'first_arrival_time': 1536967140, 'second_train_section': 23351, 'second_section': 22419, 'second_departure_time': 1536979560, 'second_arrival_time': 1536986940}
1125	{'task_type': 'regular', 'locomotive': 22586, 'train_section': 23351, 'section': 22419, 'departure_time': 1536979560, 'arrival_time': 1536986940}
1126	{'task_type': 'deadhead', 'locomotive': 22586, 'first_train_section': 23351, 'first_section': 22419, 'first_departure_time': 1536979560, 'first_arrival_time': 1536986940, 'second_train_section': 28306, 'second_section': 22496, 'second_departure_time': 1536997260, 'second_arrival_time': 1537002060}
1127	{'task_type': 'regular', 'locomotive': 22586, 'train_section': 28306, 'section': 22496, 'departure_time': 1536997260, 'arrival_time': 1537002060}
1128	{'task_type': 'deadhead', 'locomotive': 22586, 'first_train_section': 28306, 'first_section': 22496, 'first_departure_time': 1536997260, 'first_arrival_time': 1537002060, 'second_train_section': 24837, 'second_section': 22431, 'second_departure_time': 1537013160, 'second_arrival_time': 1537018200}
1129	{'task_type': 'regular', 'locomotive': 22586, 'train_section': 24837, 'section': 22431, 'departure_time': 1537013160, 'arrival_time': 1537018200}
1130	{'task_type': 'deadhead', 'locomotive': 22586, 'first_train_section': 24837, 'first_section': 22431, 'first_departure_time': 1537013160, 'first_arrival_time': 1537018200, 'second_train_section': 27289, 'second_section': 22342, 'second_departure_time': 1537032060, 'second_arrival_time': 1537038180}
1131	{'task_type': 'regular', 'locomotive': 22586, 'train_section': 27289, 'section': 22342, 'departure_time': 1537032060, 'arrival_time': 1537038180}
1132	{'task_type': 'regular', 'locomotive': 22586, 'train_section': 27571, 'section': 22378, 'departure_time': 1537074300, 'arrival_time': 1537077960}
1133	{'task_type': 'deadhead', 'locomotive': 22586, 'first_train_section': 27571, 'first_section': 22378, 'first_departure_time': 1537074300, 'first_arrival_time': 1537077960, 'second_train_section': 27397, 'second_section': 22281, 'second_departure_time': 1537095480, 'second_arrival_time': 1537101540}
1134	{'task_type': 'regular', 'locomotive': 22586, 'train_section': 27397, 'section': 22281, 'departure_time': 1537095480, 'arrival_time': 1537101540}
1135	{'task_type': 'regular', 'locomotive': 22586, 'train_section': 25698, 'section': 22340, 'departure_time': 1537103940, 'arrival_time': 1537119600}
1136	{'task_type': 'deadhead', 'locomotive': 22588, 'first_train_section': 23665, 'first_section': 22359, 'first_departure_time': 1536613200, 'first_arrival_time': 1536636600, 'second_train_section': 24445, 'second_section': 22499, 'second_departure_time': 1536644700, 'second_arrival_time': 1536649860}
1137	{'task_type': 'regular', 'locomotive': 22588, 'train_section': 24445, 'section': 22499, 'departure_time': 1536644700, 'arrival_time': 1536649860}
1138	{'task_type': 'regular', 'locomotive': 22588, 'train_section': 24448, 'section': 22347, 'departure_time': 1536650340, 'arrival_time': 1536655680}
1139	{'task_type': 'deadhead', 'locomotive': 22588, 'first_train_section': 24448, 'first_section': 22347, 'first_departure_time': 1536650340, 'first_arrival_time': 1536655680, 'second_train_section': 23120, 'second_section': 22285, 'second_departure_time': 1536667320, 'second_arrival_time': 1536676440}
1140	{'task_type': 'regular', 'locomotive': 22588, 'train_section': 23120, 'section': 22285, 'departure_time': 1536667320, 'arrival_time': 1536676440}
1141	{'task_type': 'regular', 'locomotive': 22588, 'train_section': 28642, 'section': 22492, 'departure_time': 1536679440, 'arrival_time': 1536688680}
1142	{'task_type': 'regular', 'locomotive': 22588, 'train_section': 25546, 'section': 22284, 'departure_time': 1536691920, 'arrival_time': 1536695580}
1143	{'task_type': 'deadhead', 'locomotive': 22588, 'first_train_section': 25546, 'first_section': 22284, 'first_departure_time': 1536691920, 'first_arrival_time': 1536695580, 'second_train_section': 23034, 'second_section': 22342, 'second_departure_time': 1536724020, 'second_arrival_time': 1536730500}
1144	{'task_type': 'regular', 'locomotive': 22588, 'train_section': 23034, 'section': 22342, 'departure_time': 1536724020, 'arrival_time': 1536730500}
1145	{'task_type': 'regular', 'locomotive': 22588, 'train_section': 24530, 'section': 22281, 'departure_time': 1536736440, 'arrival_time': 1536741600}
1146	{'task_type': 'regular', 'locomotive': 22588, 'train_section': 25227, 'section': 22351, 'departure_time': 1536742080, 'arrival_time': 1536747240}
1147	{'task_type': 'deadhead', 'locomotive': 22588, 'first_train_section': 25227, 'first_section': 22351, 'first_departure_time': 1536742080, 'first_arrival_time': 1536747240, 'second_train_section': 27407, 'second_section': 22505, 'second_departure_time': 1536754740, 'second_arrival_time': 1536760620}
1148	{'task_type': 'regular', 'locomotive': 22588, 'train_section': 27407, 'section': 22505, 'departure_time': 1536754740, 'arrival_time': 1536760620}
1149	{'task_type': 'regular', 'locomotive': 22588, 'train_section': 27409, 'section': 22308, 'departure_time': 1536762000, 'arrival_time': 1536764820}
1150	{'task_type': 'regular', 'locomotive': 22588, 'train_section': 27411, 'section': 22496, 'departure_time': 1536766680, 'arrival_time': 1536771600}
1151	{'task_type': 'deadhead', 'locomotive': 22588, 'first_train_section': 27411, 'first_section': 22496, 'first_departure_time': 1536766680, 'first_arrival_time': 1536771600, 'second_train_section': 26339, 'second_section': 22301, 'second_departure_time': 1536777060, 'second_arrival_time': 1536779160}
1152	{'task_type': 'regular', 'locomotive': 22588, 'train_section': 26339, 'section': 22301, 'departure_time': 1536777060, 'arrival_time': 1536779160}
1153	{'task_type': 'regular', 'locomotive': 22588, 'train_section': 26535, 'section': 22376, 'departure_time': 1536781500, 'arrival_time': 1536787200}
1154	{'task_type': 'regular', 'locomotive': 22588, 'train_section': 27754, 'section': 22416, 'departure_time': 1536810840, 'arrival_time': 1536814500}
1155	{'task_type': 'deadhead', 'locomotive': 22588, 'first_train_section': 27754, 'first_section': 22416, 'first_departure_time': 1536810840, 'first_arrival_time': 1536814500, 'second_train_section': 24133, 'second_section': 22485, 'second_departure_time': 1536825240, 'second_arrival_time': 1536832680}
1156	{'task_type': 'regular', 'locomotive': 22588, 'train_section': 24133, 'section': 22485, 'departure_time': 1536825240, 'arrival_time': 1536832680}
1157	{'task_type': 'deadhead', 'locomotive': 22588, 'first_train_section': 24133, 'first_section': 22485, 'first_departure_time': 1536825240, 'first_arrival_time': 1536832680, 'second_train_section': 26602, 'second_section': 22485, 'second_departure_time': 1536843540, 'second_arrival_time': 1536852180}
1158	{'task_type': 'regular', 'locomotive': 22588, 'train_section': 26602, 'section': 22485, 'departure_time': 1536843540, 'arrival_time': 1536852180}
1159	{'task_type': 'deadhead', 'locomotive': 22588, 'first_train_section': 26602, 'first_section': 22485, 'first_departure_time': 1536843540, 'first_arrival_time': 1536852180, 'second_train_section': 27948, 'second_section': 22259, 'second_departure_time': 1536859440, 'second_arrival_time': 1536859740}
1160	{'task_type': 'regular', 'locomotive': 22588, 'train_section': 27948, 'section': 22259, 'departure_time': 1536859440, 'arrival_time': 1536859740}
1161	{'task_type': 'deadhead', 'locomotive': 22588, 'first_train_section': 23294, 'first_section': 22502, 'first_departure_time': 1536876060, 'first_arrival_time': 1536900300, 'second_train_section': 29294, 'second_section': 22508, 'second_departure_time': 1536903180, 'second_arrival_time': 1536906120}
1162	{'task_type': 'regular', 'locomotive': 22588, 'train_section': 29294, 'section': 22508, 'departure_time': 1536903180, 'arrival_time': 1536906120}
1163	{'task_type': 'deadhead', 'locomotive': 22588, 'first_train_section': 29294, 'first_section': 22508, 'first_departure_time': 1536903180, 'first_arrival_time': 1536906120, 'second_train_section': 23276, 'second_section': 22499, 'second_departure_time': 1536911100, 'second_arrival_time': 1536916260}
1164	{'task_type': 'regular', 'locomotive': 22588, 'train_section': 23276, 'section': 22499, 'departure_time': 1536911100, 'arrival_time': 1536916260}
1165	{'task_type': 'deadhead', 'locomotive': 22588, 'first_train_section': 23276, 'first_section': 22499, 'first_departure_time': 1536911100, 'first_arrival_time': 1536916260, 'second_train_section': 25454, 'second_section': 22261, 'second_departure_time': 1536925080, 'second_arrival_time': 1536926820}
1166	{'task_type': 'regular', 'locomotive': 22588, 'train_section': 25454, 'section': 22261, 'departure_time': 1536925080, 'arrival_time': 1536926820}
1167	{'task_type': 'deadhead', 'locomotive': 22588, 'first_train_section': 25454, 'first_section': 22261, 'first_departure_time': 1536925080, 'first_arrival_time': 1536926820, 'second_train_section': 25345, 'second_section': 22499, 'second_departure_time': 1536932700, 'second_arrival_time': 1536937860}
1168	{'task_type': 'regular', 'locomotive': 22588, 'train_section': 25345, 'section': 22499, 'departure_time': 1536932700, 'arrival_time': 1536937860}
1169	{'task_type': 'regular', 'locomotive': 22588, 'train_section': 25348, 'section': 22347, 'departure_time': 1536938340, 'arrival_time': 1536943680}
1170	{'task_type': 'regular', 'locomotive': 22588, 'train_section': 25350, 'section': 22471, 'departure_time': 1536944220, 'arrival_time': 1536947040}
1171	{'task_type': 'deadhead', 'locomotive': 22588, 'first_train_section': 26759, 'first_section': 22328, 'first_departure_time': 1536947040, 'first_arrival_time': 1536956760, 'second_train_section': 28753, 'second_section': 22324, 'second_departure_time': 1536961560, 'second_arrival_time': 1536966900}
1172	{'task_type': 'regular', 'locomotive': 22588, 'train_section': 28753, 'section': 22324, 'departure_time': 1536961560, 'arrival_time': 1536966900}
1173	{'task_type': 'deadhead', 'locomotive': 22588, 'first_train_section': 28753, 'first_section': 22324, 'first_departure_time': 1536961560, 'first_arrival_time': 1536966900, 'second_train_section': 24052, 'second_section': 22293, 'second_departure_time': 1536977880, 'second_arrival_time': 1536986340}
1174	{'task_type': 'regular', 'locomotive': 22588, 'train_section': 24052, 'section': 22293, 'departure_time': 1536977880, 'arrival_time': 1536986340}
1175	{'task_type': 'deadhead', 'locomotive': 22588, 'first_train_section': 24052, 'first_section': 22293, 'first_departure_time': 1536977880, 'first_arrival_time': 1536986340, 'second_train_section': 28587, 'second_section': 22378, 'second_departure_time': 1536998700, 'second_arrival_time': 1537002360}
1176	{'task_type': 'regular', 'locomotive': 22588, 'train_section': 28587, 'section': 22378, 'departure_time': 1536998700, 'arrival_time': 1537002360}
1177	{'task_type': 'deadhead', 'locomotive': 22588, 'first_train_section': 28587, 'first_section': 22378, 'first_departure_time': 1536998700, 'first_arrival_time': 1537002360, 'second_train_section': 23023, 'second_section': 22499, 'second_departure_time': 1537019100, 'second_arrival_time': 1537024260}
1178	{'task_type': 'regular', 'locomotive': 22588, 'train_section': 23023, 'section': 22499, 'departure_time': 1537019100, 'arrival_time': 1537024260}
1179	{'task_type': 'regular', 'locomotive': 22590, 'train_section': 23591, 'section': 22330, 'departure_time': 1536622800, 'arrival_time': 1536631020}
1180	{'task_type': 'regular', 'locomotive': 22590, 'train_section': 27628, 'section': 22401, 'departure_time': 1536642540, 'arrival_time': 1536643860}
1181	{'task_type': 'deadhead', 'locomotive': 22590, 'first_train_section': 27628, 'first_section': 22401, 'first_departure_time': 1536642540, 'first_arrival_time': 1536643860, 'second_train_section': 28858, 'second_section': 22259, 'second_departure_time': 1536664200, 'second_arrival_time': 1536664560}
1182	{'task_type': 'regular', 'locomotive': 22590, 'train_section': 28858, 'section': 22259, 'departure_time': 1536664200, 'arrival_time': 1536664560}
1183	{'task_type': 'deadhead', 'locomotive': 22590, 'first_train_section': 28858, 'first_section': 22259, 'first_departure_time': 1536664200, 'first_arrival_time': 1536664560, 'second_train_section': 29142, 'second_section': 22361, 'second_departure_time': 1536676740, 'second_arrival_time': 1536679740}
1184	{'task_type': 'regular', 'locomotive': 22590, 'train_section': 29142, 'section': 22361, 'departure_time': 1536676740, 'arrival_time': 1536679740}
1185	{'task_type': 'regular', 'locomotive': 22590, 'train_section': 29360, 'section': 22500, 'departure_time': 1536680280, 'arrival_time': 1536683400}
1186	{'task_type': 'regular', 'locomotive': 22590, 'train_section': 24960, 'section': 22360, 'departure_time': 1536684480, 'arrival_time': 1536696120}
1187	{'task_type': 'deadhead', 'locomotive': 22590, 'first_train_section': 24960, 'first_section': 22360, 'first_departure_time': 1536684480, 'first_arrival_time': 1536696120, 'second_train_section': 24754, 'second_section': 22429, 'second_departure_time': 1536699240, 'second_arrival_time': 1536701880}
1188	{'task_type': 'regular', 'locomotive': 22590, 'train_section': 24754, 'section': 22429, 'departure_time': 1536699240, 'arrival_time': 1536701880}
1189	{'task_type': 'deadhead', 'locomotive': 22590, 'first_train_section': 24661, 'first_section': 22473, 'first_departure_time': 1536703260, 'first_arrival_time': 1536722400, 'second_train_section': 23980, 'second_section': 22431, 'second_departure_time': 1536732600, 'second_arrival_time': 1536737220}
1190	{'task_type': 'regular', 'locomotive': 22590, 'train_section': 23980, 'section': 22431, 'departure_time': 1536732600, 'arrival_time': 1536737220}
1191	{'task_type': 'deadhead', 'locomotive': 22590, 'first_train_section': 23980, 'first_section': 22431, 'first_departure_time': 1536732600, 'first_arrival_time': 1536737220, 'second_train_section': 23984, 'second_section': 22309, 'second_departure_time': 1536741960, 'second_arrival_time': 1536746520}
1192	{'task_type': 'regular', 'locomotive': 22590, 'train_section': 23984, 'section': 22309, 'departure_time': 1536741960, 'arrival_time': 1536746520}
1193	{'task_type': 'deadhead', 'locomotive': 22590, 'first_train_section': 23984, 'first_section': 22309, 'first_departure_time': 1536741960, 'first_arrival_time': 1536746520, 'second_train_section': 26078, 'second_section': 22362, 'second_departure_time': 1536750060, 'second_arrival_time': 1536752700}
1194	{'task_type': 'regular', 'locomotive': 22590, 'train_section': 26078, 'section': 22362, 'departure_time': 1536750060, 'arrival_time': 1536752700}
1195	{'task_type': 'deadhead', 'locomotive': 22590, 'first_train_section': 26078, 'first_section': 22362, 'first_departure_time': 1536750060, 'first_arrival_time': 1536752700, 'second_train_section': 24550, 'second_section': 22245, 'second_departure_time': 1536759060, 'second_arrival_time': 1536764220}
1196	{'task_type': 'regular', 'locomotive': 22590, 'train_section': 24550, 'section': 22245, 'departure_time': 1536759060, 'arrival_time': 1536764220}
1197	{'task_type': 'deadhead', 'locomotive': 22590, 'first_train_section': 24550, 'first_section': 22245, 'first_departure_time': 1536759060, 'first_arrival_time': 1536764220, 'second_train_section': 24554, 'second_section': 22496, 'second_departure_time': 1536767640, 'second_arrival_time': 1536771480}
1198	{'task_type': 'regular', 'locomotive': 22590, 'train_section': 24554, 'section': 22496, 'departure_time': 1536767640, 'arrival_time': 1536771480}
1199	{'task_type': 'deadhead', 'locomotive': 22590, 'first_train_section': 28368, 'first_section': 22417, 'first_departure_time': 1536777360, 'first_arrival_time': 1536789540, 'second_train_section': 29355, 'second_section': 22308, 'second_departure_time': 1536799560, 'second_arrival_time': 1536802320}
1200	{'task_type': 'regular', 'locomotive': 22590, 'train_section': 29355, 'section': 22308, 'departure_time': 1536799560, 'arrival_time': 1536802320}
1201	{'task_type': 'regular', 'locomotive': 22590, 'train_section': 25999, 'section': 22496, 'departure_time': 1536805860, 'arrival_time': 1536812220}
1202	{'task_type': 'deadhead', 'locomotive': 22590, 'first_train_section': 25999, 'first_section': 22496, 'first_departure_time': 1536805860, 'first_arrival_time': 1536812220, 'second_train_section': 26730, 'second_section': 22427, 'second_departure_time': 1536814680, 'second_arrival_time': 1536818340}
1203	{'task_type': 'regular', 'locomotive': 22590, 'train_section': 26730, 'section': 22427, 'departure_time': 1536814680, 'arrival_time': 1536818340}
1204	{'task_type': 'deadhead', 'locomotive': 22590, 'first_train_section': 26730, 'first_section': 22427, 'first_departure_time': 1536814680, 'first_arrival_time': 1536818340, 'second_train_section': 27615, 'second_section': 22427, 'second_departure_time': 1536825780, 'second_arrival_time': 1536828600}
1205	{'task_type': 'regular', 'locomotive': 22590, 'train_section': 27615, 'section': 22427, 'departure_time': 1536825780, 'arrival_time': 1536828600}
1206	{'task_type': 'regular', 'locomotive': 22590, 'train_section': 27617, 'section': 22443, 'departure_time': 1536829740, 'arrival_time': 1536831420}
1207	{'task_type': 'deadhead', 'locomotive': 22590, 'first_train_section': 27617, 'first_section': 22443, 'first_departure_time': 1536829740, 'first_arrival_time': 1536831420, 'second_train_section': 28347, 'second_section': 22416, 'second_departure_time': 1536837840, 'second_arrival_time': 1536841500}
1208	{'task_type': 'regular', 'locomotive': 22590, 'train_section': 28347, 'section': 22416, 'departure_time': 1536837840, 'arrival_time': 1536841500}
1209	{'task_type': 'regular', 'locomotive': 22590, 'train_section': 23474, 'section': 22378, 'departure_time': 1536843900, 'arrival_time': 1536847560}
1210	{'task_type': 'deadhead', 'locomotive': 22590, 'first_train_section': 23474, 'first_section': 22378, 'first_departure_time': 1536843900, 'first_arrival_time': 1536847560, 'second_train_section': 23965, 'second_section': 22513, 'second_departure_time': 1536853080, 'second_arrival_time': 1536854700}
1211	{'task_type': 'regular', 'locomotive': 22590, 'train_section': 23965, 'section': 22513, 'departure_time': 1536853080, 'arrival_time': 1536854700}
1212	{'task_type': 'deadhead', 'locomotive': 22590, 'first_train_section': 27519, 'first_section': 22473, 'first_departure_time': 1536876060, 'first_arrival_time': 1536895200, 'second_train_section': 22672, 'second_section': 22505, 'second_departure_time': 1536904680, 'second_arrival_time': 1536909600}
1213	{'task_type': 'regular', 'locomotive': 22590, 'train_section': 22672, 'section': 22505, 'departure_time': 1536904680, 'arrival_time': 1536909600}
1214	{'task_type': 'regular', 'locomotive': 22590, 'train_section': 22821, 'section': 22304, 'departure_time': 1536914100, 'arrival_time': 1536919020}
1215	{'task_type': 'deadhead', 'locomotive': 22590, 'first_train_section': 22821, 'first_section': 22304, 'first_departure_time': 1536914100, 'first_arrival_time': 1536919020, 'second_train_section': 24004, 'second_section': 22275, 'second_departure_time': 1536930300, 'second_arrival_time': 1536937380}
1216	{'task_type': 'regular', 'locomotive': 22590, 'train_section': 24004, 'section': 22275, 'departure_time': 1536930300, 'arrival_time': 1536937380}
1217	{'task_type': 'deadhead', 'locomotive': 22590, 'first_train_section': 24004, 'first_section': 22275, 'first_departure_time': 1536930300, 'first_arrival_time': 1536937380, 'second_train_section': 26565, 'second_section': 22387, 'second_departure_time': 1536946680, 'second_arrival_time': 1536948120}
1218	{'task_type': 'regular', 'locomotive': 22590, 'train_section': 26565, 'section': 22387, 'departure_time': 1536946680, 'arrival_time': 1536948120}
1219	{'task_type': 'deadhead', 'locomotive': 22590, 'first_train_section': 26565, 'first_section': 22387, 'first_departure_time': 1536946680, 'first_arrival_time': 1536948120, 'second_train_section': 25761, 'second_section': 22469, 'second_departure_time': 1536952800, 'second_arrival_time': 1536954960}
1220	{'task_type': 'regular', 'locomotive': 22590, 'train_section': 25761, 'section': 22469, 'departure_time': 1536952800, 'arrival_time': 1536954960}
1221	{'task_type': 'deadhead', 'locomotive': 22590, 'first_train_section': 25761, 'first_section': 22469, 'first_departure_time': 1536952800, 'first_arrival_time': 1536954960, 'second_train_section': 25559, 'second_section': 22330, 'second_departure_time': 1536968400, 'second_arrival_time': 1536976620}
1222	{'task_type': 'regular', 'locomotive': 22590, 'train_section': 25559, 'section': 22330, 'departure_time': 1536968400, 'arrival_time': 1536976620}
1223	{'task_type': 'deadhead', 'locomotive': 22590, 'first_train_section': 25559, 'first_section': 22330, 'first_departure_time': 1536968400, 'first_arrival_time': 1536976620, 'second_train_section': 23889, 'second_section': 22404, 'second_departure_time': 1536986220, 'second_arrival_time': 1536996420}
1224	{'task_type': 'regular', 'locomotive': 22590, 'train_section': 23889, 'section': 22404, 'departure_time': 1536986220, 'arrival_time': 1536996420}
1225	{'task_type': 'deadhead', 'locomotive': 22590, 'first_train_section': 23889, 'first_section': 22404, 'first_departure_time': 1536986220, 'first_arrival_time': 1536996420, 'second_train_section': 28462, 'second_section': 22313, 'second_departure_time': 1537015680, 'second_arrival_time': 1537020600}
1226	{'task_type': 'regular', 'locomotive': 22590, 'train_section': 28462, 'section': 22313, 'departure_time': 1537015680, 'arrival_time': 1537020600}
1227	{'task_type': 'regular', 'locomotive': 22591, 'train_section': 27507, 'section': 22304, 'departure_time': 1536741300, 'arrival_time': 1536746220}
1228	{'task_type': 'regular', 'locomotive': 22591, 'train_section': 27509, 'section': 22247, 'departure_time': 1536746400, 'arrival_time': 1536755820}
1229	{'task_type': 'deadhead', 'locomotive': 22591, 'first_train_section': 27509, 'first_section': 22247, 'first_departure_time': 1536746400, 'first_arrival_time': 1536755820, 'second_train_section': 25776, 'second_section': 22472, 'second_departure_time': 1536765180, 'second_arrival_time': 1536770340}
1230	{'task_type': 'regular', 'locomotive': 22591, 'train_section': 25776, 'section': 22472, 'departure_time': 1536765180, 'arrival_time': 1536770340}
1231	{'task_type': 'regular', 'locomotive': 22591, 'train_section': 25778, 'section': 22351, 'departure_time': 1536770880, 'arrival_time': 1536776040}
1232	{'task_type': 'deadhead', 'locomotive': 22591, 'first_train_section': 25778, 'first_section': 22351, 'first_departure_time': 1536770880, 'first_arrival_time': 1536776040, 'second_train_section': 26882, 'second_section': 22479, 'second_departure_time': 1536781860, 'second_arrival_time': 1536783720}
1233	{'task_type': 'regular', 'locomotive': 22591, 'train_section': 26882, 'section': 22479, 'departure_time': 1536781860, 'arrival_time': 1536783720}
1234	{'task_type': 'regular', 'locomotive': 22591, 'train_section': 29721, 'section': 22259, 'departure_time': 1536786900, 'arrival_time': 1536787320}
1235	{'task_type': 'regular', 'locomotive': 22591, 'train_section': 26440, 'section': 22265, 'departure_time': 1536789660, 'arrival_time': 1536793380}
1236	{'task_type': 'deadhead', 'locomotive': 22591, 'first_train_section': 26440, 'first_section': 22265, 'first_departure_time': 1536789660, 'first_arrival_time': 1536793380, 'second_train_section': 27208, 'second_section': 22288, 'second_departure_time': 1536800820, 'second_arrival_time': 1536807360}
1237	{'task_type': 'regular', 'locomotive': 22591, 'train_section': 27208, 'section': 22288, 'departure_time': 1536800820, 'arrival_time': 1536807360}
1238	{'task_type': 'deadhead', 'locomotive': 22591, 'first_train_section': 27208, 'first_section': 22288, 'first_departure_time': 1536800820, 'first_arrival_time': 1536807360, 'second_train_section': 23442, 'second_section': 22326, 'second_departure_time': 1536808560, 'second_arrival_time': 1536814620}
1239	{'task_type': 'regular', 'locomotive': 22591, 'train_section': 23442, 'section': 22326, 'departure_time': 1536808560, 'arrival_time': 1536814620}
1240	{'task_type': 'regular', 'locomotive': 22591, 'train_section': 28147, 'section': 22279, 'departure_time': 1536821400, 'arrival_time': 1536826980}
1241	{'task_type': 'deadhead', 'locomotive': 22591, 'first_train_section': 28147, 'first_section': 22279, 'first_departure_time': 1536821400, 'first_arrival_time': 1536826980, 'second_train_section': 25205, 'second_section': 22381, 'second_departure_time': 1536838320, 'second_arrival_time': 1536840240}
1242	{'task_type': 'regular', 'locomotive': 22591, 'train_section': 25205, 'section': 22381, 'departure_time': 1536838320, 'arrival_time': 1536840240}
1243	{'task_type': 'regular', 'locomotive': 22591, 'train_section': 29647, 'section': 22287, 'departure_time': 1536840480, 'arrival_time': 1536841860}
1244	{'task_type': 'deadhead', 'locomotive': 22591, 'first_train_section': 29647, 'first_section': 22287, 'first_departure_time': 1536840480, 'first_arrival_time': 1536841860, 'second_train_section': 27205, 'second_section': 22378, 'second_departure_time': 1536851100, 'second_arrival_time': 1536854760}
1245	{'task_type': 'regular', 'locomotive': 22591, 'train_section': 27205, 'section': 22378, 'departure_time': 1536851100, 'arrival_time': 1536854760}
1246	{'task_type': 'regular', 'locomotive': 22591, 'train_section': 25731, 'section': 22416, 'departure_time': 1536857640, 'arrival_time': 1536861300}
1247	{'task_type': 'deadhead', 'locomotive': 22591, 'first_train_section': 25731, 'first_section': 22416, 'first_departure_time': 1536857640, 'first_arrival_time': 1536861300, 'second_train_section': 27142, 'second_section': 22301, 'second_departure_time': 1536863460, 'second_arrival_time': 1536865560}
1248	{'task_type': 'regular', 'locomotive': 22591, 'train_section': 27142, 'section': 22301, 'departure_time': 1536863460, 'arrival_time': 1536865560}
1249	{'task_type': 'regular', 'locomotive': 22591, 'train_section': 27583, 'section': 22376, 'departure_time': 1536867900, 'arrival_time': 1536873600}
1250	{'task_type': 'deadhead', 'locomotive': 22591, 'first_train_section': 27583, 'first_section': 22376, 'first_departure_time': 1536867900, 'first_arrival_time': 1536873600, 'second_train_section': 29997, 'second_section': 22431, 'second_departure_time': 1536877140, 'second_arrival_time': 1536881340}
1251	{'task_type': 'regular', 'locomotive': 22591, 'train_section': 29997, 'section': 22431, 'departure_time': 1536877140, 'arrival_time': 1536881340}
1252	{'task_type': 'deadhead', 'locomotive': 22591, 'first_train_section': 29997, 'first_section': 22431, 'first_departure_time': 1536877140, 'first_arrival_time': 1536881340, 'second_train_section': 26034, 'second_section': 22430, 'second_departure_time': 1536890580, 'second_arrival_time': 1536892680}
1253	{'task_type': 'regular', 'locomotive': 22591, 'train_section': 26034, 'section': 22430, 'departure_time': 1536890580, 'arrival_time': 1536892680}
1254	{'task_type': 'deadhead', 'locomotive': 22591, 'first_train_section': 26034, 'first_section': 22430, 'first_departure_time': 1536890580, 'first_arrival_time': 1536892680, 'second_train_section': 25477, 'second_section': 22427, 'second_departure_time': 1536893820, 'second_arrival_time': 1536896820}
1255	{'task_type': 'regular', 'locomotive': 22591, 'train_section': 25477, 'section': 22427, 'departure_time': 1536893820, 'arrival_time': 1536896820}
1256	{'task_type': 'regular', 'locomotive': 22591, 'train_section': 25479, 'section': 22443, 'departure_time': 1536897420, 'arrival_time': 1536899040}
1257	{'task_type': 'regular', 'locomotive': 22591, 'train_section': 25481, 'section': 22495, 'departure_time': 1536899640, 'arrival_time': 1536902460}
1258	{'task_type': 'deadhead', 'locomotive': 22591, 'first_train_section': 25481, 'first_section': 22495, 'first_departure_time': 1536899640, 'first_arrival_time': 1536902460, 'second_train_section': 28977, 'second_section': 22258, 'second_departure_time': 1536907860, 'second_arrival_time': 1536910260}
1259	{'task_type': 'regular', 'locomotive': 22591, 'train_section': 28977, 'section': 22258, 'departure_time': 1536907860, 'arrival_time': 1536910260}
1260	{'task_type': 'deadhead', 'locomotive': 22591, 'first_train_section': 28977, 'first_section': 22258, 'first_departure_time': 1536907860, 'first_arrival_time': 1536910260, 'second_train_section': 27883, 'second_section': 22507, 'second_departure_time': 1536914760, 'second_arrival_time': 1536918360}
1261	{'task_type': 'regular', 'locomotive': 22591, 'train_section': 27883, 'section': 22507, 'departure_time': 1536914760, 'arrival_time': 1536918360}
1262	{'task_type': 'regular', 'locomotive': 22591, 'train_section': 23166, 'section': 22362, 'departure_time': 1536922860, 'arrival_time': 1536925500}
1263	{'task_type': 'deadhead', 'locomotive': 22591, 'first_train_section': 23166, 'first_section': 22362, 'first_departure_time': 1536922860, 'first_arrival_time': 1536925500, 'second_train_section': 26555, 'second_section': 22262, 'second_departure_time': 1536930480, 'second_arrival_time': 1536930780}
1264	{'task_type': 'regular', 'locomotive': 22591, 'train_section': 26555, 'section': 22262, 'departure_time': 1536930480, 'arrival_time': 1536930780}
1265	{'task_type': 'regular', 'locomotive': 22591, 'train_section': 26557, 'section': 22263, 'departure_time': 1536932280, 'arrival_time': 1536934080}
1266	{'task_type': 'regular', 'locomotive': 22591, 'train_section': 26559, 'section': 22247, 'departure_time': 1536934320, 'arrival_time': 1536945420}
1267	{'task_type': 'deadhead', 'locomotive': 22591, 'first_train_section': 26559, 'first_section': 22247, 'first_departure_time': 1536934320, 'first_arrival_time': 1536945420, 'second_train_section': 25769, 'second_section': 22334, 'second_departure_time': 1536956220, 'second_arrival_time': 1536959400}
1268	{'task_type': 'regular', 'locomotive': 22591, 'train_section': 25769, 'section': 22334, 'departure_time': 1536956220, 'arrival_time': 1536959400}
1269	{'task_type': 'regular', 'locomotive': 22591, 'train_section': 22921, 'section': 22323, 'departure_time': 1536963120, 'arrival_time': 1536966600}
1270	{'task_type': 'deadhead', 'locomotive': 22591, 'first_train_section': 22921, 'first_section': 22323, 'first_departure_time': 1536963120, 'first_arrival_time': 1536966600, 'second_train_section': 23695, 'second_section': 22320, 'second_departure_time': 1536980280, 'second_arrival_time': 1536986700}
1271	{'task_type': 'regular', 'locomotive': 22591, 'train_section': 23695, 'section': 22320, 'departure_time': 1536980280, 'arrival_time': 1536986700}
1272	{'task_type': 'regular', 'locomotive': 22591, 'train_section': 24640, 'section': 22329, 'departure_time': 1536994680, 'arrival_time': 1536996120}
1273	{'task_type': 'regular', 'locomotive': 22592, 'train_section': 28471, 'section': 22294, 'departure_time': 1536610080, 'arrival_time': 1536613320}
1274	{'task_type': 'deadhead', 'locomotive': 22592, 'first_train_section': 28679, 'first_section': 22470, 'first_departure_time': 1536616800, 'first_arrival_time': 1536633600, 'second_train_section': 25257, 'second_section': 22472, 'second_departure_time': 1536642780, 'second_arrival_time': 1536647940}
1275	{'task_type': 'regular', 'locomotive': 22592, 'train_section': 25257, 'section': 22472, 'departure_time': 1536642780, 'arrival_time': 1536647940}
1276	{'task_type': 'regular', 'locomotive': 22592, 'train_section': 26015, 'section': 22342, 'departure_time': 1536650340, 'arrival_time': 1536655620}
1277	{'task_type': 'deadhead', 'locomotive': 22592, 'first_train_section': 26015, 'first_section': 22342, 'first_departure_time': 1536650340, 'first_arrival_time': 1536655620, 'second_train_section': 26950, 'second_section': 22293, 'second_departure_time': 1536660240, 'second_arrival_time': 1536665700}
1278	{'task_type': 'regular', 'locomotive': 22592, 'train_section': 26950, 'section': 22293, 'departure_time': 1536660240, 'arrival_time': 1536665700}
1279	{'task_type': 'regular', 'locomotive': 22592, 'train_section': 25157, 'section': 22389, 'departure_time': 1536672600, 'arrival_time': 1536679320}
1280	{'task_type': 'deadhead', 'locomotive': 22592, 'first_train_section': 25157, 'first_section': 22389, 'first_departure_time': 1536672600, 'first_arrival_time': 1536679320, 'second_train_section': 25574, 'second_section': 22256, 'second_departure_time': 1536685800, 'second_arrival_time': 1536688080}
1281	{'task_type': 'regular', 'locomotive': 22592, 'train_section': 25574, 'section': 22256, 'departure_time': 1536685800, 'arrival_time': 1536688080}
1282	{'task_type': 'deadhead', 'locomotive': 22592, 'first_train_section': 25574, 'first_section': 22256, 'first_departure_time': 1536685800, 'first_arrival_time': 1536688080, 'second_train_section': 25439, 'second_section': 22449, 'second_departure_time': 1536689580, 'second_arrival_time': 1536691740}
1283	{'task_type': 'regular', 'locomotive': 22592, 'train_section': 25439, 'section': 22449, 'departure_time': 1536689580, 'arrival_time': 1536691740}
1284	{'task_type': 'deadhead', 'locomotive': 22592, 'first_train_section': 25439, 'first_section': 22449, 'first_departure_time': 1536689580, 'first_arrival_time': 1536691740, 'second_train_section': 29659, 'second_section': 22294, 'second_departure_time': 1536696480, 'second_arrival_time': 1536699720}
1285	{'task_type': 'regular', 'locomotive': 22592, 'train_section': 29659, 'section': 22294, 'departure_time': 1536696480, 'arrival_time': 1536699720}
1286	{'task_type': 'deadhead', 'locomotive': 22592, 'first_train_section': 27121, 'first_section': 22470, 'first_departure_time': 1536702000, 'first_arrival_time': 1536703140, 'second_train_section': 29106, 'second_section': 22322, 'second_departure_time': 1536707760, 'second_arrival_time': 1536715260}
1287	{'task_type': 'regular', 'locomotive': 22592, 'train_section': 29106, 'section': 22322, 'departure_time': 1536707760, 'arrival_time': 1536715260}
1288	{'task_type': 'deadhead', 'locomotive': 22592, 'first_train_section': 29106, 'first_section': 22322, 'first_departure_time': 1536707760, 'first_arrival_time': 1536715260, 'second_train_section': 29317, 'second_section': 22239, 'second_departure_time': 1536723420, 'second_arrival_time': 1536723660}
1289	{'task_type': 'regular', 'locomotive': 22592, 'train_section': 29317, 'section': 22239, 'departure_time': 1536723420, 'arrival_time': 1536723660}
1290	{'task_type': 'deadhead', 'locomotive': 22592, 'first_train_section': 29317, 'first_section': 22239, 'first_departure_time': 1536723420, 'first_arrival_time': 1536723660, 'second_train_section': 29271, 'second_section': 22447, 'second_departure_time': 1536735180, 'second_arrival_time': 1536738240}
1291	{'task_type': 'regular', 'locomotive': 22592, 'train_section': 29271, 'section': 22447, 'departure_time': 1536735180, 'arrival_time': 1536738240}
1292	{'task_type': 'regular', 'locomotive': 22592, 'train_section': 24106, 'section': 22256, 'departure_time': 1536743880, 'arrival_time': 1536746580}
1293	{'task_type': 'deadhead', 'locomotive': 22592, 'first_train_section': 24106, 'first_section': 22256, 'first_departure_time': 1536743880, 'first_arrival_time': 1536746580, 'second_train_section': 25028, 'second_section': 22279, 'second_departure_time': 1536749400, 'second_arrival_time': 1536754980}
1294	{'task_type': 'regular', 'locomotive': 22592, 'train_section': 25028, 'section': 22279, 'departure_time': 1536749400, 'arrival_time': 1536754980}
1295	{'task_type': 'deadhead', 'locomotive': 22592, 'first_train_section': 25028, 'first_section': 22279, 'first_departure_time': 1536749400, 'first_arrival_time': 1536754980, 'second_train_section': 26642, 'second_section': 22257, 'second_departure_time': 1536760800, 'second_arrival_time': 1536761520}
1296	{'task_type': 'regular', 'locomotive': 22592, 'train_section': 26642, 'section': 22257, 'departure_time': 1536760800, 'arrival_time': 1536761520}
1297	{'task_type': 'deadhead', 'locomotive': 22592, 'first_train_section': 29773, 'first_section': 22470, 'first_departure_time': 1536761520, 'first_arrival_time': 1536765420, 'second_train_section': 26491, 'second_section': 22315, 'second_departure_time': 1536770880, 'second_arrival_time': 1536775380}
1298	{'task_type': 'regular', 'locomotive': 22592, 'train_section': 26491, 'section': 22315, 'departure_time': 1536770880, 'arrival_time': 1536775380}
1299	{'task_type': 'deadhead', 'locomotive': 22592, 'first_train_section': 23971, 'first_section': 22411, 'first_departure_time': 1536775380, 'first_arrival_time': 1536789540, 'second_train_section': 28076, 'second_section': 22343, 'second_departure_time': 1536796860, 'second_arrival_time': 1536805260}
1300	{'task_type': 'regular', 'locomotive': 22592, 'train_section': 28076, 'section': 22343, 'departure_time': 1536796860, 'arrival_time': 1536805260}
1301	{'task_type': 'deadhead', 'locomotive': 22592, 'first_train_section': 28076, 'first_section': 22343, 'first_departure_time': 1536796860, 'first_arrival_time': 1536805260, 'second_train_section': 24320, 'second_section': 22281, 'second_departure_time': 1536807960, 'second_arrival_time': 1536814920}
1302	{'task_type': 'regular', 'locomotive': 22592, 'train_section': 24320, 'section': 22281, 'departure_time': 1536807960, 'arrival_time': 1536814920}
1303	{'task_type': 'regular', 'locomotive': 22592, 'train_section': 26446, 'section': 22342, 'departure_time': 1536816060, 'arrival_time': 1536822180}
1304	{'task_type': 'deadhead', 'locomotive': 22592, 'first_train_section': 26446, 'first_section': 22342, 'first_departure_time': 1536816060, 'first_arrival_time': 1536822180, 'second_train_section': 26648, 'second_section': 22256, 'second_departure_time': 1536830280, 'second_arrival_time': 1536832980}
1305	{'task_type': 'regular', 'locomotive': 22592, 'train_section': 26648, 'section': 22256, 'departure_time': 1536830280, 'arrival_time': 1536832980}
1306	{'task_type': 'deadhead', 'locomotive': 22592, 'first_train_section': 26648, 'first_section': 22256, 'first_departure_time': 1536830280, 'first_arrival_time': 1536832980, 'second_train_section': 23835, 'second_section': 22447, 'second_departure_time': 1536837120, 'second_arrival_time': 1536840000}
1307	{'task_type': 'regular', 'locomotive': 22592, 'train_section': 23835, 'section': 22447, 'departure_time': 1536837120, 'arrival_time': 1536840000}
1308	{'task_type': 'deadhead', 'locomotive': 22592, 'first_train_section': 23835, 'first_section': 22447, 'first_departure_time': 1536837120, 'first_arrival_time': 1536840000, 'second_train_section': 26747, 'second_section': 22279, 'second_departure_time': 1536846600, 'second_arrival_time': 1536851520}
1309	{'task_type': 'regular', 'locomotive': 22592, 'train_section': 26747, 'section': 22279, 'departure_time': 1536846600, 'arrival_time': 1536851520}
1310	{'task_type': 'deadhead', 'locomotive': 22592, 'first_train_section': 26747, 'first_section': 22279, 'first_departure_time': 1536846600, 'first_arrival_time': 1536851520, 'second_train_section': 25971, 'second_section': 22256, 'second_departure_time': 1536858600, 'second_arrival_time': 1536860880}
1311	{'task_type': 'regular', 'locomotive': 22592, 'train_section': 25971, 'section': 22256, 'departure_time': 1536858600, 'arrival_time': 1536860880}
1312	{'task_type': 'deadhead', 'locomotive': 22592, 'first_train_section': 25971, 'first_section': 22256, 'first_departure_time': 1536858600, 'first_arrival_time': 1536860880, 'second_train_section': 26433, 'second_section': 22255, 'second_departure_time': 1536861900, 'second_arrival_time': 1536862800}
1313	{'task_type': 'regular', 'locomotive': 22592, 'train_section': 26433, 'section': 22255, 'departure_time': 1536861900, 'arrival_time': 1536862800}
1314	{'task_type': 'deadhead', 'locomotive': 22592, 'first_train_section': 28648, 'first_section': 22319, 'first_departure_time': 1536876000, 'first_arrival_time': 1536893880, 'second_train_section': 23832, 'second_section': 22335, 'second_departure_time': 1536898320, 'second_arrival_time': 1536902100}
1315	{'task_type': 'regular', 'locomotive': 22592, 'train_section': 23832, 'section': 22335, 'departure_time': 1536898320, 'arrival_time': 1536902100}
1316	{'task_type': 'regular', 'locomotive': 22592, 'train_section': 23507, 'section': 22331, 'departure_time': 1536908880, 'arrival_time': 1536919680}
1317	{'task_type': 'deadhead', 'locomotive': 22592, 'first_train_section': 23507, 'first_section': 22331, 'first_departure_time': 1536908880, 'first_arrival_time': 1536919680, 'second_train_section': 23668, 'second_section': 22257, 'second_departure_time': 1536933600, 'second_arrival_time': 1536934320}
1318	{'task_type': 'regular', 'locomotive': 22592, 'train_section': 23668, 'section': 22257, 'departure_time': 1536933600, 'arrival_time': 1536934320}
1319	{'task_type': 'deadhead', 'locomotive': 22592, 'first_train_section': 23668, 'first_section': 22257, 'first_departure_time': 1536933600, 'first_arrival_time': 1536934320, 'second_train_section': 27088, 'second_section': 22281, 'second_departure_time': 1536938040, 'second_arrival_time': 1536943200}
1320	{'task_type': 'regular', 'locomotive': 22592, 'train_section': 27088, 'section': 22281, 'departure_time': 1536938040, 'arrival_time': 1536943200}
1321	{'task_type': 'deadhead', 'locomotive': 22592, 'first_train_section': 27088, 'first_section': 22281, 'first_departure_time': 1536938040, 'first_arrival_time': 1536943200, 'second_train_section': 30014, 'second_section': 22468, 'second_departure_time': 1536952260, 'second_arrival_time': 1536956400}
1322	{'task_type': 'regular', 'locomotive': 22592, 'train_section': 30014, 'section': 22468, 'departure_time': 1536952260, 'arrival_time': 1536956400}
1323	{'task_type': 'deadhead', 'locomotive': 22592, 'first_train_section': 30014, 'first_section': 22468, 'first_departure_time': 1536952260, 'first_arrival_time': 1536956400, 'second_train_section': 22851, 'second_section': 22332, 'second_departure_time': 1536957000, 'second_arrival_time': 1536961140}
1324	{'task_type': 'regular', 'locomotive': 22592, 'train_section': 22851, 'section': 22332, 'departure_time': 1536957000, 'arrival_time': 1536961140}
1325	{'task_type': 'deadhead', 'locomotive': 22592, 'first_train_section': 22851, 'first_section': 22332, 'first_departure_time': 1536957000, 'first_arrival_time': 1536961140, 'second_train_section': 26578, 'second_section': 22451, 'second_departure_time': 1536965820, 'second_arrival_time': 1536972720}
1326	{'task_type': 'regular', 'locomotive': 22592, 'train_section': 26578, 'section': 22451, 'departure_time': 1536965820, 'arrival_time': 1536972720}
1327	{'task_type': 'deadhead', 'locomotive': 22592, 'first_train_section': 26578, 'first_section': 22451, 'first_departure_time': 1536965820, 'first_arrival_time': 1536972720, 'second_train_section': 27202, 'second_section': 22285, 'second_departure_time': 1536980640, 'second_arrival_time': 1536987900}
1328	{'task_type': 'regular', 'locomotive': 22592, 'train_section': 27202, 'section': 22285, 'departure_time': 1536980640, 'arrival_time': 1536987900}
1329	{'task_type': 'deadhead', 'locomotive': 22592, 'first_train_section': 27202, 'first_section': 22285, 'first_departure_time': 1536980640, 'first_arrival_time': 1536987900, 'second_train_section': 24953, 'second_section': 22407, 'second_departure_time': 1536999960, 'second_arrival_time': 1537006800}
1330	{'task_type': 'regular', 'locomotive': 22592, 'train_section': 24953, 'section': 22407, 'departure_time': 1536999960, 'arrival_time': 1537006800}
1331	{'task_type': 'deadhead', 'locomotive': 22592, 'first_train_section': 24953, 'first_section': 22407, 'first_departure_time': 1536999960, 'first_arrival_time': 1537006800, 'second_train_section': 22721, 'second_section': 22472, 'second_departure_time': 1537009980, 'second_arrival_time': 1537015140}
1332	{'task_type': 'regular', 'locomotive': 22592, 'train_section': 22721, 'section': 22472, 'departure_time': 1537009980, 'arrival_time': 1537015140}
1333	{'task_type': 'regular', 'locomotive': 22592, 'train_section': 28959, 'section': 22351, 'departure_time': 1537022880, 'arrival_time': 1537028040}
1334	{'task_type': 'deadhead', 'locomotive': 22592, 'first_train_section': 28959, 'first_section': 22351, 'first_departure_time': 1537022880, 'first_arrival_time': 1537028040, 'second_train_section': 28571, 'second_section': 22431, 'second_departure_time': 1537038240, 'second_arrival_time': 1537042080}
1335	{'task_type': 'regular', 'locomotive': 22592, 'train_section': 28571, 'section': 22431, 'departure_time': 1537038240, 'arrival_time': 1537042080}
1336	{'task_type': 'regular', 'locomotive': 22592, 'train_section': 24765, 'section': 22495, 'departure_time': 1537042920, 'arrival_time': 1537045620}
1337	{'task_type': 'deadhead', 'locomotive': 22592, 'first_train_section': 24765, 'first_section': 22495, 'first_departure_time': 1537042920, 'first_arrival_time': 1537045620, 'second_train_section': 29079, 'second_section': 22281, 'second_departure_time': 1537082040, 'second_arrival_time': 1537087200}
1338	{'task_type': 'regular', 'locomotive': 22592, 'train_section': 29079, 'section': 22281, 'departure_time': 1537082040, 'arrival_time': 1537087200}
1339	{'task_type': 'deadhead', 'locomotive': 22592, 'first_train_section': 29079, 'first_section': 22281, 'first_departure_time': 1537082040, 'first_arrival_time': 1537087200, 'second_train_section': 23052, 'second_section': 22313, 'second_departure_time': 1537105020, 'second_arrival_time': 1537110480}
1340	{'task_type': 'regular', 'locomotive': 22592, 'train_section': 23052, 'section': 22313, 'departure_time': 1537105020, 'arrival_time': 1537110480}
1341	{'task_type': 'regular', 'locomotive': 22592, 'train_section': 25641, 'section': 22284, 'departure_time': 1537116720, 'arrival_time': 1537120380}
1342	{'task_type': 'deadhead', 'locomotive': 22592, 'first_train_section': 25641, 'first_section': 22284, 'first_departure_time': 1537116720, 'first_arrival_time': 1537120380, 'second_train_section': 27634, 'second_section': 22429, 'second_departure_time': 1537131240, 'second_arrival_time': 1537133880}
1343	{'task_type': 'regular', 'locomotive': 22592, 'train_section': 27634, 'section': 22429, 'departure_time': 1537131240, 'arrival_time': 1537133880}
1344	{'task_type': 'regular', 'locomotive': 22593, 'train_section': 26840, 'section': 22496, 'departure_time': 1536738060, 'arrival_time': 1536742860}
1345	{'task_type': 'deadhead', 'locomotive': 22593, 'first_train_section': 26840, 'first_section': 22496, 'first_departure_time': 1536738060, 'first_arrival_time': 1536742860, 'second_train_section': 29033, 'second_section': 22431, 'second_departure_time': 1536743820, 'second_arrival_time': 1536748200}
1346	{'task_type': 'regular', 'locomotive': 22593, 'train_section': 29033, 'section': 22431, 'departure_time': 1536743820, 'arrival_time': 1536748200}
1347	{'task_type': 'deadhead', 'locomotive': 22593, 'first_train_section': 29033, 'first_section': 22431, 'first_departure_time': 1536743820, 'first_arrival_time': 1536748200, 'second_train_section': 26497, 'second_section': 22416, 'second_departure_time': 1536758640, 'second_arrival_time': 1536762300}
1348	{'task_type': 'regular', 'locomotive': 22593, 'train_section': 26497, 'section': 22416, 'departure_time': 1536758640, 'arrival_time': 1536762300}
1349	{'task_type': 'regular', 'locomotive': 22593, 'train_section': 22978, 'section': 22378, 'departure_time': 1536762900, 'arrival_time': 1536766560}
1350	{'task_type': 'regular', 'locomotive': 22593, 'train_section': 24121, 'section': 22416, 'departure_time': 1536769440, 'arrival_time': 1536773100}
1351	{'task_type': 'deadhead', 'locomotive': 22593, 'first_train_section': 24121, 'first_section': 22416, 'first_departure_time': 1536769440, 'first_arrival_time': 1536773100, 'second_train_section': 28417, 'second_section': 22427, 'second_departure_time': 1536777900, 'second_arrival_time': 1536781140}
1352	{'task_type': 'regular', 'locomotive': 22593, 'train_section': 28417, 'section': 22427, 'departure_time': 1536777900, 'arrival_time': 1536781140}
1353	{'task_type': 'regular', 'locomotive': 22593, 'train_section': 28419, 'section': 22443, 'departure_time': 1536782040, 'arrival_time': 1536783720}
1354	{'task_type': 'regular', 'locomotive': 22593, 'train_section': 28157, 'section': 22496, 'departure_time': 1536784020, 'arrival_time': 1536789120}
1355	{'task_type': 'deadhead', 'locomotive': 22593, 'first_train_section': 28157, 'first_section': 22496, 'first_departure_time': 1536784020, 'first_arrival_time': 1536789120, 'second_train_section': 25146, 'second_section': 22425, 'second_departure_time': 1536789900, 'second_arrival_time': 1536791460}
1356	{'task_type': 'regular', 'locomotive': 22593, 'train_section': 25146, 'section': 22425, 'departure_time': 1536789900, 'arrival_time': 1536791460}
1357	{'task_type': 'deadhead', 'locomotive': 22593, 'first_train_section': 25146, 'first_section': 22425, 'first_departure_time': 1536789900, 'first_arrival_time': 1536791460, 'second_train_section': 25607, 'second_section': 22496, 'second_departure_time': 1536798840, 'second_arrival_time': 1536802560}
1358	{'task_type': 'regular', 'locomotive': 22593, 'train_section': 25607, 'section': 22496, 'departure_time': 1536798840, 'arrival_time': 1536802560}
1359	{'task_type': 'deadhead', 'locomotive': 22593, 'first_train_section': 25607, 'first_section': 22496, 'first_departure_time': 1536798840, 'first_arrival_time': 1536802560, 'second_train_section': 27812, 'second_section': 22427, 'second_departure_time': 1536807420, 'second_arrival_time': 1536810420}
1360	{'task_type': 'regular', 'locomotive': 22593, 'train_section': 27812, 'section': 22427, 'departure_time': 1536807420, 'arrival_time': 1536810420}
1361	{'task_type': 'regular', 'locomotive': 22593, 'train_section': 27814, 'section': 22443, 'departure_time': 1536811020, 'arrival_time': 1536812640}
1362	{'task_type': 'regular', 'locomotive': 22593, 'train_section': 26988, 'section': 22496, 'departure_time': 1536814380, 'arrival_time': 1536818580}
1363	{'task_type': 'regular', 'locomotive': 22593, 'train_section': 23782, 'section': 22416, 'departure_time': 1536836040, 'arrival_time': 1536839700}
1364	{'task_type': 'regular', 'locomotive': 22593, 'train_section': 27127, 'section': 22378, 'departure_time': 1536840300, 'arrival_time': 1536843960}
1365	{'task_type': 'regular', 'locomotive': 22593, 'train_section': 23367, 'section': 22418, 'departure_time': 1536845400, 'arrival_time': 1536846900}
1366	{'task_type': 'deadhead', 'locomotive': 22593, 'first_train_section': 23367, 'first_section': 22418, 'first_departure_time': 1536845400, 'first_arrival_time': 1536846900, 'second_train_section': 24521, 'second_section': 22416, 'second_departure_time': 1536848640, 'second_arrival_time': 1536852300}
1367	{'task_type': 'regular', 'locomotive': 22593, 'train_section': 24521, 'section': 22416, 'departure_time': 1536848640, 'arrival_time': 1536852300}
1368	{'task_type': 'regular', 'locomotive': 22593, 'train_section': 29991, 'section': 22378, 'departure_time': 1536858300, 'arrival_time': 1536861960}
1369	{'task_type': 'regular', 'locomotive': 22593, 'train_section': 27593, 'section': 22416, 'departure_time': 1536864840, 'arrival_time': 1536868500}
1370	{'task_type': 'deadhead', 'locomotive': 22593, 'first_train_section': 27593, 'first_section': 22416, 'first_departure_time': 1536864840, 'first_arrival_time': 1536868500, 'second_train_section': 27144, 'second_section': 22375, 'second_departure_time': 1536871560, 'second_arrival_time': 1536880140}
1371	{'task_type': 'regular', 'locomotive': 22593, 'train_section': 27144, 'section': 22375, 'departure_time': 1536871560, 'arrival_time': 1536880140}
1372	{'task_type': 'deadhead', 'locomotive': 22593, 'first_train_section': 27144, 'first_section': 22375, 'first_departure_time': 1536871560, 'first_arrival_time': 1536880140, 'second_train_section': 29689, 'second_section': 22293, 'second_departure_time': 1536891480, 'second_arrival_time': 1536899940}
1373	{'task_type': 'regular', 'locomotive': 22593, 'train_section': 29689, 'section': 22293, 'departure_time': 1536891480, 'arrival_time': 1536899940}
1374	{'task_type': 'regular', 'locomotive': 22593, 'train_section': 27234, 'section': 22389, 'departure_time': 1536902940, 'arrival_time': 1536909240}
1375	{'task_type': 'deadhead', 'locomotive': 22593, 'first_train_section': 27234, 'first_section': 22389, 'first_departure_time': 1536902940, 'first_arrival_time': 1536909240, 'second_train_section': 22826, 'second_section': 22288, 'second_departure_time': 1536914520, 'second_arrival_time': 1536920880}
1376	{'task_type': 'regular', 'locomotive': 22593, 'train_section': 22826, 'section': 22288, 'departure_time': 1536914520, 'arrival_time': 1536920880}
1377	{'task_type': 'regular', 'locomotive': 22593, 'train_section': 26396, 'section': 22324, 'departure_time': 1536927780, 'arrival_time': 1536933180}
1378	{'task_type': 'deadhead', 'locomotive': 22593, 'first_train_section': 26396, 'first_section': 22324, 'first_departure_time': 1536927780, 'first_arrival_time': 1536933180, 'second_train_section': 24291, 'second_section': 22310, 'second_departure_time': 1536938100, 'second_arrival_time': 1536939540}
1379	{'task_type': 'regular', 'locomotive': 22593, 'train_section': 24291, 'section': 22310, 'departure_time': 1536938100, 'arrival_time': 1536939540}
1380	{'task_type': 'deadhead', 'locomotive': 22593, 'first_train_section': 24291, 'first_section': 22310, 'first_departure_time': 1536938100, 'first_arrival_time': 1536939540, 'second_train_section': 28766, 'second_section': 22254, 'second_departure_time': 1536943680, 'second_arrival_time': 1536944340}
1381	{'task_type': 'regular', 'locomotive': 22593, 'train_section': 28766, 'section': 22254, 'departure_time': 1536943680, 'arrival_time': 1536944340}
1382	{'task_type': 'deadhead', 'locomotive': 22593, 'first_train_section': 28766, 'first_section': 22254, 'first_departure_time': 1536943680, 'first_arrival_time': 1536944340, 'second_train_section': 26599, 'second_section': 22294, 'second_departure_time': 1536955680, 'second_arrival_time': 1536958920}
1383	{'task_type': 'regular', 'locomotive': 22593, 'train_section': 26599, 'section': 22294, 'departure_time': 1536955680, 'arrival_time': 1536958920}
1384	{'task_type': 'deadhead', 'locomotive': 22593, 'first_train_section': 26599, 'first_section': 22294, 'first_departure_time': 1536955680, 'first_arrival_time': 1536958920, 'second_train_section': 28360, 'second_section': 22448, 'second_departure_time': 1536969360, 'second_arrival_time': 1536970620}
1385	{'task_type': 'regular', 'locomotive': 22593, 'train_section': 28360, 'section': 22448, 'departure_time': 1536969360, 'arrival_time': 1536970620}
1386	{'task_type': 'deadhead', 'locomotive': 22593, 'first_train_section': 28360, 'first_section': 22448, 'first_departure_time': 1536969360, 'first_arrival_time': 1536970620, 'second_train_section': 28353, 'second_section': 22288, 'second_departure_time': 1536973620, 'second_arrival_time': 1536980160}
1387	{'task_type': 'regular', 'locomotive': 22593, 'train_section': 28353, 'section': 22288, 'departure_time': 1536973620, 'arrival_time': 1536980160}
1388	{'task_type': 'deadhead', 'locomotive': 22593, 'first_train_section': 28353, 'first_section': 22288, 'first_departure_time': 1536973620, 'first_arrival_time': 1536980160, 'second_train_section': 28622, 'second_section': 22233, 'second_departure_time': 1536992460, 'second_arrival_time': 1537007940}
1389	{'task_type': 'regular', 'locomotive': 22593, 'train_section': 28622, 'section': 22233, 'departure_time': 1536992460, 'arrival_time': 1537007940}
1390	{'task_type': 'regular', 'locomotive': 22593, 'train_section': 25151, 'section': 22340, 'departure_time': 1537017540, 'arrival_time': 1537033200}
1391	{'task_type': 'deadhead', 'locomotive': 22593, 'first_train_section': 25151, 'first_section': 22340, 'first_departure_time': 1537017540, 'first_arrival_time': 1537033200, 'second_train_section': 25898, 'second_section': 22324, 'second_departure_time': 1537045980, 'second_arrival_time': 1537051500}
1392	{'task_type': 'regular', 'locomotive': 22593, 'train_section': 25898, 'section': 22324, 'departure_time': 1537045980, 'arrival_time': 1537051500}
1393	{'task_type': 'deadhead', 'locomotive': 22593, 'first_train_section': 25898, 'first_section': 22324, 'first_departure_time': 1537045980, 'first_arrival_time': 1537051500, 'second_train_section': 29094, 'second_section': 22379, 'second_departure_time': 1537073160, 'second_arrival_time': 1537074600}
1394	{'task_type': 'regular', 'locomotive': 22593, 'train_section': 29094, 'section': 22379, 'departure_time': 1537073160, 'arrival_time': 1537074600}
1395	{'task_type': 'deadhead', 'locomotive': 22593, 'first_train_section': 29094, 'first_section': 22379, 'first_departure_time': 1537073160, 'first_arrival_time': 1537074600, 'second_train_section': 23726, 'second_section': 22378, 'second_departure_time': 1537092300, 'second_arrival_time': 1537095960}
1396	{'task_type': 'regular', 'locomotive': 22593, 'train_section': 23726, 'section': 22378, 'departure_time': 1537092300, 'arrival_time': 1537095960}
1397	{'task_type': 'deadhead', 'locomotive': 22593, 'first_train_section': 23726, 'first_section': 22378, 'first_departure_time': 1537092300, 'first_arrival_time': 1537095960, 'second_train_section': 27429, 'second_section': 22342, 'second_departure_time': 1537111140, 'second_arrival_time': 1537116420}
1398	{'task_type': 'regular', 'locomotive': 22593, 'train_section': 27429, 'section': 22342, 'departure_time': 1537111140, 'arrival_time': 1537116420}
1399	{'task_type': 'regular', 'locomotive': 22594, 'train_section': 23630, 'section': 22375, 'departure_time': 1536612360, 'arrival_time': 1536620940}
1400	{'task_type': 'deadhead', 'locomotive': 22594, 'first_train_section': 23630, 'first_section': 22375, 'first_departure_time': 1536612360, 'first_arrival_time': 1536620940, 'second_train_section': 28223, 'second_section': 22378, 'second_departure_time': 1536633300, 'second_arrival_time': 1536636960}
1401	{'task_type': 'regular', 'locomotive': 22594, 'train_section': 28223, 'section': 22378, 'departure_time': 1536633300, 'arrival_time': 1536636960}
1402	{'task_type': 'regular', 'locomotive': 22594, 'train_section': 22941, 'section': 22416, 'departure_time': 1536638040, 'arrival_time': 1536641700}
1403	{'task_type': 'regular', 'locomotive': 22594, 'train_section': 29605, 'section': 22416, 'departure_time': 1536675840, 'arrival_time': 1536679500}
1404	{'task_type': 'regular', 'locomotive': 22594, 'train_section': 23037, 'section': 22378, 'departure_time': 1536683700, 'arrival_time': 1536687360}
1405	{'task_type': 'deadhead', 'locomotive': 22594, 'first_train_section': 23037, 'first_section': 22378, 'first_departure_time': 1536683700, 'first_arrival_time': 1536687360, 'second_train_section': 26485, 'second_section': 22378, 'second_departure_time': 1536692700, 'second_arrival_time': 1536696360}
1406	{'task_type': 'regular', 'locomotive': 22594, 'train_section': 26485, 'section': 22378, 'departure_time': 1536692700, 'arrival_time': 1536696360}
1407	{'task_type': 'regular', 'locomotive': 22594, 'train_section': 24251, 'section': 22378, 'departure_time': 1536721740, 'arrival_time': 1536725400}
1408	{'task_type': 'regular', 'locomotive': 22594, 'train_section': 29963, 'section': 22416, 'departure_time': 1536726240, 'arrival_time': 1536729900}
1409	{'task_type': 'regular', 'locomotive': 22594, 'train_section': 28166, 'section': 22378, 'departure_time': 1536730500, 'arrival_time': 1536734160}
1410	{'task_type': 'deadhead', 'locomotive': 22594, 'first_train_section': 28166, 'first_section': 22378, 'first_departure_time': 1536730500, 'first_arrival_time': 1536734160, 'second_train_section': 23759, 'second_section': 22423, 'second_departure_time': 1536737580, 'second_arrival_time': 1536750120}
1411	{'task_type': 'regular', 'locomotive': 22594, 'train_section': 23759, 'section': 22423, 'departure_time': 1536737580, 'arrival_time': 1536750120}
1412	{'task_type': 'regular', 'locomotive': 22594, 'train_section': 28627, 'section': 22338, 'departure_time': 1536762240, 'arrival_time': 1536774360}
1413	{'task_type': 'deadhead', 'locomotive': 22594, 'first_train_section': 28627, 'first_section': 22338, 'first_departure_time': 1536762240, 'first_arrival_time': 1536774360, 'second_train_section': 25552, 'second_section': 22431, 'second_departure_time': 1536775380, 'second_arrival_time': 1536779340}
1414	{'task_type': 'regular', 'locomotive': 22594, 'train_section': 25552, 'section': 22431, 'departure_time': 1536775380, 'arrival_time': 1536779340}
1415	{'task_type': 'deadhead', 'locomotive': 22594, 'first_train_section': 25552, 'first_section': 22431, 'first_departure_time': 1536775380, 'first_arrival_time': 1536779340, 'second_train_section': 25556, 'second_section': 22307, 'second_departure_time': 1536784260, 'second_arrival_time': 1536786300}
1416	{'task_type': 'regular', 'locomotive': 22594, 'train_section': 25556, 'section': 22307, 'departure_time': 1536784260, 'arrival_time': 1536786300}
1417	{'task_type': 'regular', 'locomotive': 22594, 'train_section': 28073, 'section': 22481, 'departure_time': 1536788280, 'arrival_time': 1536793200}
1418	{'task_type': 'regular', 'locomotive': 22594, 'train_section': 29676, 'section': 22346, 'departure_time': 1536793440, 'arrival_time': 1536795120}
1419	{'task_type': 'deadhead', 'locomotive': 22594, 'first_train_section': 29676, 'first_section': 22346, 'first_departure_time': 1536793440, 'first_arrival_time': 1536795120, 'second_train_section': 22877, 'second_section': 22247, 'second_departure_time': 1536801180, 'second_arrival_time': 1536810660}
1420	{'task_type': 'regular', 'locomotive': 22594, 'train_section': 22877, 'section': 22247, 'departure_time': 1536801180, 'arrival_time': 1536810660}
1421	{'task_type': 'deadhead', 'locomotive': 22594, 'first_train_section': 22877, 'first_section': 22247, 'first_departure_time': 1536801180, 'first_arrival_time': 1536810660, 'second_train_section': 24418, 'second_section': 22400, 'second_departure_time': 1536813780, 'second_arrival_time': 1536817680}
1422	{'task_type': 'regular', 'locomotive': 22594, 'train_section': 24418, 'section': 22400, 'departure_time': 1536813780, 'arrival_time': 1536817680}
1423	{'task_type': 'deadhead', 'locomotive': 22594, 'first_train_section': 24418, 'first_section': 22400, 'first_departure_time': 1536813780, 'first_arrival_time': 1536817680, 'second_train_section': 25105, 'second_section': 22407, 'second_departure_time': 1536827160, 'second_arrival_time': 1536834000}
1424	{'task_type': 'regular', 'locomotive': 22594, 'train_section': 25105, 'section': 22407, 'departure_time': 1536827160, 'arrival_time': 1536834000}
1425	{'task_type': 'deadhead', 'locomotive': 22594, 'first_train_section': 25105, 'first_section': 22407, 'first_departure_time': 1536827160, 'first_arrival_time': 1536834000, 'second_train_section': 26927, 'second_section': 22472, 'second_departure_time': 1536837180, 'second_arrival_time': 1536842340}
1426	{'task_type': 'regular', 'locomotive': 22594, 'train_section': 26927, 'section': 22472, 'departure_time': 1536837180, 'arrival_time': 1536842340}
1427	{'task_type': 'deadhead', 'locomotive': 22594, 'first_train_section': 26927, 'first_section': 22472, 'first_departure_time': 1536837180, 'first_arrival_time': 1536842340, 'second_train_section': 28144, 'second_section': 22275, 'second_departure_time': 1536843900, 'second_arrival_time': 1536850980}
1428	{'task_type': 'regular', 'locomotive': 22594, 'train_section': 28144, 'section': 22275, 'departure_time': 1536843900, 'arrival_time': 1536850980}
1429	{'task_type': 'deadhead', 'locomotive': 22594, 'first_train_section': 28144, 'first_section': 22275, 'first_departure_time': 1536843900, 'first_arrival_time': 1536850980, 'second_train_section': 24798, 'second_section': 22297, 'second_departure_time': 1536852600, 'second_arrival_time': 1536853620}
1430	{'task_type': 'regular', 'locomotive': 22594, 'train_section': 24798, 'section': 22297, 'departure_time': 1536852600, 'arrival_time': 1536853620}
1431	{'task_type': 'deadhead', 'locomotive': 22594, 'first_train_section': 24798, 'first_section': 22297, 'first_departure_time': 1536852600, 'first_arrival_time': 1536853620, 'second_train_section': 29127, 'second_section': 22387, 'second_departure_time': 1536860280, 'second_arrival_time': 1536861720}
1432	{'task_type': 'regular', 'locomotive': 22594, 'train_section': 29127, 'section': 22387, 'departure_time': 1536860280, 'arrival_time': 1536861720}
1433	{'task_type': 'deadhead', 'locomotive': 22594, 'first_train_section': 29127, 'first_section': 22387, 'first_departure_time': 1536860280, 'first_arrival_time': 1536861720, 'second_train_section': 23061, 'second_section': 22398, 'second_departure_time': 1536873600, 'second_arrival_time': 1536879480}
1434	{'task_type': 'regular', 'locomotive': 22594, 'train_section': 23061, 'section': 22398, 'departure_time': 1536873600, 'arrival_time': 1536879480}
1435	{'task_type': 'deadhead', 'locomotive': 22594, 'first_train_section': 23061, 'first_section': 22398, 'first_departure_time': 1536873600, 'first_arrival_time': 1536879480, 'second_train_section': 29488, 'second_section': 22295, 'second_departure_time': 1536892620, 'second_arrival_time': 1536894000}
1436	{'task_type': 'regular', 'locomotive': 22594, 'train_section': 29488, 'section': 22295, 'departure_time': 1536892620, 'arrival_time': 1536894000}
1437	{'task_type': 'deadhead', 'locomotive': 22594, 'first_train_section': 29488, 'first_section': 22295, 'first_departure_time': 1536892620, 'first_arrival_time': 1536894000, 'second_train_section': 24401, 'second_section': 22463, 'second_departure_time': 1536898380, 'second_arrival_time': 1536907260}
1438	{'task_type': 'regular', 'locomotive': 22594, 'train_section': 24401, 'section': 22463, 'departure_time': 1536898380, 'arrival_time': 1536907260}
1439	{'task_type': 'regular', 'locomotive': 22594, 'train_section': 23433, 'section': 22314, 'departure_time': 1536910440, 'arrival_time': 1536913140}
1440	{'task_type': 'deadhead', 'locomotive': 22594, 'first_train_section': 23433, 'first_section': 22314, 'first_departure_time': 1536910440, 'first_arrival_time': 1536913140, 'second_train_section': 26552, 'second_section': 22447, 'second_departure_time': 1536923520, 'second_arrival_time': 1536926400}
1441	{'task_type': 'regular', 'locomotive': 22594, 'train_section': 26552, 'section': 22447, 'departure_time': 1536923520, 'arrival_time': 1536926400}
1442	{'task_type': 'deadhead', 'locomotive': 22594, 'first_train_section': 26552, 'first_section': 22447, 'first_departure_time': 1536923520, 'first_arrival_time': 1536926400, 'second_train_section': 29161, 'second_section': 22447, 'second_departure_time': 1536932400, 'second_arrival_time': 1536935280}
1443	{'task_type': 'regular', 'locomotive': 22594, 'train_section': 29161, 'section': 22447, 'departure_time': 1536932400, 'arrival_time': 1536935280}
1444	{'task_type': 'deadhead', 'locomotive': 22594, 'first_train_section': 29161, 'first_section': 22447, 'first_departure_time': 1536932400, 'first_arrival_time': 1536935280, 'second_train_section': 23898, 'second_section': 22327, 'second_departure_time': 1536939780, 'second_arrival_time': 1536946860}
1445	{'task_type': 'regular', 'locomotive': 22594, 'train_section': 23898, 'section': 22327, 'departure_time': 1536939780, 'arrival_time': 1536946860}
1446	{'task_type': 'deadhead', 'locomotive': 22594, 'first_train_section': 23898, 'first_section': 22327, 'first_departure_time': 1536939780, 'first_arrival_time': 1536946860, 'second_train_section': 25541, 'second_section': 22323, 'second_departure_time': 1536954540, 'second_arrival_time': 1536957780}
1447	{'task_type': 'regular', 'locomotive': 22594, 'train_section': 25541, 'section': 22323, 'departure_time': 1536954540, 'arrival_time': 1536957780}
1448	{'task_type': 'deadhead', 'locomotive': 22594, 'first_train_section': 25541, 'first_section': 22323, 'first_departure_time': 1536954540, 'first_arrival_time': 1536957780, 'second_train_section': 27841, 'second_section': 22397, 'second_departure_time': 1536969000, 'second_arrival_time': 1536977040}
1449	{'task_type': 'regular', 'locomotive': 22594, 'train_section': 27841, 'section': 22397, 'departure_time': 1536969000, 'arrival_time': 1536977040}
1450	{'task_type': 'deadhead', 'locomotive': 22594, 'first_train_section': 27841, 'first_section': 22397, 'first_departure_time': 1536969000, 'first_arrival_time': 1536977040, 'second_train_section': 24995, 'second_section': 22322, 'second_departure_time': 1536983820, 'second_arrival_time': 1536993480}
1451	{'task_type': 'regular', 'locomotive': 22594, 'train_section': 24995, 'section': 22322, 'departure_time': 1536983820, 'arrival_time': 1536993480}
1452	{'task_type': 'deadhead', 'locomotive': 22594, 'first_train_section': 24995, 'first_section': 22322, 'first_departure_time': 1536983820, 'first_arrival_time': 1536993480, 'second_train_section': 26906, 'second_section': 22279, 'second_departure_time': 1536994200, 'second_arrival_time': 1536999780}
1453	{'task_type': 'regular', 'locomotive': 22594, 'train_section': 26906, 'section': 22279, 'departure_time': 1536994200, 'arrival_time': 1536999780}
1454	{'task_type': 'regular', 'locomotive': 22594, 'train_section': 22806, 'section': 22313, 'departure_time': 1537001280, 'arrival_time': 1537006200}
1455	{'task_type': 'regular', 'locomotive': 22595, 'train_section': 26224, 'section': 22422, 'departure_time': 1536731700, 'arrival_time': 1536742740}
1456	{'task_type': 'deadhead', 'locomotive': 22595, 'first_train_section': 26224, 'first_section': 22422, 'first_departure_time': 1536731700, 'first_arrival_time': 1536742740, 'second_train_section': 23753, 'second_section': 22416, 'second_departure_time': 1536751440, 'second_arrival_time': 1536755100}
1457	{'task_type': 'regular', 'locomotive': 22595, 'train_section': 23753, 'section': 22416, 'departure_time': 1536751440, 'arrival_time': 1536755100}
1458	{'task_type': 'regular', 'locomotive': 22595, 'train_section': 30007, 'section': 22378, 'departure_time': 1536755700, 'arrival_time': 1536759360}
1459	{'task_type': 'deadhead', 'locomotive': 22595, 'first_train_section': 30007, 'first_section': 22378, 'first_departure_time': 1536755700, 'first_arrival_time': 1536759360, 'second_train_section': 26762, 'second_section': 22414, 'second_departure_time': 1536762480, 'second_arrival_time': 1536766860}
1460	{'task_type': 'regular', 'locomotive': 22595, 'train_section': 26762, 'section': 22414, 'departure_time': 1536762480, 'arrival_time': 1536766860}
1461	{'task_type': 'regular', 'locomotive': 22595, 'train_section': 28999, 'section': 22354, 'departure_time': 1536809940, 'arrival_time': 1536814560}
1462	{'task_type': 'deadhead', 'locomotive': 22595, 'first_train_section': 28999, 'first_section': 22354, 'first_departure_time': 1536809940, 'first_arrival_time': 1536814560, 'second_train_section': 26732, 'second_section': 22443, 'second_departure_time': 1536819060, 'second_arrival_time': 1536820860}
1463	{'task_type': 'regular', 'locomotive': 22595, 'train_section': 26732, 'section': 22443, 'departure_time': 1536819060, 'arrival_time': 1536820860}
1464	{'task_type': 'deadhead', 'locomotive': 22595, 'first_train_section': 26732, 'first_section': 22443, 'first_departure_time': 1536819060, 'first_arrival_time': 1536820860, 'second_train_section': 26738, 'second_section': 22247, 'second_departure_time': 1536832800, 'second_arrival_time': 1536842220}
1465	{'task_type': 'regular', 'locomotive': 22595, 'train_section': 26738, 'section': 22247, 'departure_time': 1536832800, 'arrival_time': 1536842220}
1466	{'task_type': 'deadhead', 'locomotive': 22595, 'first_train_section': 26738, 'first_section': 22247, 'first_departure_time': 1536832800, 'first_arrival_time': 1536842220, 'second_train_section': 26347, 'second_section': 22383, 'second_departure_time': 1536847920, 'second_arrival_time': 1536851340}
1467	{'task_type': 'regular', 'locomotive': 22595, 'train_section': 26347, 'section': 22383, 'departure_time': 1536847920, 'arrival_time': 1536851340}
1468	{'task_type': 'deadhead', 'locomotive': 22595, 'first_train_section': 26347, 'first_section': 22383, 'first_departure_time': 1536847920, 'first_arrival_time': 1536851340, 'second_train_section': 25137, 'second_section': 22317, 'second_departure_time': 1536856320, 'second_arrival_time': 1536858060}
1469	{'task_type': 'regular', 'locomotive': 22595, 'train_section': 25137, 'section': 22317, 'departure_time': 1536856320, 'arrival_time': 1536858060}
1470	{'task_type': 'deadhead', 'locomotive': 22595, 'first_train_section': 25137, 'first_section': 22317, 'first_departure_time': 1536856320, 'first_arrival_time': 1536858060, 'second_train_section': 24935, 'second_section': 22365, 'second_departure_time': 1536863820, 'second_arrival_time': 1536867360}
1471	{'task_type': 'regular', 'locomotive': 22595, 'train_section': 24935, 'section': 22365, 'departure_time': 1536863820, 'arrival_time': 1536867360}
1472	{'task_type': 'deadhead', 'locomotive': 22595, 'first_train_section': 24935, 'first_section': 22365, 'first_departure_time': 1536863820, 'first_arrival_time': 1536867360, 'second_train_section': 22950, 'second_section': 22336, 'second_departure_time': 1536891780, 'second_arrival_time': 1536897900}
1473	{'task_type': 'regular', 'locomotive': 22595, 'train_section': 22950, 'section': 22336, 'departure_time': 1536891780, 'arrival_time': 1536897900}
1474	{'task_type': 'regular', 'locomotive': 22595, 'train_section': 23392, 'section': 22393, 'departure_time': 1536901140, 'arrival_time': 1536902880}
1475	{'task_type': 'deadhead', 'locomotive': 22595, 'first_train_section': 23392, 'first_section': 22393, 'first_departure_time': 1536901140, 'first_arrival_time': 1536902880, 'second_train_section': 24631, 'second_section': 22410, 'second_departure_time': 1536908460, 'second_arrival_time': 1536911280}
1476	{'task_type': 'regular', 'locomotive': 22595, 'train_section': 24631, 'section': 22410, 'departure_time': 1536908460, 'arrival_time': 1536911280}
1477	{'task_type': 'regular', 'locomotive': 22595, 'train_section': 23224, 'section': 22489, 'departure_time': 1536918420, 'arrival_time': 1536921420}
1478	{'task_type': 'deadhead', 'locomotive': 22595, 'first_train_section': 23224, 'first_section': 22489, 'first_departure_time': 1536918420, 'first_arrival_time': 1536921420, 'second_train_section': 26680, 'second_section': 22466, 'second_departure_time': 1536926700, 'second_arrival_time': 1536927840}
1479	{'task_type': 'regular', 'locomotive': 22595, 'train_section': 26680, 'section': 22466, 'departure_time': 1536926700, 'arrival_time': 1536927840}
1480	{'task_type': 'deadhead', 'locomotive': 22595, 'first_train_section': 26680, 'first_section': 22466, 'first_departure_time': 1536926700, 'first_arrival_time': 1536927840, 'second_train_section': 22833, 'second_section': 22242, 'second_departure_time': 1536931260, 'second_arrival_time': 1536934020}
1481	{'task_type': 'regular', 'locomotive': 22595, 'train_section': 22833, 'section': 22242, 'departure_time': 1536931260, 'arrival_time': 1536934020}
1482	{'task_type': 'regular', 'locomotive': 22595, 'train_section': 28442, 'section': 22365, 'departure_time': 1536950220, 'arrival_time': 1536953760}
1483	{'task_type': 'deadhead', 'locomotive': 22595, 'first_train_section': 28442, 'first_section': 22365, 'first_departure_time': 1536950220, 'first_arrival_time': 1536953760, 'second_train_section': 26584, 'second_section': 22372, 'second_departure_time': 1536977340, 'second_arrival_time': 1536981300}
1484	{'task_type': 'regular', 'locomotive': 22595, 'train_section': 26584, 'section': 22372, 'departure_time': 1536977340, 'arrival_time': 1536981300}
1485	{'task_type': 'deadhead', 'locomotive': 22595, 'first_train_section': 26584, 'first_section': 22372, 'first_departure_time': 1536977340, 'first_arrival_time': 1536981300, 'second_train_section': 28742, 'second_section': 22347, 'second_departure_time': 1536995940, 'second_arrival_time': 1537001280}
1486	{'task_type': 'regular', 'locomotive': 22595, 'train_section': 28742, 'section': 22347, 'departure_time': 1536995940, 'arrival_time': 1537001280}
1487	{'task_type': 'regular', 'locomotive': 22595, 'train_section': 23020, 'section': 22329, 'departure_time': 1537023480, 'arrival_time': 1537024920}
1488	{'task_type': 'regular', 'locomotive': 22596, 'train_section': 27256, 'section': 22501, 'departure_time': 1536611040, 'arrival_time': 1536613260}
1489	{'task_type': 'deadhead', 'locomotive': 22596, 'first_train_section': 27256, 'first_section': 22501, 'first_departure_time': 1536611040, 'first_arrival_time': 1536613260, 'second_train_section': 23084, 'second_section': 22478, 'second_departure_time': 1536618060, 'second_arrival_time': 1536620580}
1490	{'task_type': 'regular', 'locomotive': 22596, 'train_section': 23084, 'section': 22478, 'departure_time': 1536618060, 'arrival_time': 1536620580}
1491	{'task_type': 'regular', 'locomotive': 22596, 'train_section': 23087, 'section': 22247, 'departure_time': 1536621180, 'arrival_time': 1536630540}
1492	{'task_type': 'deadhead', 'locomotive': 22596, 'first_train_section': 28796, 'first_section': 22382, 'first_departure_time': 1536644880, 'first_arrival_time': 1536659760, 'second_train_section': 28849, 'second_section': 22242, 'second_departure_time': 1536672060, 'second_arrival_time': 1536674820}
1493	{'task_type': 'regular', 'locomotive': 22596, 'train_section': 28849, 'section': 22242, 'departure_time': 1536672060, 'arrival_time': 1536674820}
1494	{'task_type': 'deadhead', 'locomotive': 22596, 'first_train_section': 28849, 'first_section': 22242, 'first_departure_time': 1536672060, 'first_arrival_time': 1536674820, 'second_train_section': 28335, 'second_section': 22247, 'second_departure_time': 1536696960, 'second_arrival_time': 1536705660}
1495	{'task_type': 'regular', 'locomotive': 22596, 'train_section': 28335, 'section': 22247, 'departure_time': 1536696960, 'arrival_time': 1536705660}
1496	{'task_type': 'deadhead', 'locomotive': 22596, 'first_train_section': 28335, 'first_section': 22247, 'first_departure_time': 1536696960, 'first_arrival_time': 1536705660, 'second_train_section': 24194, 'second_section': 22348, 'second_departure_time': 1536721980, 'second_arrival_time': 1536725520}
1497	{'task_type': 'regular', 'locomotive': 22596, 'train_section': 24194, 'section': 22348, 'departure_time': 1536721980, 'arrival_time': 1536725520}
1498	{'task_type': 'deadhead', 'locomotive': 22596, 'first_train_section': 24194, 'first_section': 22348, 'first_departure_time': 1536721980, 'first_arrival_time': 1536725520, 'second_train_section': 28762, 'second_section': 22258, 'second_departure_time': 1536735060, 'second_arrival_time': 1536737460}
1499	{'task_type': 'regular', 'locomotive': 22596, 'train_section': 28762, 'section': 22258, 'departure_time': 1536735060, 'arrival_time': 1536737460}
1500	{'task_type': 'deadhead', 'locomotive': 22596, 'first_train_section': 28762, 'first_section': 22258, 'first_departure_time': 1536735060, 'first_arrival_time': 1536737460, 'second_train_section': 23901, 'second_section': 22479, 'second_departure_time': 1536738540, 'second_arrival_time': 1536740160}
1501	{'task_type': 'regular', 'locomotive': 22596, 'train_section': 23901, 'section': 22479, 'departure_time': 1536738540, 'arrival_time': 1536740160}
1502	{'task_type': 'deadhead', 'locomotive': 22596, 'first_train_section': 23901, 'first_section': 22479, 'first_departure_time': 1536738540, 'first_arrival_time': 1536740160, 'second_train_section': 27079, 'second_section': 22344, 'second_departure_time': 1536745320, 'second_arrival_time': 1536746640}
1503	{'task_type': 'regular', 'locomotive': 22596, 'train_section': 27079, 'section': 22344, 'departure_time': 1536745320, 'arrival_time': 1536746640}
1504	{'task_type': 'deadhead', 'locomotive': 22596, 'first_train_section': 27079, 'first_section': 22344, 'first_departure_time': 1536745320, 'first_arrival_time': 1536746640, 'second_train_section': 24453, 'second_section': 22279, 'second_departure_time': 1536753000, 'second_arrival_time': 1536757920}
1505	{'task_type': 'regular', 'locomotive': 22596, 'train_section': 24453, 'section': 22279, 'departure_time': 1536753000, 'arrival_time': 1536757920}
1506	{'task_type': 'regular', 'locomotive': 22596, 'train_section': 27886, 'section': 22313, 'departure_time': 1536759420, 'arrival_time': 1536764880}
1507	{'task_type': 'deadhead', 'locomotive': 22596, 'first_train_section': 27886, 'first_section': 22313, 'first_departure_time': 1536759420, 'first_arrival_time': 1536764880, 'second_train_section': 23046, 'second_section': 22378, 'second_departure_time': 1536773700, 'second_arrival_time': 1536777360}
1508	{'task_type': 'regular', 'locomotive': 22596, 'train_section': 23046, 'section': 22378, 'departure_time': 1536773700, 'arrival_time': 1536777360}
1509	{'task_type': 'regular', 'locomotive': 22596, 'train_section': 29391, 'section': 22416, 'departure_time': 1536778440, 'arrival_time': 1536782100}
1510	{'task_type': 'deadhead', 'locomotive': 22596, 'first_train_section': 29391, 'first_section': 22416, 'first_departure_time': 1536778440, 'first_arrival_time': 1536782100, 'second_train_section': 26341, 'second_section': 22375, 'second_departure_time': 1536785160, 'second_arrival_time': 1536793740}
1511	{'task_type': 'regular', 'locomotive': 22596, 'train_section': 26341, 'section': 22375, 'departure_time': 1536785160, 'arrival_time': 1536793740}
1512	{'task_type': 'deadhead', 'locomotive': 22596, 'first_train_section': 26341, 'first_section': 22375, 'first_departure_time': 1536785160, 'first_arrival_time': 1536793740, 'second_train_section': 29969, 'second_section': 22325, 'second_departure_time': 1536806100, 'second_arrival_time': 1536820380}
1513	{'task_type': 'regular', 'locomotive': 22596, 'train_section': 29969, 'section': 22325, 'departure_time': 1536806100, 'arrival_time': 1536820380}
1514	{'task_type': 'regular', 'locomotive': 22596, 'train_section': 22809, 'section': 22234, 'departure_time': 1536821400, 'arrival_time': 1536824160}
1515	{'task_type': 'deadhead', 'locomotive': 22596, 'first_train_section': 22809, 'first_section': 22234, 'first_departure_time': 1536821400, 'first_arrival_time': 1536824160, 'second_train_section': 25107, 'second_section': 22334, 'second_departure_time': 1536835080, 'second_arrival_time': 1536839280}
1516	{'task_type': 'regular', 'locomotive': 22596, 'train_section': 25107, 'section': 22334, 'departure_time': 1536835080, 'arrival_time': 1536839280}
1517	{'task_type': 'deadhead', 'locomotive': 22596, 'first_train_section': 25107, 'first_section': 22334, 'first_departure_time': 1536835080, 'first_arrival_time': 1536839280, 'second_train_section': 29118, 'second_section': 22331, 'second_departure_time': 1536844080, 'second_arrival_time': 1536854880}
1518	{'task_type': 'regular', 'locomotive': 22596, 'train_section': 29118, 'section': 22331, 'departure_time': 1536844080, 'arrival_time': 1536854880}
1519	{'task_type': 'deadhead', 'locomotive': 22596, 'first_train_section': 29118, 'first_section': 22331, 'first_departure_time': 1536844080, 'first_arrival_time': 1536854880, 'second_train_section': 27344, 'second_section': 22334, 'second_departure_time': 1536869820, 'second_arrival_time': 1536873000}
1520	{'task_type': 'regular', 'locomotive': 22596, 'train_section': 27344, 'section': 22334, 'departure_time': 1536869820, 'arrival_time': 1536873000}
1521	{'task_type': 'deadhead', 'locomotive': 22596, 'first_train_section': 27344, 'first_section': 22334, 'first_departure_time': 1536869820, 'first_arrival_time': 1536873000, 'second_train_section': 26778, 'second_section': 22407, 'second_departure_time': 1536885120, 'second_arrival_time': 1536892560}
1522	{'task_type': 'regular', 'locomotive': 22596, 'train_section': 26778, 'section': 22407, 'departure_time': 1536885120, 'arrival_time': 1536892560}
1523	{'task_type': 'regular', 'locomotive': 22596, 'train_section': 27391, 'section': 22337, 'departure_time': 1536899520, 'arrival_time': 1536906360}
1524	{'task_type': 'deadhead', 'locomotive': 22596, 'first_train_section': 27391, 'first_section': 22337, 'first_departure_time': 1536899520, 'first_arrival_time': 1536906360, 'second_train_section': 28905, 'second_section': 22471, 'second_departure_time': 1536915420, 'second_arrival_time': 1536918240}
1525	{'task_type': 'regular', 'locomotive': 22596, 'train_section': 28905, 'section': 22471, 'departure_time': 1536915420, 'arrival_time': 1536918240}
1526	{'task_type': 'deadhead', 'locomotive': 22596, 'first_train_section': 28905, 'first_section': 22471, 'first_departure_time': 1536915420, 'first_arrival_time': 1536918240, 'second_train_section': 24046, 'second_section': 22287, 'second_departure_time': 1536926880, 'second_arrival_time': 1536928260}
1527	{'task_type': 'regular', 'locomotive': 22596, 'train_section': 24046, 'section': 22287, 'departure_time': 1536926880, 'arrival_time': 1536928260}
1528	{'task_type': 'deadhead', 'locomotive': 22596, 'first_train_section': 24046, 'first_section': 22287, 'first_departure_time': 1536926880, 'first_arrival_time': 1536928260, 'second_train_section': 28790, 'second_section': 22281, 'second_departure_time': 1536933480, 'second_arrival_time': 1536939780}
1529	{'task_type': 'regular', 'locomotive': 22596, 'train_section': 28790, 'section': 22281, 'departure_time': 1536933480, 'arrival_time': 1536939780}
1530	{'task_type': 'deadhead', 'locomotive': 22596, 'first_train_section': 28827, 'first_section': 22464, 'first_departure_time': 1536947580, 'first_arrival_time': 1536962340, 'second_train_section': 27417, 'second_section': 22421, 'second_departure_time': 1536974280, 'second_arrival_time': 1536980400}
1531	{'task_type': 'regular', 'locomotive': 22596, 'train_section': 27417, 'section': 22421, 'departure_time': 1536974280, 'arrival_time': 1536980400}
1532	{'task_type': 'regular', 'locomotive': 22597, 'train_section': 26838, 'section': 22308, 'departure_time': 1536734460, 'arrival_time': 1536737160}
1533	{'task_type': 'deadhead', 'locomotive': 22597, 'first_train_section': 26838, 'first_section': 22308, 'first_departure_time': 1536734460, 'first_arrival_time': 1536737160, 'second_train_section': 29568, 'second_section': 22308, 'second_departure_time': 1536743040, 'second_arrival_time': 1536745680}
1534	{'task_type': 'regular', 'locomotive': 22597, 'train_section': 29568, 'section': 22308, 'departure_time': 1536743040, 'arrival_time': 1536745680}
1535	{'task_type': 'regular', 'locomotive': 22597, 'train_section': 29570, 'section': 22496, 'departure_time': 1536746280, 'arrival_time': 1536751260}
1536	{'task_type': 'deadhead', 'locomotive': 22597, 'first_train_section': 29570, 'first_section': 22496, 'first_departure_time': 1536746280, 'first_arrival_time': 1536751260, 'second_train_section': 23546, 'second_section': 22424, 'second_departure_time': 1536752880, 'second_arrival_time': 1536757740}
1537	{'task_type': 'regular', 'locomotive': 22597, 'train_section': 23546, 'section': 22424, 'departure_time': 1536752880, 'arrival_time': 1536757740}
1538	{'task_type': 'deadhead', 'locomotive': 22597, 'first_train_section': 23546, 'first_section': 22424, 'first_departure_time': 1536752880, 'first_arrival_time': 1536757740, 'second_train_section': 29274, 'second_section': 22416, 'second_departure_time': 1536765840, 'second_arrival_time': 1536769500}
1539	{'task_type': 'regular', 'locomotive': 22597, 'train_section': 29274, 'section': 22416, 'departure_time': 1536765840, 'arrival_time': 1536769500}
1540	{'task_type': 'deadhead', 'locomotive': 22597, 'first_train_section': 29274, 'first_section': 22416, 'first_departure_time': 1536765840, 'first_arrival_time': 1536769500, 'second_train_section': 27021, 'second_section': 22445, 'second_departure_time': 1536777240, 'second_arrival_time': 1536783000}
1541	{'task_type': 'regular', 'locomotive': 22597, 'train_section': 27021, 'section': 22445, 'departure_time': 1536777240, 'arrival_time': 1536783000}
1542	{'task_type': 'deadhead', 'locomotive': 22597, 'first_train_section': 27021, 'first_section': 22445, 'first_departure_time': 1536777240, 'first_arrival_time': 1536783000, 'second_train_section': 22869, 'second_section': 22427, 'second_departure_time': 1536783900, 'second_arrival_time': 1536786780}
1543	{'task_type': 'regular', 'locomotive': 22597, 'train_section': 22869, 'section': 22427, 'departure_time': 1536783900, 'arrival_time': 1536786780}
1544	{'task_type': 'deadhead', 'locomotive': 22597, 'first_train_section': 22869, 'first_section': 22427, 'first_departure_time': 1536783900, 'first_arrival_time': 1536786780, 'second_train_section': 24178, 'second_section': 22431, 'second_departure_time': 1536790740, 'second_arrival_time': 1536794940}
1545	{'task_type': 'regular', 'locomotive': 22597, 'train_section': 24178, 'section': 22431, 'departure_time': 1536790740, 'arrival_time': 1536794940}
1546	{'task_type': 'regular', 'locomotive': 22597, 'train_section': 23147, 'section': 22495, 'departure_time': 1536795240, 'arrival_time': 1536798120}
1547	{'task_type': 'deadhead', 'locomotive': 22597, 'first_train_section': 23147, 'first_section': 22495, 'first_departure_time': 1536795240, 'first_arrival_time': 1536798120, 'second_train_section': 26975, 'second_section': 22495, 'second_departure_time': 1536804480, 'second_arrival_time': 1536807420}
1548	{'task_type': 'regular', 'locomotive': 22597, 'train_section': 26975, 'section': 22495, 'departure_time': 1536804480, 'arrival_time': 1536807420}
1549	{'task_type': 'regular', 'locomotive': 22597, 'train_section': 26977, 'section': 22304, 'departure_time': 1536808440, 'arrival_time': 1536812820}
1550	{'task_type': 'regular', 'locomotive': 22597, 'train_section': 26979, 'section': 22247, 'departure_time': 1536813000, 'arrival_time': 1536823140}
1551	{'task_type': 'deadhead', 'locomotive': 22597, 'first_train_section': 26979, 'first_section': 22247, 'first_departure_time': 1536813000, 'first_arrival_time': 1536823140, 'second_train_section': 24688, 'second_section': 22404, 'second_departure_time': 1536834000, 'second_arrival_time': 1536842760}
1552	{'task_type': 'regular', 'locomotive': 22597, 'train_section': 24688, 'section': 22404, 'departure_time': 1536834000, 'arrival_time': 1536842760}
1553	{'task_type': 'regular', 'locomotive': 22597, 'train_section': 28280, 'section': 22247, 'departure_time': 1536847920, 'arrival_time': 1536859020}
1554	{'task_type': 'deadhead', 'locomotive': 22597, 'first_train_section': 28280, 'first_section': 22247, 'first_departure_time': 1536847920, 'first_arrival_time': 1536859020, 'second_train_section': 25907, 'second_section': 22404, 'second_departure_time': 1536864420, 'second_arrival_time': 1536873360}
1555	{'task_type': 'regular', 'locomotive': 22597, 'train_section': 25907, 'section': 22404, 'departure_time': 1536864420, 'arrival_time': 1536873360}
1556	{'task_type': 'regular', 'locomotive': 22597, 'train_section': 25909, 'section': 22249, 'departure_time': 1536873780, 'arrival_time': 1536878580}
1557	{'task_type': 'regular', 'locomotive': 22597, 'train_section': 24772, 'section': 22505, 'departure_time': 1536887100, 'arrival_time': 1536892020}
1558	{'task_type': 'deadhead', 'locomotive': 22597, 'first_train_section': 24772, 'first_section': 22505, 'first_departure_time': 1536887100, 'first_arrival_time': 1536892020, 'second_train_section': 27440, 'second_section': 22495, 'second_departure_time': 1536895320, 'second_arrival_time': 1536898260}
1559	{'task_type': 'regular', 'locomotive': 22597, 'train_section': 27440, 'section': 22495, 'departure_time': 1536895320, 'arrival_time': 1536898260}
1560	{'task_type': 'deadhead', 'locomotive': 22597, 'first_train_section': 27440, 'first_section': 22495, 'first_departure_time': 1536895320, 'first_arrival_time': 1536898260, 'second_train_section': 24263, 'second_section': 22506, 'second_departure_time': 1536906840, 'second_arrival_time': 1536907620}
1561	{'task_type': 'regular', 'locomotive': 22597, 'train_section': 24263, 'section': 22506, 'departure_time': 1536906840, 'arrival_time': 1536907620}
1562	{'task_type': 'deadhead', 'locomotive': 22597, 'first_train_section': 24263, 'first_section': 22506, 'first_departure_time': 1536906840, 'first_arrival_time': 1536907620, 'second_train_section': 27495, 'second_section': 22306, 'second_departure_time': 1536915240, 'second_arrival_time': 1536918900}
1563	{'task_type': 'regular', 'locomotive': 22597, 'train_section': 27495, 'section': 22306, 'departure_time': 1536915240, 'arrival_time': 1536918900}
1564	{'task_type': 'deadhead', 'locomotive': 22597, 'first_train_section': 27495, 'first_section': 22306, 'first_departure_time': 1536915240, 'first_arrival_time': 1536918900, 'second_train_section': 27847, 'second_section': 22485, 'second_departure_time': 1536929940, 'second_arrival_time': 1536938580}
1565	{'task_type': 'regular', 'locomotive': 22597, 'train_section': 27847, 'section': 22485, 'departure_time': 1536929940, 'arrival_time': 1536938580}
1566	{'task_type': 'deadhead', 'locomotive': 22597, 'first_train_section': 27847, 'first_section': 22485, 'first_departure_time': 1536929940, 'first_arrival_time': 1536938580, 'second_train_section': 25499, 'second_section': 22247, 'second_departure_time': 1536942660, 'second_arrival_time': 1536951660}
1567	{'task_type': 'regular', 'locomotive': 22597, 'train_section': 25499, 'section': 22247, 'departure_time': 1536942660, 'arrival_time': 1536951660}
1568	{'task_type': 'deadhead', 'locomotive': 22597, 'first_train_section': 25499, 'first_section': 22247, 'first_departure_time': 1536942660, 'first_arrival_time': 1536951660, 'second_train_section': 22763, 'second_section': 22398, 'second_departure_time': 1536960000, 'second_arrival_time': 1536965880}
1569	{'task_type': 'regular', 'locomotive': 22597, 'train_section': 22763, 'section': 22398, 'departure_time': 1536960000, 'arrival_time': 1536965880}
1570	{'task_type': 'regular', 'locomotive': 22597, 'train_section': 22923, 'section': 22337, 'departure_time': 1536968100, 'arrival_time': 1536975840}
1571	{'task_type': 'deadhead', 'locomotive': 22597, 'first_train_section': 22923, 'first_section': 22337, 'first_departure_time': 1536968100, 'first_arrival_time': 1536975840, 'second_train_section': 29626, 'second_section': 22493, 'second_departure_time': 1536988740, 'second_arrival_time': 1536989460}
1572	{'task_type': 'regular', 'locomotive': 22597, 'train_section': 29626, 'section': 22493, 'departure_time': 1536988740, 'arrival_time': 1536989460}
1573	{'task_type': 'regular', 'locomotive': 22597, 'train_section': 24109, 'section': 22327, 'departure_time': 1537009680, 'arrival_time': 1537016040}
1574	{'task_type': 'deadhead', 'locomotive': 22597, 'first_train_section': 24109, 'first_section': 22327, 'first_departure_time': 1537009680, 'first_arrival_time': 1537016040, 'second_train_section': 24650, 'second_section': 22323, 'second_departure_time': 1537025940, 'second_arrival_time': 1537029840}
1575	{'task_type': 'regular', 'locomotive': 22597, 'train_section': 24650, 'section': 22323, 'departure_time': 1537025940, 'arrival_time': 1537029840}
1576	{'task_type': 'regular', 'locomotive': 22597, 'train_section': 25896, 'section': 22334, 'departure_time': 1537042620, 'arrival_time': 1537045800}
1577	{'task_type': 'regular', 'locomotive': 22597, 'train_section': 24377, 'section': 22322, 'departure_time': 1537116720, 'arrival_time': 1537126620}
1578	{'task_type': 'regular', 'locomotive': 22598, 'train_section': 29065, 'section': 22323, 'departure_time': 1536748680, 'arrival_time': 1536752580}
1579	{'task_type': 'regular', 'locomotive': 22598, 'train_section': 29067, 'section': 22337, 'departure_time': 1536753480, 'arrival_time': 1536760200}
1580	{'task_type': 'deadhead', 'locomotive': 22598, 'first_train_section': 28483, 'first_section': 22366, 'first_departure_time': 1536766440, 'first_arrival_time': 1536777420, 'second_train_section': 25601, 'second_section': 22404, 'second_departure_time': 1536781440, 'second_arrival_time': 1536789960}
1581	{'task_type': 'regular', 'locomotive': 22598, 'train_section': 25601, 'section': 22404, 'departure_time': 1536781440, 'arrival_time': 1536789960}
1582	{'task_type': 'regular', 'locomotive': 22598, 'train_section': 28425, 'section': 22247, 'departure_time': 1536793140, 'arrival_time': 1536801960}
1583	{'task_type': 'deadhead', 'locomotive': 22598, 'first_train_section': 28425, 'first_section': 22247, 'first_departure_time': 1536793140, 'first_arrival_time': 1536801960, 'second_train_section': 27920, 'second_section': 22402, 'second_departure_time': 1536807840, 'second_arrival_time': 1536810360}
1584	{'task_type': 'regular', 'locomotive': 22598, 'train_section': 27920, 'section': 22402, 'departure_time': 1536807840, 'arrival_time': 1536810360}
1585	{'task_type': 'deadhead', 'locomotive': 22598, 'first_train_section': 27920, 'first_section': 22402, 'first_departure_time': 1536807840, 'first_arrival_time': 1536810360, 'second_train_section': 25749, 'second_section': 22404, 'second_departure_time': 1536813420, 'second_arrival_time': 1536823620}
1586	{'task_type': 'regular', 'locomotive': 22598, 'train_section': 25749, 'section': 22404, 'departure_time': 1536813420, 'arrival_time': 1536823620}
1587	{'task_type': 'deadhead', 'locomotive': 22598, 'first_train_section': 25749, 'first_section': 22404, 'first_departure_time': 1536813420, 'first_arrival_time': 1536823620, 'second_train_section': 29623, 'second_section': 22383, 'second_departure_time': 1536837120, 'second_arrival_time': 1536840540}
1588	{'task_type': 'regular', 'locomotive': 22598, 'train_section': 29623, 'section': 22383, 'departure_time': 1536837120, 'arrival_time': 1536840540}
1589	{'task_type': 'deadhead', 'locomotive': 22598, 'first_train_section': 29623, 'first_section': 22383, 'first_departure_time': 1536837120, 'first_arrival_time': 1536840540, 'second_train_section': 24916, 'second_section': 22242, 'second_departure_time': 1536844860, 'second_arrival_time': 1536847620}
1590	{'task_type': 'regular', 'locomotive': 22598, 'train_section': 24916, 'section': 22242, 'departure_time': 1536844860, 'arrival_time': 1536847620}
1591	{'task_type': 'deadhead', 'locomotive': 22598, 'first_train_section': 24916, 'first_section': 22242, 'first_departure_time': 1536844860, 'first_arrival_time': 1536847620, 'second_train_section': 26349, 'second_section': 22399, 'second_departure_time': 1536851400, 'second_arrival_time': 1536852840}
1592	{'task_type': 'regular', 'locomotive': 22598, 'train_section': 26349, 'section': 22399, 'departure_time': 1536851400, 'arrival_time': 1536852840}
1593	{'task_type': 'deadhead', 'locomotive': 22598, 'first_train_section': 23845, 'first_section': 22366, 'first_departure_time': 1536852840, 'first_arrival_time': 1536863820, 'second_train_section': 25321, 'second_section': 22308, 'second_departure_time': 1536881760, 'second_arrival_time': 1536884460}
1594	{'task_type': 'regular', 'locomotive': 22598, 'train_section': 25321, 'section': 22308, 'departure_time': 1536881760, 'arrival_time': 1536884460}
1595	{'task_type': 'deadhead', 'locomotive': 22598, 'first_train_section': 25321, 'first_section': 22308, 'first_departure_time': 1536881760, 'first_arrival_time': 1536884460, 'second_train_section': 23603, 'second_section': 22474, 'second_departure_time': 1536895200, 'second_arrival_time': 1536896880}
1596	{'task_type': 'regular', 'locomotive': 22598, 'train_section': 23603, 'section': 22474, 'departure_time': 1536895200, 'arrival_time': 1536896880}
1597	{'task_type': 'regular', 'locomotive': 22598, 'train_section': 28685, 'section': 22512, 'departure_time': 1536899340, 'arrival_time': 1536902700}
1598	{'task_type': 'deadhead', 'locomotive': 22598, 'first_train_section': 28685, 'first_section': 22512, 'first_departure_time': 1536899340, 'first_arrival_time': 1536902700, 'second_train_section': 26607, 'second_section': 22292, 'second_departure_time': 1536916800, 'second_arrival_time': 1536920880}
1599	{'task_type': 'regular', 'locomotive': 22598, 'train_section': 26607, 'section': 22292, 'departure_time': 1536916800, 'arrival_time': 1536920880}
1600	{'task_type': 'deadhead', 'locomotive': 22598, 'first_train_section': 26607, 'first_section': 22292, 'first_departure_time': 1536916800, 'first_arrival_time': 1536920880, 'second_train_section': 24359, 'second_section': 22285, 'second_departure_time': 1536926520, 'second_arrival_time': 1536935640}
1601	{'task_type': 'regular', 'locomotive': 22598, 'train_section': 24359, 'section': 22285, 'departure_time': 1536926520, 'arrival_time': 1536935640}
1602	{'task_type': 'deadhead', 'locomotive': 22598, 'first_train_section': 24359, 'first_section': 22285, 'first_departure_time': 1536926520, 'first_arrival_time': 1536935640, 'second_train_section': 27868, 'second_section': 22331, 'second_departure_time': 1536937680, 'second_arrival_time': 1536948540}
1603	{'task_type': 'regular', 'locomotive': 22598, 'train_section': 27868, 'section': 22331, 'departure_time': 1536937680, 'arrival_time': 1536948540}
1604	{'task_type': 'regular', 'locomotive': 22598, 'train_section': 29400, 'section': 22439, 'departure_time': 1536951120, 'arrival_time': 1536958200}
1605	{'task_type': 'deadhead', 'locomotive': 22598, 'first_train_section': 27237, 'first_section': 22319, 'first_departure_time': 1536962400, 'first_arrival_time': 1536985500, 'second_train_section': 27196, 'second_section': 22273, 'second_departure_time': 1536997980, 'second_arrival_time': 1537002540}
1606	{'task_type': 'regular', 'locomotive': 22598, 'train_section': 27196, 'section': 22273, 'departure_time': 1536997980, 'arrival_time': 1537002540}
1607	{'task_type': 'regular', 'locomotive': 22599, 'train_section': 26996, 'section': 22479, 'departure_time': 1536609060, 'arrival_time': 1536610920}
1608	{'task_type': 'regular', 'locomotive': 22599, 'train_section': 25580, 'section': 22259, 'departure_time': 1536613620, 'arrival_time': 1536614040}
1609	{'task_type': 'regular', 'locomotive': 22599, 'train_section': 25582, 'section': 22265, 'departure_time': 1536616860, 'arrival_time': 1536620580}
1610	{'task_type': 'regular', 'locomotive': 22599, 'train_section': 28323, 'section': 22343, 'departure_time': 1536624060, 'arrival_time': 1536632460}
1611	{'task_type': 'deadhead', 'locomotive': 22599, 'first_train_section': 28323, 'first_section': 22343, 'first_departure_time': 1536624060, 'first_arrival_time': 1536632460, 'second_train_section': 23221, 'second_section': 22281, 'second_departure_time': 1536635160, 'second_arrival_time': 1536642120}
1612	{'task_type': 'regular', 'locomotive': 22599, 'train_section': 23221, 'section': 22281, 'departure_time': 1536635160, 'arrival_time': 1536642120}
1613	{'task_type': 'deadhead', 'locomotive': 22599, 'first_train_section': 23221, 'first_section': 22281, 'first_departure_time': 1536635160, 'first_arrival_time': 1536642120, 'second_train_section': 23959, 'second_section': 22247, 'second_departure_time': 1536649320, 'second_arrival_time': 1536658560}
1614	{'task_type': 'regular', 'locomotive': 22599, 'train_section': 23959, 'section': 22247, 'departure_time': 1536649320, 'arrival_time': 1536658560}
1615	{'task_type': 'deadhead', 'locomotive': 22599, 'first_train_section': 23959, 'first_section': 22247, 'first_departure_time': 1536649320, 'first_arrival_time': 1536658560, 'second_train_section': 26140, 'second_section': 22337, 'second_departure_time': 1536667080, 'second_arrival_time': 1536673800}
1616	{'task_type': 'regular', 'locomotive': 22599, 'train_section': 26140, 'section': 22337, 'departure_time': 1536667080, 'arrival_time': 1536673800}
1617	{'task_type': 'deadhead', 'locomotive': 22599, 'first_train_section': 25835, 'first_section': 22366, 'first_departure_time': 1536680040, 'first_arrival_time': 1536691020, 'second_train_section': 28191, 'second_section': 22322, 'second_departure_time': 1536700380, 'second_arrival_time': 1536708600}
1618	{'task_type': 'regular', 'locomotive': 22599, 'train_section': 28191, 'section': 22322, 'departure_time': 1536700380, 'arrival_time': 1536708600}
1619	{'task_type': 'deadhead', 'locomotive': 22599, 'first_train_section': 28191, 'first_section': 22322, 'first_departure_time': 1536700380, 'first_arrival_time': 1536708600, 'second_train_section': 28852, 'second_section': 22292, 'second_departure_time': 1536713700, 'second_arrival_time': 1536715980}
1620	{'task_type': 'regular', 'locomotive': 22599, 'train_section': 28852, 'section': 22292, 'departure_time': 1536713700, 'arrival_time': 1536715980}
1621	{'task_type': 'deadhead', 'locomotive': 22599, 'first_train_section': 28852, 'first_section': 22292, 'first_departure_time': 1536713700, 'first_arrival_time': 1536715980, 'second_train_section': 25959, 'second_section': 22293, 'second_departure_time': 1536718680, 'second_arrival_time': 1536727140}
1622	{'task_type': 'regular', 'locomotive': 22599, 'train_section': 25959, 'section': 22293, 'departure_time': 1536718680, 'arrival_time': 1536727140}
1623	{'task_type': 'deadhead', 'locomotive': 22599, 'first_train_section': 25959, 'first_section': 22293, 'first_departure_time': 1536718680, 'first_arrival_time': 1536727140, 'second_train_section': 27963, 'second_section': 22310, 'second_departure_time': 1536733560, 'second_arrival_time': 1536735300}
1624	{'task_type': 'regular', 'locomotive': 22599, 'train_section': 27963, 'section': 22310, 'departure_time': 1536733560, 'arrival_time': 1536735300}
1625	{'task_type': 'deadhead', 'locomotive': 22599, 'first_train_section': 27963, 'first_section': 22310, 'first_departure_time': 1536733560, 'first_arrival_time': 1536735300, 'second_train_section': 24075, 'second_section': 22292, 'second_departure_time': 1536744000, 'second_arrival_time': 1536748080}
1626	{'task_type': 'regular', 'locomotive': 22599, 'train_section': 24075, 'section': 22292, 'departure_time': 1536744000, 'arrival_time': 1536748080}
1627	{'task_type': 'deadhead', 'locomotive': 22599, 'first_train_section': 24075, 'first_section': 22292, 'first_departure_time': 1536744000, 'first_arrival_time': 1536748080, 'second_train_section': 29241, 'second_section': 22285, 'second_departure_time': 1536753720, 'second_arrival_time': 1536762840}
1628	{'task_type': 'regular', 'locomotive': 22599, 'train_section': 29241, 'section': 22285, 'departure_time': 1536753720, 'arrival_time': 1536762840}
1629	{'task_type': 'deadhead', 'locomotive': 22599, 'first_train_section': 29241, 'first_section': 22285, 'first_departure_time': 1536753720, 'first_arrival_time': 1536762840, 'second_train_section': 23622, 'second_section': 22331, 'second_departure_time': 1536764880, 'second_arrival_time': 1536775740}
1630	{'task_type': 'regular', 'locomotive': 22599, 'train_section': 23622, 'section': 22331, 'departure_time': 1536764880, 'arrival_time': 1536775740}
1631	{'task_type': 'deadhead', 'locomotive': 22599, 'first_train_section': 23622, 'first_section': 22331, 'first_departure_time': 1536764880, 'first_arrival_time': 1536775740, 'second_train_section': 23692, 'second_section': 22322, 'second_departure_time': 1536786780, 'second_arrival_time': 1536795000}
1632	{'task_type': 'regular', 'locomotive': 22599, 'train_section': 23692, 'section': 22322, 'departure_time': 1536786780, 'arrival_time': 1536795000}
1633	{'task_type': 'deadhead', 'locomotive': 22599, 'first_train_section': 23692, 'first_section': 22322, 'first_departure_time': 1536786780, 'first_arrival_time': 1536795000, 'second_train_section': 22775, 'second_section': 22452, 'second_departure_time': 1536799920, 'second_arrival_time': 1536802620}
1634	{'task_type': 'regular', 'locomotive': 22599, 'train_section': 22775, 'section': 22452, 'departure_time': 1536799920, 'arrival_time': 1536802620}
1635	{'task_type': 'deadhead', 'locomotive': 22599, 'first_train_section': 22775, 'first_section': 22452, 'first_departure_time': 1536799920, 'first_arrival_time': 1536802620, 'second_train_section': 23936, 'second_section': 22447, 'second_departure_time': 1536806700, 'second_arrival_time': 1536809400}
1636	{'task_type': 'regular', 'locomotive': 22599, 'train_section': 23936, 'section': 22447, 'departure_time': 1536806700, 'arrival_time': 1536809400}
1637	{'task_type': 'deadhead', 'locomotive': 22599, 'first_train_section': 23936, 'first_section': 22447, 'first_departure_time': 1536806700, 'first_arrival_time': 1536809400, 'second_train_section': 27015, 'second_section': 22494, 'second_departure_time': 1536817500, 'second_arrival_time': 1536819720}
1638	{'task_type': 'regular', 'locomotive': 22599, 'train_section': 27015, 'section': 22494, 'departure_time': 1536817500, 'arrival_time': 1536819720}
1639	{'task_type': 'deadhead', 'locomotive': 22599, 'first_train_section': 27015, 'first_section': 22494, 'first_departure_time': 1536817500, 'first_arrival_time': 1536819720, 'second_train_section': 28660, 'second_section': 22331, 'second_departure_time': 1536822480, 'second_arrival_time': 1536833280}
1640	{'task_type': 'regular', 'locomotive': 22599, 'train_section': 28660, 'section': 22331, 'departure_time': 1536822480, 'arrival_time': 1536833280}
1641	{'task_type': 'regular', 'locomotive': 22599, 'train_section': 24368, 'section': 22438, 'departure_time': 1536839520, 'arrival_time': 1536850260}
1642	{'task_type': 'deadhead', 'locomotive': 22599, 'first_train_section': 24368, 'first_section': 22438, 'first_departure_time': 1536839520, 'first_arrival_time': 1536850260, 'second_train_section': 23939, 'second_section': 22254, 'second_departure_time': 1536857280, 'second_arrival_time': 1536857940}
1643	{'task_type': 'regular', 'locomotive': 22599, 'train_section': 23939, 'section': 22254, 'departure_time': 1536857280, 'arrival_time': 1536857940}
1644	{'task_type': 'deadhead', 'locomotive': 22599, 'first_train_section': 23939, 'first_section': 22254, 'first_departure_time': 1536857280, 'first_arrival_time': 1536857940, 'second_train_section': 26431, 'second_section': 22446, 'second_departure_time': 1536859260, 'second_arrival_time': 1536860340}
1645	{'task_type': 'regular', 'locomotive': 22599, 'train_section': 26431, 'section': 22446, 'departure_time': 1536859260, 'arrival_time': 1536860340}
1646	{'task_type': 'deadhead', 'locomotive': 22599, 'first_train_section': 26431, 'first_section': 22446, 'first_departure_time': 1536859260, 'first_arrival_time': 1536860340, 'second_train_section': 29932, 'second_section': 22452, 'second_departure_time': 1536862560, 'second_arrival_time': 1536864360}
1647	{'task_type': 'regular', 'locomotive': 22599, 'train_section': 29932, 'section': 22452, 'departure_time': 1536862560, 'arrival_time': 1536864360}
1648	{'task_type': 'deadhead', 'locomotive': 22599, 'first_train_section': 29932, 'first_section': 22452, 'first_departure_time': 1536862560, 'first_arrival_time': 1536864360, 'second_train_section': 27966, 'second_section': 22294, 'second_departure_time': 1536869280, 'second_arrival_time': 1536872520}
1649	{'task_type': 'regular', 'locomotive': 22599, 'train_section': 27966, 'section': 22294, 'departure_time': 1536869280, 'arrival_time': 1536872520}
1650	{'task_type': 'deadhead', 'locomotive': 22599, 'first_train_section': 27966, 'first_section': 22294, 'first_departure_time': 1536869280, 'first_arrival_time': 1536872520, 'second_train_section': 27387, 'second_section': 22288, 'second_departure_time': 1536887220, 'second_arrival_time': 1536893760}
1651	{'task_type': 'regular', 'locomotive': 22599, 'train_section': 27387, 'section': 22288, 'departure_time': 1536887220, 'arrival_time': 1536893760}
1652	{'task_type': 'regular', 'locomotive': 22599, 'train_section': 27389, 'section': 22323, 'departure_time': 1536894420, 'arrival_time': 1536897780}
1653	{'task_type': 'deadhead', 'locomotive': 22599, 'first_train_section': 27389, 'first_section': 22323, 'first_departure_time': 1536894420, 'first_arrival_time': 1536897780, 'second_train_section': 22880, 'second_section': 22472, 'second_departure_time': 1536901980, 'second_arrival_time': 1536907140}
1654	{'task_type': 'regular', 'locomotive': 22599, 'train_section': 22880, 'section': 22472, 'departure_time': 1536901980, 'arrival_time': 1536907140}
1655	{'task_type': 'deadhead', 'locomotive': 22599, 'first_train_section': 22880, 'first_section': 22472, 'first_departure_time': 1536901980, 'first_arrival_time': 1536907140, 'second_train_section': 24849, 'second_section': 22485, 'second_departure_time': 1536911640, 'second_arrival_time': 1536919080}
1656	{'task_type': 'regular', 'locomotive': 22599, 'train_section': 24849, 'section': 22485, 'departure_time': 1536911640, 'arrival_time': 1536919080}
1657	{'task_type': 'deadhead', 'locomotive': 22599, 'first_train_section': 24849, 'first_section': 22485, 'first_departure_time': 1536911640, 'first_arrival_time': 1536919080, 'second_train_section': 28702, 'second_section': 22259, 'second_departure_time': 1536923400, 'second_arrival_time': 1536923760}
1658	{'task_type': 'regular', 'locomotive': 22599, 'train_section': 28702, 'section': 22259, 'departure_time': 1536923400, 'arrival_time': 1536923760}
1659	{'task_type': 'deadhead', 'locomotive': 22599, 'first_train_section': 28702, 'first_section': 22259, 'first_departure_time': 1536923400, 'first_arrival_time': 1536923760, 'second_train_section': 25312, 'second_section': 22341, 'second_departure_time': 1536929820, 'second_arrival_time': 1536933720}
1660	{'task_type': 'regular', 'locomotive': 22599, 'train_section': 25312, 'section': 22341, 'departure_time': 1536929820, 'arrival_time': 1536933720}
1661	{'task_type': 'deadhead', 'locomotive': 22599, 'first_train_section': 25312, 'first_section': 22341, 'first_departure_time': 1536929820, 'first_arrival_time': 1536933720, 'second_train_section': 25115, 'second_section': 22249, 'second_departure_time': 1536936480, 'second_arrival_time': 1536942480}
1662	{'task_type': 'regular', 'locomotive': 22599, 'train_section': 25115, 'section': 22249, 'departure_time': 1536936480, 'arrival_time': 1536942480}
1663	{'task_type': 'regular', 'locomotive': 22599, 'train_section': 28713, 'section': 22505, 'departure_time': 1536947040, 'arrival_time': 1536952140}
1664	{'task_type': 'deadhead', 'locomotive': 22599, 'first_train_section': 28713, 'first_section': 22505, 'first_departure_time': 1536947040, 'first_arrival_time': 1536952140, 'second_train_section': 28717, 'second_section': 22496, 'second_departure_time': 1536956820, 'second_arrival_time': 1536961920}
1665	{'task_type': 'regular', 'locomotive': 22599, 'train_section': 28717, 'section': 22496, 'departure_time': 1536956820, 'arrival_time': 1536961920}
1666	{'task_type': 'deadhead', 'locomotive': 22599, 'first_train_section': 28717, 'first_section': 22496, 'first_departure_time': 1536956820, 'first_arrival_time': 1536961920, 'second_train_section': 23265, 'second_section': 22304, 'second_departure_time': 1536971580, 'second_arrival_time': 1536976020}
1667	{'task_type': 'regular', 'locomotive': 22599, 'train_section': 23265, 'section': 22304, 'departure_time': 1536971580, 'arrival_time': 1536976020}
1668	{'task_type': 'deadhead', 'locomotive': 22599, 'first_train_section': 23265, 'first_section': 22304, 'first_departure_time': 1536971580, 'first_arrival_time': 1536976020, 'second_train_section': 27228, 'second_section': 22369, 'second_departure_time': 1536978240, 'second_arrival_time': 1536981120}
1669	{'task_type': 'regular', 'locomotive': 22599, 'train_section': 27228, 'section': 22369, 'departure_time': 1536978240, 'arrival_time': 1536981120}
1670	{'task_type': 'regular', 'locomotive': 22599, 'train_section': 25010, 'section': 22350, 'departure_time': 1536987840, 'arrival_time': 1536991500}
1671	{'task_type': 'deadhead', 'locomotive': 22599, 'first_train_section': 25010, 'first_section': 22350, 'first_departure_time': 1536987840, 'first_arrival_time': 1536991500, 'second_train_section': 22724, 'second_section': 22416, 'second_departure_time': 1537005240, 'second_arrival_time': 1537008900}
1672	{'task_type': 'regular', 'locomotive': 22599, 'train_section': 22724, 'section': 22416, 'departure_time': 1537005240, 'arrival_time': 1537008900}
1673	{'task_type': 'deadhead', 'locomotive': 22599, 'first_train_section': 22724, 'first_section': 22416, 'first_departure_time': 1537005240, 'first_arrival_time': 1537008900, 'second_train_section': 27435, 'second_section': 22294, 'second_departure_time': 1537017780, 'second_arrival_time': 1537019940}
1674	{'task_type': 'regular', 'locomotive': 22599, 'train_section': 27435, 'section': 22294, 'departure_time': 1537017780, 'arrival_time': 1537019940}
1675	{'task_type': 'deadhead', 'locomotive': 22599, 'first_train_section': 27435, 'first_section': 22294, 'first_departure_time': 1537017780, 'first_arrival_time': 1537019940, 'second_train_section': 23028, 'second_section': 22471, 'second_departure_time': 1537030620, 'second_arrival_time': 1537033440}
1676	{'task_type': 'regular', 'locomotive': 22599, 'train_section': 23028, 'section': 22471, 'departure_time': 1537030620, 'arrival_time': 1537033440}
1677	{'task_type': 'deadhead', 'locomotive': 22599, 'first_train_section': 23028, 'first_section': 22471, 'first_departure_time': 1537030620, 'first_arrival_time': 1537033440, 'second_train_section': 27542, 'second_section': 22397, 'second_departure_time': 1537055400, 'second_arrival_time': 1537063440}
1678	{'task_type': 'regular', 'locomotive': 22599, 'train_section': 27542, 'section': 22397, 'departure_time': 1537055400, 'arrival_time': 1537063440}
1679	{'task_type': 'deadhead', 'locomotive': 22599, 'first_train_section': 27542, 'first_section': 22397, 'first_departure_time': 1537055400, 'first_arrival_time': 1537063440, 'second_train_section': 28636, 'second_section': 22320, 'second_departure_time': 1537110300, 'second_arrival_time': 1537116660}
1680	{'task_type': 'regular', 'locomotive': 22599, 'train_section': 28636, 'section': 22320, 'departure_time': 1537110300, 'arrival_time': 1537116660}
1681	{'task_type': 'deadhead', 'locomotive': 22599, 'first_train_section': 28636, 'first_section': 22320, 'first_departure_time': 1537110300, 'first_arrival_time': 1537116660, 'second_train_section': 23160, 'second_section': 22398, 'second_departure_time': 1537132800, 'second_arrival_time': 1537135199}
1682	{'task_type': 'regular', 'locomotive': 22599, 'train_section': 23160, 'section': 22398, 'departure_time': 1537132800, 'arrival_time': 1537135199}
1683	{'task_type': 'regular', 'locomotive': 22600, 'train_section': 29816, 'section': 22284, 'departure_time': 1536605520, 'arrival_time': 1536609180}
1684	{'task_type': 'deadhead', 'locomotive': 22600, 'first_train_section': 29816, 'first_section': 22284, 'first_departure_time': 1536605520, 'first_arrival_time': 1536609180, 'second_train_section': 24950, 'second_section': 22350, 'second_departure_time': 1536642240, 'second_arrival_time': 1536645900}
1685	{'task_type': 'regular', 'locomotive': 22600, 'train_section': 24950, 'section': 22350, 'departure_time': 1536642240, 'arrival_time': 1536645900}
1686	{'task_type': 'deadhead', 'locomotive': 22600, 'first_train_section': 24950, 'first_section': 22350, 'first_departure_time': 1536642240, 'first_arrival_time': 1536645900, 'second_train_section': 24065, 'second_section': 22292, 'second_departure_time': 1536657600, 'second_arrival_time': 1536661680}
1687	{'task_type': 'regular', 'locomotive': 22600, 'train_section': 24065, 'section': 22292, 'departure_time': 1536657600, 'arrival_time': 1536661680}
1688	{'task_type': 'regular', 'locomotive': 22600, 'train_section': 23497, 'section': 22381, 'departure_time': 1536665520, 'arrival_time': 1536667440}
1689	{'task_type': 'regular', 'locomotive': 22600, 'train_section': 23987, 'section': 22287, 'departure_time': 1536667680, 'arrival_time': 1536669060}
1690	{'task_type': 'deadhead', 'locomotive': 22600, 'first_train_section': 23987, 'first_section': 22287, 'first_departure_time': 1536667680, 'first_arrival_time': 1536669060, 'second_train_section': 28126, 'second_section': 22281, 'second_departure_time': 1536678840, 'second_arrival_time': 1536684000}
1691	{'task_type': 'regular', 'locomotive': 22600, 'train_section': 28126, 'section': 22281, 'departure_time': 1536678840, 'arrival_time': 1536684000}
1692	{'task_type': 'deadhead', 'locomotive': 22600, 'first_train_section': 28126, 'first_section': 22281, 'first_departure_time': 1536678840, 'first_arrival_time': 1536684000, 'second_train_section': 27596, 'second_section': 22469, 'second_departure_time': 1536693600, 'second_arrival_time': 1536695760}
1693	{'task_type': 'regular', 'locomotive': 22600, 'train_section': 27596, 'section': 22469, 'departure_time': 1536693600, 'arrival_time': 1536695760}
1694	{'task_type': 'deadhead', 'locomotive': 22600, 'first_train_section': 27596, 'first_section': 22469, 'first_departure_time': 1536693600, 'first_arrival_time': 1536695760, 'second_train_section': 29018, 'second_section': 22324, 'second_departure_time': 1536702360, 'second_arrival_time': 1536707700}
1695	{'task_type': 'regular', 'locomotive': 22600, 'train_section': 29018, 'section': 22324, 'departure_time': 1536702360, 'arrival_time': 1536707700}
1696	{'task_type': 'deadhead', 'locomotive': 22600, 'first_train_section': 29018, 'first_section': 22324, 'first_departure_time': 1536702360, 'first_arrival_time': 1536707700, 'second_train_section': 25078, 'second_section': 22378, 'second_departure_time': 1536719700, 'second_arrival_time': 1536723360}
1697	{'task_type': 'regular', 'locomotive': 22600, 'train_section': 25078, 'section': 22378, 'departure_time': 1536719700, 'arrival_time': 1536723360}
1698	{'task_type': 'deadhead', 'locomotive': 22600, 'first_train_section': 25078, 'first_section': 22378, 'first_departure_time': 1536719700, 'first_arrival_time': 1536723360, 'second_train_section': 28730, 'second_section': 22378, 'second_departure_time': 1536728700, 'second_arrival_time': 1536732360}
1699	{'task_type': 'regular', 'locomotive': 22600, 'train_section': 28730, 'section': 22378, 'departure_time': 1536728700, 'arrival_time': 1536732360}
1700	{'task_type': 'deadhead', 'locomotive': 22600, 'first_train_section': 26455, 'first_section': 22417, 'first_departure_time': 1536732360, 'first_arrival_time': 1536744240, 'second_train_section': 23395, 'second_section': 22378, 'second_departure_time': 1536752100, 'second_arrival_time': 1536755760}
1701	{'task_type': 'regular', 'locomotive': 22600, 'train_section': 23395, 'section': 22378, 'departure_time': 1536752100, 'arrival_time': 1536755760}
1702	{'task_type': 'deadhead', 'locomotive': 22600, 'first_train_section': 23395, 'first_section': 22378, 'first_departure_time': 1536752100, 'first_arrival_time': 1536755760, 'second_train_section': 26150, 'second_section': 22376, 'second_departure_time': 1536760200, 'second_arrival_time': 1536765480}
1703	{'task_type': 'regular', 'locomotive': 22600, 'train_section': 26150, 'section': 22376, 'departure_time': 1536760200, 'arrival_time': 1536765480}
1704	{'task_type': 'deadhead', 'locomotive': 22600, 'first_train_section': 26150, 'first_section': 22376, 'first_departure_time': 1536760200, 'first_arrival_time': 1536765480, 'second_train_section': 24910, 'second_section': 22414, 'second_departure_time': 1536767820, 'second_arrival_time': 1536772260}
1705	{'task_type': 'regular', 'locomotive': 22600, 'train_section': 24910, 'section': 22414, 'departure_time': 1536767820, 'arrival_time': 1536772260}
1706	{'task_type': 'deadhead', 'locomotive': 22600, 'first_train_section': 24910, 'first_section': 22414, 'first_departure_time': 1536767820, 'first_arrival_time': 1536772260, 'second_train_section': 29589, 'second_section': 22386, 'second_departure_time': 1536780120, 'second_arrival_time': 1536785160}
1707	{'task_type': 'regular', 'locomotive': 22600, 'train_section': 29589, 'section': 22386, 'departure_time': 1536780120, 'arrival_time': 1536785160}
1708	{'task_type': 'deadhead', 'locomotive': 22600, 'first_train_section': 29589, 'first_section': 22386, 'first_departure_time': 1536780120, 'first_arrival_time': 1536785160, 'second_train_section': 22871, 'second_section': 22443, 'second_departure_time': 1536787860, 'second_arrival_time': 1536789660}
1709	{'task_type': 'regular', 'locomotive': 22600, 'train_section': 22871, 'section': 22443, 'departure_time': 1536787860, 'arrival_time': 1536789660}
1710	{'task_type': 'regular', 'locomotive': 22600, 'train_section': 22873, 'section': 22495, 'departure_time': 1536791100, 'arrival_time': 1536794040}
1711	{'task_type': 'regular', 'locomotive': 22600, 'train_section': 22875, 'section': 22304, 'departure_time': 1536794700, 'arrival_time': 1536799080}
1712	{'task_type': 'regular', 'locomotive': 22600, 'train_section': 26984, 'section': 22245, 'departure_time': 1536805800, 'arrival_time': 1536810180}
1713	{'task_type': 'regular', 'locomotive': 22600, 'train_section': 26986, 'section': 22308, 'departure_time': 1536810900, 'arrival_time': 1536813600}
1714	{'task_type': 'deadhead', 'locomotive': 22600, 'first_train_section': 26986, 'first_section': 22308, 'first_departure_time': 1536810900, 'first_arrival_time': 1536813600, 'second_train_section': 23531, 'second_section': 22499, 'second_departure_time': 1536824700, 'second_arrival_time': 1536829860}
1715	{'task_type': 'regular', 'locomotive': 22600, 'train_section': 23531, 'section': 22499, 'departure_time': 1536824700, 'arrival_time': 1536829860}
1716	{'task_type': 'deadhead', 'locomotive': 22600, 'first_train_section': 23531, 'first_section': 22499, 'first_departure_time': 1536824700, 'first_arrival_time': 1536829860, 'second_train_section': 25904, 'second_section': 22279, 'second_departure_time': 1536839400, 'second_arrival_time': 1536844320}
1717	{'task_type': 'regular', 'locomotive': 22600, 'train_section': 25904, 'section': 22279, 'departure_time': 1536839400, 'arrival_time': 1536844320}
1718	{'task_type': 'deadhead', 'locomotive': 22600, 'first_train_section': 25904, 'first_section': 22279, 'first_departure_time': 1536839400, 'first_arrival_time': 1536844320, 'second_train_section': 29556, 'second_section': 22280, 'second_departure_time': 1536858120, 'second_arrival_time': 1536866520}
1719	{'task_type': 'regular', 'locomotive': 22600, 'train_section': 29556, 'section': 22280, 'departure_time': 1536858120, 'arrival_time': 1536866520}
1720	{'task_type': 'deadhead', 'locomotive': 22600, 'first_train_section': 29556, 'first_section': 22280, 'first_departure_time': 1536858120, 'first_arrival_time': 1536866520, 'second_train_section': 25863, 'second_section': 22323, 'second_departure_time': 1536868140, 'second_arrival_time': 1536871380}
1721	{'task_type': 'regular', 'locomotive': 22600, 'train_section': 25863, 'section': 22323, 'departure_time': 1536868140, 'arrival_time': 1536871380}
1722	{'task_type': 'deadhead', 'locomotive': 22600, 'first_train_section': 25863, 'first_section': 22323, 'first_departure_time': 1536868140, 'first_arrival_time': 1536871380, 'second_train_section': 29483, 'second_section': 22408, 'second_departure_time': 1536890280, 'second_arrival_time': 1536892740}
1723	{'task_type': 'regular', 'locomotive': 22600, 'train_section': 29483, 'section': 22408, 'departure_time': 1536890280, 'arrival_time': 1536892740}
1724	{'task_type': 'deadhead', 'locomotive': 22600, 'first_train_section': 29483, 'first_section': 22408, 'first_departure_time': 1536890280, 'first_arrival_time': 1536892740, 'second_train_section': 24157, 'second_section': 22403, 'second_departure_time': 1536896460, 'second_arrival_time': 1536898860}
1725	{'task_type': 'regular', 'locomotive': 22600, 'train_section': 24157, 'section': 22403, 'departure_time': 1536896460, 'arrival_time': 1536898860}
1726	{'task_type': 'deadhead', 'locomotive': 22600, 'first_train_section': 24157, 'first_section': 22403, 'first_departure_time': 1536896460, 'first_arrival_time': 1536898860, 'second_train_section': 29394, 'second_section': 22465, 'second_departure_time': 1536903660, 'second_arrival_time': 1536904860}
1727	{'task_type': 'regular', 'locomotive': 22600, 'train_section': 29394, 'section': 22465, 'departure_time': 1536903660, 'arrival_time': 1536904860}
1728	{'task_type': 'deadhead', 'locomotive': 22600, 'first_train_section': 29394, 'first_section': 22465, 'first_departure_time': 1536903660, 'first_arrival_time': 1536904860, 'second_train_section': 25143, 'second_section': 22383, 'second_departure_time': 1536918960, 'second_arrival_time': 1536923100}
1729	{'task_type': 'regular', 'locomotive': 22600, 'train_section': 25143, 'section': 22383, 'departure_time': 1536918960, 'arrival_time': 1536923100}
1730	{'task_type': 'deadhead', 'locomotive': 22600, 'first_train_section': 25143, 'first_section': 22383, 'first_departure_time': 1536918960, 'first_arrival_time': 1536923100, 'second_train_section': 25667, 'second_section': 22384, 'second_departure_time': 1536927900, 'second_arrival_time': 1536933300}
1731	{'task_type': 'regular', 'locomotive': 22600, 'train_section': 25667, 'section': 22384, 'departure_time': 1536927900, 'arrival_time': 1536933300}
1732	{'task_type': 'deadhead', 'locomotive': 22600, 'first_train_section': 25667, 'first_section': 22384, 'first_departure_time': 1536927900, 'first_arrival_time': 1536933300, 'second_train_section': 26229, 'second_section': 22399, 'second_departure_time': 1536937800, 'second_arrival_time': 1536939240}
1733	{'task_type': 'regular', 'locomotive': 22600, 'train_section': 26229, 'section': 22399, 'departure_time': 1536937800, 'arrival_time': 1536939240}
1734	{'task_type': 'deadhead', 'locomotive': 22600, 'first_train_section': 26229, 'first_section': 22399, 'first_departure_time': 1536937800, 'first_arrival_time': 1536939240, 'second_train_section': 27286, 'second_section': 22242, 'second_departure_time': 1536945840, 'second_arrival_time': 1536949020}
1735	{'task_type': 'regular', 'locomotive': 22600, 'train_section': 27286, 'section': 22242, 'departure_time': 1536945840, 'arrival_time': 1536949020}
1736	{'task_type': 'deadhead', 'locomotive': 22600, 'first_train_section': 27286, 'first_section': 22242, 'first_departure_time': 1536945840, 'first_arrival_time': 1536949020, 'second_train_section': 27939, 'second_section': 22404, 'second_departure_time': 1536954240, 'second_arrival_time': 1536962760}
1737	{'task_type': 'regular', 'locomotive': 22600, 'train_section': 27939, 'section': 22404, 'departure_time': 1536954240, 'arrival_time': 1536962760}
1738	{'task_type': 'deadhead', 'locomotive': 22600, 'first_train_section': 27939, 'first_section': 22404, 'first_departure_time': 1536954240, 'first_arrival_time': 1536962760, 'second_train_section': 25925, 'second_section': 22343, 'second_departure_time': 1536969660, 'second_arrival_time': 1536978060}
1739	{'task_type': 'regular', 'locomotive': 22600, 'train_section': 25925, 'section': 22343, 'departure_time': 1536969660, 'arrival_time': 1536978060}
1740	{'task_type': 'deadhead', 'locomotive': 22600, 'first_train_section': 25925, 'first_section': 22343, 'first_departure_time': 1536969660, 'first_arrival_time': 1536978060, 'second_train_section': 29653, 'second_section': 22280, 'second_departure_time': 1536983640, 'second_arrival_time': 1536990240}
1741	{'task_type': 'regular', 'locomotive': 22600, 'train_section': 29653, 'section': 22280, 'departure_time': 1536983640, 'arrival_time': 1536990240}
1742	{'task_type': 'deadhead', 'locomotive': 22600, 'first_train_section': 29653, 'first_section': 22280, 'first_departure_time': 1536983640, 'first_arrival_time': 1536990240, 'second_train_section': 27274, 'second_section': 22387, 'second_departure_time': 1536997080, 'second_arrival_time': 1536998520}
1743	{'task_type': 'regular', 'locomotive': 22600, 'train_section': 27274, 'section': 22387, 'departure_time': 1536997080, 'arrival_time': 1536998520}
1744	{'task_type': 'regular', 'locomotive': 22600, 'train_section': 23729, 'section': 22329, 'departure_time': 1537001880, 'arrival_time': 1537003320}
1745	{'task_type': 'regular', 'locomotive': 22600, 'train_section': 23310, 'section': 22387, 'departure_time': 1537004280, 'arrival_time': 1537005720}
1746	{'task_type': 'regular', 'locomotive': 22600, 'train_section': 25871, 'section': 22329, 'departure_time': 1537009080, 'arrival_time': 1537010520}
1747	{'task_type': 'deadhead', 'locomotive': 22600, 'first_train_section': 25871, 'first_section': 22329, 'first_departure_time': 1537009080, 'first_arrival_time': 1537010520, 'second_train_section': 24957, 'second_section': 22324, 'second_departure_time': 1537014180, 'second_arrival_time': 1537019580}
1748	{'task_type': 'regular', 'locomotive': 22600, 'train_section': 24957, 'section': 22324, 'departure_time': 1537014180, 'arrival_time': 1537019580}
1749	{'task_type': 'deadhead', 'locomotive': 22600, 'first_train_section': 24957, 'first_section': 22324, 'first_departure_time': 1537014180, 'first_arrival_time': 1537019580, 'second_train_section': 24175, 'second_section': 22387, 'second_departure_time': 1537025880, 'second_arrival_time': 1537027320}
1750	{'task_type': 'regular', 'locomotive': 22600, 'train_section': 24175, 'section': 22387, 'departure_time': 1537025880, 'arrival_time': 1537027320}
1751	{'task_type': 'deadhead', 'locomotive': 22600, 'first_train_section': 24175, 'first_section': 22387, 'first_departure_time': 1537025880, 'first_arrival_time': 1537027320, 'second_train_section': 25635, 'second_section': 22398, 'second_departure_time': 1537046400, 'second_arrival_time': 1537052280}
1752	{'task_type': 'regular', 'locomotive': 22600, 'train_section': 25635, 'section': 22398, 'departure_time': 1537046400, 'arrival_time': 1537052280}
1753	{'task_type': 'deadhead', 'locomotive': 22600, 'first_train_section': 25635, 'first_section': 22398, 'first_departure_time': 1537046400, 'first_arrival_time': 1537052280, 'second_train_section': 27336, 'second_section': 22452, 'second_departure_time': 1537121760, 'second_arrival_time': 1537123560}
1754	{'task_type': 'regular', 'locomotive': 22600, 'train_section': 27336, 'section': 22452, 'departure_time': 1537121760, 'arrival_time': 1537123560}
1755	{'task_type': 'regular', 'locomotive': 22601, 'train_section': 27221, 'section': 22504, 'departure_time': 1536608820, 'arrival_time': 1536613860}
1756	{'task_type': 'regular', 'locomotive': 22601, 'train_section': 22661, 'section': 22244, 'departure_time': 1536615120, 'arrival_time': 1536616680}
1757	{'task_type': 'regular', 'locomotive': 22601, 'train_section': 22663, 'section': 22264, 'departure_time': 1536619020, 'arrival_time': 1536619440}
1758	{'task_type': 'deadhead', 'locomotive': 22601, 'first_train_section': 22663, 'first_section': 22264, 'first_departure_time': 1536619020, 'first_arrival_time': 1536619440, 'second_train_section': 22996, 'second_section': 22247, 'second_departure_time': 1536622260, 'second_arrival_time': 1536631140}
1759	{'task_type': 'regular', 'locomotive': 22601, 'train_section': 22996, 'section': 22247, 'departure_time': 1536622260, 'arrival_time': 1536631140}
1760	{'task_type': 'deadhead', 'locomotive': 22601, 'first_train_section': 22996, 'first_section': 22247, 'first_departure_time': 1536622260, 'first_arrival_time': 1536631140, 'second_train_section': 30068, 'second_section': 22249, 'second_departure_time': 1536658560, 'second_arrival_time': 1536666000}
1761	{'task_type': 'regular', 'locomotive': 22601, 'train_section': 30068, 'section': 22249, 'departure_time': 1536658560, 'arrival_time': 1536666000}
1762	{'task_type': 'deadhead', 'locomotive': 22601, 'first_train_section': 30068, 'first_section': 22249, 'first_departure_time': 1536658560, 'first_arrival_time': 1536666000, 'second_train_section': 24470, 'second_section': 22499, 'second_departure_time': 1536673500, 'second_arrival_time': 1536678660}
1763	{'task_type': 'regular', 'locomotive': 22601, 'train_section': 24470, 'section': 22499, 'departure_time': 1536673500, 'arrival_time': 1536678660}
1764	{'task_type': 'deadhead', 'locomotive': 22601, 'first_train_section': 24470, 'first_section': 22499, 'first_departure_time': 1536673500, 'first_arrival_time': 1536678660, 'second_train_section': 28217, 'second_section': 22259, 'second_departure_time': 1536686640, 'second_arrival_time': 1536686940}
1765	{'task_type': 'regular', 'locomotive': 22601, 'train_section': 28217, 'section': 22259, 'departure_time': 1536686640, 'arrival_time': 1536686940}
1766	{'task_type': 'deadhead', 'locomotive': 22601, 'first_train_section': 28217, 'first_section': 22259, 'first_departure_time': 1536686640, 'first_arrival_time': 1536686940, 'second_train_section': 29679, 'second_section': 22504, 'second_departure_time': 1536695220, 'second_arrival_time': 1536700260}
1767	{'task_type': 'regular', 'locomotive': 22601, 'train_section': 29679, 'section': 22504, 'departure_time': 1536695220, 'arrival_time': 1536700260}
1768	{'task_type': 'regular', 'locomotive': 22601, 'train_section': 29682, 'section': 22247, 'departure_time': 1536700440, 'arrival_time': 1536711300}
1769	{'task_type': 'deadhead', 'locomotive': 22601, 'first_train_section': 29682, 'first_section': 22247, 'first_departure_time': 1536700440, 'first_arrival_time': 1536711300, 'second_train_section': 24664, 'second_section': 22350, 'second_departure_time': 1536728640, 'second_arrival_time': 1536732300}
1770	{'task_type': 'regular', 'locomotive': 22601, 'train_section': 24664, 'section': 22350, 'departure_time': 1536728640, 'arrival_time': 1536732300}
1771	{'task_type': 'deadhead', 'locomotive': 22601, 'first_train_section': 24664, 'first_section': 22350, 'first_departure_time': 1536728640, 'first_arrival_time': 1536732300, 'second_train_section': 28507, 'second_section': 22342, 'second_departure_time': 1536736740, 'second_arrival_time': 1536742020}
1772	{'task_type': 'regular', 'locomotive': 22601, 'train_section': 28507, 'section': 22342, 'departure_time': 1536736740, 'arrival_time': 1536742020}
1773	{'task_type': 'regular', 'locomotive': 22601, 'train_section': 25987, 'section': 22282, 'departure_time': 1536753840, 'arrival_time': 1536759240}
1774	{'task_type': 'deadhead', 'locomotive': 22601, 'first_train_section': 25987, 'first_section': 22282, 'first_departure_time': 1536753840, 'first_arrival_time': 1536759240, 'second_train_section': 29112, 'second_section': 22351, 'second_departure_time': 1536763680, 'second_arrival_time': 1536768840}
1775	{'task_type': 'regular', 'locomotive': 22601, 'train_section': 29112, 'section': 22351, 'departure_time': 1536763680, 'arrival_time': 1536768840}
1776	{'task_type': 'deadhead', 'locomotive': 22601, 'first_train_section': 29112, 'first_section': 22351, 'first_departure_time': 1536763680, 'first_arrival_time': 1536768840, 'second_train_section': 24279, 'second_section': 22483, 'second_departure_time': 1536772440, 'second_arrival_time': 1536775560}
1777	{'task_type': 'regular', 'locomotive': 22601, 'train_section': 24279, 'section': 22483, 'departure_time': 1536772440, 'arrival_time': 1536775560}
1778	{'task_type': 'deadhead', 'locomotive': 22601, 'first_train_section': 24279, 'first_section': 22483, 'first_departure_time': 1536772440, 'first_arrival_time': 1536775560, 'second_train_section': 27283, 'second_section': 22261, 'second_departure_time': 1536781500, 'second_arrival_time': 1536783060}
1779	{'task_type': 'regular', 'locomotive': 22601, 'train_section': 27283, 'section': 22261, 'departure_time': 1536781500, 'arrival_time': 1536783060}
1780	{'task_type': 'regular', 'locomotive': 22601, 'train_section': 22953, 'section': 22478, 'departure_time': 1536790860, 'arrival_time': 1536793380}
1781	{'task_type': 'regular', 'locomotive': 22601, 'train_section': 22956, 'section': 22247, 'departure_time': 1536793980, 'arrival_time': 1536803340}
1782	{'task_type': 'deadhead', 'locomotive': 22601, 'first_train_section': 22956, 'first_section': 22247, 'first_departure_time': 1536793980, 'first_arrival_time': 1536803340, 'second_train_section': 29709, 'second_section': 22404, 'second_departure_time': 1536805260, 'second_arrival_time': 1536814500}
1783	{'task_type': 'regular', 'locomotive': 22601, 'train_section': 29709, 'section': 22404, 'departure_time': 1536805260, 'arrival_time': 1536814500}
1784	{'task_type': 'regular', 'locomotive': 22601, 'train_section': 25751, 'section': 22245, 'departure_time': 1536823980, 'arrival_time': 1536828960}
1785	{'task_type': 'deadhead', 'locomotive': 22601, 'first_train_section': 25751, 'first_section': 22245, 'first_departure_time': 1536823980, 'first_arrival_time': 1536828960, 'second_train_section': 22883, 'second_section': 22261, 'second_departure_time': 1536838680, 'second_arrival_time': 1536840420}
1786	{'task_type': 'regular', 'locomotive': 22601, 'train_section': 22883, 'section': 22261, 'departure_time': 1536838680, 'arrival_time': 1536840420}
1787	{'task_type': 'deadhead', 'locomotive': 22601, 'first_train_section': 22883, 'first_section': 22261, 'first_departure_time': 1536838680, 'first_arrival_time': 1536840420, 'second_train_section': 27551, 'second_section': 22500, 'second_departure_time': 1536845880, 'second_arrival_time': 1536849000}
1788	{'task_type': 'regular', 'locomotive': 22601, 'train_section': 27551, 'section': 22500, 'departure_time': 1536845880, 'arrival_time': 1536849000}
1789	{'task_type': 'regular', 'locomotive': 22601, 'train_section': 27684, 'section': 22361, 'departure_time': 1536849540, 'arrival_time': 1536852540}
1790	{'task_type': 'deadhead', 'locomotive': 22601, 'first_train_section': 27684, 'first_section': 22361, 'first_departure_time': 1536849540, 'first_arrival_time': 1536852540, 'second_train_section': 26924, 'second_section': 22483, 'second_departure_time': 1536858840, 'second_arrival_time': 1536861960}
1791	{'task_type': 'regular', 'locomotive': 22601, 'train_section': 26924, 'section': 22483, 'departure_time': 1536858840, 'arrival_time': 1536861960}
1792	{'task_type': 'deadhead', 'locomotive': 22601, 'first_train_section': 26924, 'first_section': 22483, 'first_departure_time': 1536858840, 'first_arrival_time': 1536861960, 'second_train_section': 29320, 'second_section': 22261, 'second_departure_time': 1536867900, 'second_arrival_time': 1536869460}
1793	{'task_type': 'regular', 'locomotive': 22601, 'train_section': 29320, 'section': 22261, 'departure_time': 1536867900, 'arrival_time': 1536869460}
1794	{'task_type': 'deadhead', 'locomotive': 22601, 'first_train_section': 29320, 'first_section': 22261, 'first_departure_time': 1536867900, 'first_arrival_time': 1536869460, 'second_train_section': 27711, 'second_section': 22259, 'second_departure_time': 1536872820, 'second_arrival_time': 1536873240}
1795	{'task_type': 'regular', 'locomotive': 22601, 'train_section': 27711, 'section': 22259, 'departure_time': 1536872820, 'arrival_time': 1536873240}
1796	{'task_type': 'deadhead', 'locomotive': 22601, 'first_train_section': 27711, 'first_section': 22259, 'first_departure_time': 1536872820, 'first_arrival_time': 1536873240, 'second_train_section': 24736, 'second_section': 22478, 'second_departure_time': 1536877260, 'second_arrival_time': 1536879780}
1797	{'task_type': 'regular', 'locomotive': 22601, 'train_section': 24736, 'section': 22478, 'departure_time': 1536877260, 'arrival_time': 1536879780}
1798	{'task_type': 'regular', 'locomotive': 22601, 'train_section': 24739, 'section': 22247, 'departure_time': 1536880380, 'arrival_time': 1536889740}
1799	{'task_type': 'deadhead', 'locomotive': 22601, 'first_train_section': 24739, 'first_section': 22247, 'first_departure_time': 1536880380, 'first_arrival_time': 1536889740, 'second_train_section': 27989, 'second_section': 22270, 'second_departure_time': 1536897900, 'second_arrival_time': 1536899760}
1800	{'task_type': 'regular', 'locomotive': 22601, 'train_section': 27989, 'section': 22270, 'departure_time': 1536897900, 'arrival_time': 1536899760}
1801	{'task_type': 'deadhead', 'locomotive': 22601, 'first_train_section': 27989, 'first_section': 22270, 'first_departure_time': 1536897900, 'first_arrival_time': 1536899760, 'second_train_section': 26392, 'second_section': 22407, 'second_departure_time': 1536913560, 'second_arrival_time': 1536920400}
1802	{'task_type': 'regular', 'locomotive': 22601, 'train_section': 26392, 'section': 22407, 'departure_time': 1536913560, 'arrival_time': 1536920400}
1803	{'task_type': 'deadhead', 'locomotive': 22601, 'first_train_section': 26392, 'first_section': 22407, 'first_departure_time': 1536913560, 'first_arrival_time': 1536920400, 'second_train_section': 24527, 'second_section': 22472, 'second_departure_time': 1536923580, 'second_arrival_time': 1536928740}
1804	{'task_type': 'regular', 'locomotive': 22601, 'train_section': 24527, 'section': 22472, 'departure_time': 1536923580, 'arrival_time': 1536928740}
1805	{'task_type': 'deadhead', 'locomotive': 22601, 'first_train_section': 24527, 'first_section': 22472, 'first_departure_time': 1536923580, 'first_arrival_time': 1536928740, 'second_train_section': 25495, 'second_section': 22482, 'second_departure_time': 1536935100, 'second_arrival_time': 1536937020}
1806	{'task_type': 'regular', 'locomotive': 22601, 'train_section': 25495, 'section': 22482, 'departure_time': 1536935100, 'arrival_time': 1536937020}
1807	{'task_type': 'deadhead', 'locomotive': 22601, 'first_train_section': 28619, 'first_section': 22502, 'first_departure_time': 1536962460, 'first_arrival_time': 1536988500, 'second_train_section': 26170, 'second_section': 22506, 'second_departure_time': 1536993240, 'second_arrival_time': 1536994020}
1808	{'task_type': 'regular', 'locomotive': 22601, 'train_section': 26170, 'section': 22506, 'departure_time': 1536993240, 'arrival_time': 1536994020}
1809	{'task_type': 'deadhead', 'locomotive': 22601, 'first_train_section': 26170, 'first_section': 22506, 'first_departure_time': 1536993240, 'first_arrival_time': 1536994020, 'second_train_section': 23813, 'second_section': 22306, 'second_departure_time': 1537001640, 'second_arrival_time': 1537005300}
1810	{'task_type': 'regular', 'locomotive': 22601, 'train_section': 23813, 'section': 22306, 'departure_time': 1537001640, 'arrival_time': 1537005300}
1811	{'task_type': 'deadhead', 'locomotive': 22601, 'first_train_section': 23813, 'first_section': 22306, 'first_departure_time': 1537001640, 'first_arrival_time': 1537005300, 'second_train_section': 24648, 'second_section': 22288, 'second_departure_time': 1537016340, 'second_arrival_time': 1537025100}
1812	{'task_type': 'regular', 'locomotive': 22601, 'train_section': 24648, 'section': 22288, 'departure_time': 1537016340, 'arrival_time': 1537025100}
1813	{'task_type': 'deadhead', 'locomotive': 22601, 'first_train_section': 24648, 'first_section': 22288, 'first_departure_time': 1537016340, 'first_arrival_time': 1537025100, 'second_train_section': 28575, 'second_section': 22306, 'second_departure_time': 1537047540, 'second_arrival_time': 1537051080}
1814	{'task_type': 'regular', 'locomotive': 22601, 'train_section': 28575, 'section': 22306, 'departure_time': 1537047540, 'arrival_time': 1537051080}
1815	{'task_type': 'deadhead', 'locomotive': 22601, 'first_train_section': 28575, 'first_section': 22306, 'first_departure_time': 1537047540, 'first_arrival_time': 1537051080, 'second_train_section': 26876, 'second_section': 22279, 'second_departure_time': 1537076160, 'second_arrival_time': 1537081620}
1816	{'task_type': 'regular', 'locomotive': 22601, 'train_section': 26876, 'section': 22279, 'departure_time': 1537076160, 'arrival_time': 1537081620}
1817	{'task_type': 'regular', 'locomotive': 22601, 'train_section': 24913, 'section': 22313, 'departure_time': 1537087680, 'arrival_time': 1537092600}
1818	{'task_type': 'deadhead', 'locomotive': 22601, 'first_train_section': 24913, 'first_section': 22313, 'first_departure_time': 1537087680, 'first_arrival_time': 1537092600, 'second_train_section': 27423, 'second_section': 22378, 'second_departure_time': 1537103100, 'second_arrival_time': 1537106760}
1819	{'task_type': 'regular', 'locomotive': 22601, 'train_section': 27423, 'section': 22378, 'departure_time': 1537103100, 'arrival_time': 1537106760}
1820	{'task_type': 'regular', 'locomotive': 22601, 'train_section': 23872, 'section': 22416, 'departure_time': 1537109640, 'arrival_time': 1537113300}
1821	{'task_type': 'deadhead', 'locomotive': 22601, 'first_train_section': 23872, 'first_section': 22416, 'first_departure_time': 1537109640, 'first_arrival_time': 1537113300, 'second_train_section': 26109, 'second_section': 22416, 'second_departure_time': 1537120440, 'second_arrival_time': 1537124100}
1822	{'task_type': 'regular', 'locomotive': 22601, 'train_section': 26109, 'section': 22416, 'departure_time': 1537120440, 'arrival_time': 1537124100}
1823	{'task_type': 'regular', 'locomotive': 22602, 'train_section': 27266, 'section': 22323, 'departure_time': 1536608940, 'arrival_time': 1536612180}
1824	{'task_type': 'deadhead', 'locomotive': 22602, 'first_train_section': 27266, 'first_section': 22323, 'first_departure_time': 1536608940, 'first_arrival_time': 1536612180, 'second_train_section': 28436, 'second_section': 22247, 'second_departure_time': 1536630600, 'second_arrival_time': 1536641160}
1825	{'task_type': 'regular', 'locomotive': 22602, 'train_section': 28436, 'section': 22247, 'departure_time': 1536630600, 'arrival_time': 1536641160}
1826	{'task_type': 'deadhead', 'locomotive': 22602, 'first_train_section': 28436, 'first_section': 22247, 'first_departure_time': 1536630600, 'first_arrival_time': 1536641160, 'second_train_section': 29935, 'second_section': 22401, 'second_departure_time': 1536665700, 'second_arrival_time': 1536667080}
1827	{'task_type': 'regular', 'locomotive': 22602, 'train_section': 29935, 'section': 22401, 'departure_time': 1536665700, 'arrival_time': 1536667080}
1828	{'task_type': 'deadhead', 'locomotive': 22602, 'first_train_section': 29935, 'first_section': 22401, 'first_departure_time': 1536665700, 'first_arrival_time': 1536667080, 'second_train_section': 25254, 'second_section': 22327, 'second_departure_time': 1536680580, 'second_arrival_time': 1536687660}
1829	{'task_type': 'regular', 'locomotive': 22602, 'train_section': 25254, 'section': 22327, 'departure_time': 1536680580, 'arrival_time': 1536687660}
1830	{'task_type': 'deadhead', 'locomotive': 22602, 'first_train_section': 24467, 'first_section': 22470, 'first_departure_time': 1536703200, 'first_arrival_time': 1536720000, 'second_train_section': 27512, 'second_section': 22412, 'second_departure_time': 1536722820, 'second_arrival_time': 1536730080}
1831	{'task_type': 'regular', 'locomotive': 22602, 'train_section': 27512, 'section': 22412, 'departure_time': 1536722820, 'arrival_time': 1536730080}
1832	{'task_type': 'deadhead', 'locomotive': 22602, 'first_train_section': 27512, 'first_section': 22412, 'first_departure_time': 1536722820, 'first_arrival_time': 1536730080, 'second_train_section': 25223, 'second_section': 22333, 'second_departure_time': 1536732900, 'second_arrival_time': 1536735720}
1833	{'task_type': 'regular', 'locomotive': 22602, 'train_section': 25223, 'section': 22333, 'departure_time': 1536732900, 'arrival_time': 1536735720}
1834	{'task_type': 'regular', 'locomotive': 22602, 'train_section': 25225, 'section': 22472, 'departure_time': 1536736380, 'arrival_time': 1536741540}
1835	{'task_type': 'deadhead', 'locomotive': 22602, 'first_train_section': 25225, 'first_section': 22472, 'first_departure_time': 1536736380, 'first_arrival_time': 1536741540, 'second_train_section': 23129, 'second_section': 22278, 'second_departure_time': 1536749880, 'second_arrival_time': 1536756660}
1836	{'task_type': 'regular', 'locomotive': 22602, 'train_section': 23129, 'section': 22278, 'departure_time': 1536749880, 'arrival_time': 1536756660}
1837	{'task_type': 'regular', 'locomotive': 22602, 'train_section': 26596, 'section': 22275, 'departure_time': 1536757500, 'arrival_time': 1536764580}
1838	{'task_type': 'deadhead', 'locomotive': 22602, 'first_train_section': 26596, 'first_section': 22275, 'first_departure_time': 1536757500, 'first_arrival_time': 1536764580, 'second_train_section': 25956, 'second_section': 22297, 'second_departure_time': 1536766200, 'second_arrival_time': 1536767220}
1839	{'task_type': 'regular', 'locomotive': 22602, 'train_section': 25956, 'section': 22297, 'departure_time': 1536766200, 'arrival_time': 1536767220}
1840	{'task_type': 'deadhead', 'locomotive': 22602, 'first_train_section': 25956, 'first_section': 22297, 'first_departure_time': 1536766200, 'first_arrival_time': 1536767220, 'second_train_section': 22918, 'second_section': 22284, 'second_departure_time': 1536778320, 'second_arrival_time': 1536781980}
1841	{'task_type': 'regular', 'locomotive': 22602, 'train_section': 22918, 'section': 22284, 'departure_time': 1536778320, 'arrival_time': 1536781980}
1842	{'task_type': 'regular', 'locomotive': 22602, 'train_section': 28220, 'section': 22378, 'departure_time': 1536808140, 'arrival_time': 1536811800}
1843	{'task_type': 'regular', 'locomotive': 22602, 'train_section': 25451, 'section': 22416, 'departure_time': 1536839640, 'arrival_time': 1536843300}
1844	{'task_type': 'deadhead', 'locomotive': 22602, 'first_train_section': 25451, 'first_section': 22416, 'first_departure_time': 1536839640, 'first_arrival_time': 1536843300, 'second_train_section': 29073, 'second_section': 22413, 'second_departure_time': 1536849120, 'second_arrival_time': 1536852960}
1845	{'task_type': 'regular', 'locomotive': 22602, 'train_section': 29073, 'section': 22413, 'departure_time': 1536849120, 'arrival_time': 1536852960}
1846	{'task_type': 'deadhead', 'locomotive': 22602, 'first_train_section': 29073, 'first_section': 22413, 'first_departure_time': 1536849120, 'first_arrival_time': 1536852960, 'second_train_section': 26529, 'second_section': 22378, 'second_departure_time': 1536860100, 'second_arrival_time': 1536863760}
1847	{'task_type': 'regular', 'locomotive': 22602, 'train_section': 26529, 'section': 22378, 'departure_time': 1536860100, 'arrival_time': 1536863760}
1848	{'task_type': 'deadhead', 'locomotive': 22602, 'first_train_section': 26633, 'first_section': 22417, 'first_departure_time': 1536863760, 'first_arrival_time': 1536875940, 'second_train_section': 29999, 'second_section': 22495, 'second_departure_time': 1536882240, 'second_arrival_time': 1536885120}
1849	{'task_type': 'regular', 'locomotive': 22602, 'train_section': 29999, 'section': 22495, 'departure_time': 1536882240, 'arrival_time': 1536885120}
1850	{'task_type': 'regular', 'locomotive': 22602, 'train_section': 30001, 'section': 22309, 'departure_time': 1536885780, 'arrival_time': 1536890400}
1851	{'task_type': 'deadhead', 'locomotive': 22602, 'first_train_section': 30001, 'first_section': 22309, 'first_departure_time': 1536885780, 'first_arrival_time': 1536890400, 'second_train_section': 26185, 'second_section': 22247, 'second_departure_time': 1536899400, 'second_arrival_time': 1536909540}
1852	{'task_type': 'regular', 'locomotive': 22602, 'train_section': 26185, 'section': 22247, 'departure_time': 1536899400, 'arrival_time': 1536909540}
1853	{'task_type': 'deadhead', 'locomotive': 22602, 'first_train_section': 26185, 'first_section': 22247, 'first_departure_time': 1536899400, 'first_arrival_time': 1536909540, 'second_train_section': 25243, 'second_section': 22404, 'second_departure_time': 1536920400, 'second_arrival_time': 1536929160}
1854	{'task_type': 'regular', 'locomotive': 22602, 'train_section': 25243, 'section': 22404, 'departure_time': 1536920400, 'arrival_time': 1536929160}
1855	{'task_type': 'regular', 'locomotive': 22602, 'train_section': 27781, 'section': 22247, 'departure_time': 1536931620, 'arrival_time': 1536943020}
1856	{'task_type': 'deadhead', 'locomotive': 22602, 'first_train_section': 27781, 'first_section': 22247, 'first_departure_time': 1536931620, 'first_arrival_time': 1536943020, 'second_train_section': 28547, 'second_section': 22404, 'second_departure_time': 1536945540, 'second_arrival_time': 1536954420}
1857	{'task_type': 'regular', 'locomotive': 22602, 'train_section': 28547, 'section': 22404, 'departure_time': 1536945540, 'arrival_time': 1536954420}
1858	{'task_type': 'regular', 'locomotive': 22602, 'train_section': 28549, 'section': 22245, 'departure_time': 1536955020, 'arrival_time': 1536959700}
1859	{'task_type': 'deadhead', 'locomotive': 22602, 'first_train_section': 28549, 'first_section': 22245, 'first_departure_time': 1536955020, 'first_arrival_time': 1536959700, 'second_train_section': 28553, 'second_section': 22496, 'second_departure_time': 1536963780, 'second_arrival_time': 1536967800}
1860	{'task_type': 'regular', 'locomotive': 22602, 'train_section': 28553, 'section': 22496, 'departure_time': 1536963780, 'arrival_time': 1536967800}
1861	{'task_type': 'deadhead', 'locomotive': 22602, 'first_train_section': 28553, 'first_section': 22496, 'first_departure_time': 1536963780, 'first_arrival_time': 1536967800, 'second_train_section': 29109, 'second_section': 22374, 'second_departure_time': 1536973080, 'second_arrival_time': 1536974820}
1862	{'task_type': 'regular', 'locomotive': 22602, 'train_section': 29109, 'section': 22374, 'departure_time': 1536973080, 'arrival_time': 1536974820}
1863	{'task_type': 'deadhead', 'locomotive': 22602, 'first_train_section': 22778, 'first_section': 22300, 'first_departure_time': 1536980760, 'first_arrival_time': 1536982500, 'second_train_section': 25683, 'second_section': 22447, 'second_departure_time': 1536994380, 'second_arrival_time': 1536997440}
1864	{'task_type': 'regular', 'locomotive': 22602, 'train_section': 25683, 'section': 22447, 'departure_time': 1536994380, 'arrival_time': 1536997440}
1865	{'task_type': 'deadhead', 'locomotive': 22602, 'first_train_section': 25683, 'first_section': 22447, 'first_departure_time': 1536994380, 'first_arrival_time': 1536997440, 'second_train_section': 25248, 'second_section': 22313, 'second_departure_time': 1537008480, 'second_arrival_time': 1537013400}
1866	{'task_type': 'regular', 'locomotive': 22602, 'train_section': 25248, 'section': 22313, 'departure_time': 1537008480, 'arrival_time': 1537013400}
1867	{'task_type': 'regular', 'locomotive': 22607, 'train_section': 26654, 'section': 22296, 'departure_time': 1536739200, 'arrival_time': 1536740100}
1868	{'task_type': 'deadhead', 'locomotive': 22607, 'first_train_section': 26654, 'first_section': 22296, 'first_departure_time': 1536739200, 'first_arrival_time': 1536740100, 'second_train_section': 29520, 'second_section': 22351, 'second_departure_time': 1536749280, 'second_arrival_time': 1536754440}
1869	{'task_type': 'regular', 'locomotive': 22607, 'train_section': 29520, 'section': 22351, 'departure_time': 1536749280, 'arrival_time': 1536754440}
1870	{'task_type': 'deadhead', 'locomotive': 22607, 'first_train_section': 29520, 'first_section': 22351, 'first_departure_time': 1536749280, 'first_arrival_time': 1536754440, 'second_train_section': 22854, 'second_section': 22361, 'second_departure_time': 1536763140, 'second_arrival_time': 1536766140}
1871	{'task_type': 'regular', 'locomotive': 22607, 'train_section': 22854, 'section': 22361, 'departure_time': 1536763140, 'arrival_time': 1536766140}
1872	{'task_type': 'regular', 'locomotive': 22607, 'train_section': 28101, 'section': 22500, 'departure_time': 1536766680, 'arrival_time': 1536769800}
1873	{'task_type': 'regular', 'locomotive': 22607, 'train_section': 29545, 'section': 22360, 'departure_time': 1536770880, 'arrival_time': 1536782520}
1874	{'task_type': 'deadhead', 'locomotive': 22607, 'first_train_section': 29545, 'first_section': 22360, 'first_departure_time': 1536770880, 'first_arrival_time': 1536782520, 'second_train_section': 28001, 'second_section': 22495, 'second_departure_time': 1536787380, 'second_arrival_time': 1536790320}
1875	{'task_type': 'regular', 'locomotive': 22607, 'train_section': 28001, 'section': 22495, 'departure_time': 1536787380, 'arrival_time': 1536790320}
1876	{'task_type': 'regular', 'locomotive': 22607, 'train_section': 28003, 'section': 22309, 'departure_time': 1536791160, 'arrival_time': 1536796020}
1877	{'task_type': 'regular', 'locomotive': 22607, 'train_section': 25337, 'section': 22505, 'departure_time': 1536800700, 'arrival_time': 1536805620}
1878	{'task_type': 'deadhead', 'locomotive': 22607, 'first_train_section': 25337, 'first_section': 22505, 'first_departure_time': 1536800700, 'first_arrival_time': 1536805620, 'second_train_section': 29711, 'second_section': 22245, 'second_departure_time': 1536814680, 'second_arrival_time': 1536820140}
1879	{'task_type': 'regular', 'locomotive': 22607, 'train_section': 29711, 'section': 22245, 'departure_time': 1536814680, 'arrival_time': 1536820140}
1880	{'task_type': 'regular', 'locomotive': 22607, 'train_section': 29713, 'section': 22308, 'departure_time': 1536820860, 'arrival_time': 1536823560}
1881	{'task_type': 'regular', 'locomotive': 22607, 'train_section': 25755, 'section': 22496, 'departure_time': 1536832680, 'arrival_time': 1536837660}
1882	{'task_type': 'deadhead', 'locomotive': 22607, 'first_train_section': 25755, 'first_section': 22496, 'first_departure_time': 1536832680, 'first_arrival_time': 1536837660, 'second_train_section': 28676, 'second_section': 22416, 'second_departure_time': 1536843240, 'second_arrival_time': 1536846900}
1883	{'task_type': 'regular', 'locomotive': 22607, 'train_section': 28676, 'section': 22416, 'departure_time': 1536843240, 'arrival_time': 1536846900}
1884	{'task_type': 'regular', 'locomotive': 22607, 'train_section': 27059, 'section': 22378, 'departure_time': 1536852900, 'arrival_time': 1536856560}
1885	{'task_type': 'deadhead', 'locomotive': 22607, 'first_train_section': 27059, 'first_section': 22378, 'first_departure_time': 1536852900, 'first_arrival_time': 1536856560, 'second_train_section': 27249, 'second_section': 22431, 'second_departure_time': 1536859140, 'second_arrival_time': 1536864000}
1886	{'task_type': 'regular', 'locomotive': 22607, 'train_section': 27249, 'section': 22431, 'departure_time': 1536859140, 'arrival_time': 1536864000}
1887	{'task_type': 'regular', 'locomotive': 22607, 'train_section': 23570, 'section': 22496, 'departure_time': 1536866940, 'arrival_time': 1536871260}
1888	{'task_type': 'regular', 'locomotive': 22607, 'train_section': 25941, 'section': 22378, 'departure_time': 1536894540, 'arrival_time': 1536898200}
1889	{'task_type': 'deadhead', 'locomotive': 22607, 'first_train_section': 25941, 'first_section': 22378, 'first_departure_time': 1536894540, 'first_arrival_time': 1536898200, 'second_train_section': 24702, 'second_section': 22429, 'second_departure_time': 1536901320, 'second_arrival_time': 1536903480}
1890	{'task_type': 'regular', 'locomotive': 22607, 'train_section': 24702, 'section': 22429, 'departure_time': 1536901320, 'arrival_time': 1536903480}
1891	{'task_type': 'deadhead', 'locomotive': 22607, 'first_train_section': 24702, 'first_section': 22429, 'first_departure_time': 1536901320, 'first_arrival_time': 1536903480, 'second_train_section': 28981, 'second_section': 22423, 'second_departure_time': 1536910380, 'second_arrival_time': 1536922920}
1892	{'task_type': 'regular', 'locomotive': 22607, 'train_section': 28981, 'section': 22423, 'departure_time': 1536910380, 'arrival_time': 1536922920}
1893	{'task_type': 'deadhead', 'locomotive': 22607, 'first_train_section': 28981, 'first_section': 22423, 'first_departure_time': 1536910380, 'first_arrival_time': 1536922920, 'second_train_section': 27637, 'second_section': 22378, 'second_departure_time': 1536939300, 'second_arrival_time': 1536942960}
1894	{'task_type': 'regular', 'locomotive': 22607, 'train_section': 27637, 'section': 22378, 'departure_time': 1536939300, 'arrival_time': 1536942960}
1895	{'task_type': 'regular', 'locomotive': 22607, 'train_section': 28974, 'section': 22416, 'departure_time': 1536944040, 'arrival_time': 1536947700}
1896	{'task_type': 'deadhead', 'locomotive': 22607, 'first_train_section': 28974, 'first_section': 22416, 'first_departure_time': 1536944040, 'first_arrival_time': 1536947700, 'second_train_section': 24323, 'second_section': 22427, 'second_departure_time': 1536956700, 'second_arrival_time': 1536959580}
1897	{'task_type': 'regular', 'locomotive': 22607, 'train_section': 24323, 'section': 22427, 'departure_time': 1536956700, 'arrival_time': 1536959580}
1898	{'task_type': 'deadhead', 'locomotive': 22607, 'first_train_section': 24323, 'first_section': 22427, 'first_departure_time': 1536956700, 'first_arrival_time': 1536959580, 'second_train_section': 25215, 'second_section': 22309, 'second_departure_time': 1536963960, 'second_arrival_time': 1536968820}
1899	{'task_type': 'regular', 'locomotive': 22607, 'train_section': 25215, 'section': 22309, 'departure_time': 1536963960, 'arrival_time': 1536968820}
1900	{'task_type': 'deadhead', 'locomotive': 22607, 'first_train_section': 25215, 'first_section': 22309, 'first_departure_time': 1536963960, 'first_arrival_time': 1536968820, 'second_train_section': 26804, 'second_section': 22483, 'second_departure_time': 1536972720, 'second_arrival_time': 1536975780}
1901	{'task_type': 'regular', 'locomotive': 22607, 'train_section': 26804, 'section': 22483, 'departure_time': 1536972720, 'arrival_time': 1536975780}
1902	{'task_type': 'deadhead', 'locomotive': 22607, 'first_train_section': 26804, 'first_section': 22483, 'first_departure_time': 1536972720, 'first_arrival_time': 1536975780, 'second_train_section': 27176, 'second_section': 22477, 'second_departure_time': 1536985200, 'second_arrival_time': 1536987600}
1903	{'task_type': 'regular', 'locomotive': 22607, 'train_section': 27176, 'section': 22477, 'departure_time': 1536985200, 'arrival_time': 1536987600}
1904	{'task_type': 'regular', 'locomotive': 22607, 'train_section': 28739, 'section': 22499, 'departure_time': 1536990300, 'arrival_time': 1536995460}
1905	{'task_type': 'regular', 'locomotive': 22607, 'train_section': 24785, 'section': 22349, 'departure_time': 1537000320, 'arrival_time': 1537005900}
1906	{'task_type': 'deadhead', 'locomotive': 22607, 'first_train_section': 24785, 'first_section': 22349, 'first_departure_time': 1537000320, 'first_arrival_time': 1537005900, 'second_train_section': 25815, 'second_section': 22304, 'second_departure_time': 1537009320, 'second_arrival_time': 1537014480}
1907	{'task_type': 'regular', 'locomotive': 22607, 'train_section': 25815, 'section': 22304, 'departure_time': 1537009320, 'arrival_time': 1537014480}
1908	{'task_type': 'deadhead', 'locomotive': 22607, 'first_train_section': 25815, 'first_section': 22304, 'first_departure_time': 1537009320, 'first_arrival_time': 1537014480, 'second_train_section': 23026, 'second_section': 22347, 'second_departure_time': 1537024740, 'second_arrival_time': 1537030080}
1909	{'task_type': 'regular', 'locomotive': 22607, 'train_section': 23026, 'section': 22347, 'departure_time': 1537024740, 'arrival_time': 1537030080}
1910	{'task_type': 'deadhead', 'locomotive': 22607, 'first_train_section': 23026, 'first_section': 22347, 'first_departure_time': 1537024740, 'first_arrival_time': 1537030080, 'second_train_section': 24652, 'second_section': 22337, 'second_departure_time': 1537030980, 'second_arrival_time': 1537040820}
1911	{'task_type': 'regular', 'locomotive': 22607, 'train_section': 24652, 'section': 22337, 'departure_time': 1537030980, 'arrival_time': 1537040820}
1912	{'task_type': 'deadhead', 'locomotive': 22607, 'first_train_section': 24652, 'first_section': 22337, 'first_departure_time': 1537030980, 'first_arrival_time': 1537040820, 'second_train_section': 23756, 'second_section': 22330, 'second_departure_time': 1537054800, 'second_arrival_time': 1537063020}
1913	{'task_type': 'regular', 'locomotive': 22607, 'train_section': 23756, 'section': 22330, 'departure_time': 1537054800, 'arrival_time': 1537063020}
1914	{'task_type': 'deadhead', 'locomotive': 22607, 'first_train_section': 23756, 'first_section': 22330, 'first_departure_time': 1537054800, 'first_arrival_time': 1537063020, 'second_train_section': 23933, 'second_section': 22320, 'second_departure_time': 1537081500, 'second_arrival_time': 1537087860}
1915	{'task_type': 'regular', 'locomotive': 22607, 'train_section': 23933, 'section': 22320, 'departure_time': 1537081500, 'arrival_time': 1537087860}
1916	{'task_type': 'regular', 'locomotive': 22607, 'train_section': 25737, 'section': 22327, 'departure_time': 1537088880, 'arrival_time': 1537095240}
1917	{'task_type': 'regular', 'locomotive': 22607, 'train_section': 28781, 'section': 22320, 'departure_time': 1537095900, 'arrival_time': 1537102260}
1918	{'task_type': 'regular', 'locomotive': 22607, 'train_section': 29892, 'section': 22333, 'departure_time': 1537107300, 'arrival_time': 1537110120}
1919	{'task_type': 'regular', 'locomotive': 22607, 'train_section': 29894, 'section': 22472, 'departure_time': 1537110780, 'arrival_time': 1537115940}
1920	{'task_type': 'regular', 'locomotive': 22607, 'train_section': 29170, 'section': 22344, 'departure_time': 1537120980, 'arrival_time': 1537122000}
1921	{'task_type': 'regular', 'locomotive': 22609, 'train_section': 27268, 'section': 22337, 'departure_time': 1536613320, 'arrival_time': 1536619980}
1922	{'task_type': 'deadhead', 'locomotive': 22609, 'first_train_section': 27268, 'first_section': 22337, 'first_departure_time': 1536613320, 'first_arrival_time': 1536619980, 'second_train_section': 23706, 'second_section': 22365, 'second_departure_time': 1536633780, 'second_arrival_time': 1536636960}
1923	{'task_type': 'regular', 'locomotive': 22609, 'train_section': 23706, 'section': 22365, 'departure_time': 1536633780, 'arrival_time': 1536636960}
1924	{'task_type': 'deadhead', 'locomotive': 22609, 'first_train_section': 23706, 'first_section': 22365, 'first_departure_time': 1536633780, 'first_arrival_time': 1536636960, 'second_train_section': 24868, 'second_section': 22264, 'second_departure_time': 1536661200, 'second_arrival_time': 1536661620}
1925	{'task_type': 'regular', 'locomotive': 22609, 'train_section': 24868, 'section': 22264, 'departure_time': 1536661200, 'arrival_time': 1536661620}
1926	{'task_type': 'deadhead', 'locomotive': 22609, 'first_train_section': 24868, 'first_section': 22264, 'first_departure_time': 1536661200, 'first_arrival_time': 1536661620, 'second_train_section': 27130, 'second_section': 22275, 'second_departure_time': 1536671100, 'second_arrival_time': 1536678180}
1927	{'task_type': 'regular', 'locomotive': 22609, 'train_section': 27130, 'section': 22275, 'departure_time': 1536671100, 'arrival_time': 1536678180}
1928	{'task_type': 'deadhead', 'locomotive': 22609, 'first_train_section': 27130, 'first_section': 22275, 'first_departure_time': 1536671100, 'first_arrival_time': 1536678180, 'second_train_section': 24625, 'second_section': 22254, 'second_departure_time': 1536684480, 'second_arrival_time': 1536685140}
1929	{'task_type': 'regular', 'locomotive': 22609, 'train_section': 24625, 'section': 22254, 'departure_time': 1536684480, 'arrival_time': 1536685140}
1930	{'task_type': 'deadhead', 'locomotive': 22609, 'first_train_section': 24625, 'first_section': 22254, 'first_departure_time': 1536684480, 'first_arrival_time': 1536685140, 'second_train_section': 29002, 'second_section': 22446, 'second_departure_time': 1536686460, 'second_arrival_time': 1536687540}
1931	{'task_type': 'regular', 'locomotive': 22609, 'train_section': 29002, 'section': 22446, 'departure_time': 1536686460, 'arrival_time': 1536687540}
1932	{'task_type': 'deadhead', 'locomotive': 22609, 'first_train_section': 25202, 'first_section': 22411, 'first_departure_time': 1536703200, 'first_arrival_time': 1536722820, 'second_train_section': 25084, 'second_section': 22446, 'second_departure_time': 1536723840, 'second_arrival_time': 1536724980}
1933	{'task_type': 'regular', 'locomotive': 22609, 'train_section': 25084, 'section': 22446, 'departure_time': 1536723840, 'arrival_time': 1536724980}
1934	{'task_type': 'deadhead', 'locomotive': 22609, 'first_train_section': 25084, 'first_section': 22446, 'first_departure_time': 1536723840, 'first_arrival_time': 1536724980, 'second_train_section': 24970, 'second_section': 22256, 'second_departure_time': 1536727320, 'second_arrival_time': 1536730260}
1935	{'task_type': 'regular', 'locomotive': 22609, 'train_section': 24970, 'section': 22256, 'departure_time': 1536727320, 'arrival_time': 1536730260}
1936	{'task_type': 'deadhead', 'locomotive': 22609, 'first_train_section': 24970, 'first_section': 22256, 'first_departure_time': 1536727320, 'first_arrival_time': 1536730260, 'second_train_section': 23772, 'second_section': 22290, 'second_departure_time': 1536732360, 'second_arrival_time': 1536739500}
1937	{'task_type': 'regular', 'locomotive': 22609, 'train_section': 23772, 'section': 22290, 'departure_time': 1536732360, 'arrival_time': 1536739500}
1938	{'task_type': 'deadhead', 'locomotive': 22609, 'first_train_section': 23772, 'first_section': 22290, 'first_departure_time': 1536732360, 'first_arrival_time': 1536739500, 'second_train_section': 24685, 'second_section': 22249, 'second_departure_time': 1536744960, 'second_arrival_time': 1536752400}
1939	{'task_type': 'regular', 'locomotive': 22609, 'train_section': 24685, 'section': 22249, 'departure_time': 1536744960, 'arrival_time': 1536752400}
1940	{'task_type': 'deadhead', 'locomotive': 22609, 'first_train_section': 24685, 'first_section': 22249, 'first_departure_time': 1536744960, 'first_arrival_time': 1536752400, 'second_train_section': 27459, 'second_section': 22499, 'second_departure_time': 1536752700, 'second_arrival_time': 1536757860}
1941	{'task_type': 'regular', 'locomotive': 22609, 'train_section': 27459, 'section': 22499, 'departure_time': 1536752700, 'arrival_time': 1536757860}
1942	{'task_type': 'regular', 'locomotive': 22609, 'train_section': 27461, 'section': 22340, 'departure_time': 1536758340, 'arrival_time': 1536774000}
1943	{'task_type': 'deadhead', 'locomotive': 22609, 'first_train_section': 27461, 'first_section': 22340, 'first_departure_time': 1536758340, 'first_arrival_time': 1536774000, 'second_train_section': 28810, 'second_section': 22439, 'second_departure_time': 1536778320, 'second_arrival_time': 1536785400}
1944	{'task_type': 'regular', 'locomotive': 22609, 'train_section': 28810, 'section': 22439, 'departure_time': 1536778320, 'arrival_time': 1536785400}
1945	{'task_type': 'deadhead', 'locomotive': 22609, 'first_train_section': 28810, 'first_section': 22439, 'first_departure_time': 1536778320, 'first_arrival_time': 1536785400, 'second_train_section': 24421, 'second_section': 22322, 'second_departure_time': 1536794160, 'second_arrival_time': 1536801660}
1946	{'task_type': 'regular', 'locomotive': 22609, 'train_section': 24421, 'section': 22322, 'departure_time': 1536794160, 'arrival_time': 1536801660}
1947	{'task_type': 'deadhead', 'locomotive': 22609, 'first_train_section': 24421, 'first_section': 22322, 'first_departure_time': 1536794160, 'first_arrival_time': 1536801660, 'second_train_section': 29375, 'second_section': 22299, 'second_departure_time': 1536810660, 'second_arrival_time': 1536814440}
1948	{'task_type': 'regular', 'locomotive': 22609, 'train_section': 29375, 'section': 22299, 'departure_time': 1536810660, 'arrival_time': 1536814440}
1949	{'task_type': 'deadhead', 'locomotive': 22609, 'first_train_section': 29375, 'first_section': 22299, 'first_departure_time': 1536810660, 'first_arrival_time': 1536814440, 'second_train_section': 27936, 'second_section': 22310, 'second_departure_time': 1536819960, 'second_arrival_time': 1536821700}
1950	{'task_type': 'regular', 'locomotive': 22609, 'train_section': 27936, 'section': 22310, 'departure_time': 1536819960, 'arrival_time': 1536821700}
1951	{'task_type': 'deadhead', 'locomotive': 22609, 'first_train_section': 27936, 'first_section': 22310, 'first_departure_time': 1536819960, 'first_arrival_time': 1536821700, 'second_train_section': 25511, 'second_section': 22311, 'second_departure_time': 1536831600, 'second_arrival_time': 1536834360}
1952	{'task_type': 'regular', 'locomotive': 22609, 'train_section': 25511, 'section': 22311, 'departure_time': 1536831600, 'arrival_time': 1536834360}
1953	{'task_type': 'regular', 'locomotive': 22609, 'train_section': 29954, 'section': 22313, 'departure_time': 1536842880, 'arrival_time': 1536847800}
1954	{'task_type': 'regular', 'locomotive': 22609, 'train_section': 29926, 'section': 22281, 'departure_time': 1536851640, 'arrival_time': 1536856800}
1955	{'task_type': 'regular', 'locomotive': 22609, 'train_section': 26295, 'section': 22351, 'departure_time': 1536857280, 'arrival_time': 1536862440}
1956	{'task_type': 'deadhead', 'locomotive': 22609, 'first_train_section': 26295, 'first_section': 22351, 'first_departure_time': 1536857280, 'first_arrival_time': 1536862440, 'second_train_section': 22999, 'second_section': 22508, 'second_departure_time': 1536867420, 'second_arrival_time': 1536870960}
1957	{'task_type': 'regular', 'locomotive': 22609, 'train_section': 22999, 'section': 22508, 'departure_time': 1536867420, 'arrival_time': 1536870960}
1958	{'task_type': 'deadhead', 'locomotive': 22609, 'first_train_section': 22999, 'first_section': 22508, 'first_departure_time': 1536867420, 'first_arrival_time': 1536870960, 'second_train_section': 23993, 'second_section': 22259, 'second_departure_time': 1536873300, 'second_arrival_time': 1536873720}
1959	{'task_type': 'regular', 'locomotive': 22609, 'train_section': 23993, 'section': 22259, 'departure_time': 1536873300, 'arrival_time': 1536873720}
1960	{'task_type': 'regular', 'locomotive': 22609, 'train_section': 23995, 'section': 22266, 'departure_time': 1536873900, 'arrival_time': 1536880440}
1961	{'task_type': 'regular', 'locomotive': 22609, 'train_section': 26232, 'section': 22356, 'departure_time': 1536886920, 'arrival_time': 1536894660}
1962	{'task_type': 'deadhead', 'locomotive': 22609, 'first_train_section': 26232, 'first_section': 22356, 'first_departure_time': 1536886920, 'first_arrival_time': 1536894660, 'second_train_section': 27450, 'second_section': 22248, 'second_departure_time': 1536897000, 'second_arrival_time': 1536899760}
1963	{'task_type': 'regular', 'locomotive': 22609, 'train_section': 27450, 'section': 22248, 'departure_time': 1536897000, 'arrival_time': 1536899760}
1964	{'task_type': 'deadhead', 'locomotive': 22609, 'first_train_section': 27450, 'first_section': 22248, 'first_departure_time': 1536897000, 'first_arrival_time': 1536899760, 'second_train_section': 25484, 'second_section': 22304, 'second_departure_time': 1536903300, 'second_arrival_time': 1536908340}
1965	{'task_type': 'regular', 'locomotive': 22609, 'train_section': 25484, 'section': 22304, 'departure_time': 1536903300, 'arrival_time': 1536908340}
1966	{'task_type': 'regular', 'locomotive': 22609, 'train_section': 25703, 'section': 22245, 'departure_time': 1536910380, 'arrival_time': 1536915360}
1967	{'task_type': 'regular', 'locomotive': 22609, 'train_section': 24501, 'section': 22304, 'departure_time': 1536922920, 'arrival_time': 1536928080}
1968	{'task_type': 'regular', 'locomotive': 22609, 'train_section': 25245, 'section': 22248, 'departure_time': 1536929760, 'arrival_time': 1536932400}
1969	{'task_type': 'deadhead', 'locomotive': 22609, 'first_train_section': 25245, 'first_section': 22248, 'first_departure_time': 1536929760, 'first_arrival_time': 1536932400, 'second_train_section': 25314, 'second_section': 22264, 'second_departure_time': 1536935340, 'second_arrival_time': 1536935760}
1970	{'task_type': 'regular', 'locomotive': 22609, 'train_section': 25314, 'section': 22264, 'departure_time': 1536935340, 'arrival_time': 1536935760}
1971	{'task_type': 'deadhead', 'locomotive': 22609, 'first_train_section': 25314, 'first_section': 22264, 'first_departure_time': 1536935340, 'first_arrival_time': 1536935760, 'second_train_section': 25497, 'second_section': 22367, 'second_departure_time': 1536940380, 'second_arrival_time': 1536941640}
1972	{'task_type': 'regular', 'locomotive': 22609, 'train_section': 25497, 'section': 22367, 'departure_time': 1536940380, 'arrival_time': 1536941640}
1973	{'task_type': 'regular', 'locomotive': 22609, 'train_section': 23093, 'section': 22245, 'departure_time': 1536943140, 'arrival_time': 1536948180}
1974	{'task_type': 'deadhead', 'locomotive': 22609, 'first_train_section': 23093, 'first_section': 22245, 'first_departure_time': 1536943140, 'first_arrival_time': 1536948180, 'second_train_section': 22696, 'second_section': 22443, 'second_departure_time': 1536954840, 'second_arrival_time': 1536956520}
1975	{'task_type': 'regular', 'locomotive': 22609, 'train_section': 22696, 'section': 22443, 'departure_time': 1536954840, 'arrival_time': 1536956520}
1976	{'task_type': 'deadhead', 'locomotive': 22609, 'first_train_section': 22696, 'first_section': 22443, 'first_departure_time': 1536954840, 'first_arrival_time': 1536956520, 'second_train_section': 22700, 'second_section': 22304, 'second_departure_time': 1536960720, 'second_arrival_time': 1536965280}
1977	{'task_type': 'regular', 'locomotive': 22609, 'train_section': 22700, 'section': 22304, 'departure_time': 1536960720, 'arrival_time': 1536965280}
1978	{'task_type': 'regular', 'locomotive': 22609, 'train_section': 29334, 'section': 22247, 'departure_time': 1536966780, 'arrival_time': 1536976140}
1979	{'task_type': 'deadhead', 'locomotive': 22609, 'first_train_section': 29334, 'first_section': 22247, 'first_departure_time': 1536966780, 'first_arrival_time': 1536976140, 'second_train_section': 28357, 'second_section': 22337, 'second_departure_time': 1536985920, 'second_arrival_time': 1536992760}
1980	{'task_type': 'regular', 'locomotive': 22609, 'train_section': 28357, 'section': 22337, 'departure_time': 1536985920, 'arrival_time': 1536992760}
1981	{'task_type': 'deadhead', 'locomotive': 22609, 'first_train_section': 28357, 'first_section': 22337, 'first_departure_time': 1536985920, 'first_arrival_time': 1536992760, 'second_train_section': 29889, 'second_section': 22405, 'second_departure_time': 1536994260, 'second_arrival_time': 1537001400}
1982	{'task_type': 'regular', 'locomotive': 22609, 'train_section': 29889, 'section': 22405, 'departure_time': 1536994260, 'arrival_time': 1537001400}
1983	{'task_type': 'deadhead', 'locomotive': 22609, 'first_train_section': 29889, 'first_section': 22405, 'first_departure_time': 1536994260, 'first_arrival_time': 1537001400, 'second_train_section': 24144, 'second_section': 22404, 'second_departure_time': 1537014180, 'second_arrival_time': 1537022700}
1984	{'task_type': 'regular', 'locomotive': 22609, 'train_section': 24144, 'section': 22404, 'departure_time': 1537014180, 'arrival_time': 1537022700}
1985	{'task_type': 'deadhead', 'locomotive': 22609, 'first_train_section': 24144, 'first_section': 22404, 'first_departure_time': 1537014180, 'first_arrival_time': 1537022700, 'second_train_section': 23947, 'second_section': 22500, 'second_departure_time': 1537029540, 'second_arrival_time': 1537031280}
1986	{'task_type': 'regular', 'locomotive': 22609, 'train_section': 23947, 'section': 22500, 'departure_time': 1537029540, 'arrival_time': 1537031280}
1987	{'task_type': 'deadhead', 'locomotive': 22609, 'first_train_section': 23947, 'first_section': 22500, 'first_departure_time': 1537029540, 'first_arrival_time': 1537031280, 'second_train_section': 28843, 'second_section': 22309, 'second_departure_time': 1537042140, 'second_arrival_time': 1537046880}
1988	{'task_type': 'regular', 'locomotive': 22609, 'train_section': 28843, 'section': 22309, 'departure_time': 1537042140, 'arrival_time': 1537046880}
1989	{'task_type': 'deadhead', 'locomotive': 22609, 'first_train_section': 24191, 'first_section': 22502, 'first_departure_time': 1537048860, 'first_arrival_time': 1537074900, 'second_train_section': 23324, 'second_section': 22360, 'second_departure_time': 1537087680, 'second_arrival_time': 1537099320}
1990	{'task_type': 'regular', 'locomotive': 22609, 'train_section': 23324, 'section': 22360, 'departure_time': 1537087680, 'arrival_time': 1537099320}
1991	{'task_type': 'deadhead', 'locomotive': 22609, 'first_train_section': 23324, 'first_section': 22360, 'first_departure_time': 1537087680, 'first_arrival_time': 1537099320, 'second_train_section': 27533, 'second_section': 22360, 'second_departure_time': 1537116480, 'second_arrival_time': 1537128120}
1992	{'task_type': 'regular', 'locomotive': 22609, 'train_section': 27533, 'section': 22360, 'departure_time': 1537116480, 'arrival_time': 1537128120}
1993	{'task_type': 'deadhead', 'locomotive': 22610, 'first_train_section': 26221, 'first_section': 22382, 'first_departure_time': 1536616800, 'first_arrival_time': 1536637800, 'second_train_section': 27599, 'second_section': 22331, 'second_departure_time': 1536656880, 'second_arrival_time': 1536667680}
1994	{'task_type': 'regular', 'locomotive': 22610, 'train_section': 27599, 'section': 22331, 'departure_time': 1536656880, 'arrival_time': 1536667680}
1995	{'task_type': 'regular', 'locomotive': 22610, 'train_section': 27349, 'section': 22438, 'departure_time': 1536681120, 'arrival_time': 1536691860}
1996	{'task_type': 'deadhead', 'locomotive': 22610, 'first_train_section': 27349, 'first_section': 22438, 'first_departure_time': 1536681120, 'first_arrival_time': 1536691860, 'second_train_section': 24979, 'second_section': 22291, 'second_departure_time': 1536701160, 'second_arrival_time': 1536707040}
1997	{'task_type': 'regular', 'locomotive': 22610, 'train_section': 24979, 'section': 22291, 'departure_time': 1536701160, 'arrival_time': 1536707040}
1998	{'task_type': 'deadhead', 'locomotive': 22610, 'first_train_section': 24979, 'first_section': 22291, 'first_departure_time': 1536701160, 'first_arrival_time': 1536707040, 'second_train_section': 28581, 'second_section': 22430, 'second_departure_time': 1536717780, 'second_arrival_time': 1536719880}
1999	{'task_type': 'regular', 'locomotive': 22610, 'train_section': 28581, 'section': 22430, 'departure_time': 1536717780, 'arrival_time': 1536719880}
2000	{'task_type': 'regular', 'locomotive': 22611, 'train_section': 22688, 'section': 22416, 'departure_time': 1536605640, 'arrival_time': 1536609300}
2001	{'task_type': 'deadhead', 'locomotive': 22611, 'first_train_section': 26765, 'first_section': 22377, 'first_departure_time': 1536609300, 'first_arrival_time': 1536616740, 'second_train_section': 24459, 'second_section': 22348, 'second_departure_time': 1536635580, 'second_arrival_time': 1536639120}
2002	{'task_type': 'regular', 'locomotive': 22611, 'train_section': 24459, 'section': 22348, 'departure_time': 1536635580, 'arrival_time': 1536639120}
2003	{'task_type': 'deadhead', 'locomotive': 22611, 'first_train_section': 24459, 'first_section': 22348, 'first_departure_time': 1536635580, 'first_arrival_time': 1536639120, 'second_train_section': 29497, 'second_section': 22481, 'second_departure_time': 1536650160, 'second_arrival_time': 1536655080}
2004	{'task_type': 'regular', 'locomotive': 22611, 'train_section': 29497, 'section': 22481, 'departure_time': 1536650160, 'arrival_time': 1536655080}
2005	{'task_type': 'deadhead', 'locomotive': 22611, 'first_train_section': 29497, 'first_section': 22481, 'first_departure_time': 1536650160, 'first_arrival_time': 1536655080, 'second_train_section': 27977, 'second_section': 22247, 'second_departure_time': 1536669120, 'second_arrival_time': 1536680220}
2006	{'task_type': 'regular', 'locomotive': 22611, 'train_section': 27977, 'section': 22247, 'departure_time': 1536669120, 'arrival_time': 1536680220}
2007	{'task_type': 'deadhead', 'locomotive': 22611, 'first_train_section': 25562, 'first_section': 22382, 'first_departure_time': 1536703200, 'first_arrival_time': 1536724200, 'second_train_section': 23233, 'second_section': 22236, 'second_departure_time': 1536732180, 'second_arrival_time': 1536734880}
2008	{'task_type': 'regular', 'locomotive': 22611, 'train_section': 23233, 'section': 22236, 'departure_time': 1536732180, 'arrival_time': 1536734880}
2009	{'task_type': 'deadhead', 'locomotive': 22611, 'first_train_section': 23233, 'first_section': 22236, 'first_departure_time': 1536732180, 'first_arrival_time': 1536734880, 'second_train_section': 24270, 'second_section': 22383, 'second_departure_time': 1536746160, 'second_arrival_time': 1536750300}
2010	{'task_type': 'regular', 'locomotive': 22611, 'train_section': 24270, 'section': 22383, 'departure_time': 1536746160, 'arrival_time': 1536750300}
2011	{'task_type': 'deadhead', 'locomotive': 22611, 'first_train_section': 24270, 'first_section': 22383, 'first_departure_time': 1536746160, 'first_arrival_time': 1536750300, 'second_train_section': 28131, 'second_section': 22384, 'second_departure_time': 1536755100, 'second_arrival_time': 1536760500}
2012	{'task_type': 'regular', 'locomotive': 22611, 'train_section': 28131, 'section': 22384, 'departure_time': 1536755100, 'arrival_time': 1536760500}
2013	{'task_type': 'deadhead', 'locomotive': 22611, 'first_train_section': 28131, 'first_section': 22384, 'first_departure_time': 1536755100, 'first_arrival_time': 1536760500, 'second_train_section': 23579, 'second_section': 22488, 'second_departure_time': 1536765240, 'second_arrival_time': 1536769620}
2014	{'task_type': 'regular', 'locomotive': 22611, 'train_section': 23579, 'section': 22488, 'departure_time': 1536765240, 'arrival_time': 1536769620}
2015	{'task_type': 'deadhead', 'locomotive': 22611, 'first_train_section': 23579, 'first_section': 22488, 'first_departure_time': 1536765240, 'first_arrival_time': 1536769620, 'second_train_section': 23688, 'second_section': 22407, 'second_departure_time': 1536776280, 'second_arrival_time': 1536782940}
2016	{'task_type': 'regular', 'locomotive': 22611, 'train_section': 23688, 'section': 22407, 'departure_time': 1536776280, 'arrival_time': 1536782940}
2017	{'task_type': 'regular', 'locomotive': 22611, 'train_section': 22889, 'section': 22320, 'departure_time': 1536807480, 'arrival_time': 1536813900}
2018	{'task_type': 'regular', 'locomotive': 22611, 'train_section': 27165, 'section': 22329, 'departure_time': 1536814680, 'arrival_time': 1536816120}
2019	{'task_type': 'deadhead', 'locomotive': 22611, 'first_train_section': 27165, 'first_section': 22329, 'first_departure_time': 1536814680, 'first_arrival_time': 1536816120, 'second_train_section': 26384, 'second_section': 22333, 'second_departure_time': 1536819300, 'second_arrival_time': 1536822120}
2020	{'task_type': 'regular', 'locomotive': 22611, 'train_section': 26384, 'section': 22333, 'departure_time': 1536819300, 'arrival_time': 1536822120}
2021	{'task_type': 'deadhead', 'locomotive': 22611, 'first_train_section': 26384, 'first_section': 22333, 'first_departure_time': 1536819300, 'first_arrival_time': 1536822120, 'second_train_section': 24743, 'second_section': 22331, 'second_departure_time': 1536829680, 'second_arrival_time': 1536840480}
2022	{'task_type': 'regular', 'locomotive': 22611, 'train_section': 24743, 'section': 22331, 'departure_time': 1536829680, 'arrival_time': 1536840480}
2023	{'task_type': 'regular', 'locomotive': 22611, 'train_section': 29848, 'section': 22438, 'departure_time': 1536846720, 'arrival_time': 1536857460}
2024	{'task_type': 'regular', 'locomotive': 22611, 'train_section': 28607, 'section': 22329, 'departure_time': 1536857880, 'arrival_time': 1536859320}
2025	{'task_type': 'deadhead', 'locomotive': 22611, 'first_train_section': 28607, 'first_section': 22329, 'first_departure_time': 1536857880, 'first_arrival_time': 1536859320, 'second_train_section': 29941, 'second_section': 22345, 'second_departure_time': 1536870300, 'second_arrival_time': 1536873240}
2026	{'task_type': 'regular', 'locomotive': 22611, 'train_section': 29941, 'section': 22345, 'departure_time': 1536870300, 'arrival_time': 1536873240}
2027	{'task_type': 'deadhead', 'locomotive': 22611, 'first_train_section': 29941, 'first_section': 22345, 'first_departure_time': 1536870300, 'first_arrival_time': 1536873240, 'second_train_section': 27650, 'second_section': 22309, 'second_departure_time': 1536877560, 'second_arrival_time': 1536882420}
2028	{'task_type': 'regular', 'locomotive': 22611, 'train_section': 27650, 'section': 22309, 'departure_time': 1536877560, 'arrival_time': 1536882420}
2029	{'task_type': 'deadhead', 'locomotive': 22611, 'first_train_section': 27650, 'first_section': 22309, 'first_departure_time': 1536877560, 'first_arrival_time': 1536882420, 'second_train_section': 23286, 'second_section': 22308, 'second_departure_time': 1536888960, 'second_arrival_time': 1536891600}
2030	{'task_type': 'regular', 'locomotive': 22611, 'train_section': 23286, 'section': 22308, 'departure_time': 1536888960, 'arrival_time': 1536891600}
2031	{'task_type': 'deadhead', 'locomotive': 22611, 'first_train_section': 23286, 'first_section': 22308, 'first_departure_time': 1536888960, 'first_arrival_time': 1536891600, 'second_train_section': 28295, 'second_section': 22308, 'second_departure_time': 1536897300, 'second_arrival_time': 1536900000}
2032	{'task_type': 'regular', 'locomotive': 22611, 'train_section': 28295, 'section': 22308, 'departure_time': 1536897300, 'arrival_time': 1536900000}
2033	{'task_type': 'regular', 'locomotive': 22611, 'train_section': 28297, 'section': 22496, 'departure_time': 1536900780, 'arrival_time': 1536904980}
2034	{'task_type': 'deadhead', 'locomotive': 22611, 'first_train_section': 28297, 'first_section': 22496, 'first_departure_time': 1536900780, 'first_arrival_time': 1536904980, 'second_train_section': 26903, 'second_section': 22496, 'second_departure_time': 1536910860, 'second_arrival_time': 1536915660}
2035	{'task_type': 'regular', 'locomotive': 22611, 'train_section': 26903, 'section': 22496, 'departure_time': 1536910860, 'arrival_time': 1536915660}
2036	{'task_type': 'deadhead', 'locomotive': 22611, 'first_train_section': 26903, 'first_section': 22496, 'first_departure_time': 1536910860, 'first_arrival_time': 1536915660, 'second_train_section': 23875, 'second_section': 22378, 'second_departure_time': 1536921300, 'second_arrival_time': 1536924960}
2037	{'task_type': 'regular', 'locomotive': 22611, 'train_section': 23875, 'section': 22378, 'departure_time': 1536921300, 'arrival_time': 1536924960}
2038	{'task_type': 'deadhead', 'locomotive': 22611, 'first_train_section': 23875, 'first_section': 22378, 'first_departure_time': 1536921300, 'first_arrival_time': 1536924960, 'second_train_section': 25019, 'second_section': 22338, 'second_departure_time': 1536935040, 'second_arrival_time': 1536947160}
2039	{'task_type': 'regular', 'locomotive': 22611, 'train_section': 25019, 'section': 22338, 'departure_time': 1536935040, 'arrival_time': 1536947160}
2040	{'task_type': 'deadhead', 'locomotive': 22611, 'first_train_section': 25019, 'first_section': 22338, 'first_departure_time': 1536935040, 'first_arrival_time': 1536947160, 'second_train_section': 27562, 'second_section': 22385, 'second_departure_time': 1536950820, 'second_arrival_time': 1536951600}
2041	{'task_type': 'regular', 'locomotive': 22611, 'train_section': 27562, 'section': 22385, 'departure_time': 1536950820, 'arrival_time': 1536951600}
2042	{'task_type': 'deadhead', 'locomotive': 22611, 'first_train_section': 27562, 'first_section': 22385, 'first_departure_time': 1536950820, 'first_arrival_time': 1536951600, 'second_train_section': 28197, 'second_section': 22431, 'second_departure_time': 1536951840, 'second_arrival_time': 1536955680}
2043	{'task_type': 'regular', 'locomotive': 22611, 'train_section': 28197, 'section': 22431, 'departure_time': 1536951840, 'arrival_time': 1536955680}
2044	{'task_type': 'regular', 'locomotive': 22611, 'train_section': 25213, 'section': 22495, 'departure_time': 1536960180, 'arrival_time': 1536963120}
2045	{'task_type': 'regular', 'locomotive': 22611, 'train_section': 24329, 'section': 22304, 'departure_time': 1536967500, 'arrival_time': 1536971880}
2046	{'task_type': 'regular', 'locomotive': 22611, 'train_section': 23267, 'section': 22247, 'departure_time': 1536976200, 'arrival_time': 1536986760}
2047	{'task_type': 'deadhead', 'locomotive': 22611, 'first_train_section': 23267, 'first_section': 22247, 'first_departure_time': 1536976200, 'first_arrival_time': 1536986760, 'second_train_section': 29100, 'second_section': 22403, 'second_departure_time': 1536999540, 'second_arrival_time': 1537002060}
2048	{'task_type': 'regular', 'locomotive': 22611, 'train_section': 29100, 'section': 22403, 'departure_time': 1536999540, 'arrival_time': 1537002060}
2049	{'task_type': 'deadhead', 'locomotive': 22611, 'first_train_section': 29100, 'first_section': 22403, 'first_departure_time': 1536999540, 'first_arrival_time': 1537002060, 'second_train_section': 28312, 'second_section': 22329, 'second_departure_time': 1537016280, 'second_arrival_time': 1537017720}
2050	{'task_type': 'regular', 'locomotive': 22611, 'train_section': 28312, 'section': 22329, 'departure_time': 1537016280, 'arrival_time': 1537017720}
2051	{'task_type': 'regular', 'locomotive': 22611, 'train_section': 23785, 'section': 22387, 'departure_time': 1537018680, 'arrival_time': 1537020120}
2052	{'task_type': 'regular', 'locomotive': 22611, 'train_section': 22910, 'section': 22327, 'departure_time': 1537024080, 'arrival_time': 1537030500}
2053	{'task_type': 'regular', 'locomotive': 22611, 'train_section': 24545, 'section': 22320, 'departure_time': 1537031100, 'arrival_time': 1537037460}
2054	{'task_type': 'regular', 'locomotive': 22613, 'train_section': 23927, 'section': 22438, 'departure_time': 1536652320, 'arrival_time': 1536663060}
2055	{'task_type': 'deadhead', 'locomotive': 22613, 'first_train_section': 23927, 'first_section': 22438, 'first_departure_time': 1536652320, 'first_arrival_time': 1536663060, 'second_train_section': 27699, 'second_section': 22438, 'second_departure_time': 1536673920, 'second_arrival_time': 1536684660}
2056	{'task_type': 'regular', 'locomotive': 22613, 'train_section': 27699, 'section': 22438, 'departure_time': 1536673920, 'arrival_time': 1536684660}
2057	{'task_type': 'deadhead', 'locomotive': 22613, 'first_train_section': 27699, 'first_section': 22438, 'first_departure_time': 1536673920, 'first_arrival_time': 1536684660, 'second_train_section': 25154, 'second_section': 22398, 'second_departure_time': 1536700800, 'second_arrival_time': 1536706680}
2058	{'task_type': 'regular', 'locomotive': 22613, 'train_section': 25154, 'section': 22398, 'departure_time': 1536700800, 'arrival_time': 1536706680}
2059	{'task_type': 'deadhead', 'locomotive': 22613, 'first_train_section': 25154, 'first_section': 22398, 'first_departure_time': 1536700800, 'first_arrival_time': 1536706680, 'second_train_section': 24337, 'second_section': 22320, 'second_departure_time': 1536721080, 'second_arrival_time': 1536727500}
2060	{'task_type': 'regular', 'locomotive': 22613, 'train_section': 24337, 'section': 22320, 'departure_time': 1536721080, 'arrival_time': 1536727500}
2061	{'task_type': 'regular', 'locomotive': 22613, 'train_section': 28968, 'section': 22331, 'departure_time': 1536728880, 'arrival_time': 1536739680}
2062	{'task_type': 'regular', 'locomotive': 22613, 'train_section': 28824, 'section': 22438, 'departure_time': 1536745920, 'arrival_time': 1536756660}
2063	{'task_type': 'regular', 'locomotive': 22613, 'train_section': 25774, 'section': 22333, 'departure_time': 1536761700, 'arrival_time': 1536764520}
2064	{'task_type': 'deadhead', 'locomotive': 22613, 'first_train_section': 25774, 'first_section': 22333, 'first_departure_time': 1536761700, 'first_arrival_time': 1536764520, 'second_train_section': 26333, 'second_section': 22331, 'second_departure_time': 1536772080, 'second_arrival_time': 1536783000}
2065	{'task_type': 'regular', 'locomotive': 22613, 'train_section': 26333, 'section': 22331, 'departure_time': 1536772080, 'arrival_time': 1536783000}
2066	{'task_type': 'regular', 'locomotive': 22613, 'train_section': 26069, 'section': 22438, 'departure_time': 1536810120, 'arrival_time': 1536821460}
2067	{'task_type': 'deadhead', 'locomotive': 22613, 'first_train_section': 26069, 'first_section': 22438, 'first_departure_time': 1536810120, 'first_arrival_time': 1536821460, 'second_train_section': 27565, 'second_section': 22313, 'second_departure_time': 1536835680, 'second_arrival_time': 1536840600}
2068	{'task_type': 'regular', 'locomotive': 22613, 'train_section': 27565, 'section': 22313, 'departure_time': 1536835680, 'arrival_time': 1536840600}
2069	{'task_type': 'regular', 'locomotive': 22613, 'train_section': 28393, 'section': 22281, 'departure_time': 1536847080, 'arrival_time': 1536853380}
2070	{'task_type': 'deadhead', 'locomotive': 22613, 'first_train_section': 28393, 'first_section': 22281, 'first_departure_time': 1536847080, 'first_arrival_time': 1536853380, 'second_train_section': 25734, 'second_section': 22277, 'second_departure_time': 1536860100, 'second_arrival_time': 1536863580}
2071	{'task_type': 'regular', 'locomotive': 22613, 'train_section': 25734, 'section': 22277, 'departure_time': 1536860100, 'arrival_time': 1536863580}
2072	{'task_type': 'deadhead', 'locomotive': 22613, 'first_train_section': 25734, 'first_section': 22277, 'first_departure_time': 1536860100, 'first_arrival_time': 1536863580, 'second_train_section': 28888, 'second_section': 22277, 'second_departure_time': 1536867300, 'second_arrival_time': 1536870780}
2073	{'task_type': 'regular', 'locomotive': 22613, 'train_section': 28888, 'section': 22277, 'departure_time': 1536867300, 'arrival_time': 1536870780}
2074	{'task_type': 'regular', 'locomotive': 22613, 'train_section': 27803, 'section': 22238, 'departure_time': 1536899100, 'arrival_time': 1536902700}
2075	{'task_type': 'deadhead', 'locomotive': 22613, 'first_train_section': 27803, 'first_section': 22238, 'first_departure_time': 1536899100, 'first_arrival_time': 1536902700, 'second_train_section': 25758, 'second_section': 22286, 'second_departure_time': 1536904920, 'second_arrival_time': 1536908880}
2076	{'task_type': 'regular', 'locomotive': 22613, 'train_section': 25758, 'section': 22286, 'departure_time': 1536904920, 'arrival_time': 1536908880}
2077	{'task_type': 'deadhead', 'locomotive': 22613, 'first_train_section': 25758, 'first_section': 22286, 'first_departure_time': 1536904920, 'first_arrival_time': 1536908880, 'second_train_section': 29920, 'second_section': 22293, 'second_departure_time': 1536919440, 'second_arrival_time': 1536924900}
2078	{'task_type': 'regular', 'locomotive': 22613, 'train_section': 29920, 'section': 22293, 'departure_time': 1536919440, 'arrival_time': 1536924900}
2079	{'task_type': 'regular', 'locomotive': 22613, 'train_section': 24371, 'section': 22469, 'departure_time': 1536938220, 'arrival_time': 1536940620}
2080	{'task_type': 'deadhead', 'locomotive': 22613, 'first_train_section': 24371, 'first_section': 22469, 'first_departure_time': 1536938220, 'first_arrival_time': 1536940620, 'second_train_section': 28141, 'second_section': 22256, 'second_departure_time': 1536945000, 'second_arrival_time': 1536947280}
2081	{'task_type': 'regular', 'locomotive': 22613, 'train_section': 28141, 'section': 22256, 'departure_time': 1536945000, 'arrival_time': 1536947280}
2082	{'task_type': 'deadhead', 'locomotive': 22613, 'first_train_section': 28141, 'first_section': 22256, 'first_departure_time': 1536945000, 'first_arrival_time': 1536947280, 'second_train_section': 30012, 'second_section': 22255, 'second_departure_time': 1536948300, 'second_arrival_time': 1536949200}
2083	{'task_type': 'regular', 'locomotive': 22613, 'train_section': 30012, 'section': 22255, 'departure_time': 1536948300, 'arrival_time': 1536949200}
2084	{'task_type': 'deadhead', 'locomotive': 22613, 'first_train_section': 26894, 'first_section': 22237, 'first_departure_time': 1536957180, 'first_arrival_time': 1536962340, 'second_train_section': 24222, 'second_section': 22281, 'second_departure_time': 1536980760, 'second_arrival_time': 1536987720}
2085	{'task_type': 'regular', 'locomotive': 22613, 'train_section': 24222, 'section': 22281, 'departure_time': 1536980760, 'arrival_time': 1536987720}
2086	{'task_type': 'deadhead', 'locomotive': 22613, 'first_train_section': 24222, 'first_section': 22281, 'first_departure_time': 1536980760, 'first_arrival_time': 1536987720, 'second_train_section': 24478, 'second_section': 22485, 'second_departure_time': 1536998040, 'second_arrival_time': 1537005480}
2087	{'task_type': 'regular', 'locomotive': 22613, 'train_section': 24478, 'section': 22485, 'departure_time': 1536998040, 'arrival_time': 1537005480}
2088	{'task_type': 'regular', 'locomotive': 22615, 'train_section': 25289, 'section': 22261, 'departure_time': 1536608700, 'arrival_time': 1536610260}
2089	{'task_type': 'deadhead', 'locomotive': 22615, 'first_train_section': 25289, 'first_section': 22261, 'first_departure_time': 1536608700, 'first_arrival_time': 1536610260, 'second_train_section': 27224, 'second_section': 22247, 'second_departure_time': 1536614040, 'second_arrival_time': 1536624900}
2090	{'task_type': 'regular', 'locomotive': 22615, 'train_section': 27224, 'section': 22247, 'departure_time': 1536614040, 'arrival_time': 1536624900}
2091	{'task_type': 'deadhead', 'locomotive': 22615, 'first_train_section': 27224, 'first_section': 22247, 'first_departure_time': 1536614040, 'first_arrival_time': 1536624900, 'second_train_section': 26826, 'second_section': 22333, 'second_departure_time': 1536646500, 'second_arrival_time': 1536649320}
2092	{'task_type': 'regular', 'locomotive': 22615, 'train_section': 26826, 'section': 22333, 'departure_time': 1536646500, 'arrival_time': 1536649320}
2093	{'task_type': 'regular', 'locomotive': 22615, 'train_section': 26828, 'section': 22472, 'departure_time': 1536649980, 'arrival_time': 1536655140}
2094	{'task_type': 'regular', 'locomotive': 22615, 'train_section': 26830, 'section': 22351, 'departure_time': 1536655680, 'arrival_time': 1536660840}
2095	{'task_type': 'deadhead', 'locomotive': 22615, 'first_train_section': 26830, 'first_section': 22351, 'first_departure_time': 1536655680, 'first_arrival_time': 1536660840, 'second_train_section': 24880, 'second_section': 22261, 'second_departure_time': 1536665880, 'second_arrival_time': 1536667620}
2096	{'task_type': 'regular', 'locomotive': 22615, 'train_section': 24880, 'section': 22261, 'departure_time': 1536665880, 'arrival_time': 1536667620}
2097	{'task_type': 'deadhead', 'locomotive': 22615, 'first_train_section': 24880, 'first_section': 22261, 'first_departure_time': 1536665880, 'first_arrival_time': 1536667620, 'second_train_section': 22669, 'second_section': 22500, 'second_departure_time': 1536673080, 'second_arrival_time': 1536676200}
2098	{'task_type': 'regular', 'locomotive': 22615, 'train_section': 22669, 'section': 22500, 'departure_time': 1536673080, 'arrival_time': 1536676200}
2099	{'task_type': 'deadhead', 'locomotive': 22615, 'first_train_section': 22669, 'first_section': 22500, 'first_departure_time': 1536673080, 'first_arrival_time': 1536676200, 'second_train_section': 29988, 'second_section': 22500, 'second_departure_time': 1536679620, 'second_arrival_time': 1536682020}
2100	{'task_type': 'regular', 'locomotive': 22615, 'train_section': 29988, 'section': 22500, 'departure_time': 1536679620, 'arrival_time': 1536682020}
2101	{'task_type': 'deadhead', 'locomotive': 22615, 'first_train_section': 29988, 'first_section': 22500, 'first_departure_time': 1536679620, 'first_arrival_time': 1536682020, 'second_train_section': 22947, 'second_section': 22500, 'second_departure_time': 1536687480, 'second_arrival_time': 1536690600}
2102	{'task_type': 'regular', 'locomotive': 22615, 'train_section': 22947, 'section': 22500, 'departure_time': 1536687480, 'arrival_time': 1536690600}
2103	{'task_type': 'deadhead', 'locomotive': 22615, 'first_train_section': 22947, 'first_section': 22500, 'first_departure_time': 1536687480, 'first_arrival_time': 1536690600, 'second_train_section': 29418, 'second_section': 22508, 'second_departure_time': 1536694620, 'second_arrival_time': 1536698160}
2104	{'task_type': 'regular', 'locomotive': 22615, 'train_section': 29418, 'section': 22508, 'departure_time': 1536694620, 'arrival_time': 1536698160}
2105	{'task_type': 'deadhead', 'locomotive': 22615, 'first_train_section': 29418, 'first_section': 22508, 'first_departure_time': 1536694620, 'first_arrival_time': 1536698160, 'second_train_section': 29902, 'second_section': 22476, 'second_departure_time': 1536700620, 'second_arrival_time': 1536704220}
2106	{'task_type': 'regular', 'locomotive': 22615, 'train_section': 29902, 'section': 22476, 'departure_time': 1536700620, 'arrival_time': 1536704220}
2107	{'task_type': 'deadhead', 'locomotive': 22615, 'first_train_section': 29902, 'first_section': 22476, 'first_departure_time': 1536700620, 'first_arrival_time': 1536704220, 'second_train_section': 29054, 'second_section': 22483, 'second_departure_time': 1536713520, 'second_arrival_time': 1536716580}
2108	{'task_type': 'regular', 'locomotive': 22615, 'train_section': 29054, 'section': 22483, 'departure_time': 1536713520, 'arrival_time': 1536716580}
2109	{'task_type': 'deadhead', 'locomotive': 22615, 'first_train_section': 29054, 'first_section': 22483, 'first_departure_time': 1536713520, 'first_arrival_time': 1536716580, 'second_train_section': 25283, 'second_section': 22247, 'second_departure_time': 1536726600, 'second_arrival_time': 1536736740}
2110	{'task_type': 'regular', 'locomotive': 22615, 'train_section': 25283, 'section': 22247, 'departure_time': 1536726600, 'arrival_time': 1536736740}
2111	{'task_type': 'deadhead', 'locomotive': 22615, 'first_train_section': 25283, 'first_section': 22247, 'first_departure_time': 1536726600, 'first_arrival_time': 1536736740, 'second_train_section': 28091, 'second_section': 22407, 'second_departure_time': 1536740760, 'second_arrival_time': 1536747600}
2112	{'task_type': 'regular', 'locomotive': 22615, 'train_section': 28091, 'section': 22407, 'departure_time': 1536740760, 'arrival_time': 1536747600}
2113	{'task_type': 'deadhead', 'locomotive': 22615, 'first_train_section': 28091, 'first_section': 22407, 'first_departure_time': 1536740760, 'first_arrival_time': 1536747600, 'second_train_section': 25680, 'second_section': 22400, 'second_departure_time': 1536756600, 'second_arrival_time': 1536760020}
2114	{'task_type': 'regular', 'locomotive': 22615, 'train_section': 25680, 'section': 22400, 'departure_time': 1536756600, 'arrival_time': 1536760020}
2115	{'task_type': 'regular', 'locomotive': 22615, 'train_section': 23398, 'section': 22383, 'departure_time': 1536761520, 'arrival_time': 1536764940}
2116	{'task_type': 'deadhead', 'locomotive': 22615, 'first_train_section': 23398, 'first_section': 22383, 'first_departure_time': 1536761520, 'first_arrival_time': 1536764940, 'second_train_section': 28232, 'second_section': 22242, 'second_departure_time': 1536773040, 'second_arrival_time': 1536776220}
2117	{'task_type': 'regular', 'locomotive': 22615, 'train_section': 28232, 'section': 22242, 'departure_time': 1536773040, 'arrival_time': 1536776220}
2118	{'task_type': 'deadhead', 'locomotive': 22615, 'first_train_section': 28232, 'first_section': 22242, 'first_departure_time': 1536773040, 'first_arrival_time': 1536776220, 'second_train_section': 28599, 'second_section': 22404, 'second_departure_time': 1536777480, 'second_arrival_time': 1536786300}
2119	{'task_type': 'regular', 'locomotive': 22615, 'train_section': 28599, 'section': 22404, 'departure_time': 1536777480, 'arrival_time': 1536786300}
2120	{'task_type': 'regular', 'locomotive': 22615, 'train_section': 26045, 'section': 22249, 'departure_time': 1536787380, 'arrival_time': 1536792180}
2121	{'task_type': 'regular', 'locomotive': 22615, 'train_section': 29353, 'section': 22505, 'departure_time': 1536794100, 'arrival_time': 1536798840}
2122	{'task_type': 'deadhead', 'locomotive': 22615, 'first_train_section': 29353, 'first_section': 22505, 'first_departure_time': 1536794100, 'first_arrival_time': 1536798840, 'second_train_section': 24236, 'second_section': 22496, 'second_departure_time': 1536804000, 'second_arrival_time': 1536808800}
2123	{'task_type': 'regular', 'locomotive': 22615, 'train_section': 24236, 'section': 22496, 'departure_time': 1536804000, 'arrival_time': 1536808800}
2124	{'task_type': 'deadhead', 'locomotive': 22615, 'first_train_section': 24236, 'first_section': 22496, 'first_departure_time': 1536804000, 'first_arrival_time': 1536808800, 'second_train_section': 27819, 'second_section': 22304, 'second_departure_time': 1536816900, 'second_arrival_time': 1536821940}
2125	{'task_type': 'regular', 'locomotive': 22615, 'train_section': 27819, 'section': 22304, 'departure_time': 1536816900, 'arrival_time': 1536821940}
2126	{'task_type': 'deadhead', 'locomotive': 22615, 'first_train_section': 27819, 'first_section': 22304, 'first_departure_time': 1536816900, 'first_arrival_time': 1536821940, 'second_train_section': 27124, 'second_section': 22350, 'second_departure_time': 1536835740, 'second_arrival_time': 1536839400}
2127	{'task_type': 'regular', 'locomotive': 22615, 'train_section': 27124, 'section': 22350, 'departure_time': 1536835740, 'arrival_time': 1536839400}
2128	{'task_type': 'regular', 'locomotive': 22615, 'train_section': 23373, 'section': 22486, 'departure_time': 1536839520, 'arrival_time': 1536843120}
2129	{'task_type': 'deadhead', 'locomotive': 22615, 'first_train_section': 23373, 'first_section': 22486, 'first_departure_time': 1536839520, 'first_arrival_time': 1536843120, 'second_train_section': 29011, 'second_section': 22481, 'second_departure_time': 1536849240, 'second_arrival_time': 1536854340}
2130	{'task_type': 'regular', 'locomotive': 22615, 'train_section': 29011, 'section': 22481, 'departure_time': 1536849240, 'arrival_time': 1536854340}
2131	{'task_type': 'deadhead', 'locomotive': 22615, 'first_train_section': 29011, 'first_section': 22481, 'first_departure_time': 1536849240, 'first_arrival_time': 1536854340, 'second_train_section': 24307, 'second_section': 22284, 'second_departure_time': 1536864720, 'second_arrival_time': 1536868380}
2132	{'task_type': 'regular', 'locomotive': 22615, 'train_section': 24307, 'section': 22284, 'departure_time': 1536864720, 'arrival_time': 1536868380}
2133	{'task_type': 'deadhead', 'locomotive': 22615, 'first_train_section': 28498, 'first_section': 22464, 'first_departure_time': 1536868380, 'first_arrival_time': 1536875940, 'second_train_section': 27482, 'second_section': 22325, 'second_departure_time': 1536892500, 'second_arrival_time': 1536906780}
2134	{'task_type': 'regular', 'locomotive': 22615, 'train_section': 27482, 'section': 22325, 'departure_time': 1536892500, 'arrival_time': 1536906780}
2135	{'task_type': 'regular', 'locomotive': 22615, 'train_section': 24831, 'section': 22234, 'departure_time': 1536907800, 'arrival_time': 1536910560}
2136	{'task_type': 'regular', 'locomotive': 22615, 'train_section': 28908, 'section': 22438, 'departure_time': 1536911520, 'arrival_time': 1536922260}
2137	{'task_type': 'deadhead', 'locomotive': 22615, 'first_train_section': 28908, 'first_section': 22438, 'first_departure_time': 1536911520, 'first_arrival_time': 1536922260, 'second_train_section': 25929, 'second_section': 22438, 'second_departure_time': 1536933120, 'second_arrival_time': 1536943860}
2138	{'task_type': 'regular', 'locomotive': 22615, 'train_section': 25929, 'section': 22438, 'departure_time': 1536933120, 'arrival_time': 1536943860}
2139	{'task_type': 'regular', 'locomotive': 22615, 'train_section': 26255, 'section': 22331, 'departure_time': 1536944880, 'arrival_time': 1536955800}
2140	{'task_type': 'regular', 'locomotive': 22615, 'train_section': 29051, 'section': 22437, 'departure_time': 1536964620, 'arrival_time': 1536969420}
2141	{'task_type': 'deadhead', 'locomotive': 22615, 'first_train_section': 29051, 'first_section': 22437, 'first_departure_time': 1536964620, 'first_arrival_time': 1536969420, 'second_train_section': 24993, 'second_section': 22334, 'second_departure_time': 1536979560, 'second_arrival_time': 1536982800}
2142	{'task_type': 'regular', 'locomotive': 22615, 'train_section': 24993, 'section': 22334, 'departure_time': 1536979560, 'arrival_time': 1536982800}
2143	{'task_type': 'deadhead', 'locomotive': 22615, 'first_train_section': 24993, 'first_section': 22334, 'first_departure_time': 1536979560, 'first_arrival_time': 1536982800, 'second_train_section': 25163, 'second_section': 22329, 'second_departure_time': 1536987480, 'second_arrival_time': 1536988920}
2144	{'task_type': 'regular', 'locomotive': 22615, 'train_section': 25163, 'section': 22329, 'departure_time': 1536987480, 'arrival_time': 1536988920}
2145	{'task_type': 'regular', 'locomotive': 22615, 'train_section': 27917, 'section': 22387, 'departure_time': 1536989880, 'arrival_time': 1536991320}
2146	{'task_type': 'deadhead', 'locomotive': 22615, 'first_train_section': 27917, 'first_section': 22387, 'first_departure_time': 1536989880, 'first_arrival_time': 1536991320, 'second_train_section': 26953, 'second_section': 22492, 'second_departure_time': 1536992640, 'second_arrival_time': 1537001880}
2147	{'task_type': 'regular', 'locomotive': 22615, 'train_section': 26953, 'section': 22492, 'departure_time': 1536992640, 'arrival_time': 1537001880}
2148	{'task_type': 'deadhead', 'locomotive': 22615, 'first_train_section': 26953, 'first_section': 22492, 'first_departure_time': 1536992640, 'first_arrival_time': 1537001880, 'second_train_section': 24889, 'second_section': 22483, 'second_departure_time': 1537134120, 'second_arrival_time': 1537135199}
2149	{'task_type': 'regular', 'locomotive': 22615, 'train_section': 24889, 'section': 22483, 'departure_time': 1537134120, 'arrival_time': 1537135199}
2150	{'task_type': 'regular', 'locomotive': 22623, 'train_section': 24582, 'section': 22378, 'departure_time': 1536735900, 'arrival_time': 1536739560}
2151	{'task_type': 'regular', 'locomotive': 22623, 'train_section': 22929, 'section': 22416, 'departure_time': 1536749640, 'arrival_time': 1536753300}
2152	{'task_type': 'regular', 'locomotive': 22623, 'train_section': 25467, 'section': 22378, 'departure_time': 1536757500, 'arrival_time': 1536761160}
2153	{'task_type': 'regular', 'locomotive': 22623, 'train_section': 28736, 'section': 22416, 'departure_time': 1536762240, 'arrival_time': 1536765900}
2154	{'task_type': 'regular', 'locomotive': 22623, 'train_section': 29218, 'section': 22251, 'departure_time': 1536812940, 'arrival_time': 1536816660}
2155	{'task_type': 'deadhead', 'locomotive': 22623, 'first_train_section': 29218, 'first_section': 22251, 'first_departure_time': 1536812940, 'first_arrival_time': 1536816660, 'second_train_section': 29776, 'second_section': 22431, 'second_departure_time': 1536818580, 'second_arrival_time': 1536823260}
2156	{'task_type': 'regular', 'locomotive': 22623, 'train_section': 29776, 'section': 22431, 'departure_time': 1536818580, 'arrival_time': 1536823260}
2157	{'task_type': 'regular', 'locomotive': 22623, 'train_section': 29715, 'section': 22496, 'departure_time': 1536824460, 'arrival_time': 1536829260}
2158	{'task_type': 'deadhead', 'locomotive': 22623, 'first_train_section': 29715, 'first_section': 22496, 'first_departure_time': 1536824460, 'first_arrival_time': 1536829260, 'second_train_section': 27453, 'second_section': 22416, 'second_departure_time': 1536834240, 'second_arrival_time': 1536837900}
2159	{'task_type': 'regular', 'locomotive': 22623, 'train_section': 27453, 'section': 22416, 'departure_time': 1536834240, 'arrival_time': 1536837900}
2160	{'task_type': 'deadhead', 'locomotive': 22623, 'first_train_section': 27453, 'first_section': 22416, 'first_departure_time': 1536834240, 'first_arrival_time': 1536837900, 'second_train_section': 23218, 'second_section': 22416, 'second_departure_time': 1536846840, 'second_arrival_time': 1536850500}
2161	{'task_type': 'regular', 'locomotive': 22623, 'train_section': 23218, 'section': 22416, 'departure_time': 1536846840, 'arrival_time': 1536850500}
2162	{'task_type': 'regular', 'locomotive': 22623, 'train_section': 26549, 'section': 22251, 'departure_time': 1536899340, 'arrival_time': 1536903060}
2163	{'task_type': 'regular', 'locomotive': 22623, 'train_section': 28114, 'section': 22418, 'departure_time': 1536931800, 'arrival_time': 1536933300}
2164	{'task_type': 'deadhead', 'locomotive': 22623, 'first_train_section': 28114, 'first_section': 22418, 'first_departure_time': 1536931800, 'first_arrival_time': 1536933300, 'second_train_section': 24025, 'second_section': 22416, 'second_departure_time': 1536935040, 'second_arrival_time': 1536938700}
2165	{'task_type': 'regular', 'locomotive': 22623, 'train_section': 24025, 'section': 22416, 'departure_time': 1536935040, 'arrival_time': 1536938700}
2166	{'task_type': 'deadhead', 'locomotive': 22623, 'first_train_section': 24025, 'first_section': 22416, 'first_departure_time': 1536935040, 'first_arrival_time': 1536938700, 'second_train_section': 23920, 'second_section': 22431, 'second_departure_time': 1536945540, 'second_arrival_time': 1536950400}
2167	{'task_type': 'regular', 'locomotive': 22623, 'train_section': 23920, 'section': 22431, 'departure_time': 1536945540, 'arrival_time': 1536950400}
2168	{'task_type': 'regular', 'locomotive': 22623, 'train_section': 23922, 'section': 22495, 'departure_time': 1536951840, 'arrival_time': 1536954660}
2169	{'task_type': 'deadhead', 'locomotive': 22623, 'first_train_section': 23922, 'first_section': 22495, 'first_departure_time': 1536951840, 'first_arrival_time': 1536954660, 'second_train_section': 23299, 'second_section': 22266, 'second_departure_time': 1536960300, 'second_arrival_time': 1536966840}
2170	{'task_type': 'regular', 'locomotive': 22623, 'train_section': 23299, 'section': 22266, 'departure_time': 1536960300, 'arrival_time': 1536966840}
2171	{'task_type': 'deadhead', 'locomotive': 22623, 'first_train_section': 23299, 'first_section': 22266, 'first_departure_time': 1536960300, 'first_arrival_time': 1536966840, 'second_train_section': 27174, 'second_section': 22348, 'second_departure_time': 1536981180, 'second_arrival_time': 1536984720}
2172	{'task_type': 'regular', 'locomotive': 22623, 'train_section': 27174, 'section': 22348, 'departure_time': 1536981180, 'arrival_time': 1536984720}
2173	{'task_type': 'deadhead', 'locomotive': 22623, 'first_train_section': 27174, 'first_section': 22348, 'first_departure_time': 1536981180, 'first_arrival_time': 1536984720, 'second_train_section': 25063, 'second_section': 22260, 'second_departure_time': 1536992820, 'second_arrival_time': 1537001220}
2174	{'task_type': 'regular', 'locomotive': 22623, 'train_section': 25063, 'section': 22260, 'departure_time': 1536992820, 'arrival_time': 1537001220}
2175	{'task_type': 'regular', 'locomotive': 22623, 'train_section': 29740, 'section': 22360, 'departure_time': 1537001280, 'arrival_time': 1537012920}
2176	{'task_type': 'deadhead', 'locomotive': 22623, 'first_train_section': 29740, 'first_section': 22360, 'first_departure_time': 1537001280, 'first_arrival_time': 1537012920, 'second_train_section': 28390, 'second_section': 22416, 'second_departure_time': 1537016040, 'second_arrival_time': 1537019700}
2177	{'task_type': 'regular', 'locomotive': 22623, 'train_section': 28390, 'section': 22416, 'departure_time': 1537016040, 'arrival_time': 1537019700}
2178	{'task_type': 'deadhead', 'locomotive': 22623, 'first_train_section': 28390, 'first_section': 22416, 'first_departure_time': 1537016040, 'first_arrival_time': 1537019700, 'second_train_section': 24607, 'second_section': 22495, 'second_departure_time': 1537033980, 'second_arrival_time': 1537036860}
2179	{'task_type': 'regular', 'locomotive': 22623, 'train_section': 24607, 'section': 22495, 'departure_time': 1537033980, 'arrival_time': 1537036860}
2180	{'task_type': 'deadhead', 'locomotive': 22623, 'first_train_section': 24607, 'first_section': 22495, 'first_departure_time': 1537033980, 'first_arrival_time': 1537036860, 'second_train_section': 25267, 'second_section': 22501, 'second_departure_time': 1537043040, 'second_arrival_time': 1537045260}
2181	{'task_type': 'regular', 'locomotive': 22623, 'train_section': 25267, 'section': 22501, 'departure_time': 1537043040, 'arrival_time': 1537045260}
2182	{'task_type': 'regular', 'locomotive': 22623, 'train_section': 29751, 'section': 22477, 'departure_time': 1537071600, 'arrival_time': 1537074000}
2183	{'task_type': 'deadhead', 'locomotive': 22623, 'first_train_section': 29751, 'first_section': 22477, 'first_departure_time': 1537071600, 'first_arrival_time': 1537074000, 'second_train_section': 29577, 'second_section': 22351, 'second_departure_time': 1537087680, 'second_arrival_time': 1537092840}
2184	{'task_type': 'regular', 'locomotive': 22623, 'train_section': 29577, 'section': 22351, 'departure_time': 1537087680, 'arrival_time': 1537092840}
2185	{'task_type': 'regular', 'locomotive': 22623, 'train_section': 29507, 'section': 22499, 'departure_time': 1537105500, 'arrival_time': 1537110660}
2186	{'task_type': 'deadhead', 'locomotive': 22623, 'first_train_section': 29507, 'first_section': 22499, 'first_departure_time': 1537105500, 'first_arrival_time': 1537110660, 'second_train_section': 26463, 'second_section': 22308, 'second_departure_time': 1537122000, 'second_arrival_time': 1537124760}
2187	{'task_type': 'regular', 'locomotive': 22623, 'train_section': 26463, 'section': 22308, 'departure_time': 1537122000, 'arrival_time': 1537124760}
2188	{'task_type': 'regular', 'locomotive': 22623, 'train_section': 30058, 'section': 22495, 'departure_time': 1537125300, 'arrival_time': 1537128300}
2189	{'task_type': 'regular', 'locomotive': 22624, 'train_section': 24127, 'section': 22378, 'departure_time': 1536602700, 'arrival_time': 1536606360}
2190	{'task_type': 'deadhead', 'locomotive': 22624, 'first_train_section': 22848, 'first_section': 22377, 'first_departure_time': 1536616500, 'first_arrival_time': 1536616740, 'second_train_section': 27133, 'second_section': 22325, 'second_departure_time': 1536633300, 'second_arrival_time': 1536647580}
2191	{'task_type': 'regular', 'locomotive': 22624, 'train_section': 27133, 'section': 22325, 'departure_time': 1536633300, 'arrival_time': 1536647580}
2192	{'task_type': 'deadhead', 'locomotive': 22624, 'first_train_section': 27133, 'first_section': 22325, 'first_departure_time': 1536633300, 'first_arrival_time': 1536647580, 'second_train_section': 30032, 'second_section': 22331, 'second_departure_time': 1536664080, 'second_arrival_time': 1536674880}
2193	{'task_type': 'regular', 'locomotive': 22624, 'train_section': 30032, 'section': 22331, 'departure_time': 1536664080, 'arrival_time': 1536674880}
2194	{'task_type': 'deadhead', 'locomotive': 22624, 'first_train_section': 27352, 'first_section': 22328, 'first_departure_time': 1536687840, 'first_arrival_time': 1536697560, 'second_train_section': 26258, 'second_section': 22451, 'second_departure_time': 1536706620, 'second_arrival_time': 1536713520}
2195	{'task_type': 'regular', 'locomotive': 22624, 'train_section': 26258, 'section': 22451, 'departure_time': 1536706620, 'arrival_time': 1536713520}
2196	{'task_type': 'deadhead', 'locomotive': 22624, 'first_train_section': 26258, 'first_section': 22451, 'first_departure_time': 1536706620, 'first_arrival_time': 1536713520, 'second_train_section': 26264, 'second_section': 22372, 'second_departure_time': 1536718140, 'second_arrival_time': 1536722100}
2197	{'task_type': 'regular', 'locomotive': 22624, 'train_section': 26264, 'section': 22372, 'departure_time': 1536718140, 'arrival_time': 1536722100}
2198	{'task_type': 'deadhead', 'locomotive': 22624, 'first_train_section': 26264, 'first_section': 22372, 'first_departure_time': 1536718140, 'first_arrival_time': 1536722100, 'second_train_section': 25803, 'second_section': 22499, 'second_departure_time': 1536731100, 'second_arrival_time': 1536736260}
2199	{'task_type': 'regular', 'locomotive': 22624, 'train_section': 25803, 'section': 22499, 'departure_time': 1536731100, 'arrival_time': 1536736260}
2200	{'task_type': 'deadhead', 'locomotive': 22624, 'first_train_section': 25803, 'first_section': 22499, 'first_departure_time': 1536731100, 'first_arrival_time': 1536736260, 'second_train_section': 25808, 'second_section': 22471, 'second_departure_time': 1536742620, 'second_arrival_time': 1536745440}
2201	{'task_type': 'regular', 'locomotive': 22624, 'train_section': 25808, 'section': 22471, 'departure_time': 1536742620, 'arrival_time': 1536745440}
2202	{'task_type': 'deadhead', 'locomotive': 22624, 'first_train_section': 25808, 'first_section': 22471, 'first_departure_time': 1536742620, 'first_arrival_time': 1536745440, 'second_train_section': 29638, 'second_section': 22472, 'second_departure_time': 1536750780, 'second_arrival_time': 1536755940}
2203	{'task_type': 'regular', 'locomotive': 22624, 'train_section': 29638, 'section': 22472, 'departure_time': 1536750780, 'arrival_time': 1536755940}
2204	{'task_type': 'deadhead', 'locomotive': 22624, 'first_train_section': 29638, 'first_section': 22472, 'first_departure_time': 1536750780, 'first_arrival_time': 1536755940, 'second_train_section': 24746, 'second_section': 22261, 'second_departure_time': 1536763080, 'second_arrival_time': 1536764700}
2205	{'task_type': 'regular', 'locomotive': 22624, 'train_section': 24746, 'section': 22261, 'departure_time': 1536763080, 'arrival_time': 1536764700}
2206	{'task_type': 'regular', 'locomotive': 22624, 'train_section': 24340, 'section': 22480, 'departure_time': 1536767700, 'arrival_time': 1536769860}
2207	{'task_type': 'regular', 'locomotive': 22624, 'train_section': 24342, 'section': 22308, 'departure_time': 1536770880, 'arrival_time': 1536773820}
2208	{'task_type': 'regular', 'locomotive': 22624, 'train_section': 24344, 'section': 22496, 'departure_time': 1536774540, 'arrival_time': 1536779160}
2209	{'task_type': 'deadhead', 'locomotive': 22624, 'first_train_section': 24344, 'first_section': 22496, 'first_departure_time': 1536774540, 'first_arrival_time': 1536779160, 'second_train_section': 27999, 'second_section': 22431, 'second_departure_time': 1536781260, 'second_arrival_time': 1536785460}
2210	{'task_type': 'regular', 'locomotive': 22624, 'train_section': 27999, 'section': 22431, 'departure_time': 1536781260, 'arrival_time': 1536785460}
2211	{'task_type': 'regular', 'locomotive': 22624, 'train_section': 29592, 'section': 22495, 'departure_time': 1536786720, 'arrival_time': 1536789660}
2212	{'task_type': 'regular', 'locomotive': 22624, 'train_section': 29595, 'section': 22309, 'departure_time': 1536790140, 'arrival_time': 1536795000}
2213	{'task_type': 'deadhead', 'locomotive': 22624, 'first_train_section': 29595, 'first_section': 22309, 'first_departure_time': 1536790140, 'first_arrival_time': 1536795000, 'second_train_section': 26367, 'second_section': 22372, 'second_departure_time': 1536804540, 'second_arrival_time': 1536808500}
2214	{'task_type': 'regular', 'locomotive': 22624, 'train_section': 26367, 'section': 22372, 'departure_time': 1536804540, 'arrival_time': 1536808500}
2215	{'task_type': 'deadhead', 'locomotive': 22624, 'first_train_section': 26367, 'first_section': 22372, 'first_departure_time': 1536804540, 'first_arrival_time': 1536808500, 'second_train_section': 27821, 'second_section': 22247, 'second_departure_time': 1536822120, 'second_arrival_time': 1536831360}
2216	{'task_type': 'regular', 'locomotive': 22624, 'train_section': 27821, 'section': 22247, 'departure_time': 1536822120, 'arrival_time': 1536831360}
2217	{'task_type': 'deadhead', 'locomotive': 22624, 'first_train_section': 27821, 'first_section': 22247, 'first_departure_time': 1536822120, 'first_arrival_time': 1536831360, 'second_train_section': 29951, 'second_section': 22337, 'second_departure_time': 1536839880, 'second_arrival_time': 1536846600}
2218	{'task_type': 'regular', 'locomotive': 22624, 'train_section': 29951, 'section': 22337, 'departure_time': 1536839880, 'arrival_time': 1536846600}
2219	{'task_type': 'deadhead', 'locomotive': 22624, 'first_train_section': 29951, 'first_section': 22337, 'first_departure_time': 1536839880, 'first_arrival_time': 1536846600, 'second_train_section': 28238, 'second_section': 22394, 'second_departure_time': 1536850320, 'second_arrival_time': 1536854760}
2220	{'task_type': 'regular', 'locomotive': 22624, 'train_section': 28238, 'section': 22394, 'departure_time': 1536850320, 'arrival_time': 1536854760}
2221	{'task_type': 'regular', 'locomotive': 22624, 'train_section': 24533, 'section': 22274, 'departure_time': 1536857340, 'arrival_time': 1536864600}
2222	{'task_type': 'deadhead', 'locomotive': 22624, 'first_train_section': 24533, 'first_section': 22274, 'first_departure_time': 1536857340, 'first_arrival_time': 1536864600, 'second_train_section': 29230, 'second_section': 22304, 'second_departure_time': 1536881100, 'second_arrival_time': 1536885480}
2223	{'task_type': 'regular', 'locomotive': 22624, 'train_section': 29230, 'section': 22304, 'departure_time': 1536881100, 'arrival_time': 1536885480}
2224	{'task_type': 'deadhead', 'locomotive': 22624, 'first_train_section': 29230, 'first_section': 22304, 'first_departure_time': 1536881100, 'first_arrival_time': 1536885480, 'second_train_section': 30029, 'second_section': 22372, 'second_departure_time': 1536890940, 'second_arrival_time': 1536894900}
2225	{'task_type': 'regular', 'locomotive': 22624, 'train_section': 30029, 'section': 22372, 'departure_time': 1536890940, 'arrival_time': 1536894900}
2226	{'task_type': 'deadhead', 'locomotive': 22624, 'first_train_section': 30029, 'first_section': 22372, 'first_departure_time': 1536890940, 'first_arrival_time': 1536894900, 'second_train_section': 24260, 'second_section': 22309, 'second_departure_time': 1536900960, 'second_arrival_time': 1536906480}
2227	{'task_type': 'regular', 'locomotive': 22624, 'train_section': 24260, 'section': 22309, 'departure_time': 1536900960, 'arrival_time': 1536906480}
2228	{'task_type': 'deadhead', 'locomotive': 22624, 'first_train_section': 24260, 'first_section': 22309, 'first_departure_time': 1536900960, 'first_arrival_time': 1536906480, 'second_train_section': 24497, 'second_section': 22443, 'second_departure_time': 1536916140, 'second_arrival_time': 1536917820}
2229	{'task_type': 'regular', 'locomotive': 22624, 'train_section': 24497, 'section': 22443, 'departure_time': 1536916140, 'arrival_time': 1536917820}
2230	{'task_type': 'regular', 'locomotive': 22624, 'train_section': 25707, 'section': 22496, 'departure_time': 1536919080, 'arrival_time': 1536924060}
2231	{'task_type': 'deadhead', 'locomotive': 22624, 'first_train_section': 25707, 'first_section': 22496, 'first_departure_time': 1536919080, 'first_arrival_time': 1536924060, 'second_train_section': 30041, 'second_section': 22378, 'second_departure_time': 1536928500, 'second_arrival_time': 1536932160}
2232	{'task_type': 'regular', 'locomotive': 22624, 'train_section': 30041, 'section': 22378, 'departure_time': 1536928500, 'arrival_time': 1536932160}
2233	{'task_type': 'deadhead', 'locomotive': 22624, 'first_train_section': 30041, 'first_section': 22378, 'first_departure_time': 1536928500, 'first_arrival_time': 1536932160, 'second_train_section': 29697, 'second_section': 22413, 'second_departure_time': 1536939120, 'second_arrival_time': 1536942960}
2234	{'task_type': 'regular', 'locomotive': 22624, 'train_section': 29697, 'section': 22413, 'departure_time': 1536939120, 'arrival_time': 1536942960}
2235	{'task_type': 'deadhead', 'locomotive': 22624, 'first_train_section': 29697, 'first_section': 22413, 'first_departure_time': 1536939120, 'first_arrival_time': 1536942960, 'second_train_section': 23549, 'second_section': 22378, 'second_departure_time': 1536948300, 'second_arrival_time': 1536951960}
2236	{'task_type': 'regular', 'locomotive': 22624, 'train_section': 23549, 'section': 22378, 'departure_time': 1536948300, 'arrival_time': 1536951960}
2237	{'task_type': 'deadhead', 'locomotive': 22624, 'first_train_section': 28926, 'first_section': 22417, 'first_departure_time': 1536952020, 'first_arrival_time': 1536956880, 'second_train_section': 24325, 'second_section': 22443, 'second_departure_time': 1536960660, 'second_arrival_time': 1536962460}
2238	{'task_type': 'regular', 'locomotive': 22624, 'train_section': 24325, 'section': 22443, 'departure_time': 1536960660, 'arrival_time': 1536962460}
2239	{'task_type': 'regular', 'locomotive': 22624, 'train_section': 24327, 'section': 22495, 'departure_time': 1536963900, 'arrival_time': 1536966840}
2240	{'task_type': 'deadhead', 'locomotive': 22624, 'first_train_section': 24327, 'first_section': 22495, 'first_departure_time': 1536963900, 'first_arrival_time': 1536966840, 'second_train_section': 29133, 'second_section': 22505, 'second_departure_time': 1536973500, 'second_arrival_time': 1536978420}
2241	{'task_type': 'regular', 'locomotive': 22624, 'train_section': 29133, 'section': 22505, 'departure_time': 1536973500, 'arrival_time': 1536978420}
2242	{'task_type': 'regular', 'locomotive': 22624, 'train_section': 24566, 'section': 22304, 'departure_time': 1536981240, 'arrival_time': 1536985620}
2243	{'task_type': 'deadhead', 'locomotive': 22624, 'first_train_section': 24566, 'first_section': 22304, 'first_departure_time': 1536981240, 'first_arrival_time': 1536985620, 'second_train_section': 28304, 'second_section': 22308, 'second_departure_time': 1536993660, 'second_arrival_time': 1536996360}
2244	{'task_type': 'regular', 'locomotive': 22624, 'train_section': 28304, 'section': 22308, 'departure_time': 1536993660, 'arrival_time': 1536996360}
2245	{'task_type': 'regular', 'locomotive': 22624, 'train_section': 23895, 'section': 22496, 'departure_time': 1537005480, 'arrival_time': 1537010460}
2246	{'task_type': 'deadhead', 'locomotive': 22624, 'first_train_section': 23895, 'first_section': 22496, 'first_departure_time': 1537005480, 'first_arrival_time': 1537010460, 'second_train_section': 25719, 'second_section': 22378, 'second_departure_time': 1537031100, 'second_arrival_time': 1537034760}
2247	{'task_type': 'regular', 'locomotive': 22624, 'train_section': 25719, 'section': 22378, 'departure_time': 1537031100, 'arrival_time': 1537034760}
2248	{'task_type': 'deadhead', 'locomotive': 22624, 'first_train_section': 27702, 'first_section': 22417, 'first_departure_time': 1537038420, 'first_arrival_time': 1537043280, 'second_train_section': 23585, 'second_section': 22314, 'second_departure_time': 1537083240, 'second_arrival_time': 1537085940}
2249	{'task_type': 'regular', 'locomotive': 22624, 'train_section': 23585, 'section': 22314, 'departure_time': 1537083240, 'arrival_time': 1537085940}
2250	{'task_type': 'deadhead', 'locomotive': 22624, 'first_train_section': 23585, 'first_section': 22314, 'first_departure_time': 1537083240, 'first_arrival_time': 1537085940, 'second_train_section': 27522, 'second_section': 22394, 'second_departure_time': 1537109520, 'second_arrival_time': 1537113960}
2251	{'task_type': 'regular', 'locomotive': 22624, 'train_section': 27522, 'section': 22394, 'departure_time': 1537109520, 'arrival_time': 1537113960}
2252	{'task_type': 'deadhead', 'locomotive': 22624, 'first_train_section': 27522, 'first_section': 22394, 'first_departure_time': 1537109520, 'first_arrival_time': 1537113960, 'second_train_section': 27995, 'second_section': 22352, 'second_departure_time': 1537131720, 'second_arrival_time': 1537135199}
2253	{'task_type': 'regular', 'locomotive': 22624, 'train_section': 27995, 'section': 22352, 'departure_time': 1537131720, 'arrival_time': 1537135199}
2254	{'task_type': 'regular', 'locomotive': 22625, 'train_section': 27588, 'section': 22255, 'departure_time': 1536602700, 'arrival_time': 1536603600}
2255	{'task_type': 'regular', 'locomotive': 22625, 'train_section': 27590, 'section': 22468, 'departure_time': 1536606660, 'arrival_time': 1536610800}
2256	{'task_type': 'deadhead', 'locomotive': 22625, 'first_train_section': 27590, 'first_section': 22468, 'first_departure_time': 1536606660, 'first_arrival_time': 1536610800, 'second_train_section': 28578, 'second_section': 22450, 'second_departure_time': 1536618840, 'second_arrival_time': 1536624060}
2257	{'task_type': 'regular', 'locomotive': 22625, 'train_section': 28578, 'section': 22450, 'departure_time': 1536618840, 'arrival_time': 1536624060}
2258	{'task_type': 'deadhead', 'locomotive': 22625, 'first_train_section': 28578, 'first_section': 22450, 'first_departure_time': 1536618840, 'first_arrival_time': 1536624060, 'second_train_section': 23791, 'second_section': 22293, 'second_departure_time': 1536632280, 'second_arrival_time': 1536640740}
2259	{'task_type': 'regular', 'locomotive': 22625, 'train_section': 23791, 'section': 22293, 'departure_time': 1536632280, 'arrival_time': 1536640740}
2260	{'task_type': 'deadhead', 'locomotive': 22625, 'first_train_section': 23791, 'first_section': 22293, 'first_departure_time': 1536632280, 'first_arrival_time': 1536640740, 'second_train_section': 25411, 'second_section': 22447, 'second_departure_time': 1536648780, 'second_arrival_time': 1536651840}
2261	{'task_type': 'regular', 'locomotive': 22625, 'train_section': 25411, 'section': 22447, 'departure_time': 1536648780, 'arrival_time': 1536651840}
2262	{'task_type': 'regular', 'locomotive': 22625, 'train_section': 29366, 'section': 22256, 'departure_time': 1536657480, 'arrival_time': 1536660180}
2263	{'task_type': 'deadhead', 'locomotive': 22625, 'first_train_section': 29366, 'first_section': 22256, 'first_departure_time': 1536657480, 'first_arrival_time': 1536660180, 'second_train_section': 29478, 'second_section': 22341, 'second_departure_time': 1536670620, 'second_arrival_time': 1536674520}
2264	{'task_type': 'regular', 'locomotive': 22625, 'train_section': 29478, 'section': 22341, 'departure_time': 1536670620, 'arrival_time': 1536674520}
2265	{'task_type': 'regular', 'locomotive': 22625, 'train_section': 29480, 'section': 22264, 'departure_time': 1536676140, 'arrival_time': 1536676560}
2266	{'task_type': 'deadhead', 'locomotive': 22625, 'first_train_section': 29480, 'first_section': 22264, 'first_departure_time': 1536676140, 'first_arrival_time': 1536676560, 'second_train_section': 27527, 'second_section': 22264, 'second_departure_time': 1536681180, 'second_arrival_time': 1536681600}
2267	{'task_type': 'regular', 'locomotive': 22625, 'train_section': 27527, 'section': 22264, 'departure_time': 1536681180, 'arrival_time': 1536681600}
2268	{'task_type': 'deadhead', 'locomotive': 22625, 'first_train_section': 27527, 'first_section': 22264, 'first_departure_time': 1536681180, 'first_arrival_time': 1536681600, 'second_train_section': 27318, 'second_section': 22483, 'second_departure_time': 1536686040, 'second_arrival_time': 1536689160}
2269	{'task_type': 'regular', 'locomotive': 22625, 'train_section': 27318, 'section': 22483, 'departure_time': 1536686040, 'arrival_time': 1536689160}
2270	{'task_type': 'deadhead', 'locomotive': 22625, 'first_train_section': 27318, 'first_section': 22483, 'first_departure_time': 1536686040, 'first_arrival_time': 1536689160, 'second_train_section': 26807, 'second_section': 22479, 'second_departure_time': 1536695460, 'second_arrival_time': 1536697320}
2271	{'task_type': 'regular', 'locomotive': 22625, 'train_section': 26807, 'section': 22479, 'departure_time': 1536695460, 'arrival_time': 1536697320}
2272	{'task_type': 'regular', 'locomotive': 22625, 'train_section': 25850, 'section': 22259, 'departure_time': 1536700500, 'arrival_time': 1536700920}
2273	{'task_type': 'deadhead', 'locomotive': 22625, 'first_train_section': 25850, 'first_section': 22259, 'first_departure_time': 1536700500, 'first_arrival_time': 1536700920, 'second_train_section': 27364, 'second_section': 22478, 'second_departure_time': 1536704460, 'second_arrival_time': 1536706980}
2274	{'task_type': 'regular', 'locomotive': 22625, 'train_section': 27364, 'section': 22478, 'departure_time': 1536704460, 'arrival_time': 1536706980}
2275	{'task_type': 'regular', 'locomotive': 22625, 'train_section': 24602, 'section': 22247, 'departure_time': 1536708660, 'arrival_time': 1536717540}
2276	{'task_type': 'deadhead', 'locomotive': 22625, 'first_train_section': 24602, 'first_section': 22247, 'first_departure_time': 1536708660, 'first_arrival_time': 1536717540, 'second_train_section': 29985, 'second_section': 22403, 'second_departure_time': 1536723660, 'second_arrival_time': 1536726060}
2277	{'task_type': 'regular', 'locomotive': 22625, 'train_section': 29985, 'section': 22403, 'departure_time': 1536723660, 'arrival_time': 1536726060}
2278	{'task_type': 'deadhead', 'locomotive': 22625, 'first_train_section': 29985, 'first_section': 22403, 'first_departure_time': 1536723660, 'first_arrival_time': 1536726060, 'second_train_section': 24683, 'second_section': 22404, 'second_departure_time': 1536734820, 'second_arrival_time': 1536744720}
2279	{'task_type': 'regular', 'locomotive': 22625, 'train_section': 24683, 'section': 22404, 'departure_time': 1536734820, 'arrival_time': 1536744720}
2280	{'task_type': 'deadhead', 'locomotive': 22625, 'first_train_section': 24683, 'first_section': 22404, 'first_departure_time': 1536734820, 'first_arrival_time': 1536744720, 'second_train_section': 22708, 'second_section': 22369, 'second_departure_time': 1536753660, 'second_arrival_time': 1536757380}
2281	{'task_type': 'regular', 'locomotive': 22625, 'train_section': 22708, 'section': 22369, 'departure_time': 1536753660, 'arrival_time': 1536757380}
2282	{'task_type': 'regular', 'locomotive': 22625, 'train_section': 22710, 'section': 22344, 'departure_time': 1536759180, 'arrival_time': 1536760200}
2283	{'task_type': 'regular', 'locomotive': 22625, 'train_section': 25791, 'section': 22363, 'departure_time': 1536763380, 'arrival_time': 1536769440}
2284	{'task_type': 'regular', 'locomotive': 22625, 'train_section': 29746, 'section': 22284, 'departure_time': 1536771120, 'arrival_time': 1536774780}
2285	{'task_type': 'deadhead', 'locomotive': 22625, 'first_train_section': 29030, 'first_section': 22464, 'first_departure_time': 1536774780, 'first_arrival_time': 1536789540, 'second_train_section': 26613, 'second_section': 22292, 'second_departure_time': 1536800100, 'second_arrival_time': 1536802380}
2286	{'task_type': 'regular', 'locomotive': 22625, 'train_section': 26613, 'section': 22292, 'departure_time': 1536800100, 'arrival_time': 1536802380}
2287	{'task_type': 'deadhead', 'locomotive': 22625, 'first_train_section': 26613, 'first_section': 22292, 'first_departure_time': 1536800100, 'first_arrival_time': 1536802380, 'second_train_section': 26096, 'second_section': 22446, 'second_departure_time': 1536810240, 'second_arrival_time': 1536811380}
2288	{'task_type': 'regular', 'locomotive': 22625, 'train_section': 26096, 'section': 22446, 'departure_time': 1536810240, 'arrival_time': 1536811380}
2289	{'task_type': 'deadhead', 'locomotive': 22625, 'first_train_section': 26096, 'first_section': 22446, 'first_departure_time': 1536810240, 'first_arrival_time': 1536811380, 'second_train_section': 29282, 'second_section': 22388, 'second_departure_time': 1536817080, 'second_arrival_time': 1536819180}
2290	{'task_type': 'regular', 'locomotive': 22625, 'train_section': 29282, 'section': 22388, 'departure_time': 1536817080, 'arrival_time': 1536819180}
2291	{'task_type': 'deadhead', 'locomotive': 22625, 'first_train_section': 29282, 'first_section': 22388, 'first_departure_time': 1536817080, 'first_arrival_time': 1536819180, 'second_train_section': 23513, 'second_section': 22387, 'second_departure_time': 1536821520, 'second_arrival_time': 1536823320}
2292	{'task_type': 'regular', 'locomotive': 22625, 'train_section': 23513, 'section': 22387, 'departure_time': 1536821520, 'arrival_time': 1536823320}
2293	{'task_type': 'deadhead', 'locomotive': 22625, 'first_train_section': 23513, 'first_section': 22387, 'first_departure_time': 1536821520, 'first_arrival_time': 1536823320, 'second_train_section': 27358, 'second_section': 22438, 'second_departure_time': 1536832320, 'second_arrival_time': 1536843060}
2294	{'task_type': 'regular', 'locomotive': 22625, 'train_section': 27358, 'section': 22438, 'departure_time': 1536832320, 'arrival_time': 1536843060}
2295	{'task_type': 'deadhead', 'locomotive': 22625, 'first_train_section': 27358, 'first_section': 22438, 'first_departure_time': 1536832320, 'first_arrival_time': 1536843060, 'second_train_section': 26293, 'second_section': 22472, 'second_departure_time': 1536851580, 'second_arrival_time': 1536856740}
2296	{'task_type': 'regular', 'locomotive': 22625, 'train_section': 26293, 'section': 22472, 'departure_time': 1536851580, 'arrival_time': 1536856740}
2297	{'task_type': 'deadhead', 'locomotive': 22625, 'first_train_section': 26744, 'first_section': 22237, 'first_departure_time': 1536863580, 'first_arrival_time': 1536875940, 'second_train_section': 25433, 'second_section': 22483, 'second_departure_time': 1536886320, 'second_arrival_time': 1536889380}
2298	{'task_type': 'regular', 'locomotive': 22625, 'train_section': 25433, 'section': 22483, 'departure_time': 1536886320, 'arrival_time': 1536889380}
2299	{'task_type': 'deadhead', 'locomotive': 22625, 'first_train_section': 25433, 'first_section': 22483, 'first_departure_time': 1536886320, 'first_arrival_time': 1536889380, 'second_train_section': 25382, 'second_section': 22477, 'second_departure_time': 1536898800, 'second_arrival_time': 1536901200}
2300	{'task_type': 'regular', 'locomotive': 22625, 'train_section': 25382, 'section': 22477, 'departure_time': 1536898800, 'arrival_time': 1536901200}
2301	{'task_type': 'deadhead', 'locomotive': 22625, 'first_train_section': 25382, 'first_section': 22477, 'first_departure_time': 1536898800, 'first_arrival_time': 1536901200, 'second_train_section': 29378, 'second_section': 22312, 'second_departure_time': 1536906600, 'second_arrival_time': 1536907680}
2302	{'task_type': 'regular', 'locomotive': 22625, 'train_section': 29378, 'section': 22312, 'departure_time': 1536906600, 'arrival_time': 1536907680}
2303	{'task_type': 'deadhead', 'locomotive': 22625, 'first_train_section': 29378, 'first_section': 22312, 'first_departure_time': 1536906600, 'first_arrival_time': 1536907680, 'second_train_section': 26798, 'second_section': 22309, 'second_departure_time': 1536914760, 'second_arrival_time': 1536919320}
2304	{'task_type': 'regular', 'locomotive': 22625, 'train_section': 26798, 'section': 22309, 'departure_time': 1536914760, 'arrival_time': 1536919320}
2305	{'task_type': 'deadhead', 'locomotive': 22625, 'first_train_section': 26798, 'first_section': 22309, 'first_departure_time': 1536914760, 'first_arrival_time': 1536919320, 'second_train_section': 28704, 'second_section': 22267, 'second_departure_time': 1536923940, 'second_arrival_time': 1536931320}
2306	{'task_type': 'regular', 'locomotive': 22625, 'train_section': 28704, 'section': 22267, 'departure_time': 1536923940, 'arrival_time': 1536931320}
2307	{'task_type': 'deadhead', 'locomotive': 22625, 'first_train_section': 28704, 'first_section': 22267, 'first_departure_time': 1536923940, 'first_arrival_time': 1536931320, 'second_train_section': 29256, 'second_section': 22459, 'second_departure_time': 1536934680, 'second_arrival_time': 1536938160}
2308	{'task_type': 'regular', 'locomotive': 22625, 'train_section': 29256, 'section': 22459, 'departure_time': 1536934680, 'arrival_time': 1536938160}
2309	{'task_type': 'regular', 'locomotive': 22625, 'train_section': 24103, 'section': 22513, 'departure_time': 1536939480, 'arrival_time': 1536941100}
2310	{'task_type': 'deadhead', 'locomotive': 22625, 'first_train_section': 24103, 'first_section': 22513, 'first_departure_time': 1536939480, 'first_arrival_time': 1536941100, 'second_train_section': 29664, 'second_section': 22433, 'second_departure_time': 1536944160, 'second_arrival_time': 1536944640}
2311	{'task_type': 'regular', 'locomotive': 22625, 'train_section': 29664, 'section': 22433, 'departure_time': 1536944160, 'arrival_time': 1536944640}
2312	{'task_type': 'deadhead', 'locomotive': 22625, 'first_train_section': 29664, 'first_section': 22433, 'first_departure_time': 1536944160, 'first_arrival_time': 1536944640, 'second_train_section': 24928, 'second_section': 22431, 'second_departure_time': 1536948180, 'second_arrival_time': 1536952140}
2313	{'task_type': 'regular', 'locomotive': 22625, 'train_section': 24928, 'section': 22431, 'departure_time': 1536948180, 'arrival_time': 1536952140}
2314	{'task_type': 'regular', 'locomotive': 22625, 'train_section': 23097, 'section': 22496, 'departure_time': 1536953340, 'arrival_time': 1536957660}
2315	{'task_type': 'deadhead', 'locomotive': 22625, 'first_train_section': 23097, 'first_section': 22496, 'first_departure_time': 1536953340, 'first_arrival_time': 1536957660, 'second_train_section': 23259, 'second_section': 22427, 'second_departure_time': 1536961740, 'second_arrival_time': 1536964680}
2316	{'task_type': 'regular', 'locomotive': 22625, 'train_section': 23259, 'section': 22427, 'departure_time': 1536961740, 'arrival_time': 1536964680}
2317	{'task_type': 'regular', 'locomotive': 22625, 'train_section': 23261, 'section': 22443, 'departure_time': 1536965700, 'arrival_time': 1536967380}
2318	{'task_type': 'deadhead', 'locomotive': 22625, 'first_train_section': 23261, 'first_section': 22443, 'first_departure_time': 1536965700, 'first_arrival_time': 1536967380, 'second_train_section': 24562, 'second_section': 22443, 'second_departure_time': 1536974700, 'second_arrival_time': 1536976380}
2319	{'task_type': 'regular', 'locomotive': 22625, 'train_section': 24562, 'section': 22443, 'departure_time': 1536974700, 'arrival_time': 1536976380}
2320	{'task_type': 'regular', 'locomotive': 22625, 'train_section': 24564, 'section': 22495, 'departure_time': 1536977280, 'arrival_time': 1536980220}
2321	{'task_type': 'deadhead', 'locomotive': 22625, 'first_train_section': 24564, 'first_section': 22495, 'first_departure_time': 1536977280, 'first_arrival_time': 1536980220, 'second_train_section': 26164, 'second_section': 22495, 'second_departure_time': 1536982860, 'second_arrival_time': 1536985860}
2322	{'task_type': 'regular', 'locomotive': 22625, 'train_section': 26164, 'section': 22495, 'departure_time': 1536982860, 'arrival_time': 1536985860}
2323	{'task_type': 'regular', 'locomotive': 22625, 'train_section': 26167, 'section': 22309, 'departure_time': 1536987360, 'arrival_time': 1536992880}
2324	{'task_type': 'deadhead', 'locomotive': 22625, 'first_train_section': 26167, 'first_section': 22309, 'first_departure_time': 1536987360, 'first_arrival_time': 1536992880, 'second_train_section': 25813, 'second_section': 22495, 'second_departure_time': 1537005000, 'second_arrival_time': 1537007820}
2325	{'task_type': 'regular', 'locomotive': 22625, 'train_section': 25813, 'section': 22495, 'departure_time': 1537005000, 'arrival_time': 1537007820}
2326	{'task_type': 'regular', 'locomotive': 22625, 'train_section': 24841, 'section': 22304, 'departure_time': 1537022640, 'arrival_time': 1537027200}
2327	{'task_type': 'deadhead', 'locomotive': 22625, 'first_train_section': 27530, 'first_section': 22502, 'first_departure_time': 1537038300, 'first_arrival_time': 1537048740, 'second_train_section': 29749, 'second_section': 22348, 'second_departure_time': 1537067580, 'second_arrival_time': 1537071120}
2328	{'task_type': 'regular', 'locomotive': 22625, 'train_section': 29749, 'section': 22348, 'departure_time': 1537067580, 'arrival_time': 1537071120}
2329	{'task_type': 'deadhead', 'locomotive': 22625, 'first_train_section': 29749, 'first_section': 22348, 'first_departure_time': 1537067580, 'first_arrival_time': 1537071120, 'second_train_section': 25034, 'second_section': 22279, 'second_departure_time': 1537095000, 'second_arrival_time': 1537100580}
2330	{'task_type': 'regular', 'locomotive': 22625, 'train_section': 25034, 'section': 22279, 'departure_time': 1537095000, 'arrival_time': 1537100580}
2331	{'task_type': 'deadhead', 'locomotive': 22625, 'first_train_section': 25034, 'first_section': 22279, 'first_departure_time': 1537095000, 'first_arrival_time': 1537100580, 'second_train_section': 29369, 'second_section': 22295, 'second_departure_time': 1537119180, 'second_arrival_time': 1537120620}
2332	{'task_type': 'regular', 'locomotive': 22625, 'train_section': 29369, 'section': 22295, 'departure_time': 1537119180, 'arrival_time': 1537120620}
2333	{'task_type': 'regular', 'locomotive': 22626, 'train_section': 27505, 'section': 22495, 'departure_time': 1536736380, 'arrival_time': 1536739320}
2334	{'task_type': 'deadhead', 'locomotive': 22626, 'first_train_section': 27505, 'first_section': 22495, 'first_departure_time': 1536736380, 'first_arrival_time': 1536739320, 'second_train_section': 26706, 'second_section': 22350, 'second_departure_time': 1536749340, 'second_arrival_time': 1536753000}
2335	{'task_type': 'regular', 'locomotive': 22626, 'train_section': 26706, 'section': 22350, 'departure_time': 1536749340, 'arrival_time': 1536753000}
2336	{'task_type': 'regular', 'locomotive': 22626, 'train_section': 25596, 'section': 22485, 'departure_time': 1536757140, 'arrival_time': 1536765780}
2337	{'task_type': 'deadhead', 'locomotive': 22626, 'first_train_section': 25596, 'first_section': 22485, 'first_departure_time': 1536757140, 'first_arrival_time': 1536765780, 'second_train_section': 25385, 'second_section': 22259, 'second_departure_time': 1536773040, 'second_arrival_time': 1536773340}
2338	{'task_type': 'regular', 'locomotive': 22626, 'train_section': 25385, 'section': 22259, 'departure_time': 1536773040, 'arrival_time': 1536773340}
2339	{'task_type': 'deadhead', 'locomotive': 22626, 'first_train_section': 25072, 'first_section': 22502, 'first_departure_time': 1536779100, 'first_arrival_time': 1536789540, 'second_train_section': 26449, 'second_section': 22423, 'second_departure_time': 1536799380, 'second_arrival_time': 1536810480}
2340	{'task_type': 'regular', 'locomotive': 22626, 'train_section': 26449, 'section': 22423, 'departure_time': 1536799380, 'arrival_time': 1536810480}
2341	{'task_type': 'regular', 'locomotive': 22626, 'train_section': 27784, 'section': 22339, 'departure_time': 1536812040, 'arrival_time': 1536813600}
2342	{'task_type': 'regular', 'locomotive': 22626, 'train_section': 27653, 'section': 22497, 'departure_time': 1536818160, 'arrival_time': 1536819540}
2343	{'task_type': 'deadhead', 'locomotive': 22626, 'first_train_section': 27653, 'first_section': 22497, 'first_departure_time': 1536818160, 'first_arrival_time': 1536819540, 'second_train_section': 28488, 'second_section': 22495, 'second_departure_time': 1536836040, 'second_arrival_time': 1536839040}
2344	{'task_type': 'regular', 'locomotive': 22626, 'train_section': 28488, 'section': 22495, 'departure_time': 1536836040, 'arrival_time': 1536839040}
2345	{'task_type': 'deadhead', 'locomotive': 22626, 'first_train_section': 28488, 'first_section': 22495, 'first_departure_time': 1536836040, 'first_arrival_time': 1536839040, 'second_train_section': 23183, 'second_section': 22245, 'second_departure_time': 1536845460, 'second_arrival_time': 1536850620}
2346	{'task_type': 'regular', 'locomotive': 22626, 'train_section': 23183, 'section': 22245, 'departure_time': 1536845460, 'arrival_time': 1536850620}
2347	{'task_type': 'deadhead', 'locomotive': 22626, 'first_train_section': 23183, 'first_section': 22245, 'first_departure_time': 1536845460, 'first_arrival_time': 1536850620, 'second_train_section': 28210, 'second_section': 22480, 'second_departure_time': 1536854100, 'second_arrival_time': 1536856260}
2348	{'task_type': 'regular', 'locomotive': 22626, 'train_section': 28210, 'section': 22480, 'departure_time': 1536854100, 'arrival_time': 1536856260}
2349	{'task_type': 'deadhead', 'locomotive': 22626, 'first_train_section': 28932, 'first_section': 22302, 'first_departure_time': 1536876060, 'first_arrival_time': 1536893040, 'second_train_section': 24777, 'second_section': 22496, 'second_departure_time': 1536897000, 'second_arrival_time': 1536903180}
2350	{'task_type': 'regular', 'locomotive': 22626, 'train_section': 24777, 'section': 22496, 'departure_time': 1536897000, 'arrival_time': 1536903180}
2351	{'task_type': 'deadhead', 'locomotive': 22626, 'first_train_section': 24777, 'first_section': 22496, 'first_departure_time': 1536897000, 'first_arrival_time': 1536903180, 'second_train_section': 27491, 'second_section': 22431, 'second_departure_time': 1536904980, 'second_arrival_time': 1536909660}
2352	{'task_type': 'regular', 'locomotive': 22626, 'train_section': 27491, 'section': 22431, 'departure_time': 1536904980, 'arrival_time': 1536909660}
2353	{'task_type': 'deadhead', 'locomotive': 22626, 'first_train_section': 27491, 'first_section': 22431, 'first_departure_time': 1536904980, 'first_arrival_time': 1536909660, 'second_train_section': 27153, 'second_section': 22416, 'second_departure_time': 1536917040, 'second_arrival_time': 1536920700}
2354	{'task_type': 'regular', 'locomotive': 22626, 'train_section': 27153, 'section': 22416, 'departure_time': 1536917040, 'arrival_time': 1536920700}
2355	{'task_type': 'deadhead', 'locomotive': 22626, 'first_train_section': 27153, 'first_section': 22416, 'first_departure_time': 1536917040, 'first_arrival_time': 1536920700, 'second_train_section': 25647, 'second_section': 22294, 'second_departure_time': 1536931380, 'second_arrival_time': 1536933540}
2356	{'task_type': 'regular', 'locomotive': 22626, 'train_section': 25647, 'section': 22294, 'departure_time': 1536931380, 'arrival_time': 1536933540}
2357	{'task_type': 'deadhead', 'locomotive': 22626, 'first_train_section': 25647, 'first_section': 22294, 'first_departure_time': 1536931380, 'first_arrival_time': 1536933540, 'second_train_section': 27047, 'second_section': 22297, 'second_departure_time': 1536939000, 'second_arrival_time': 1536940020}
2358	{'task_type': 'regular', 'locomotive': 22626, 'train_section': 27047, 'section': 22297, 'departure_time': 1536939000, 'arrival_time': 1536940020}
2359	{'task_type': 'deadhead', 'locomotive': 22626, 'first_train_section': 27047, 'first_section': 22297, 'first_departure_time': 1536939000, 'first_arrival_time': 1536940020, 'second_train_section': 25539, 'second_section': 22288, 'second_departure_time': 1536944160, 'second_arrival_time': 1536953040}
2360	{'task_type': 'regular', 'locomotive': 22626, 'train_section': 25539, 'section': 22288, 'departure_time': 1536944160, 'arrival_time': 1536953040}
2361	{'task_type': 'deadhead', 'locomotive': 22626, 'first_train_section': 27666, 'first_section': 22470, 'first_departure_time': 1536962400, 'first_arrival_time': 1536979200, 'second_train_section': 26336, 'second_section': 22342, 'second_departure_time': 1536988860, 'second_arrival_time': 1536994980}
2362	{'task_type': 'regular', 'locomotive': 22626, 'train_section': 26336, 'section': 22342, 'departure_time': 1536988860, 'arrival_time': 1536994980}
2363	{'task_type': 'deadhead', 'locomotive': 22626, 'first_train_section': 26336, 'first_section': 22342, 'first_departure_time': 1536988860, 'first_arrival_time': 1536994980, 'second_train_section': 24524, 'second_section': 22256, 'second_departure_time': 1537003080, 'second_arrival_time': 1537005780}
2364	{'task_type': 'regular', 'locomotive': 22626, 'train_section': 24524, 'section': 22256, 'departure_time': 1537003080, 'arrival_time': 1537005780}
2365	{'task_type': 'regular', 'locomotive': 22627, 'train_section': 28882, 'section': 22320, 'departure_time': 1536634680, 'arrival_time': 1536641100}
2366	{'task_type': 'deadhead', 'locomotive': 22627, 'first_train_section': 28882, 'first_section': 22320, 'first_departure_time': 1536634680, 'first_arrival_time': 1536641100, 'second_train_section': 27914, 'second_section': 22494, 'second_departure_time': 1536644700, 'second_arrival_time': 1536646920}
2367	{'task_type': 'regular', 'locomotive': 22627, 'train_section': 27914, 'section': 22494, 'departure_time': 1536644700, 'arrival_time': 1536646920}
2368	{'task_type': 'deadhead', 'locomotive': 22627, 'first_train_section': 27914, 'first_section': 22494, 'first_departure_time': 1536644700, 'first_arrival_time': 1536646920, 'second_train_section': 26136, 'second_section': 22288, 'second_departure_time': 1536655320, 'second_arrival_time': 1536661680}
2369	{'task_type': 'regular', 'locomotive': 22627, 'train_section': 26136, 'section': 22288, 'departure_time': 1536655320, 'arrival_time': 1536661680}
2370	{'task_type': 'deadhead', 'locomotive': 22627, 'first_train_section': 26136, 'first_section': 22288, 'first_departure_time': 1536655320, 'first_arrival_time': 1536661680, 'second_train_section': 27243, 'second_section': 22447, 'second_departure_time': 1536673200, 'second_arrival_time': 1536676080}
2371	{'task_type': 'regular', 'locomotive': 22627, 'train_section': 27243, 'section': 22447, 'departure_time': 1536673200, 'arrival_time': 1536676080}
2372	{'task_type': 'deadhead', 'locomotive': 22627, 'first_train_section': 27243, 'first_section': 22447, 'first_departure_time': 1536673200, 'first_arrival_time': 1536676080, 'second_train_section': 29905, 'second_section': 22387, 'second_departure_time': 1536680280, 'second_arrival_time': 1536681720}
2373	{'task_type': 'regular', 'locomotive': 22627, 'train_section': 29905, 'section': 22387, 'departure_time': 1536680280, 'arrival_time': 1536681720}
2374	{'task_type': 'deadhead', 'locomotive': 22627, 'first_train_section': 29905, 'first_section': 22387, 'first_departure_time': 1536680280, 'first_arrival_time': 1536681720, 'second_train_section': 26671, 'second_section': 22452, 'second_departure_time': 1536689760, 'second_arrival_time': 1536691560}
2375	{'task_type': 'regular', 'locomotive': 22627, 'train_section': 26671, 'section': 22452, 'departure_time': 1536689760, 'arrival_time': 1536691560}
2376	{'task_type': 'regular', 'locomotive': 22627, 'train_section': 29006, 'section': 22468, 'departure_time': 1536693060, 'arrival_time': 1536697200}
2377	{'task_type': 'deadhead', 'locomotive': 22627, 'first_train_section': 29006, 'first_section': 22468, 'first_departure_time': 1536693060, 'first_arrival_time': 1536697200, 'second_train_section': 25743, 'second_section': 22450, 'second_departure_time': 1536705240, 'second_arrival_time': 1536710460}
2378	{'task_type': 'regular', 'locomotive': 22627, 'train_section': 25743, 'section': 22450, 'departure_time': 1536705240, 'arrival_time': 1536710460}
2379	{'task_type': 'deadhead', 'locomotive': 22627, 'first_train_section': 25743, 'first_section': 22450, 'first_departure_time': 1536705240, 'first_arrival_time': 1536710460, 'second_train_section': 22781, 'second_section': 22287, 'second_departure_time': 1536721560, 'second_arrival_time': 1536723000}
2380	{'task_type': 'regular', 'locomotive': 22627, 'train_section': 22781, 'section': 22287, 'departure_time': 1536721560, 'arrival_time': 1536723000}
2381	{'task_type': 'deadhead', 'locomotive': 22627, 'first_train_section': 22781, 'first_section': 22287, 'first_departure_time': 1536721560, 'first_arrival_time': 1536723000, 'second_train_section': 23848, 'second_section': 22492, 'second_departure_time': 1536733440, 'second_arrival_time': 1536742680}
2382	{'task_type': 'regular', 'locomotive': 22627, 'train_section': 23848, 'section': 22492, 'departure_time': 1536733440, 'arrival_time': 1536742680}
2383	{'task_type': 'deadhead', 'locomotive': 22627, 'first_train_section': 23848, 'first_section': 22492, 'first_departure_time': 1536733440, 'first_arrival_time': 1536742680, 'second_train_section': 28184, 'second_section': 22293, 'second_departure_time': 1536746640, 'second_arrival_time': 1536752100}
2384	{'task_type': 'regular', 'locomotive': 22627, 'train_section': 28184, 'section': 22293, 'departure_time': 1536746640, 'arrival_time': 1536752100}
2385	{'task_type': 'regular', 'locomotive': 22627, 'train_section': 28495, 'section': 22389, 'departure_time': 1536759000, 'arrival_time': 1536765720}
2386	{'task_type': 'deadhead', 'locomotive': 22627, 'first_train_section': 28495, 'first_section': 22389, 'first_departure_time': 1536759000, 'first_arrival_time': 1536765720, 'second_train_section': 24442, 'second_section': 22254, 'second_departure_time': 1536770880, 'second_arrival_time': 1536771540}
2387	{'task_type': 'regular', 'locomotive': 22627, 'train_section': 24442, 'section': 22254, 'departure_time': 1536770880, 'arrival_time': 1536771540}
2388	{'task_type': 'deadhead', 'locomotive': 22627, 'first_train_section': 22960, 'first_section': 22377, 'first_departure_time': 1536782100, 'first_arrival_time': 1536789540, 'second_train_section': 26971, 'second_section': 22427, 'second_departure_time': 1536798000, 'second_arrival_time': 1536800940}
2389	{'task_type': 'regular', 'locomotive': 22627, 'train_section': 26971, 'section': 22427, 'departure_time': 1536798000, 'arrival_time': 1536800940}
2390	{'task_type': 'regular', 'locomotive': 22627, 'train_section': 26973, 'section': 22443, 'departure_time': 1536801900, 'arrival_time': 1536803580}
2391	{'task_type': 'regular', 'locomotive': 22627, 'train_section': 29357, 'section': 22496, 'departure_time': 1536804300, 'arrival_time': 1536809100}
2392	{'task_type': 'deadhead', 'locomotive': 22627, 'first_train_section': 29357, 'first_section': 22496, 'first_departure_time': 1536804300, 'first_arrival_time': 1536809100, 'second_train_section': 29611, 'second_section': 22378, 'second_departure_time': 1536815100, 'second_arrival_time': 1536818760}
2393	{'task_type': 'regular', 'locomotive': 22627, 'train_section': 29611, 'section': 22378, 'departure_time': 1536815100, 'arrival_time': 1536818760}
2394	{'task_type': 'deadhead', 'locomotive': 22627, 'first_train_section': 29611, 'first_section': 22378, 'first_departure_time': 1536815100, 'first_arrival_time': 1536818760, 'second_train_section': 29874, 'second_section': 22424, 'second_departure_time': 1536839280, 'second_arrival_time': 1536844140}
2395	{'task_type': 'regular', 'locomotive': 22627, 'train_section': 29874, 'section': 22424, 'departure_time': 1536839280, 'arrival_time': 1536844140}
2396	{'task_type': 'deadhead', 'locomotive': 22627, 'first_train_section': 29874, 'first_section': 22424, 'first_departure_time': 1536839280, 'first_arrival_time': 1536844140, 'second_train_section': 28775, 'second_section': 22378, 'second_departure_time': 1536849300, 'second_arrival_time': 1536852960}
2397	{'task_type': 'regular', 'locomotive': 22627, 'train_section': 28775, 'section': 22378, 'departure_time': 1536849300, 'arrival_time': 1536852960}
2398	{'task_type': 'deadhead', 'locomotive': 22627, 'first_train_section': 28775, 'first_section': 22378, 'first_departure_time': 1536849300, 'first_arrival_time': 1536852960, 'second_train_section': 29383, 'second_section': 22433, 'second_departure_time': 1536857760, 'second_arrival_time': 1536858240}
2399	{'task_type': 'regular', 'locomotive': 22627, 'train_section': 29383, 'section': 22433, 'departure_time': 1536857760, 'arrival_time': 1536858240}
2400	{'task_type': 'deadhead', 'locomotive': 22627, 'first_train_section': 29383, 'first_section': 22433, 'first_departure_time': 1536857760, 'first_arrival_time': 1536858240, 'second_train_section': 23732, 'second_section': 22416, 'second_departure_time': 1536861240, 'second_arrival_time': 1536864900}
2401	{'task_type': 'regular', 'locomotive': 22627, 'train_section': 23732, 'section': 22416, 'departure_time': 1536861240, 'arrival_time': 1536864900}
2402	{'task_type': 'regular', 'locomotive': 22627, 'train_section': 23685, 'section': 22378, 'departure_time': 1536865500, 'arrival_time': 1536869160}
2403	{'task_type': 'regular', 'locomotive': 22627, 'train_section': 24439, 'section': 22416, 'departure_time': 1536895440, 'arrival_time': 1536899100}
2404	{'task_type': 'regular', 'locomotive': 22627, 'train_section': 23126, 'section': 22378, 'departure_time': 1536899700, 'arrival_time': 1536903360}
2405	{'task_type': 'deadhead', 'locomotive': 22627, 'first_train_section': 23126, 'first_section': 22378, 'first_departure_time': 1536899700, 'first_arrival_time': 1536903360, 'second_train_section': 26794, 'second_section': 22431, 'second_departure_time': 1536905400, 'second_arrival_time': 1536910020}
2406	{'task_type': 'regular', 'locomotive': 22627, 'train_section': 26794, 'section': 22431, 'departure_time': 1536905400, 'arrival_time': 1536910020}
2407	{'task_type': 'deadhead', 'locomotive': 22627, 'first_train_section': 26794, 'first_section': 22431, 'first_departure_time': 1536905400, 'first_arrival_time': 1536910020, 'second_train_section': 22823, 'second_section': 22247, 'second_departure_time': 1536919200, 'second_arrival_time': 1536928620}
2408	{'task_type': 'regular', 'locomotive': 22627, 'train_section': 22823, 'section': 22247, 'departure_time': 1536919200, 'arrival_time': 1536928620}
2409	{'task_type': 'deadhead', 'locomotive': 22627, 'first_train_section': 22823, 'first_section': 22247, 'first_departure_time': 1536919200, 'first_arrival_time': 1536928620, 'second_train_section': 26686, 'second_section': 22400, 'second_departure_time': 1536929400, 'second_arrival_time': 1536932820}
2410	{'task_type': 'regular', 'locomotive': 22627, 'train_section': 26686, 'section': 22400, 'departure_time': 1536929400, 'arrival_time': 1536932820}
2411	{'task_type': 'regular', 'locomotive': 22627, 'train_section': 26227, 'section': 22383, 'departure_time': 1536934320, 'arrival_time': 1536937740}
2412	{'task_type': 'deadhead', 'locomotive': 22627, 'first_train_section': 26227, 'first_section': 22383, 'first_departure_time': 1536934320, 'first_arrival_time': 1536937740, 'second_train_section': 29153, 'second_section': 22404, 'second_departure_time': 1536950280, 'second_arrival_time': 1536959100}
2413	{'task_type': 'regular', 'locomotive': 22627, 'train_section': 29153, 'section': 22404, 'departure_time': 1536950280, 'arrival_time': 1536959100}
2414	{'task_type': 'regular', 'locomotive': 22627, 'train_section': 29155, 'section': 22246, 'departure_time': 1536959520, 'arrival_time': 1536960780}
2415	{'task_type': 'deadhead', 'locomotive': 22627, 'first_train_section': 29155, 'first_section': 22246, 'first_departure_time': 1536959520, 'first_arrival_time': 1536960780, 'second_train_section': 22702, 'second_section': 22247, 'second_departure_time': 1536965940, 'second_arrival_time': 1536974760}
2416	{'task_type': 'regular', 'locomotive': 22627, 'train_section': 22702, 'section': 22247, 'departure_time': 1536965940, 'arrival_time': 1536974760}
2417	{'task_type': 'deadhead', 'locomotive': 22627, 'first_train_section': 22702, 'first_section': 22247, 'first_departure_time': 1536965940, 'first_arrival_time': 1536974760, 'second_train_section': 27394, 'second_section': 22321, 'second_departure_time': 1536985500, 'second_arrival_time': 1536990120}
2418	{'task_type': 'regular', 'locomotive': 22627, 'train_section': 27394, 'section': 22321, 'departure_time': 1536985500, 'arrival_time': 1536990120}
2419	{'task_type': 'deadhead', 'locomotive': 22627, 'first_train_section': 27394, 'first_section': 22321, 'first_departure_time': 1536985500, 'first_arrival_time': 1536990120, 'second_train_section': 23040, 'second_section': 22320, 'second_departure_time': 1537002300, 'second_arrival_time': 1537008660}
2420	{'task_type': 'regular', 'locomotive': 22627, 'train_section': 23040, 'section': 22320, 'departure_time': 1537002300, 'arrival_time': 1537008660}
2421	{'task_type': 'regular', 'locomotive': 22629, 'train_section': 23330, 'section': 22324, 'departure_time': 1536615960, 'arrival_time': 1536621300}
2422	{'task_type': 'deadhead', 'locomotive': 22629, 'first_train_section': 23330, 'first_section': 22324, 'first_departure_time': 1536615960, 'first_arrival_time': 1536621300, 'second_train_section': 27199, 'second_section': 22287, 'second_departure_time': 1536635160, 'second_arrival_time': 1536636600}
2423	{'task_type': 'regular', 'locomotive': 22629, 'train_section': 27199, 'section': 22287, 'departure_time': 1536635160, 'arrival_time': 1536636600}
2424	{'task_type': 'regular', 'locomotive': 22629, 'train_section': 28207, 'section': 22310, 'departure_time': 1536647160, 'arrival_time': 1536648900}
2425	{'task_type': 'deadhead', 'locomotive': 22629, 'first_train_section': 28207, 'first_section': 22310, 'first_departure_time': 1536647160, 'first_arrival_time': 1536648900, 'second_train_section': 25953, 'second_section': 22472, 'second_departure_time': 1536664380, 'second_arrival_time': 1536669540}
2426	{'task_type': 'regular', 'locomotive': 22629, 'train_section': 25953, 'section': 22472, 'departure_time': 1536664380, 'arrival_time': 1536669540}
2427	{'task_type': 'regular', 'locomotive': 22629, 'train_section': 22748, 'section': 22340, 'departure_time': 1536671940, 'arrival_time': 1536687600}
2428	{'task_type': 'deadhead', 'locomotive': 22629, 'first_train_section': 22748, 'first_section': 22340, 'first_departure_time': 1536671940, 'first_arrival_time': 1536687600, 'second_train_section': 28009, 'second_section': 22439, 'second_departure_time': 1536691920, 'second_arrival_time': 1536699000}
2429	{'task_type': 'regular', 'locomotive': 22629, 'train_section': 28009, 'section': 22439, 'departure_time': 1536691920, 'arrival_time': 1536699000}
2430	{'task_type': 'deadhead', 'locomotive': 22629, 'first_train_section': 28009, 'first_section': 22439, 'first_departure_time': 1536691920, 'first_arrival_time': 1536699000, 'second_train_section': 29423, 'second_section': 22343, 'second_departure_time': 1536710460, 'second_arrival_time': 1536718860}
2431	{'task_type': 'regular', 'locomotive': 22629, 'train_section': 29423, 'section': 22343, 'departure_time': 1536710460, 'arrival_time': 1536718860}
2432	{'task_type': 'deadhead', 'locomotive': 22629, 'first_train_section': 29423, 'first_section': 22343, 'first_departure_time': 1536710460, 'first_arrival_time': 1536718860, 'second_train_section': 26118, 'second_section': 22281, 'second_departure_time': 1536721560, 'second_arrival_time': 1536728520}
2433	{'task_type': 'regular', 'locomotive': 22629, 'train_section': 26118, 'section': 22281, 'departure_time': 1536721560, 'arrival_time': 1536728520}
2434	{'task_type': 'regular', 'locomotive': 22629, 'train_section': 25844, 'section': 22342, 'departure_time': 1536729660, 'arrival_time': 1536735780}
2435	{'task_type': 'deadhead', 'locomotive': 22629, 'first_train_section': 25844, 'first_section': 22342, 'first_departure_time': 1536729660, 'first_arrival_time': 1536735780, 'second_train_section': 25049, 'second_section': 22311, 'second_departure_time': 1536745200, 'second_arrival_time': 1536747960}
2436	{'task_type': 'regular', 'locomotive': 22629, 'train_section': 25049, 'section': 22311, 'departure_time': 1536745200, 'arrival_time': 1536747960}
2437	{'task_type': 'regular', 'locomotive': 22629, 'train_section': 26888, 'section': 22313, 'departure_time': 1536756480, 'arrival_time': 1536761400}
2438	{'task_type': 'deadhead', 'locomotive': 22629, 'first_train_section': 26888, 'first_section': 22313, 'first_departure_time': 1536756480, 'first_arrival_time': 1536761400, 'second_train_section': 24288, 'second_section': 22449, 'second_departure_time': 1536765120, 'second_arrival_time': 1536768300}
2439	{'task_type': 'regular', 'locomotive': 22629, 'train_section': 24288, 'section': 22449, 'departure_time': 1536765120, 'arrival_time': 1536768300}
2440	{'task_type': 'deadhead', 'locomotive': 22629, 'first_train_section': 24288, 'first_section': 22449, 'first_departure_time': 1536765120, 'first_arrival_time': 1536768300, 'second_train_section': 25619, 'second_section': 22446, 'second_departure_time': 1536772860, 'second_arrival_time': 1536773940}
2441	{'task_type': 'regular', 'locomotive': 22629, 'train_section': 25619, 'section': 22446, 'departure_time': 1536772860, 'arrival_time': 1536773940}
2442	{'task_type': 'deadhead', 'locomotive': 22629, 'first_train_section': 25619, 'first_section': 22446, 'first_departure_time': 1536772860, 'first_arrival_time': 1536773940, 'second_train_section': 26249, 'second_section': 22452, 'second_departure_time': 1536776160, 'second_arrival_time': 1536777960}
2443	{'task_type': 'regular', 'locomotive': 22629, 'train_section': 26249, 'section': 22452, 'departure_time': 1536776160, 'arrival_time': 1536777960}
2444	{'task_type': 'deadhead', 'locomotive': 22629, 'first_train_section': 26249, 'first_section': 22452, 'first_departure_time': 1536776160, 'first_arrival_time': 1536777960, 'second_train_section': 26075, 'second_section': 22294, 'second_departure_time': 1536782880, 'second_arrival_time': 1536786120}
2445	{'task_type': 'regular', 'locomotive': 22629, 'train_section': 26075, 'section': 22294, 'departure_time': 1536782880, 'arrival_time': 1536786120}
2446	{'task_type': 'deadhead', 'locomotive': 22629, 'first_train_section': 26510, 'first_section': 22411, 'first_departure_time': 1536789600, 'first_arrival_time': 1536809220, 'second_train_section': 23064, 'second_section': 22389, 'second_departure_time': 1536816540, 'second_arrival_time': 1536822840}
2447	{'task_type': 'regular', 'locomotive': 22629, 'train_section': 23064, 'section': 22389, 'departure_time': 1536816540, 'arrival_time': 1536822840}
2448	{'task_type': 'deadhead', 'locomotive': 22629, 'first_train_section': 23064, 'first_section': 22389, 'first_departure_time': 1536816540, 'first_arrival_time': 1536822840, 'second_train_section': 23806, 'second_section': 22378, 'second_departure_time': 1536834900, 'second_arrival_time': 1536838560}
2449	{'task_type': 'regular', 'locomotive': 22629, 'train_section': 23806, 'section': 22378, 'departure_time': 1536834900, 'arrival_time': 1536838560}
2450	{'task_type': 'deadhead', 'locomotive': 22629, 'first_train_section': 23806, 'first_section': 22378, 'first_departure_time': 1536834900, 'first_arrival_time': 1536838560, 'second_train_section': 25428, 'second_section': 22308, 'second_departure_time': 1536848400, 'second_arrival_time': 1536851220}
2451	{'task_type': 'regular', 'locomotive': 22629, 'train_section': 25428, 'section': 22308, 'departure_time': 1536848400, 'arrival_time': 1536851220}
2452	{'task_type': 'deadhead', 'locomotive': 22629, 'first_train_section': 25428, 'first_section': 22308, 'first_departure_time': 1536848400, 'first_arrival_time': 1536851220, 'second_train_section': 28875, 'second_section': 22505, 'second_departure_time': 1536860640, 'second_arrival_time': 1536865740}
2453	{'task_type': 'regular', 'locomotive': 22629, 'train_section': 28875, 'section': 22505, 'departure_time': 1536860640, 'arrival_time': 1536865740}
2454	{'task_type': 'regular', 'locomotive': 22629, 'train_section': 28877, 'section': 22308, 'departure_time': 1536866700, 'arrival_time': 1536869460}
2455	{'task_type': 'regular', 'locomotive': 22629, 'train_section': 29980, 'section': 22495, 'departure_time': 1536870420, 'arrival_time': 1536873180}
2456	{'task_type': 'regular', 'locomotive': 22629, 'train_section': 29982, 'section': 22306, 'departure_time': 1536874740, 'arrival_time': 1536878280}
2457	{'task_type': 'deadhead', 'locomotive': 22629, 'first_train_section': 29982, 'first_section': 22306, 'first_departure_time': 1536874740, 'first_arrival_time': 1536878280, 'second_train_section': 29232, 'second_section': 22247, 'second_departure_time': 1536887580, 'second_arrival_time': 1536897060}
2458	{'task_type': 'regular', 'locomotive': 22629, 'train_section': 29232, 'section': 22247, 'departure_time': 1536887580, 'arrival_time': 1536897060}
2459	{'task_type': 'deadhead', 'locomotive': 22629, 'first_train_section': 29232, 'first_section': 22247, 'first_departure_time': 1536887580, 'first_arrival_time': 1536897060, 'second_train_section': 27554, 'second_section': 22400, 'second_departure_time': 1536900180, 'second_arrival_time': 1536904080}
2460	{'task_type': 'regular', 'locomotive': 22629, 'train_section': 27554, 'section': 22400, 'departure_time': 1536900180, 'arrival_time': 1536904080}
2461	{'task_type': 'deadhead', 'locomotive': 22629, 'first_train_section': 27554, 'first_section': 22400, 'first_departure_time': 1536900180, 'first_arrival_time': 1536904080, 'second_train_section': 27669, 'second_section': 22241, 'second_departure_time': 1536906240, 'second_arrival_time': 1536907980}
2462	{'task_type': 'regular', 'locomotive': 22629, 'train_section': 27669, 'section': 22241, 'departure_time': 1536906240, 'arrival_time': 1536907980}
2463	{'task_type': 'deadhead', 'locomotive': 22629, 'first_train_section': 27669, 'first_section': 22241, 'first_departure_time': 1536906240, 'first_arrival_time': 1536907980, 'second_train_section': 26727, 'second_section': 22400, 'second_departure_time': 1536918600, 'second_arrival_time': 1536922020}
2464	{'task_type': 'regular', 'locomotive': 22629, 'train_section': 26727, 'section': 22400, 'departure_time': 1536918600, 'arrival_time': 1536922020}
2465	{'task_type': 'regular', 'locomotive': 22629, 'train_section': 23370, 'section': 22383, 'departure_time': 1536923520, 'arrival_time': 1536926940}
2466	{'task_type': 'deadhead', 'locomotive': 22629, 'first_train_section': 23370, 'first_section': 22383, 'first_departure_time': 1536923520, 'first_arrival_time': 1536926940, 'second_train_section': 25112, 'second_section': 22404, 'second_departure_time': 1536927780, 'second_arrival_time': 1536936300}
2467	{'task_type': 'regular', 'locomotive': 22629, 'train_section': 25112, 'section': 22404, 'departure_time': 1536927780, 'arrival_time': 1536936300}
2468	{'task_type': 'deadhead', 'locomotive': 22629, 'first_train_section': 25112, 'first_section': 22404, 'first_departure_time': 1536927780, 'first_arrival_time': 1536936300, 'second_train_section': 27849, 'second_section': 22264, 'second_departure_time': 1536940380, 'second_arrival_time': 1536940800}
2469	{'task_type': 'regular', 'locomotive': 22629, 'train_section': 27849, 'section': 22264, 'departure_time': 1536940380, 'arrival_time': 1536940800}
2470	{'task_type': 'regular', 'locomotive': 22629, 'train_section': 23196, 'section': 22259, 'departure_time': 1536945840, 'arrival_time': 1536946140}
2471	{'task_type': 'deadhead', 'locomotive': 22629, 'first_train_section': 23196, 'first_section': 22259, 'first_departure_time': 1536945840, 'first_arrival_time': 1536946140, 'second_train_section': 25058, 'second_section': 22304, 'second_departure_time': 1536951540, 'second_arrival_time': 1536955980}
2472	{'task_type': 'regular', 'locomotive': 22629, 'train_section': 25058, 'section': 22304, 'departure_time': 1536951540, 'arrival_time': 1536955980}
2473	{'task_type': 'deadhead', 'locomotive': 22629, 'first_train_section': 25058, 'first_section': 22304, 'first_departure_time': 1536951540, 'first_arrival_time': 1536955980, 'second_train_section': 23297, 'second_section': 22259, 'second_departure_time': 1536959700, 'second_arrival_time': 1536960120}
2474	{'task_type': 'regular', 'locomotive': 22629, 'train_section': 23297, 'section': 22259, 'departure_time': 1536959700, 'arrival_time': 1536960120}
2475	{'task_type': 'deadhead', 'locomotive': 22629, 'first_train_section': 23297, 'first_section': 22259, 'first_departure_time': 1536959700, 'first_arrival_time': 1536960120, 'second_train_section': 27941, 'second_section': 22245, 'second_departure_time': 1536962940, 'second_arrival_time': 1536967440}
2476	{'task_type': 'regular', 'locomotive': 22629, 'train_section': 27941, 'section': 22245, 'departure_time': 1536962940, 'arrival_time': 1536967440}
2477	{'task_type': 'regular', 'locomotive': 22629, 'train_section': 27039, 'section': 22308, 'departure_time': 1536973200, 'arrival_time': 1536975960}
2478	{'task_type': 'regular', 'locomotive': 22629, 'train_section': 26968, 'section': 22496, 'departure_time': 1536978660, 'arrival_time': 1536982980}
2479	{'task_type': 'deadhead', 'locomotive': 22629, 'first_train_section': 26968, 'first_section': 22496, 'first_departure_time': 1536978660, 'first_arrival_time': 1536982980, 'second_train_section': 27631, 'second_section': 22378, 'second_departure_time': 1536987900, 'second_arrival_time': 1536991560}
2480	{'task_type': 'regular', 'locomotive': 22629, 'train_section': 27631, 'section': 22378, 'departure_time': 1536987900, 'arrival_time': 1536991560}
2481	{'task_type': 'deadhead', 'locomotive': 22629, 'first_train_section': 27631, 'first_section': 22378, 'first_departure_time': 1536987900, 'first_arrival_time': 1536991560, 'second_train_section': 26785, 'second_section': 22253, 'second_departure_time': 1537000440, 'second_arrival_time': 1537005420}
2482	{'task_type': 'regular', 'locomotive': 22629, 'train_section': 26785, 'section': 22253, 'departure_time': 1537000440, 'arrival_time': 1537005420}
2483	{'task_type': 'deadhead', 'locomotive': 22629, 'first_train_section': 26785, 'first_section': 22253, 'first_departure_time': 1537000440, 'first_arrival_time': 1537005420, 'second_train_section': 28657, 'second_section': 22378, 'second_departure_time': 1537020300, 'second_arrival_time': 1537023960}
2484	{'task_type': 'regular', 'locomotive': 22629, 'train_section': 28657, 'section': 22378, 'departure_time': 1537020300, 'arrival_time': 1537023960}
2485	{'task_type': 'deadhead', 'locomotive': 22629, 'first_train_section': 28984, 'first_section': 22502, 'first_departure_time': 1537038300, 'first_arrival_time': 1537048740, 'second_train_section': 29209, 'second_section': 22342, 'second_departure_time': 1537082340, 'second_arrival_time': 1537087620}
2486	{'task_type': 'regular', 'locomotive': 22629, 'train_section': 29209, 'section': 22342, 'departure_time': 1537082340, 'arrival_time': 1537087620}
2487	{'task_type': 'deadhead', 'locomotive': 22629, 'first_train_section': 29209, 'first_section': 22342, 'first_departure_time': 1537082340, 'first_arrival_time': 1537087620, 'second_train_section': 28150, 'second_section': 22313, 'second_departure_time': 1537094880, 'second_arrival_time': 1537099800}
2488	{'task_type': 'regular', 'locomotive': 22629, 'train_section': 28150, 'section': 22313, 'departure_time': 1537094880, 'arrival_time': 1537099800}
2489	{'task_type': 'deadhead', 'locomotive': 22629, 'first_train_section': 28150, 'first_section': 22313, 'first_departure_time': 1537094880, 'first_arrival_time': 1537099800, 'second_train_section': 26057, 'second_section': 22378, 'second_departure_time': 1537113900, 'second_arrival_time': 1537117560}
2490	{'task_type': 'regular', 'locomotive': 22629, 'train_section': 26057, 'section': 22378, 'departure_time': 1537113900, 'arrival_time': 1537117560}
2491	{'task_type': 'regular', 'locomotive': 22631, 'train_section': 29277, 'section': 22281, 'departure_time': 1536613680, 'arrival_time': 1536620400}
2492	{'task_type': 'deadhead', 'locomotive': 22631, 'first_train_section': 29277, 'first_section': 22281, 'first_departure_time': 1536613680, 'first_arrival_time': 1536620400, 'second_train_section': 26215, 'second_section': 22372, 'second_departure_time': 1536631740, 'second_arrival_time': 1536635700}
2493	{'task_type': 'regular', 'locomotive': 22631, 'train_section': 26215, 'section': 22372, 'departure_time': 1536631740, 'arrival_time': 1536635700}
2494	{'task_type': 'deadhead', 'locomotive': 22631, 'first_train_section': 26215, 'first_section': 22372, 'first_departure_time': 1536631740, 'first_arrival_time': 1536635700, 'second_train_section': 24461, 'second_section': 22477, 'second_departure_time': 1536639600, 'second_arrival_time': 1536642000}
2495	{'task_type': 'regular', 'locomotive': 22631, 'train_section': 24461, 'section': 22477, 'departure_time': 1536639600, 'arrival_time': 1536642000}
2496	{'task_type': 'deadhead', 'locomotive': 22631, 'first_train_section': 24461, 'first_section': 22477, 'first_departure_time': 1536639600, 'first_arrival_time': 1536642000, 'second_train_section': 27515, 'second_section': 22258, 'second_departure_time': 1536648660, 'second_arrival_time': 1536651060}
2497	{'task_type': 'regular', 'locomotive': 22631, 'train_section': 27515, 'section': 22258, 'departure_time': 1536648660, 'arrival_time': 1536651060}
2498	{'task_type': 'deadhead', 'locomotive': 22631, 'first_train_section': 27515, 'first_section': 22258, 'first_departure_time': 1536648660, 'first_arrival_time': 1536651060, 'second_train_section': 29124, 'second_section': 22479, 'second_departure_time': 1536652140, 'second_arrival_time': 1536653760}
2499	{'task_type': 'regular', 'locomotive': 22631, 'train_section': 29124, 'section': 22479, 'departure_time': 1536652140, 'arrival_time': 1536653760}
2500	{'task_type': 'deadhead', 'locomotive': 22631, 'first_train_section': 29124, 'first_section': 22479, 'first_departure_time': 1536652140, 'first_arrival_time': 1536653760, 'second_train_section': 25251, 'second_section': 22362, 'second_departure_time': 1536663660, 'second_arrival_time': 1536666300}
2501	{'task_type': 'regular', 'locomotive': 22631, 'train_section': 25251, 'section': 22362, 'departure_time': 1536663660, 'arrival_time': 1536666300}
2502	{'task_type': 'deadhead', 'locomotive': 22631, 'first_train_section': 25251, 'first_section': 22362, 'first_departure_time': 1536663660, 'first_arrival_time': 1536666300, 'second_train_section': 23644, 'second_section': 22263, 'second_departure_time': 1536673080, 'second_arrival_time': 1536674880}
2503	{'task_type': 'regular', 'locomotive': 22631, 'train_section': 23644, 'section': 22263, 'departure_time': 1536673080, 'arrival_time': 1536674880}
2504	{'task_type': 'regular', 'locomotive': 22631, 'train_section': 26277, 'section': 22249, 'departure_time': 1536677280, 'arrival_time': 1536683280}
2505	{'task_type': 'regular', 'locomotive': 22631, 'train_section': 22751, 'section': 22361, 'departure_time': 1536726240, 'arrival_time': 1536729240}
2506	{'task_type': 'deadhead', 'locomotive': 22631, 'first_train_section': 22751, 'first_section': 22361, 'first_departure_time': 1536726240, 'first_arrival_time': 1536729240, 'second_train_section': 27371, 'second_section': 22505, 'second_departure_time': 1536731880, 'second_arrival_time': 1536736800}
2507	{'task_type': 'regular', 'locomotive': 22631, 'train_section': 27371, 'section': 22505, 'departure_time': 1536731880, 'arrival_time': 1536736800}
2508	{'task_type': 'deadhead', 'locomotive': 22631, 'first_train_section': 27371, 'first_section': 22505, 'first_departure_time': 1536731880, 'first_arrival_time': 1536736800, 'second_train_section': 29035, 'second_section': 22495, 'second_departure_time': 1536749640, 'second_arrival_time': 1536752640}
2509	{'task_type': 'regular', 'locomotive': 22631, 'train_section': 29035, 'section': 22495, 'departure_time': 1536749640, 'arrival_time': 1536752640}
2510	{'task_type': 'deadhead', 'locomotive': 22631, 'first_train_section': 29035, 'first_section': 22495, 'first_departure_time': 1536749640, 'first_arrival_time': 1536752640, 'second_train_section': 28027, 'second_section': 22262, 'second_departure_time': 1536757680, 'second_arrival_time': 1536757980}
2511	{'task_type': 'regular', 'locomotive': 22631, 'train_section': 28027, 'section': 22262, 'departure_time': 1536757680, 'arrival_time': 1536757980}
2512	{'task_type': 'regular', 'locomotive': 22631, 'train_section': 28029, 'section': 22263, 'departure_time': 1536759480, 'arrival_time': 1536761280}
2513	{'task_type': 'regular', 'locomotive': 22631, 'train_section': 28031, 'section': 22247, 'departure_time': 1536761520, 'arrival_time': 1536772620}
2514	{'task_type': 'deadhead', 'locomotive': 22631, 'first_train_section': 28031, 'first_section': 22247, 'first_departure_time': 1536761520, 'first_arrival_time': 1536772620, 'second_train_section': 28914, 'second_section': 22404, 'second_departure_time': 1536772740, 'second_arrival_time': 1536781620}
2515	{'task_type': 'regular', 'locomotive': 22631, 'train_section': 28914, 'section': 22404, 'departure_time': 1536772740, 'arrival_time': 1536781620}
2516	{'task_type': 'regular', 'locomotive': 22631, 'train_section': 28916, 'section': 22245, 'departure_time': 1536782220, 'arrival_time': 1536786900}
2517	{'task_type': 'regular', 'locomotive': 22631, 'train_section': 28423, 'section': 22304, 'departure_time': 1536787920, 'arrival_time': 1536792480}
2518	{'task_type': 'deadhead', 'locomotive': 22631, 'first_train_section': 28423, 'first_section': 22304, 'first_departure_time': 1536787920, 'first_arrival_time': 1536792480, 'second_train_section': 24232, 'second_section': 22368, 'second_departure_time': 1536796080, 'second_arrival_time': 1536799800}
2519	{'task_type': 'regular', 'locomotive': 22631, 'train_section': 24232, 'section': 22368, 'departure_time': 1536796080, 'arrival_time': 1536799800}
2520	{'task_type': 'deadhead', 'locomotive': 22631, 'first_train_section': 24232, 'first_section': 22368, 'first_departure_time': 1536796080, 'first_arrival_time': 1536799800, 'second_train_section': 25938, 'second_section': 22373, 'second_departure_time': 1536810840, 'second_arrival_time': 1536816120}
2521	{'task_type': 'regular', 'locomotive': 22631, 'train_section': 25938, 'section': 22373, 'departure_time': 1536810840, 'arrival_time': 1536816120}
2522	{'task_type': 'deadhead', 'locomotive': 22631, 'first_train_section': 25938, 'first_section': 22373, 'first_departure_time': 1536810840, 'first_arrival_time': 1536816120, 'second_train_section': 23109, 'second_section': 22296, 'second_departure_time': 1536825600, 'second_arrival_time': 1536826500}
2523	{'task_type': 'regular', 'locomotive': 22631, 'train_section': 23109, 'section': 22296, 'departure_time': 1536825600, 'arrival_time': 1536826500}
2524	{'task_type': 'deadhead', 'locomotive': 22631, 'first_train_section': 23109, 'first_section': 22296, 'first_departure_time': 1536825600, 'first_arrival_time': 1536826500, 'second_train_section': 29947, 'second_section': 22288, 'second_departure_time': 1536828120, 'second_arrival_time': 1536834480}
2525	{'task_type': 'regular', 'locomotive': 22631, 'train_section': 29947, 'section': 22288, 'departure_time': 1536828120, 'arrival_time': 1536834480}
2526	{'task_type': 'regular', 'locomotive': 22631, 'train_section': 25109, 'section': 22324, 'departure_time': 1536841380, 'arrival_time': 1536846780}
2527	{'task_type': 'deadhead', 'locomotive': 22631, 'first_train_section': 25109, 'first_section': 22324, 'first_departure_time': 1536841380, 'first_arrival_time': 1536846780, 'second_train_section': 27056, 'second_section': 22310, 'second_departure_time': 1536851700, 'second_arrival_time': 1536853140}
2528	{'task_type': 'regular', 'locomotive': 22631, 'train_section': 27056, 'section': 22310, 'departure_time': 1536851700, 'arrival_time': 1536853140}
2529	{'task_type': 'deadhead', 'locomotive': 22631, 'first_train_section': 27056, 'first_section': 22310, 'first_departure_time': 1536851700, 'first_arrival_time': 1536853140, 'second_train_section': 29457, 'second_section': 22284, 'second_departure_time': 1536857520, 'second_arrival_time': 1536861180}
2530	{'task_type': 'regular', 'locomotive': 22631, 'train_section': 29457, 'section': 22284, 'departure_time': 1536857520, 'arrival_time': 1536861180}
2531	{'task_type': 'deadhead', 'locomotive': 22631, 'first_train_section': 28670, 'first_section': 22464, 'first_departure_time': 1536861180, 'first_arrival_time': 1536875940, 'second_train_section': 26177, 'second_section': 22427, 'second_departure_time': 1536884400, 'second_arrival_time': 1536887340}
2532	{'task_type': 'regular', 'locomotive': 22631, 'train_section': 26177, 'section': 22427, 'departure_time': 1536884400, 'arrival_time': 1536887340}
2533	{'task_type': 'deadhead', 'locomotive': 22631, 'first_train_section': 26177, 'first_section': 22427, 'first_departure_time': 1536884400, 'first_arrival_time': 1536887340, 'second_train_section': 25075, 'second_section': 22416, 'second_departure_time': 1536893640, 'second_arrival_time': 1536897300}
2534	{'task_type': 'regular', 'locomotive': 22631, 'train_section': 25075, 'section': 22416, 'departure_time': 1536893640, 'arrival_time': 1536897300}
2535	{'task_type': 'regular', 'locomotive': 22631, 'train_section': 23510, 'section': 22378, 'departure_time': 1536897900, 'arrival_time': 1536901560}
2536	{'task_type': 'deadhead', 'locomotive': 22631, 'first_train_section': 23510, 'first_section': 22378, 'first_departure_time': 1536897900, 'first_arrival_time': 1536901560, 'second_train_section': 24495, 'second_section': 22427, 'second_departure_time': 1536912180, 'second_arrival_time': 1536915000}
2537	{'task_type': 'regular', 'locomotive': 22631, 'train_section': 24495, 'section': 22427, 'departure_time': 1536912180, 'arrival_time': 1536915000}
2538	{'task_type': 'deadhead', 'locomotive': 22631, 'first_train_section': 24495, 'first_section': 22427, 'first_departure_time': 1536912180, 'first_arrival_time': 1536915000, 'second_train_section': 27402, 'second_section': 22308, 'second_departure_time': 1536934800, 'second_arrival_time': 1536937620}
2539	{'task_type': 'regular', 'locomotive': 22631, 'train_section': 27402, 'section': 22308, 'departure_time': 1536934800, 'arrival_time': 1536937620}
2540	{'task_type': 'regular', 'locomotive': 22631, 'train_section': 27404, 'section': 22496, 'departure_time': 1536939480, 'arrival_time': 1536944400}
2541	{'task_type': 'regular', 'locomotive': 22631, 'train_section': 29666, 'section': 22432, 'departure_time': 1536946080, 'arrival_time': 1536947700}
2542	{'task_type': 'deadhead', 'locomotive': 22631, 'first_train_section': 29666, 'first_section': 22432, 'first_departure_time': 1536946080, 'first_arrival_time': 1536947700, 'second_train_section': 22694, 'second_section': 22427, 'second_departure_time': 1536950700, 'second_arrival_time': 1536953940}
2543	{'task_type': 'regular', 'locomotive': 22631, 'train_section': 22694, 'section': 22427, 'departure_time': 1536950700, 'arrival_time': 1536953940}
2544	{'task_type': 'deadhead', 'locomotive': 22631, 'first_train_section': 22694, 'first_section': 22427, 'first_departure_time': 1536950700, 'first_arrival_time': 1536953940, 'second_train_section': 28199, 'second_section': 22495, 'second_departure_time': 1536956820, 'second_arrival_time': 1536959580}
2545	{'task_type': 'regular', 'locomotive': 22631, 'train_section': 28199, 'section': 22495, 'departure_time': 1536956820, 'arrival_time': 1536959580}
2546	{'task_type': 'regular', 'locomotive': 22631, 'train_section': 28201, 'section': 22306, 'departure_time': 1536961140, 'arrival_time': 1536964680}
2547	{'task_type': 'regular', 'locomotive': 22631, 'train_section': 27037, 'section': 22368, 'departure_time': 1536968880, 'arrival_time': 1536972600}
2548	{'task_type': 'deadhead', 'locomotive': 22631, 'first_train_section': 27037, 'first_section': 22368, 'first_departure_time': 1536968880, 'first_arrival_time': 1536972600, 'second_train_section': 27041, 'second_section': 22496, 'second_departure_time': 1536976800, 'second_arrival_time': 1536981600}
2549	{'task_type': 'regular', 'locomotive': 22631, 'train_section': 27041, 'section': 22496, 'departure_time': 1536976800, 'arrival_time': 1536981600}
2550	{'task_type': 'deadhead', 'locomotive': 22631, 'first_train_section': 27041, 'first_section': 22496, 'first_departure_time': 1536976800, 'first_arrival_time': 1536981600, 'second_train_section': 27139, 'second_section': 22416, 'second_departure_time': 1536985440, 'second_arrival_time': 1536989100}
2551	{'task_type': 'regular', 'locomotive': 22631, 'train_section': 27139, 'section': 22416, 'departure_time': 1536985440, 'arrival_time': 1536989100}
2552	{'task_type': 'deadhead', 'locomotive': 22631, 'first_train_section': 27139, 'first_section': 22416, 'first_departure_time': 1536985440, 'first_arrival_time': 1536989100, 'second_train_section': 26518, 'second_section': 22495, 'second_departure_time': 1536997680, 'second_arrival_time': 1537000560}
2553	{'task_type': 'regular', 'locomotive': 22631, 'train_section': 26518, 'section': 22495, 'departure_time': 1536997680, 'arrival_time': 1537000560}
2554	{'task_type': 'regular', 'locomotive': 22631, 'train_section': 26520, 'section': 22309, 'departure_time': 1537001160, 'arrival_time': 1537005720}
2555	{'task_type': 'deadhead', 'locomotive': 22631, 'first_train_section': 26520, 'first_section': 22309, 'first_departure_time': 1537001160, 'first_arrival_time': 1537005720, 'second_train_section': 25817, 'second_section': 22247, 'second_departure_time': 1537014720, 'second_arrival_time': 1537025820}
2556	{'task_type': 'regular', 'locomotive': 22631, 'train_section': 25817, 'section': 22247, 'departure_time': 1537014720, 'arrival_time': 1537025820}
2557	{'task_type': 'deadhead', 'locomotive': 22631, 'first_train_section': 25817, 'first_section': 22247, 'first_departure_time': 1537014720, 'first_arrival_time': 1537025820, 'second_train_section': 24767, 'second_section': 22304, 'second_departure_time': 1537046160, 'second_arrival_time': 1537050600}
2558	{'task_type': 'regular', 'locomotive': 22631, 'train_section': 24767, 'section': 22304, 'departure_time': 1537046160, 'arrival_time': 1537050600}
2559	{'task_type': 'regular', 'locomotive': 22631, 'train_section': 24769, 'section': 22247, 'departure_time': 1537050780, 'arrival_time': 1537059480}
2560	{'task_type': 'deadhead', 'locomotive': 22631, 'first_train_section': 24769, 'first_section': 22247, 'first_departure_time': 1537050780, 'first_arrival_time': 1537059480, 'second_train_section': 22691, 'second_section': 22327, 'second_departure_time': 1537074480, 'second_arrival_time': 1537080840}
2561	{'task_type': 'regular', 'locomotive': 22631, 'train_section': 22691, 'section': 22327, 'departure_time': 1537074480, 'arrival_time': 1537080840}
2562	{'task_type': 'deadhead', 'locomotive': 22631, 'first_train_section': 22691, 'first_section': 22327, 'first_departure_time': 1537074480, 'first_arrival_time': 1537080840, 'second_train_section': 25616, 'second_section': 22472, 'second_departure_time': 1537096380, 'second_arrival_time': 1537101540}
2563	{'task_type': 'regular', 'locomotive': 22631, 'train_section': 25616, 'section': 22472, 'departure_time': 1537096380, 'arrival_time': 1537101540}
2564	{'task_type': 'deadhead', 'locomotive': 22631, 'first_train_section': 25616, 'first_section': 22472, 'first_departure_time': 1537096380, 'first_arrival_time': 1537101540, 'second_train_section': 28733, 'second_section': 22279, 'second_departure_time': 1537116720, 'second_arrival_time': 1537122180}
2565	{'task_type': 'regular', 'locomotive': 22631, 'train_section': 28733, 'section': 22279, 'departure_time': 1537116720, 'arrival_time': 1537122180}
2566	{'task_type': 'regular', 'locomotive': 22632, 'train_section': 24536, 'section': 22416, 'departure_time': 1536602040, 'arrival_time': 1536605700}
2567	{'task_type': 'regular', 'locomotive': 22632, 'train_section': 25457, 'section': 22378, 'departure_time': 1536606300, 'arrival_time': 1536609960}
2568	{'task_type': 'regular', 'locomotive': 22632, 'train_section': 26590, 'section': 22416, 'departure_time': 1536636240, 'arrival_time': 1536639900}
2569	{'task_type': 'deadhead', 'locomotive': 22632, 'first_train_section': 26590, 'first_section': 22416, 'first_departure_time': 1536636240, 'first_arrival_time': 1536639900, 'second_train_section': 29427, 'second_section': 22416, 'second_departure_time': 1536645240, 'second_arrival_time': 1536648900}
2570	{'task_type': 'regular', 'locomotive': 22632, 'train_section': 29427, 'section': 22416, 'departure_time': 1536645240, 'arrival_time': 1536648900}
2571	{'task_type': 'deadhead', 'locomotive': 22632, 'first_train_section': 29427, 'first_section': 22416, 'first_departure_time': 1536645240, 'first_arrival_time': 1536648900, 'second_train_section': 28544, 'second_section': 22416, 'second_departure_time': 1536663240, 'second_arrival_time': 1536666900}
2572	{'task_type': 'regular', 'locomotive': 22632, 'train_section': 28544, 'section': 22416, 'departure_time': 1536663240, 'arrival_time': 1536666900}
2573	{'task_type': 'deadhead', 'locomotive': 22632, 'first_train_section': 28544, 'first_section': 22416, 'first_departure_time': 1536663240, 'first_arrival_time': 1536666900, 'second_train_section': 23327, 'second_section': 22449, 'second_departure_time': 1536678720, 'second_arrival_time': 1536681900}
2574	{'task_type': 'regular', 'locomotive': 22632, 'train_section': 23327, 'section': 22449, 'departure_time': 1536678720, 'arrival_time': 1536681900}
2575	{'task_type': 'deadhead', 'locomotive': 22632, 'first_train_section': 23327, 'first_section': 22449, 'first_departure_time': 1536678720, 'first_arrival_time': 1536681900, 'second_train_section': 29004, 'second_section': 22255, 'second_departure_time': 1536689100, 'second_arrival_time': 1536690000}
2576	{'task_type': 'regular', 'locomotive': 22632, 'train_section': 29004, 'section': 22255, 'departure_time': 1536689100, 'arrival_time': 1536690000}
2577	{'task_type': 'deadhead', 'locomotive': 22632, 'first_train_section': 25585, 'first_section': 22237, 'first_departure_time': 1536703200, 'first_arrival_time': 1536723420, 'second_train_section': 23190, 'second_section': 22299, 'second_departure_time': 1536724260, 'second_arrival_time': 1536728040}
2578	{'task_type': 'regular', 'locomotive': 22632, 'train_section': 23190, 'section': 22299, 'departure_time': 1536724260, 'arrival_time': 1536728040}
2579	{'task_type': 'deadhead', 'locomotive': 22632, 'first_train_section': 23190, 'first_section': 22299, 'first_departure_time': 1536724260, 'first_arrival_time': 1536728040, 'second_train_section': 25806, 'second_section': 22347, 'second_departure_time': 1536736740, 'second_arrival_time': 1536742080}
2580	{'task_type': 'regular', 'locomotive': 22632, 'train_section': 25806, 'section': 22347, 'departure_time': 1536736740, 'arrival_time': 1536742080}
2581	{'task_type': 'deadhead', 'locomotive': 22632, 'first_train_section': 28750, 'first_section': 22328, 'first_departure_time': 1536747540, 'first_arrival_time': 1536761700, 'second_train_section': 24007, 'second_section': 22492, 'second_departure_time': 1536765840, 'second_arrival_time': 1536775080}
2582	{'task_type': 'regular', 'locomotive': 22632, 'train_section': 24007, 'section': 22492, 'departure_time': 1536765840, 'arrival_time': 1536775080}
2583	{'task_type': 'deadhead', 'locomotive': 22632, 'first_train_section': 24007, 'first_section': 22492, 'first_departure_time': 1536765840, 'first_arrival_time': 1536775080, 'second_train_section': 24818, 'second_section': 22289, 'second_departure_time': 1536780960, 'second_arrival_time': 1536788700}
2584	{'task_type': 'regular', 'locomotive': 22632, 'train_section': 24818, 'section': 22289, 'departure_time': 1536780960, 'arrival_time': 1536788700}
2585	{'task_type': 'deadhead', 'locomotive': 22632, 'first_train_section': 24818, 'first_section': 22289, 'first_departure_time': 1536780960, 'first_arrival_time': 1536788700, 'second_train_section': 25713, 'second_section': 22235, 'second_departure_time': 1536807540, 'second_arrival_time': 1536808020}
2586	{'task_type': 'regular', 'locomotive': 22632, 'train_section': 25713, 'section': 22235, 'departure_time': 1536807540, 'arrival_time': 1536808020}
2587	{'task_type': 'regular', 'locomotive': 22632, 'train_section': 27852, 'section': 22511, 'departure_time': 1536808560, 'arrival_time': 1536811200}
2588	{'task_type': 'regular', 'locomotive': 22632, 'train_section': 25099, 'section': 22390, 'departure_time': 1536814020, 'arrival_time': 1536815820}
2589	{'task_type': 'regular', 'locomotive': 22632, 'train_section': 22913, 'section': 22233, 'departure_time': 1536819660, 'arrival_time': 1536835140}
2590	{'task_type': 'regular', 'locomotive': 22632, 'train_section': 27117, 'section': 22343, 'departure_time': 1536835200, 'arrival_time': 1536843720}
2591	{'task_type': 'deadhead', 'locomotive': 22632, 'first_train_section': 27117, 'first_section': 22343, 'first_departure_time': 1536835200, 'first_arrival_time': 1536843720, 'second_train_section': 27136, 'second_section': 22294, 'second_departure_time': 1536844980, 'second_arrival_time': 1536847140}
2592	{'task_type': 'regular', 'locomotive': 22632, 'train_section': 27136, 'section': 22294, 'departure_time': 1536844980, 'arrival_time': 1536847140}
2593	{'task_type': 'deadhead', 'locomotive': 22632, 'first_train_section': 27136, 'first_section': 22294, 'first_departure_time': 1536844980, 'first_arrival_time': 1536847140, 'second_train_section': 26197, 'second_section': 22387, 'second_departure_time': 1536853080, 'second_arrival_time': 1536854520}
2594	{'task_type': 'regular', 'locomotive': 22632, 'train_section': 26197, 'section': 22387, 'departure_time': 1536853080, 'arrival_time': 1536854520}
2595	{'task_type': 'regular', 'locomotive': 22632, 'train_section': 23291, 'section': 22331, 'departure_time': 1536858480, 'arrival_time': 1536869400}
2596	{'task_type': 'regular', 'locomotive': 22632, 'train_section': 23974, 'section': 22438, 'departure_time': 1536896520, 'arrival_time': 1536907860}
2597	{'task_type': 'deadhead', 'locomotive': 22632, 'first_train_section': 23974, 'first_section': 22438, 'first_departure_time': 1536896520, 'first_arrival_time': 1536907860, 'second_train_section': 27187, 'second_section': 22279, 'second_departure_time': 1536918600, 'second_arrival_time': 1536923520}
2598	{'task_type': 'regular', 'locomotive': 22632, 'train_section': 27187, 'section': 22279, 'departure_time': 1536918600, 'arrival_time': 1536923520}
2599	{'task_type': 'regular', 'locomotive': 22632, 'train_section': 28699, 'section': 22314, 'departure_time': 1536924840, 'arrival_time': 1536927540}
2600	{'task_type': 'deadhead', 'locomotive': 22632, 'first_train_section': 28699, 'first_section': 22314, 'first_departure_time': 1536924840, 'first_arrival_time': 1536927540, 'second_train_section': 24617, 'second_section': 22279, 'second_departure_time': 1536933000, 'second_arrival_time': 1536937920}
2601	{'task_type': 'regular', 'locomotive': 22632, 'train_section': 24617, 'section': 22279, 'departure_time': 1536933000, 'arrival_time': 1536937920}
2602	{'task_type': 'regular', 'locomotive': 22632, 'train_section': 29801, 'section': 22315, 'departure_time': 1536943680, 'arrival_time': 1536948180}
2603	{'task_type': 'deadhead', 'locomotive': 22632, 'first_train_section': 29801, 'first_section': 22315, 'first_departure_time': 1536943680, 'first_arrival_time': 1536948180, 'second_train_section': 25689, 'second_section': 22290, 'second_departure_time': 1536958260, 'second_arrival_time': 1536965100}
2604	{'task_type': 'regular', 'locomotive': 22632, 'train_section': 25689, 'section': 22290, 'departure_time': 1536958260, 'arrival_time': 1536965100}
2605	{'task_type': 'regular', 'locomotive': 22632, 'train_section': 25692, 'section': 22352, 'departure_time': 1536965520, 'arrival_time': 1536972240}
2606	{'task_type': 'deadhead', 'locomotive': 22632, 'first_train_section': 25692, 'first_section': 22352, 'first_departure_time': 1536965520, 'first_arrival_time': 1536972240, 'second_train_section': 24568, 'second_section': 22247, 'second_departure_time': 1536985800, 'second_arrival_time': 1536995940}
2607	{'task_type': 'regular', 'locomotive': 22632, 'train_section': 24568, 'section': 22247, 'departure_time': 1536985800, 'arrival_time': 1536995940}
2608	{'task_type': 'deadhead', 'locomotive': 22632, 'first_train_section': 24568, 'first_section': 22247, 'first_departure_time': 1536985800, 'first_arrival_time': 1536995940, 'second_train_section': 26243, 'second_section': 22249, 'second_departure_time': 1537132980, 'second_arrival_time': 1537135199}
2609	{'task_type': 'regular', 'locomotive': 22632, 'train_section': 26243, 'section': 22249, 'departure_time': 1537132980, 'arrival_time': 1537135199}
2610	{'task_type': 'regular', 'locomotive': 22634, 'train_section': 29085, 'section': 22343, 'departure_time': 1536610800, 'arrival_time': 1536621540}
2611	{'task_type': 'deadhead', 'locomotive': 22634, 'first_train_section': 29085, 'first_section': 22343, 'first_departure_time': 1536610800, 'first_arrival_time': 1536621540, 'second_train_section': 24922, 'second_section': 22447, 'second_departure_time': 1536633900, 'second_arrival_time': 1536636600}
2612	{'task_type': 'regular', 'locomotive': 22634, 'train_section': 24922, 'section': 22447, 'departure_time': 1536633900, 'arrival_time': 1536636600}
2613	{'task_type': 'deadhead', 'locomotive': 22634, 'first_train_section': 24922, 'first_section': 22447, 'first_departure_time': 1536633900, 'first_arrival_time': 1536636600, 'second_train_section': 25568, 'second_section': 22492, 'second_departure_time': 1536647040, 'second_arrival_time': 1536656280}
2614	{'task_type': 'regular', 'locomotive': 22634, 'train_section': 25568, 'section': 22492, 'departure_time': 1536647040, 'arrival_time': 1536656280}
2615	{'task_type': 'deadhead', 'locomotive': 22634, 'first_train_section': 25568, 'first_section': 22492, 'first_departure_time': 1536647040, 'first_arrival_time': 1536656280, 'second_train_section': 23600, 'second_section': 22378, 'second_departure_time': 1536669300, 'second_arrival_time': 1536672960}
2616	{'task_type': 'regular', 'locomotive': 22634, 'train_section': 23600, 'section': 22378, 'departure_time': 1536669300, 'arrival_time': 1536672960}
2617	{'task_type': 'regular', 'locomotive': 22634, 'train_section': 28480, 'section': 22416, 'departure_time': 1536684840, 'arrival_time': 1536688500}
2618	{'task_type': 'regular', 'locomotive': 22634, 'train_section': 25046, 'section': 22416, 'departure_time': 1536697680, 'arrival_time': 1536702900}
2619	{'task_type': 'regular', 'locomotive': 22634, 'train_section': 29439, 'section': 22378, 'departure_time': 1536725100, 'arrival_time': 1536728760}
2620	{'task_type': 'deadhead', 'locomotive': 22634, 'first_train_section': 29743, 'first_section': 22417, 'first_departure_time': 1536728760, 'first_arrival_time': 1536747840, 'second_train_section': 22730, 'second_section': 22445, 'second_departure_time': 1536754320, 'second_arrival_time': 1536760440}
2621	{'task_type': 'regular', 'locomotive': 22634, 'train_section': 22730, 'section': 22445, 'departure_time': 1536754320, 'arrival_time': 1536760440}
2622	{'task_type': 'deadhead', 'locomotive': 22634, 'first_train_section': 22730, 'first_section': 22445, 'first_departure_time': 1536754320, 'first_arrival_time': 1536760440, 'second_train_section': 25359, 'second_section': 22378, 'second_departure_time': 1536766500, 'second_arrival_time': 1536770160}
2623	{'task_type': 'regular', 'locomotive': 22634, 'train_section': 25359, 'section': 22378, 'departure_time': 1536766500, 'arrival_time': 1536770160}
2624	{'task_type': 'deadhead', 'locomotive': 22634, 'first_train_section': 25359, 'first_section': 22378, 'first_departure_time': 1536766500, 'first_arrival_time': 1536770160, 'second_train_section': 29718, 'second_section': 22378, 'second_departure_time': 1536775500, 'second_arrival_time': 1536779160}
2625	{'task_type': 'regular', 'locomotive': 22634, 'train_section': 29718, 'section': 22378, 'departure_time': 1536775500, 'arrival_time': 1536779160}
2626	{'task_type': 'deadhead', 'locomotive': 22634, 'first_train_section': 28273, 'first_section': 22417, 'first_departure_time': 1536779220, 'first_arrival_time': 1536784080, 'second_train_section': 23049, 'second_section': 22385, 'second_departure_time': 1536786540, 'second_arrival_time': 1536787440}
2627	{'task_type': 'regular', 'locomotive': 22634, 'train_section': 23049, 'section': 22385, 'departure_time': 1536786540, 'arrival_time': 1536787440}
2628	{'task_type': 'deadhead', 'locomotive': 22634, 'first_train_section': 23049, 'first_section': 22385, 'first_departure_time': 1536786540, 'first_arrival_time': 1536787440, 'second_train_section': 23143, 'second_section': 22427, 'second_departure_time': 1536788940, 'second_arrival_time': 1536791880}
2629	{'task_type': 'regular', 'locomotive': 22634, 'train_section': 23143, 'section': 22427, 'departure_time': 1536788940, 'arrival_time': 1536791880}
2630	{'task_type': 'regular', 'locomotive': 22634, 'train_section': 23145, 'section': 22443, 'departure_time': 1536792900, 'arrival_time': 1536794580}
2631	{'task_type': 'deadhead', 'locomotive': 22634, 'first_train_section': 23145, 'first_section': 22443, 'first_departure_time': 1536792900, 'first_arrival_time': 1536794580, 'second_train_section': 24182, 'second_section': 22309, 'second_departure_time': 1536799380, 'second_arrival_time': 1536804000}
2632	{'task_type': 'regular', 'locomotive': 22634, 'train_section': 24182, 'section': 22309, 'departure_time': 1536799380, 'arrival_time': 1536804000}
2633	{'task_type': 'deadhead', 'locomotive': 22634, 'first_train_section': 24182, 'first_section': 22309, 'first_departure_time': 1536799380, 'first_arrival_time': 1536804000, 'second_train_section': 28459, 'second_section': 22307, 'second_departure_time': 1536813600, 'second_arrival_time': 1536815940}
2634	{'task_type': 'regular', 'locomotive': 22634, 'train_section': 28459, 'section': 22307, 'departure_time': 1536813600, 'arrival_time': 1536815940}
2635	{'task_type': 'deadhead', 'locomotive': 22634, 'first_train_section': 28459, 'first_section': 22307, 'first_departure_time': 1536813600, 'first_arrival_time': 1536815940, 'second_train_section': 28894, 'second_section': 22312, 'second_departure_time': 1536820200, 'second_arrival_time': 1536821280}
2636	{'task_type': 'regular', 'locomotive': 22634, 'train_section': 28894, 'section': 22312, 'departure_time': 1536820200, 'arrival_time': 1536821280}
2637	{'task_type': 'regular', 'locomotive': 22634, 'train_section': 27114, 'section': 22481, 'departure_time': 1536822960, 'arrival_time': 1536827880}
2638	{'task_type': 'regular', 'locomotive': 22634, 'train_section': 26388, 'section': 22351, 'departure_time': 1536828480, 'arrival_time': 1536833640}
2639	{'task_type': 'deadhead', 'locomotive': 22634, 'first_train_section': 26388, 'first_section': 22351, 'first_departure_time': 1536828480, 'first_arrival_time': 1536833640, 'second_train_section': 25426, 'second_section': 22505, 'second_departure_time': 1536841140, 'second_arrival_time': 1536847020}
2640	{'task_type': 'regular', 'locomotive': 22634, 'train_section': 25426, 'section': 22505, 'departure_time': 1536841140, 'arrival_time': 1536847020}
2641	{'task_type': 'regular', 'locomotive': 22634, 'train_section': 23185, 'section': 22308, 'departure_time': 1536851040, 'arrival_time': 1536853560}
2642	{'task_type': 'deadhead', 'locomotive': 22634, 'first_train_section': 23185, 'first_section': 22308, 'first_departure_time': 1536851040, 'first_arrival_time': 1536853560, 'second_train_section': 28212, 'second_section': 22308, 'second_departure_time': 1536857280, 'second_arrival_time': 1536860220}
2643	{'task_type': 'regular', 'locomotive': 22634, 'train_section': 28212, 'section': 22308, 'departure_time': 1536857280, 'arrival_time': 1536860220}
2644	{'task_type': 'regular', 'locomotive': 22634, 'train_section': 28214, 'section': 22496, 'departure_time': 1536860940, 'arrival_time': 1536865560}
2645	{'task_type': 'deadhead', 'locomotive': 22634, 'first_train_section': 28214, 'first_section': 22496, 'first_departure_time': 1536860940, 'first_arrival_time': 1536865560, 'second_train_section': 23380, 'second_section': 22386, 'second_departure_time': 1536866520, 'second_arrival_time': 1536871560}
2646	{'task_type': 'regular', 'locomotive': 22634, 'train_section': 23380, 'section': 22386, 'departure_time': 1536866520, 'arrival_time': 1536871560}
2647	{'task_type': 'regular', 'locomotive': 22634, 'train_section': 23383, 'section': 22495, 'departure_time': 1536873120, 'arrival_time': 1536876060}
2648	{'task_type': 'regular', 'locomotive': 22634, 'train_section': 23386, 'section': 22309, 'departure_time': 1536876540, 'arrival_time': 1536881400}
2649	{'task_type': 'deadhead', 'locomotive': 22634, 'first_train_section': 23386, 'first_section': 22309, 'first_departure_time': 1536876540, 'first_arrival_time': 1536881400, 'second_train_section': 28293, 'second_section': 22245, 'second_departure_time': 1536892200, 'second_arrival_time': 1536896580}
2650	{'task_type': 'regular', 'locomotive': 22634, 'train_section': 28293, 'section': 22245, 'departure_time': 1536892200, 'arrival_time': 1536896580}
2651	{'task_type': 'regular', 'locomotive': 22634, 'train_section': 26901, 'section': 22308, 'departure_time': 1536907260, 'arrival_time': 1536909960}
2652	{'task_type': 'deadhead', 'locomotive': 22634, 'first_train_section': 26901, 'first_section': 22308, 'first_departure_time': 1536907260, 'first_arrival_time': 1536909960, 'second_train_section': 25705, 'second_section': 22308, 'second_departure_time': 1536915840, 'second_arrival_time': 1536918480}
2653	{'task_type': 'regular', 'locomotive': 22634, 'train_section': 25705, 'section': 22308, 'departure_time': 1536915840, 'arrival_time': 1536918480}
2654	{'task_type': 'regular', 'locomotive': 22634, 'train_section': 27777, 'section': 22495, 'departure_time': 1536922440, 'arrival_time': 1536925440}
2655	{'task_type': 'regular', 'locomotive': 22634, 'train_section': 27779, 'section': 22304, 'departure_time': 1536926520, 'arrival_time': 1536931380}
2656	{'task_type': 'regular', 'locomotive': 22634, 'train_section': 25964, 'section': 22245, 'departure_time': 1536931860, 'arrival_time': 1536937020}
2657	{'task_type': 'deadhead', 'locomotive': 22634, 'first_train_section': 25964, 'first_section': 22245, 'first_departure_time': 1536931860, 'first_arrival_time': 1536937020, 'second_train_section': 25968, 'second_section': 22496, 'second_departure_time': 1536940440, 'second_arrival_time': 1536944280}
2658	{'task_type': 'regular', 'locomotive': 22634, 'train_section': 25968, 'section': 22496, 'departure_time': 1536940440, 'arrival_time': 1536944280}
2659	{'task_type': 'deadhead', 'locomotive': 22634, 'first_train_section': 25968, 'first_section': 22496, 'first_departure_time': 1536940440, 'first_arrival_time': 1536944280, 'second_train_section': 24947, 'second_section': 22416, 'second_departure_time': 1536951240, 'second_arrival_time': 1536954900}
2660	{'task_type': 'regular', 'locomotive': 22634, 'train_section': 24947, 'section': 22416, 'departure_time': 1536951240, 'arrival_time': 1536954900}
2661	{'task_type': 'deadhead', 'locomotive': 22634, 'first_train_section': 27643, 'first_section': 22377, 'first_departure_time': 1536962100, 'first_arrival_time': 1536962340, 'second_train_section': 27945, 'second_section': 22496, 'second_departure_time': 1536971640, 'second_arrival_time': 1536975360}
2662	{'task_type': 'regular', 'locomotive': 22634, 'train_section': 27945, 'section': 22496, 'departure_time': 1536971640, 'arrival_time': 1536975360}
2663	{'task_type': 'deadhead', 'locomotive': 22634, 'first_train_section': 27945, 'first_section': 22496, 'first_departure_time': 1536971640, 'first_arrival_time': 1536975360, 'second_train_section': 25716, 'second_section': 22416, 'second_departure_time': 1536981840, 'second_arrival_time': 1536985500}
2664	{'task_type': 'regular', 'locomotive': 22634, 'train_section': 25716, 'section': 22416, 'departure_time': 1536981840, 'arrival_time': 1536985500}
2665	{'task_type': 'deadhead', 'locomotive': 22634, 'first_train_section': 25716, 'first_section': 22416, 'first_departure_time': 1536981840, 'first_arrival_time': 1536985500, 'second_train_section': 27034, 'second_section': 22455, 'second_departure_time': 1536991080, 'second_arrival_time': 1537002480}
2666	{'task_type': 'regular', 'locomotive': 22634, 'train_section': 27034, 'section': 22455, 'departure_time': 1536991080, 'arrival_time': 1537002480}
2667	{'task_type': 'deadhead', 'locomotive': 22634, 'first_train_section': 27034, 'first_section': 22455, 'first_departure_time': 1536991080, 'first_arrival_time': 1537002480, 'second_train_section': 25149, 'second_section': 22499, 'second_departure_time': 1537011900, 'second_arrival_time': 1537017060}
2668	{'task_type': 'regular', 'locomotive': 22634, 'train_section': 25149, 'section': 22499, 'departure_time': 1537011900, 'arrival_time': 1537017060}
2669	{'task_type': 'regular', 'locomotive': 22634, 'train_section': 29454, 'section': 22342, 'departure_time': 1537024740, 'arrival_time': 1537030020}
2670	{'task_type': 'deadhead', 'locomotive': 22634, 'first_train_section': 24874, 'first_section': 22502, 'first_departure_time': 1537048860, 'first_arrival_time': 1537074900, 'second_train_section': 24316, 'second_section': 22358, 'second_departure_time': 1537132380, 'second_arrival_time': 1537135199}
2671	{'task_type': 'regular', 'locomotive': 22634, 'train_section': 24316, 'section': 22358, 'departure_time': 1537132380, 'arrival_time': 1537135199}
2672	{'task_type': 'regular', 'locomotive': 22640, 'train_section': 28320, 'section': 22481, 'departure_time': 1536615480, 'arrival_time': 1536620400}
2673	{'task_type': 'deadhead', 'locomotive': 22640, 'first_train_section': 28320, 'first_section': 22481, 'first_departure_time': 1536615480, 'first_arrival_time': 1536620400, 'second_train_section': 29344, 'second_section': 22361, 'second_departure_time': 1536633060, 'second_arrival_time': 1536636060}
2674	{'task_type': 'regular', 'locomotive': 22640, 'train_section': 29344, 'section': 22361, 'departure_time': 1536633060, 'arrival_time': 1536636060}
2675	{'task_type': 'deadhead', 'locomotive': 22640, 'first_train_section': 29344, 'first_section': 22361, 'first_departure_time': 1536633060, 'first_arrival_time': 1536636060, 'second_train_section': 27574, 'second_section': 22361, 'second_departure_time': 1536639840, 'second_arrival_time': 1536642840}
2676	{'task_type': 'regular', 'locomotive': 22640, 'train_section': 27574, 'section': 22361, 'departure_time': 1536639840, 'arrival_time': 1536642840}
2677	{'task_type': 'deadhead', 'locomotive': 22640, 'first_train_section': 27574, 'first_section': 22361, 'first_departure_time': 1536639840, 'first_arrival_time': 1536642840, 'second_train_section': 29494, 'second_section': 22508, 'second_departure_time': 1536643980, 'second_arrival_time': 1536646920}
2678	{'task_type': 'regular', 'locomotive': 22640, 'train_section': 29494, 'section': 22508, 'departure_time': 1536643980, 'arrival_time': 1536646920}
2679	{'task_type': 'deadhead', 'locomotive': 22640, 'first_train_section': 29494, 'first_section': 22508, 'first_departure_time': 1536643980, 'first_arrival_time': 1536646920, 'second_train_section': 27672, 'second_section': 22499, 'second_departure_time': 1536651900, 'second_arrival_time': 1536657060}
2680	{'task_type': 'regular', 'locomotive': 22640, 'train_section': 27672, 'section': 22499, 'departure_time': 1536651900, 'arrival_time': 1536657060}
2681	{'task_type': 'deadhead', 'locomotive': 22640, 'first_train_section': 27672, 'first_section': 22499, 'first_departure_time': 1536651900, 'first_arrival_time': 1536657060, 'second_train_section': 28860, 'second_section': 22268, 'second_departure_time': 1536664740, 'second_arrival_time': 1536671820}
2682	{'task_type': 'regular', 'locomotive': 22640, 'train_section': 28860, 'section': 22268, 'departure_time': 1536664740, 'arrival_time': 1536671820}
2683	{'task_type': 'deadhead', 'locomotive': 22640, 'first_train_section': 28860, 'first_section': 22268, 'first_departure_time': 1536664740, 'first_arrival_time': 1536671820, 'second_train_section': 24406, 'second_section': 22443, 'second_departure_time': 1536743340, 'second_arrival_time': 1536745020}
2684	{'task_type': 'regular', 'locomotive': 22640, 'train_section': 24406, 'section': 22443, 'departure_time': 1536743340, 'arrival_time': 1536745020}
2685	{'task_type': 'regular', 'locomotive': 22640, 'train_section': 24408, 'section': 22495, 'departure_time': 1536745800, 'arrival_time': 1536748620}
2686	{'task_type': 'regular', 'locomotive': 22640, 'train_section': 24410, 'section': 22304, 'departure_time': 1536750120, 'arrival_time': 1536755280}
2687	{'task_type': 'regular', 'locomotive': 22640, 'train_section': 29039, 'section': 22247, 'departure_time': 1536758820, 'arrival_time': 1536770220}
2688	{'task_type': 'deadhead', 'locomotive': 22640, 'first_train_section': 29039, 'first_section': 22247, 'first_departure_time': 1536758820, 'first_arrival_time': 1536770220, 'second_train_section': 22892, 'second_section': 22365, 'second_departure_time': 1536777420, 'second_arrival_time': 1536780960}
2689	{'task_type': 'regular', 'locomotive': 22640, 'train_section': 22892, 'section': 22365, 'departure_time': 1536777420, 'arrival_time': 1536780960}
2690	{'task_type': 'deadhead', 'locomotive': 22640, 'first_train_section': 22892, 'first_section': 22365, 'first_departure_time': 1536777420, 'first_arrival_time': 1536780960, 'second_train_section': 25993, 'second_section': 22404, 'second_departure_time': 1536787980, 'second_arrival_time': 1536796920}
2691	{'task_type': 'regular', 'locomotive': 22640, 'train_section': 25993, 'section': 22404, 'departure_time': 1536787980, 'arrival_time': 1536796920}
2692	{'task_type': 'deadhead', 'locomotive': 22640, 'first_train_section': 25993, 'first_section': 22404, 'first_departure_time': 1536787980, 'first_arrival_time': 1536796920, 'second_train_section': 26458, 'second_section': 22303, 'second_departure_time': 1536809040, 'second_arrival_time': 1536814920}
2693	{'task_type': 'regular', 'locomotive': 22640, 'train_section': 26458, 'section': 22303, 'departure_time': 1536809040, 'arrival_time': 1536814920}
2694	{'task_type': 'deadhead', 'locomotive': 22640, 'first_train_section': 26458, 'first_section': 22303, 'first_departure_time': 1536809040, 'first_arrival_time': 1536814920, 'second_train_section': 26736, 'second_section': 22304, 'second_departure_time': 1536827700, 'second_arrival_time': 1536832620}
2695	{'task_type': 'regular', 'locomotive': 22640, 'train_section': 26736, 'section': 22304, 'departure_time': 1536827700, 'arrival_time': 1536832620}
2696	{'task_type': 'deadhead', 'locomotive': 22640, 'first_train_section': 26736, 'first_section': 22304, 'first_departure_time': 1536827700, 'first_arrival_time': 1536832620, 'second_train_section': 25912, 'second_section': 22369, 'second_departure_time': 1536840060, 'second_arrival_time': 1536843780}
2697	{'task_type': 'regular', 'locomotive': 22640, 'train_section': 25912, 'section': 22369, 'departure_time': 1536840060, 'arrival_time': 1536843780}
2698	{'task_type': 'regular', 'locomotive': 22640, 'train_section': 25914, 'section': 22344, 'departure_time': 1536845580, 'arrival_time': 1536846600}
2699	{'task_type': 'deadhead', 'locomotive': 22640, 'first_train_section': 25914, 'first_section': 22344, 'first_departure_time': 1536845580, 'first_arrival_time': 1536846600, 'second_train_section': 28477, 'second_section': 22351, 'second_departure_time': 1536850080, 'second_arrival_time': 1536855240}
2700	{'task_type': 'regular', 'locomotive': 22640, 'train_section': 28477, 'section': 22351, 'departure_time': 1536850080, 'arrival_time': 1536855240}
2701	{'task_type': 'regular', 'locomotive': 22640, 'train_section': 24294, 'section': 22361, 'departure_time': 1536900480, 'arrival_time': 1536902940}
2702	{'task_type': 'deadhead', 'locomotive': 22640, 'first_train_section': 24294, 'first_section': 22361, 'first_departure_time': 1536900480, 'first_arrival_time': 1536902940, 'second_train_section': 27493, 'second_section': 22495, 'second_departure_time': 1536911640, 'second_arrival_time': 1536914520}
2703	{'task_type': 'regular', 'locomotive': 22640, 'train_section': 27493, 'section': 22495, 'departure_time': 1536911640, 'arrival_time': 1536914520}
2704	{'task_type': 'deadhead', 'locomotive': 22640, 'first_train_section': 27493, 'first_section': 22495, 'first_departure_time': 1536911640, 'first_arrival_time': 1536914520, 'second_train_section': 28338, 'second_section': 22457, 'second_departure_time': 1536922320, 'second_arrival_time': 1536924300}
2705	{'task_type': 'regular', 'locomotive': 22640, 'train_section': 28338, 'section': 22457, 'departure_time': 1536922320, 'arrival_time': 1536924300}
2706	{'task_type': 'regular', 'locomotive': 22640, 'train_section': 27757, 'section': 22436, 'departure_time': 1536933840, 'arrival_time': 1536935820}
2707	{'task_type': 'deadhead', 'locomotive': 22640, 'first_train_section': 23333, 'first_section': 22473, 'first_departure_time': 1536962460, 'first_arrival_time': 1537048740, 'second_train_section': 27832, 'second_section': 22404, 'second_departure_time': 1537123080, 'second_arrival_time': 1537131900}
2708	{'task_type': 'regular', 'locomotive': 22640, 'train_section': 27832, 'section': 22404, 'departure_time': 1537123080, 'arrival_time': 1537131900}
2709	{'task_type': 'regular', 'locomotive': 22641, 'train_section': 24808, 'section': 22356, 'departure_time': 1536610560, 'arrival_time': 1536618600}
2710	{'task_type': 'deadhead', 'locomotive': 22641, 'first_train_section': 24808, 'first_section': 22356, 'first_departure_time': 1536610560, 'first_arrival_time': 1536618600, 'second_train_section': 25436, 'second_section': 22342, 'second_departure_time': 1536637620, 'second_arrival_time': 1536644100}
2711	{'task_type': 'regular', 'locomotive': 22641, 'train_section': 25436, 'section': 22342, 'departure_time': 1536637620, 'arrival_time': 1536644100}
2712	{'task_type': 'deadhead', 'locomotive': 22641, 'first_train_section': 25436, 'first_section': 22342, 'first_departure_time': 1536637620, 'first_arrival_time': 1536644100, 'second_train_section': 26146, 'second_section': 22349, 'second_departure_time': 1536654720, 'second_arrival_time': 1536660300}
2713	{'task_type': 'regular', 'locomotive': 22641, 'train_section': 26146, 'section': 22349, 'departure_time': 1536654720, 'arrival_time': 1536660300}
2714	{'task_type': 'deadhead', 'locomotive': 22641, 'first_train_section': 26146, 'first_section': 22349, 'first_departure_time': 1536654720, 'first_arrival_time': 1536660300, 'second_train_section': 27975, 'second_section': 22304, 'second_departure_time': 1536663720, 'second_arrival_time': 1536668880}
2715	{'task_type': 'regular', 'locomotive': 22641, 'train_section': 27975, 'section': 22304, 'departure_time': 1536663720, 'arrival_time': 1536668880}
2716	{'task_type': 'regular', 'locomotive': 22641, 'train_section': 23646, 'section': 22247, 'departure_time': 1536675120, 'arrival_time': 1536686220}
2717	{'task_type': 'deadhead', 'locomotive': 22641, 'first_train_section': 23646, 'first_section': 22247, 'first_departure_time': 1536675120, 'first_arrival_time': 1536686220, 'second_train_section': 28189, 'second_section': 22334, 'second_departure_time': 1536697020, 'second_arrival_time': 1536700200}
2718	{'task_type': 'regular', 'locomotive': 22641, 'train_section': 28189, 'section': 22334, 'departure_time': 1536697020, 'arrival_time': 1536700200}
2719	{'task_type': 'regular', 'locomotive': 22641, 'train_section': 24302, 'section': 22323, 'departure_time': 1536721620, 'arrival_time': 1536724980}
2720	{'task_type': 'regular', 'locomotive': 22641, 'train_section': 25169, 'section': 22335, 'departure_time': 1536725520, 'arrival_time': 1536729300}
2721	{'task_type': 'deadhead', 'locomotive': 22641, 'first_train_section': 25169, 'first_section': 22335, 'first_departure_time': 1536725520, 'first_arrival_time': 1536729300, 'second_train_section': 27464, 'second_section': 22494, 'second_departure_time': 1536731100, 'second_arrival_time': 1536733320}
2722	{'task_type': 'regular', 'locomotive': 22641, 'train_section': 27464, 'section': 22494, 'departure_time': 1536731100, 'arrival_time': 1536733320}
2723	{'task_type': 'regular', 'locomotive': 22641, 'train_section': 26944, 'section': 22387, 'departure_time': 1536735120, 'arrival_time': 1536736920}
2724	{'task_type': 'regular', 'locomotive': 22641, 'train_section': 23058, 'section': 22331, 'departure_time': 1536743280, 'arrival_time': 1536754080}
2725	{'task_type': 'regular', 'locomotive': 22641, 'train_section': 27727, 'section': 22438, 'departure_time': 1536760320, 'arrival_time': 1536771060}
2726	{'task_type': 'regular', 'locomotive': 22641, 'train_section': 22886, 'section': 22329, 'departure_time': 1536771480, 'arrival_time': 1536772920}
2727	{'task_type': 'deadhead', 'locomotive': 22641, 'first_train_section': 22886, 'first_section': 22329, 'first_departure_time': 1536771480, 'first_arrival_time': 1536772920, 'second_train_section': 26174, 'second_section': 22462, 'second_departure_time': 1536782880, 'second_arrival_time': 1536785580}
2728	{'task_type': 'regular', 'locomotive': 22641, 'train_section': 26174, 'section': 22462, 'departure_time': 1536782880, 'arrival_time': 1536785580}
2729	{'task_type': 'regular', 'locomotive': 22641, 'train_section': 26909, 'section': 22461, 'departure_time': 1536812640, 'arrival_time': 1536816000}
2730	{'task_type': 'deadhead', 'locomotive': 22641, 'first_train_section': 26909, 'first_section': 22461, 'first_departure_time': 1536812640, 'first_arrival_time': 1536816000, 'second_train_section': 29911, 'second_section': 22447, 'second_departure_time': 1536821580, 'second_arrival_time': 1536824640}
2731	{'task_type': 'regular', 'locomotive': 22641, 'train_section': 29911, 'section': 22447, 'departure_time': 1536821580, 'arrival_time': 1536824640}
2732	{'task_type': 'regular', 'locomotive': 22641, 'train_section': 26291, 'section': 22333, 'departure_time': 1536848100, 'arrival_time': 1536850920}
2733	{'task_type': 'regular', 'locomotive': 22641, 'train_section': 27105, 'section': 22471, 'departure_time': 1536857820, 'arrival_time': 1536860640}
2734	{'task_type': 'deadhead', 'locomotive': 22641, 'first_train_section': 27105, 'first_section': 22471, 'first_departure_time': 1536857820, 'first_arrival_time': 1536860640, 'second_train_section': 29186, 'second_section': 22469, 'second_departure_time': 1536866400, 'second_arrival_time': 1536868560}
2735	{'task_type': 'regular', 'locomotive': 22641, 'train_section': 29186, 'section': 22469, 'departure_time': 1536866400, 'arrival_time': 1536868560}
2736	{'task_type': 'deadhead', 'locomotive': 22641, 'first_train_section': 29186, 'first_section': 22469, 'first_departure_time': 1536866400, 'first_arrival_time': 1536868560, 'second_train_section': 29537, 'second_section': 22308, 'second_departure_time': 1536885960, 'second_arrival_time': 1536888720}
2737	{'task_type': 'regular', 'locomotive': 22641, 'train_section': 29537, 'section': 22308, 'departure_time': 1536885960, 'arrival_time': 1536888720}
2738	{'task_type': 'regular', 'locomotive': 22641, 'train_section': 26181, 'section': 22495, 'departure_time': 1536890880, 'arrival_time': 1536893820}
2739	{'task_type': 'regular', 'locomotive': 22641, 'train_section': 26183, 'section': 22304, 'departure_time': 1536894840, 'arrival_time': 1536899220}
2740	{'task_type': 'deadhead', 'locomotive': 22641, 'first_train_section': 26183, 'first_section': 22304, 'first_departure_time': 1536894840, 'first_arrival_time': 1536899220, 'second_train_section': 29183, 'second_section': 22479, 'second_departure_time': 1536911340, 'second_arrival_time': 1536912960}
2741	{'task_type': 'regular', 'locomotive': 22641, 'train_section': 29183, 'section': 22479, 'departure_time': 1536911340, 'arrival_time': 1536912960}
2742	{'task_type': 'deadhead', 'locomotive': 22641, 'first_train_section': 29183, 'first_section': 22479, 'first_departure_time': 1536911340, 'first_arrival_time': 1536912960, 'second_train_section': 29300, 'second_section': 22343, 'second_departure_time': 1536921600, 'second_arrival_time': 1536930120}
2743	{'task_type': 'regular', 'locomotive': 22641, 'train_section': 29300, 'section': 22343, 'departure_time': 1536921600, 'arrival_time': 1536930120}
2744	{'task_type': 'deadhead', 'locomotive': 22641, 'first_train_section': 29300, 'first_section': 22343, 'first_departure_time': 1536921600, 'first_arrival_time': 1536930120, 'second_train_section': 29686, 'second_section': 22276, 'second_departure_time': 1536937440, 'second_arrival_time': 1536937860}
2745	{'task_type': 'regular', 'locomotive': 22641, 'train_section': 29686, 'section': 22276, 'departure_time': 1536937440, 'arrival_time': 1536937860}
2746	{'task_type': 'regular', 'locomotive': 22641, 'train_section': 28204, 'section': 22342, 'departure_time': 1536938340, 'arrival_time': 1536943620}
2747	{'task_type': 'deadhead', 'locomotive': 22641, 'first_train_section': 28204, 'first_section': 22342, 'first_departure_time': 1536938340, 'first_arrival_time': 1536943620, 'second_train_section': 30010, 'second_section': 22446, 'second_departure_time': 1536945660, 'second_arrival_time': 1536946740}
2748	{'task_type': 'regular', 'locomotive': 22641, 'train_section': 30010, 'section': 22446, 'departure_time': 1536945660, 'arrival_time': 1536946740}
2749	{'task_type': 'deadhead', 'locomotive': 22641, 'first_train_section': 30010, 'first_section': 22446, 'first_departure_time': 1536945660, 'first_arrival_time': 1536946740, 'second_train_section': 29783, 'second_section': 22462, 'second_departure_time': 1536955680, 'second_arrival_time': 1536958380}
2750	{'task_type': 'regular', 'locomotive': 22641, 'train_section': 29783, 'section': 22462, 'departure_time': 1536955680, 'arrival_time': 1536958380}
2751	{'task_type': 'deadhead', 'locomotive': 22641, 'first_train_section': 29783, 'first_section': 22462, 'first_departure_time': 1536955680, 'first_arrival_time': 1536958380, 'second_train_section': 24705, 'second_section': 22291, 'second_departure_time': 1536960360, 'second_arrival_time': 1536966240}
2752	{'task_type': 'regular', 'locomotive': 22641, 'train_section': 24705, 'section': 22291, 'departure_time': 1536960360, 'arrival_time': 1536966240}
2753	{'task_type': 'deadhead', 'locomotive': 22641, 'first_train_section': 24705, 'first_section': 22291, 'first_departure_time': 1536960360, 'first_arrival_time': 1536966240, 'second_train_section': 22666, 'second_section': 22412, 'second_departure_time': 1536982020, 'second_arrival_time': 1536989280}
2754	{'task_type': 'regular', 'locomotive': 22641, 'train_section': 22666, 'section': 22412, 'departure_time': 1536982020, 'arrival_time': 1536989280}
2755	{'task_type': 'regular', 'locomotive': 22642, 'train_section': 23982, 'section': 22495, 'departure_time': 1536738480, 'arrival_time': 1536741360}
2756	{'task_type': 'regular', 'locomotive': 22642, 'train_section': 29037, 'section': 22304, 'departure_time': 1536753720, 'arrival_time': 1536758580}
2757	{'task_type': 'deadhead', 'locomotive': 22642, 'first_train_section': 29037, 'first_section': 22304, 'first_departure_time': 1536753720, 'first_arrival_time': 1536758580, 'second_train_section': 24725, 'second_section': 22264, 'second_departure_time': 1536762540, 'second_arrival_time': 1536762960}
2758	{'task_type': 'regular', 'locomotive': 22642, 'train_section': 24725, 'section': 22264, 'departure_time': 1536762540, 'arrival_time': 1536762960}
2759	{'task_type': 'deadhead', 'locomotive': 22642, 'first_train_section': 24725, 'first_section': 22264, 'first_departure_time': 1536762540, 'first_arrival_time': 1536762960, 'second_train_section': 25598, 'second_section': 22264, 'second_departure_time': 1536767580, 'second_arrival_time': 1536768000}
2760	{'task_type': 'regular', 'locomotive': 22642, 'train_section': 25598, 'section': 22264, 'departure_time': 1536767580, 'arrival_time': 1536768000}
2761	{'task_type': 'deadhead', 'locomotive': 22642, 'first_train_section': 25598, 'first_section': 22264, 'first_departure_time': 1536767580, 'first_arrival_time': 1536768000, 'second_train_section': 29288, 'second_section': 22500, 'second_departure_time': 1536773880, 'second_arrival_time': 1536777000}
2762	{'task_type': 'regular', 'locomotive': 22642, 'train_section': 29288, 'section': 22500, 'departure_time': 1536773880, 'arrival_time': 1536777000}
2763	{'task_type': 'deadhead', 'locomotive': 22642, 'first_train_section': 29288, 'first_section': 22500, 'first_departure_time': 1536773880, 'first_arrival_time': 1536777000, 'second_train_section': 28071, 'second_section': 22508, 'second_departure_time': 1536781020, 'second_arrival_time': 1536784560}
2764	{'task_type': 'regular', 'locomotive': 22642, 'train_section': 28071, 'section': 22508, 'departure_time': 1536781020, 'arrival_time': 1536784560}
2765	{'task_type': 'deadhead', 'locomotive': 22642, 'first_train_section': 28071, 'first_section': 22508, 'first_departure_time': 1536781020, 'first_arrival_time': 1536784560, 'second_train_section': 26438, 'second_section': 22259, 'second_departure_time': 1536786420, 'second_arrival_time': 1536786840}
2766	{'task_type': 'regular', 'locomotive': 22642, 'train_section': 26438, 'section': 22259, 'departure_time': 1536786420, 'arrival_time': 1536786840}
2767	{'task_type': 'regular', 'locomotive': 22642, 'train_section': 29723, 'section': 22266, 'departure_time': 1536787500, 'arrival_time': 1536794040}
2768	{'task_type': 'deadhead', 'locomotive': 22642, 'first_train_section': 29723, 'first_section': 22266, 'first_departure_time': 1536787500, 'first_arrival_time': 1536794040, 'second_train_section': 29831, 'second_section': 22342, 'second_departure_time': 1536810420, 'second_arrival_time': 1536816900}
2769	{'task_type': 'regular', 'locomotive': 22642, 'train_section': 29831, 'section': 22342, 'departure_time': 1536810420, 'arrival_time': 1536816900}
2770	{'task_type': 'deadhead', 'locomotive': 22642, 'first_train_section': 29831, 'first_section': 22342, 'first_departure_time': 1536810420, 'first_arrival_time': 1536816900, 'second_train_section': 26849, 'second_section': 22314, 'second_departure_time': 1536824040, 'second_arrival_time': 1536826740}
2771	{'task_type': 'regular', 'locomotive': 22642, 'train_section': 26849, 'section': 22314, 'departure_time': 1536824040, 'arrival_time': 1536826740}
2772	{'task_type': 'deadhead', 'locomotive': 22642, 'first_train_section': 26849, 'first_section': 22314, 'first_departure_time': 1536824040, 'first_arrival_time': 1536826740, 'second_train_section': 29949, 'second_section': 22323, 'second_departure_time': 1536835080, 'second_arrival_time': 1536838980}
2773	{'task_type': 'regular', 'locomotive': 22642, 'train_section': 29949, 'section': 22323, 'departure_time': 1536835080, 'arrival_time': 1536838980}
2774	{'task_type': 'deadhead', 'locomotive': 22642, 'first_train_section': 29949, 'first_section': 22323, 'first_departure_time': 1536835080, 'first_arrival_time': 1536838980, 'second_train_section': 23564, 'second_section': 22404, 'second_departure_time': 1536846960, 'second_arrival_time': 1536856500}
2775	{'task_type': 'regular', 'locomotive': 22642, 'train_section': 23564, 'section': 22404, 'departure_time': 1536846960, 'arrival_time': 1536856500}
2776	{'task_type': 'deadhead', 'locomotive': 22642, 'first_train_section': 23564, 'first_section': 22404, 'first_departure_time': 1536846960, 'first_arrival_time': 1536856500, 'second_train_section': 29372, 'second_section': 22344, 'second_departure_time': 1536865080, 'second_arrival_time': 1536866100}
2777	{'task_type': 'regular', 'locomotive': 22642, 'train_section': 29372, 'section': 22344, 'departure_time': 1536865080, 'arrival_time': 1536866100}
2778	{'task_type': 'deadhead', 'locomotive': 22642, 'first_train_section': 29372, 'first_section': 22344, 'first_departure_time': 1536865080, 'first_arrival_time': 1536866100, 'second_train_section': 26718, 'second_section': 22343, 'second_departure_time': 1536870000, 'second_arrival_time': 1536880740}
2779	{'task_type': 'regular', 'locomotive': 22642, 'train_section': 26718, 'section': 22343, 'departure_time': 1536870000, 'arrival_time': 1536880740}
2780	{'task_type': 'deadhead', 'locomotive': 22642, 'first_train_section': 26718, 'first_section': 22343, 'first_departure_time': 1536870000, 'first_arrival_time': 1536880740, 'second_train_section': 22682, 'second_section': 22292, 'second_departure_time': 1536886500, 'second_arrival_time': 1536888780}
2781	{'task_type': 'regular', 'locomotive': 22642, 'train_section': 22682, 'section': 22292, 'departure_time': 1536886500, 'arrival_time': 1536888780}
2782	{'task_type': 'deadhead', 'locomotive': 22642, 'first_train_section': 22682, 'first_section': 22292, 'first_departure_time': 1536886500, 'first_arrival_time': 1536888780, 'second_train_section': 26791, 'second_section': 22287, 'second_departure_time': 1536894360, 'second_arrival_time': 1536895800}
2783	{'task_type': 'regular', 'locomotive': 22642, 'train_section': 26791, 'section': 22287, 'departure_time': 1536894360, 'arrival_time': 1536895800}
2784	{'task_type': 'deadhead', 'locomotive': 22642, 'first_train_section': 26791, 'first_section': 22287, 'first_departure_time': 1536894360, 'first_arrival_time': 1536895800, 'second_train_section': 28993, 'second_section': 22256, 'second_departure_time': 1536900120, 'second_arrival_time': 1536903060}
2785	{'task_type': 'regular', 'locomotive': 22642, 'train_section': 28993, 'section': 22256, 'departure_time': 1536900120, 'arrival_time': 1536903060}
2786	{'task_type': 'deadhead', 'locomotive': 22642, 'first_train_section': 28993, 'first_section': 22256, 'first_departure_time': 1536900120, 'first_arrival_time': 1536903060, 'second_train_section': 23816, 'second_section': 22290, 'second_departure_time': 1536905160, 'second_arrival_time': 1536912300}
2787	{'task_type': 'regular', 'locomotive': 22642, 'train_section': 23816, 'section': 22290, 'departure_time': 1536905160, 'arrival_time': 1536912300}
2788	{'task_type': 'deadhead', 'locomotive': 22642, 'first_train_section': 23816, 'first_section': 22290, 'first_departure_time': 1536905160, 'first_arrival_time': 1536912300, 'second_train_section': 24851, 'second_section': 22264, 'second_departure_time': 1536920400, 'second_arrival_time': 1536920820}
2789	{'task_type': 'regular', 'locomotive': 22642, 'train_section': 24851, 'section': 22264, 'departure_time': 1536920400, 'arrival_time': 1536920820}
2790	{'task_type': 'deadhead', 'locomotive': 22642, 'first_train_section': 24851, 'first_section': 22264, 'first_departure_time': 1536920400, 'first_arrival_time': 1536920820, 'second_train_section': 23346, 'second_section': 22499, 'second_departure_time': 1536925500, 'second_arrival_time': 1536930660}
2791	{'task_type': 'regular', 'locomotive': 22642, 'train_section': 23346, 'section': 22499, 'departure_time': 1536925500, 'arrival_time': 1536930660}
2792	{'task_type': 'deadhead', 'locomotive': 22642, 'first_train_section': 23346, 'first_section': 22499, 'first_departure_time': 1536925500, 'first_arrival_time': 1536930660, 'second_train_section': 28160, 'second_section': 22261, 'second_departure_time': 1536935880, 'second_arrival_time': 1536937500}
2793	{'task_type': 'regular', 'locomotive': 22642, 'train_section': 28160, 'section': 22261, 'departure_time': 1536935880, 'arrival_time': 1536937500}
2794	{'task_type': 'deadhead', 'locomotive': 22642, 'first_train_section': 28160, 'first_section': 22261, 'first_departure_time': 1536935880, 'first_arrival_time': 1536937500, 'second_train_section': 28087, 'second_section': 22351, 'second_departure_time': 1536943680, 'second_arrival_time': 1536948840}
2795	{'task_type': 'regular', 'locomotive': 22642, 'train_section': 28087, 'section': 22351, 'departure_time': 1536943680, 'arrival_time': 1536948840}
2796	{'task_type': 'deadhead', 'locomotive': 22642, 'first_train_section': 28087, 'first_section': 22351, 'first_departure_time': 1536943680, 'first_arrival_time': 1536948840, 'second_train_section': 25920, 'second_section': 22508, 'second_departure_time': 1536953820, 'second_arrival_time': 1536957360}
2797	{'task_type': 'regular', 'locomotive': 22642, 'train_section': 25920, 'section': 22508, 'departure_time': 1536953820, 'arrival_time': 1536957360}
2798	{'task_type': 'deadhead', 'locomotive': 22642, 'first_train_section': 25920, 'first_section': 22508, 'first_departure_time': 1536953820, 'first_arrival_time': 1536957360, 'second_train_section': 28551, 'second_section': 22308, 'second_departure_time': 1536960240, 'second_arrival_time': 1536962940}
2799	{'task_type': 'regular', 'locomotive': 22642, 'train_section': 28551, 'section': 22308, 'departure_time': 1536960240, 'arrival_time': 1536962940}
2800	{'task_type': 'regular', 'locomotive': 22642, 'train_section': 23361, 'section': 22496, 'departure_time': 1536967260, 'arrival_time': 1536971160}
2801	{'task_type': 'deadhead', 'locomotive': 22642, 'first_train_section': 23361, 'first_section': 22496, 'first_departure_time': 1536967260, 'first_arrival_time': 1536971160, 'second_train_section': 25004, 'second_section': 22461, 'second_departure_time': 1536985440, 'second_arrival_time': 1536988800}
2802	{'task_type': 'regular', 'locomotive': 22642, 'train_section': 25004, 'section': 22461, 'departure_time': 1536985440, 'arrival_time': 1536988800}
2803	{'task_type': 'deadhead', 'locomotive': 22642, 'first_train_section': 25004, 'first_section': 22461, 'first_departure_time': 1536985440, 'first_arrival_time': 1536988800, 'second_train_section': 24783, 'second_section': 22290, 'second_departure_time': 1536991560, 'second_arrival_time': 1536998700}
2804	{'task_type': 'regular', 'locomotive': 22642, 'train_section': 24783, 'section': 22290, 'departure_time': 1536991560, 'arrival_time': 1536998700}
2805	{'task_type': 'regular', 'locomotive': 22642, 'train_section': 27193, 'section': 22350, 'departure_time': 1536999900, 'arrival_time': 1537003920}
2806	{'task_type': 'deadhead', 'locomotive': 22642, 'first_train_section': 27193, 'first_section': 22350, 'first_departure_time': 1536999900, 'first_arrival_time': 1537003920, 'second_train_section': 28624, 'second_section': 22351, 'second_departure_time': 1537008480, 'second_arrival_time': 1537013640}
2807	{'task_type': 'regular', 'locomotive': 22642, 'train_section': 28624, 'section': 22351, 'departure_time': 1537008480, 'arrival_time': 1537013640}
2808	{'task_type': 'deadhead', 'locomotive': 22642, 'first_train_section': 28624, 'first_section': 22351, 'first_departure_time': 1537008480, 'first_arrival_time': 1537013640, 'second_train_section': 24843, 'second_section': 22247, 'second_departure_time': 1537027380, 'second_arrival_time': 1537036620}
2809	{'task_type': 'regular', 'locomotive': 22642, 'train_section': 24843, 'section': 22247, 'departure_time': 1537027380, 'arrival_time': 1537036620}
2810	{'task_type': 'deadhead', 'locomotive': 22642, 'first_train_section': 24843, 'first_section': 22247, 'first_departure_time': 1537027380, 'first_arrival_time': 1537036620, 'second_train_section': 26818, 'second_section': 22233, 'second_departure_time': 1537078860, 'second_arrival_time': 1537094340}
2811	{'task_type': 'regular', 'locomotive': 22642, 'train_section': 26818, 'section': 22233, 'departure_time': 1537078860, 'arrival_time': 1537094340}
2812	{'task_type': 'regular', 'locomotive': 22642, 'train_section': 29510, 'section': 22347, 'departure_time': 1537111140, 'arrival_time': 1537116480}
2813	{'task_type': 'regular', 'locomotive': 22642, 'train_section': 29512, 'section': 22471, 'departure_time': 1537117020, 'arrival_time': 1537119840}
2814	{'task_type': 'deadhead', 'locomotive': 22642, 'first_train_section': 29512, 'first_section': 22471, 'first_departure_time': 1537117020, 'first_arrival_time': 1537119840, 'second_train_section': 22974, 'second_section': 22290, 'second_departure_time': 1537131060, 'second_arrival_time': 1537135199}
2815	{'task_type': 'regular', 'locomotive': 22642, 'train_section': 22974, 'section': 22290, 'departure_time': 1537131060, 'arrival_time': 1537135199}
2816	{'task_type': 'regular', 'locomotive': 22644, 'train_section': 24834, 'section': 22398, 'departure_time': 1536614400, 'arrival_time': 1536620280}
2817	{'task_type': 'deadhead', 'locomotive': 22644, 'first_train_section': 24834, 'first_section': 22398, 'first_departure_time': 1536614400, 'first_arrival_time': 1536620280, 'second_train_section': 28055, 'second_section': 22248, 'second_departure_time': 1536637800, 'second_arrival_time': 1536640560}
2818	{'task_type': 'regular', 'locomotive': 22644, 'train_section': 28055, 'section': 22248, 'departure_time': 1536637800, 'arrival_time': 1536640560}
2819	{'task_type': 'deadhead', 'locomotive': 22644, 'first_train_section': 28055, 'first_section': 22248, 'first_departure_time': 1536637800, 'first_arrival_time': 1536640560, 'second_train_section': 23957, 'second_section': 22304, 'second_departure_time': 1536644100, 'second_arrival_time': 1536649140}
2820	{'task_type': 'regular', 'locomotive': 22644, 'train_section': 23957, 'section': 22304, 'departure_time': 1536644100, 'arrival_time': 1536649140}
2821	{'task_type': 'deadhead', 'locomotive': 22644, 'first_train_section': 23957, 'first_section': 22304, 'first_departure_time': 1536644100, 'first_arrival_time': 1536649140, 'second_train_section': 25194, 'second_section': 22304, 'second_departure_time': 1536654900, 'second_arrival_time': 1536659820}
2822	{'task_type': 'regular', 'locomotive': 22644, 'train_section': 25194, 'section': 22304, 'departure_time': 1536654900, 'arrival_time': 1536659820}
2823	{'task_type': 'regular', 'locomotive': 22644, 'train_section': 25196, 'section': 22247, 'departure_time': 1536660000, 'arrival_time': 1536669420}
2824	{'task_type': 'deadhead', 'locomotive': 22644, 'first_train_section': 25196, 'first_section': 22247, 'first_departure_time': 1536660000, 'first_arrival_time': 1536669420, 'second_train_section': 26532, 'second_section': 22236, 'second_departure_time': 1536687300, 'second_arrival_time': 1536690540}
2825	{'task_type': 'regular', 'locomotive': 22644, 'train_section': 26532, 'section': 22236, 'departure_time': 1536687300, 'arrival_time': 1536690540}
2826	{'task_type': 'deadhead', 'locomotive': 22644, 'first_train_section': 26532, 'first_section': 22236, 'first_departure_time': 1536687300, 'first_arrival_time': 1536690540, 'second_train_section': 23244, 'second_section': 22247, 'second_departure_time': 1536717000, 'second_arrival_time': 1536727560}
2827	{'task_type': 'regular', 'locomotive': 22644, 'train_section': 23244, 'section': 22247, 'departure_time': 1536717000, 'arrival_time': 1536727560}
2828	{'task_type': 'deadhead', 'locomotive': 22644, 'first_train_section': 23244, 'first_section': 22247, 'first_departure_time': 1536717000, 'first_arrival_time': 1536727560, 'second_train_section': 28645, 'second_section': 22409, 'second_departure_time': 1536731940, 'second_arrival_time': 1536739440}
2829	{'task_type': 'regular', 'locomotive': 22644, 'train_section': 28645, 'section': 22409, 'departure_time': 1536731940, 'arrival_time': 1536739440}
2830	{'task_type': 'deadhead', 'locomotive': 22644, 'first_train_section': 28645, 'first_section': 22409, 'first_departure_time': 1536731940, 'first_arrival_time': 1536739440, 'second_train_section': 27044, 'second_section': 22489, 'second_departure_time': 1536745620, 'second_arrival_time': 1536748620}
2831	{'task_type': 'regular', 'locomotive': 22644, 'train_section': 27044, 'section': 22489, 'departure_time': 1536745620, 'arrival_time': 1536748620}
2832	{'task_type': 'deadhead', 'locomotive': 22644, 'first_train_section': 27044, 'first_section': 22489, 'first_departure_time': 1536745620, 'first_arrival_time': 1536748620, 'second_train_section': 24548, 'second_section': 22404, 'second_departure_time': 1536749040, 'second_arrival_time': 1536758880}
2833	{'task_type': 'regular', 'locomotive': 22644, 'train_section': 24548, 'section': 22404, 'departure_time': 1536749040, 'arrival_time': 1536758880}
2834	{'task_type': 'deadhead', 'locomotive': 22644, 'first_train_section': 24548, 'first_section': 22404, 'first_departure_time': 1536749040, 'first_arrival_time': 1536758880, 'second_train_section': 23639, 'second_section': 22500, 'second_departure_time': 1536766020, 'second_arrival_time': 1536768420}
2835	{'task_type': 'regular', 'locomotive': 22644, 'train_section': 23639, 'section': 22500, 'departure_time': 1536766020, 'arrival_time': 1536768420}
2836	{'task_type': 'deadhead', 'locomotive': 22644, 'first_train_section': 23639, 'first_section': 22500, 'first_departure_time': 1536766020, 'first_arrival_time': 1536768420, 'second_train_section': 28153, 'second_section': 22505, 'second_departure_time': 1536774240, 'second_arrival_time': 1536779340}
2837	{'task_type': 'regular', 'locomotive': 22644, 'train_section': 28153, 'section': 22505, 'departure_time': 1536774240, 'arrival_time': 1536779340}
2838	{'task_type': 'deadhead', 'locomotive': 22644, 'first_train_section': 28153, 'first_section': 22505, 'first_departure_time': 1536774240, 'first_arrival_time': 1536779340, 'second_train_section': 28601, 'second_section': 22246, 'second_departure_time': 1536786720, 'second_arrival_time': 1536787980}
2839	{'task_type': 'regular', 'locomotive': 22644, 'train_section': 28601, 'section': 22246, 'departure_time': 1536786720, 'arrival_time': 1536787980}
2840	{'task_type': 'regular', 'locomotive': 22644, 'train_section': 25292, 'section': 22367, 'departure_time': 1536793500, 'arrival_time': 1536794760}
2841	{'task_type': 'regular', 'locomotive': 22644, 'train_section': 25294, 'section': 22247, 'departure_time': 1536795060, 'arrival_time': 1536803940}
2842	{'task_type': 'deadhead', 'locomotive': 22644, 'first_train_section': 25294, 'first_section': 22247, 'first_departure_time': 1536795060, 'first_arrival_time': 1536803940, 'second_train_section': 24941, 'second_section': 22403, 'second_departure_time': 1536810060, 'second_arrival_time': 1536812460}
2843	{'task_type': 'regular', 'locomotive': 22644, 'train_section': 24941, 'section': 22403, 'departure_time': 1536810060, 'arrival_time': 1536812460}
2844	{'task_type': 'deadhead', 'locomotive': 22644, 'first_train_section': 24941, 'first_section': 22403, 'first_departure_time': 1536810060, 'first_arrival_time': 1536812460, 'second_train_section': 27806, 'second_section': 22403, 'second_departure_time': 1536817560, 'second_arrival_time': 1536820320}
2845	{'task_type': 'regular', 'locomotive': 22644, 'train_section': 27806, 'section': 22403, 'departure_time': 1536817560, 'arrival_time': 1536820320}
2846	{'task_type': 'deadhead', 'locomotive': 22644, 'first_train_section': 27806, 'first_section': 22403, 'first_departure_time': 1536817560, 'first_arrival_time': 1536820320, 'second_train_section': 27739, 'second_section': 22383, 'second_departure_time': 1536832560, 'second_arrival_time': 1536836700}
2847	{'task_type': 'regular', 'locomotive': 22644, 'train_section': 27739, 'section': 22383, 'departure_time': 1536832560, 'arrival_time': 1536836700}
2848	{'task_type': 'regular', 'locomotive': 22644, 'train_section': 29412, 'section': 22401, 'departure_time': 1536838500, 'arrival_time': 1536839880}
2849	{'task_type': 'regular', 'locomotive': 22644, 'train_section': 25081, 'section': 22466, 'departure_time': 1536840300, 'arrival_time': 1536841440}
2850	{'task_type': 'deadhead', 'locomotive': 22644, 'first_train_section': 25081, 'first_section': 22466, 'first_departure_time': 1536840300, 'first_arrival_time': 1536841440, 'second_train_section': 23537, 'second_section': 22318, 'second_departure_time': 1536845700, 'second_arrival_time': 1536850200}
2851	{'task_type': 'regular', 'locomotive': 22644, 'train_section': 23537, 'section': 22318, 'departure_time': 1536845700, 'arrival_time': 1536850200}
2852	{'task_type': 'deadhead', 'locomotive': 22644, 'first_train_section': 23537, 'first_section': 22318, 'first_departure_time': 1536845700, 'first_arrival_time': 1536850200, 'second_train_section': 23427, 'second_section': 22400, 'second_departure_time': 1536857400, 'second_arrival_time': 1536860820}
2853	{'task_type': 'regular', 'locomotive': 22644, 'train_section': 23427, 'section': 22400, 'departure_time': 1536857400, 'arrival_time': 1536860820}
2854	{'task_type': 'deadhead', 'locomotive': 22644, 'first_train_section': 23427, 'first_section': 22400, 'first_departure_time': 1536857400, 'first_arrival_time': 1536860820, 'second_train_section': 25317, 'second_section': 22404, 'second_departure_time': 1536867840, 'second_arrival_time': 1536876360}
2855	{'task_type': 'regular', 'locomotive': 22644, 'train_section': 25317, 'section': 22404, 'departure_time': 1536867840, 'arrival_time': 1536876360}
2856	{'task_type': 'regular', 'locomotive': 22644, 'train_section': 25319, 'section': 22245, 'departure_time': 1536876540, 'arrival_time': 1536881040}
2857	{'task_type': 'deadhead', 'locomotive': 22644, 'first_train_section': 25319, 'first_section': 22245, 'first_departure_time': 1536876540, 'first_arrival_time': 1536881040, 'second_train_section': 26179, 'second_section': 22443, 'second_departure_time': 1536888300, 'second_arrival_time': 1536889980}
2858	{'task_type': 'regular', 'locomotive': 22644, 'train_section': 26179, 'section': 22443, 'departure_time': 1536888300, 'arrival_time': 1536889980}
2859	{'task_type': 'regular', 'locomotive': 22644, 'train_section': 25984, 'section': 22496, 'departure_time': 1536890400, 'arrival_time': 1536895200}
2860	{'task_type': 'deadhead', 'locomotive': 22644, 'first_train_section': 25984, 'first_section': 22496, 'first_departure_time': 1536890400, 'first_arrival_time': 1536895200, 'second_train_section': 24815, 'second_section': 22416, 'second_departure_time': 1536897240, 'second_arrival_time': 1536900900}
2861	{'task_type': 'regular', 'locomotive': 22644, 'train_section': 24815, 'section': 22416, 'departure_time': 1536897240, 'arrival_time': 1536900900}
2862	{'task_type': 'regular', 'locomotive': 22644, 'train_section': 26133, 'section': 22378, 'departure_time': 1536901500, 'arrival_time': 1536905160}
2863	{'task_type': 'regular', 'locomotive': 22644, 'train_section': 27708, 'section': 22416, 'departure_time': 1536920640, 'arrival_time': 1536924300}
2864	{'task_type': 'regular', 'locomotive': 22644, 'train_section': 30063, 'section': 22378, 'departure_time': 1536926700, 'arrival_time': 1536930360}
2865	{'task_type': 'regular', 'locomotive': 22644, 'train_section': 27656, 'section': 22416, 'departure_time': 1536938640, 'arrival_time': 1536942300}
2866	{'task_type': 'regular', 'locomotive': 22644, 'train_section': 27986, 'section': 22378, 'departure_time': 1536942900, 'arrival_time': 1536946560}
2867	{'task_type': 'regular', 'locomotive': 22644, 'train_section': 24518, 'section': 22416, 'departure_time': 1536947640, 'arrival_time': 1536951300}
2868	{'task_type': 'regular', 'locomotive': 22644, 'train_section': 25549, 'section': 22378, 'departure_time': 1536951900, 'arrival_time': 1536955560}
2869	{'task_type': 'deadhead', 'locomotive': 22644, 'first_train_section': 26115, 'first_section': 22417, 'first_departure_time': 1536962400, 'first_arrival_time': 1536981840, 'second_train_section': 27231, 'second_section': 22378, 'second_departure_time': 1536986100, 'second_arrival_time': 1536989760}
2870	{'task_type': 'regular', 'locomotive': 22644, 'train_section': 27231, 'section': 22378, 'departure_time': 1536986100, 'arrival_time': 1536989760}
2871	{'task_type': 'deadhead', 'locomotive': 22644, 'first_train_section': 27231, 'first_section': 22378, 'first_departure_time': 1536986100, 'first_arrival_time': 1536989760, 'second_train_section': 23809, 'second_section': 22431, 'second_departure_time': 1536991380, 'second_arrival_time': 1536996060}
2872	{'task_type': 'regular', 'locomotive': 22644, 'train_section': 23809, 'section': 22431, 'departure_time': 1536991380, 'arrival_time': 1536996060}
2873	{'task_type': 'deadhead', 'locomotive': 22644, 'first_train_section': 23809, 'first_section': 22431, 'first_departure_time': 1536991380, 'first_arrival_time': 1536996060, 'second_train_section': 24655, 'second_section': 22378, 'second_departure_time': 1537005900, 'second_arrival_time': 1537009560}
2874	{'task_type': 'regular', 'locomotive': 22644, 'train_section': 24655, 'section': 22378, 'departure_time': 1537005900, 'arrival_time': 1537009560}
2875	{'task_type': 'deadhead', 'locomotive': 22644, 'first_train_section': 24655, 'first_section': 22378, 'first_departure_time': 1537005900, 'first_arrival_time': 1537009560, 'second_train_section': 29807, 'second_section': 22331, 'second_departure_time': 1537031280, 'second_arrival_time': 1537042200}
2876	{'task_type': 'regular', 'locomotive': 22644, 'train_section': 29807, 'section': 22331, 'departure_time': 1537031280, 'arrival_time': 1537042200}
2877	{'task_type': 'deadhead', 'locomotive': 22644, 'first_train_section': 29807, 'first_section': 22331, 'first_departure_time': 1537031280, 'first_arrival_time': 1537042200, 'second_train_section': 27640, 'second_section': 22284, 'second_departure_time': 1537123920, 'second_arrival_time': 1537127580}
2878	{'task_type': 'regular', 'locomotive': 22644, 'train_section': 27640, 'section': 22284, 'departure_time': 1537123920, 'arrival_time': 1537127580}
2879	{'task_type': 'regular', 'locomotive': 22647, 'train_section': 26659, 'section': 22430, 'departure_time': 1536631380, 'arrival_time': 1536633480}
2880	{'task_type': 'deadhead', 'locomotive': 22647, 'first_train_section': 26659, 'first_section': 22430, 'first_departure_time': 1536631380, 'first_arrival_time': 1536633480, 'second_train_section': 28285, 'second_section': 22269, 'second_departure_time': 1536974220, 'second_arrival_time': 1536983280}
2881	{'task_type': 'regular', 'locomotive': 22647, 'train_section': 28285, 'section': 22269, 'departure_time': 1536974220, 'arrival_time': 1536983280}
2882	{'task_type': 'deadhead', 'locomotive': 22647, 'first_train_section': 28285, 'first_section': 22269, 'first_departure_time': 1536974220, 'first_arrival_time': 1536983280, 'second_train_section': 23576, 'second_section': 22378, 'second_departure_time': 1536995100, 'second_arrival_time': 1536998760}
2883	{'task_type': 'regular', 'locomotive': 22647, 'train_section': 23576, 'section': 22378, 'departure_time': 1536995100, 'arrival_time': 1536998760}
2884	{'task_type': 'regular', 'locomotive': 22647, 'train_section': 24821, 'section': 22416, 'departure_time': 1537026840, 'arrival_time': 1537030500}
2885	{'task_type': 'deadhead', 'locomotive': 22647, 'first_train_section': 24821, 'first_section': 22416, 'first_departure_time': 1537026840, 'first_arrival_time': 1537030500, 'second_train_section': 24049, 'second_section': 22277, 'second_departure_time': 1537040100, 'second_arrival_time': 1537043580}
2886	{'task_type': 'regular', 'locomotive': 22647, 'train_section': 24049, 'section': 22277, 'departure_time': 1537040100, 'arrival_time': 1537043580}
2887	{'task_type': 'deadhead', 'locomotive': 22647, 'first_train_section': 26054, 'first_section': 22417, 'first_departure_time': 1537077960, 'first_arrival_time': 1537088040, 'second_train_section': 26753, 'second_section': 22281, 'second_departure_time': 1537110840, 'second_arrival_time': 1537116000}
2888	{'task_type': 'regular', 'locomotive': 22647, 'train_section': 26753, 'section': 22281, 'departure_time': 1537110840, 'arrival_time': 1537116000}
2889	{'task_type': 'regular', 'locomotive': 22647, 'train_section': 29896, 'section': 22351, 'departure_time': 1537116480, 'arrival_time': 1537121640}
2890	{'task_type': 'regular', 'locomotive': 22647, 'train_section': 29669, 'section': 22501, 'departure_time': 1537129440, 'arrival_time': 1537131660}
2891	{'task_type': 'regular', 'locomotive': 22647, 'train_section': 29671, 'section': 22476, 'departure_time': 1537132620, 'arrival_time': 1537135199}
2892	{'task_type': 'regular', 'locomotive': 22648, 'train_section': 24217, 'section': 22304, 'departure_time': 1536605940, 'arrival_time': 1536610380}
2893	{'task_type': 'regular', 'locomotive': 22648, 'train_section': 24219, 'section': 22247, 'departure_time': 1536610560, 'arrival_time': 1536619260}
2894	{'task_type': 'deadhead', 'locomotive': 22648, 'first_train_section': 24219, 'first_section': 22247, 'first_departure_time': 1536610560, 'first_arrival_time': 1536619260, 'second_train_section': 24386, 'second_section': 22403, 'second_departure_time': 1536637260, 'second_arrival_time': 1536639660}
2895	{'task_type': 'regular', 'locomotive': 22648, 'train_section': 24386, 'section': 22403, 'departure_time': 1536637260, 'arrival_time': 1536639660}
2896	{'task_type': 'deadhead', 'locomotive': 22648, 'first_train_section': 24386, 'first_section': 22403, 'first_departure_time': 1536637260, 'first_arrival_time': 1536639660, 'second_train_section': 25272, 'second_section': 22403, 'second_departure_time': 1536644760, 'second_arrival_time': 1536647520}
2897	{'task_type': 'regular', 'locomotive': 22648, 'train_section': 25272, 'section': 22403, 'departure_time': 1536644760, 'arrival_time': 1536647520}
2898	{'task_type': 'deadhead', 'locomotive': 22648, 'first_train_section': 25272, 'first_section': 22403, 'first_departure_time': 1536644760, 'first_arrival_time': 1536647520, 'second_train_section': 26138, 'second_section': 22323, 'second_departure_time': 1536662280, 'second_arrival_time': 1536666180}
2899	{'task_type': 'regular', 'locomotive': 22648, 'train_section': 26138, 'section': 22323, 'departure_time': 1536662280, 'arrival_time': 1536666180}
2900	{'task_type': 'deadhead', 'locomotive': 22648, 'first_train_section': 26138, 'first_section': 22323, 'first_departure_time': 1536662280, 'first_arrival_time': 1536666180, 'second_train_section': 23881, 'second_section': 22333, 'second_departure_time': 1536675300, 'second_arrival_time': 1536678120}
2901	{'task_type': 'regular', 'locomotive': 22648, 'train_section': 23881, 'section': 22333, 'departure_time': 1536675300, 'arrival_time': 1536678120}
2902	{'task_type': 'regular', 'locomotive': 22648, 'train_section': 24475, 'section': 22471, 'departure_time': 1536685020, 'arrival_time': 1536687840}
2903	{'task_type': 'deadhead', 'locomotive': 22648, 'first_train_section': 24475, 'first_section': 22471, 'first_departure_time': 1536685020, 'first_arrival_time': 1536687840, 'second_train_section': 23500, 'second_section': 22290, 'second_departure_time': 1536699060, 'second_arrival_time': 1536705900}
2904	{'task_type': 'regular', 'locomotive': 22648, 'train_section': 23500, 'section': 22290, 'departure_time': 1536699060, 'arrival_time': 1536705900}
2905	{'task_type': 'regular', 'locomotive': 22648, 'train_section': 23503, 'section': 22352, 'departure_time': 1536706320, 'arrival_time': 1536713040}
2906	{'task_type': 'deadhead', 'locomotive': 22648, 'first_train_section': 23503, 'first_section': 22352, 'first_departure_time': 1536706320, 'first_arrival_time': 1536713040, 'second_train_section': 24196, 'second_section': 22477, 'second_departure_time': 1536726000, 'second_arrival_time': 1536728400}
2907	{'task_type': 'regular', 'locomotive': 22648, 'train_section': 24196, 'section': 22477, 'departure_time': 1536726000, 'arrival_time': 1536728400}
2908	{'task_type': 'deadhead', 'locomotive': 22648, 'first_train_section': 24196, 'first_section': 22477, 'first_departure_time': 1536726000, 'first_arrival_time': 1536728400, 'second_train_section': 23470, 'second_section': 22506, 'second_departure_time': 1536734040, 'second_arrival_time': 1536734820}
2909	{'task_type': 'regular', 'locomotive': 22648, 'train_section': 23470, 'section': 22506, 'departure_time': 1536734040, 'arrival_time': 1536734820}
2910	{'task_type': 'deadhead', 'locomotive': 22648, 'first_train_section': 23470, 'first_section': 22506, 'first_departure_time': 1536734040, 'first_arrival_time': 1536734820, 'second_train_section': 25448, 'second_section': 22499, 'second_departure_time': 1536738300, 'second_arrival_time': 1536743460}
2911	{'task_type': 'regular', 'locomotive': 22648, 'train_section': 25448, 'section': 22499, 'departure_time': 1536738300, 'arrival_time': 1536743460}
2912	{'task_type': 'regular', 'locomotive': 22648, 'train_section': 22793, 'section': 22343, 'departure_time': 1536748800, 'arrival_time': 1536757320}
2913	{'task_type': 'deadhead', 'locomotive': 22648, 'first_train_section': 22793, 'first_section': 22343, 'first_departure_time': 1536748800, 'first_arrival_time': 1536757320, 'second_train_section': 27091, 'second_section': 22294, 'second_departure_time': 1536758580, 'second_arrival_time': 1536760740}
2914	{'task_type': 'regular', 'locomotive': 22648, 'train_section': 27091, 'section': 22294, 'departure_time': 1536758580, 'arrival_time': 1536760740}
2915	{'task_type': 'deadhead', 'locomotive': 22648, 'first_train_section': 27091, 'first_section': 22294, 'first_departure_time': 1536758580, 'first_arrival_time': 1536760740, 'second_train_section': 24362, 'second_section': 22310, 'second_departure_time': 1536765300, 'second_arrival_time': 1536766740}
2916	{'task_type': 'regular', 'locomotive': 22648, 'train_section': 24362, 'section': 22310, 'departure_time': 1536765300, 'arrival_time': 1536766740}
2917	{'task_type': 'deadhead', 'locomotive': 22648, 'first_train_section': 24362, 'first_section': 22310, 'first_departure_time': 1536765300, 'first_arrival_time': 1536766740, 'second_train_section': 25621, 'second_section': 22255, 'second_departure_time': 1536775500, 'second_arrival_time': 1536776400}
2918	{'task_type': 'regular', 'locomotive': 22648, 'train_section': 25621, 'section': 22255, 'departure_time': 1536775500, 'arrival_time': 1536776400}
2919	{'task_type': 'regular', 'locomotive': 22648, 'train_section': 25623, 'section': 22468, 'departure_time': 1536779460, 'arrival_time': 1536783600}
2920	{'task_type': 'deadhead', 'locomotive': 22648, 'first_train_section': 25623, 'first_section': 22468, 'first_departure_time': 1536779460, 'first_arrival_time': 1536783600, 'second_train_section': 23193, 'second_section': 22332, 'second_departure_time': 1536784200, 'second_arrival_time': 1536788340}
2921	{'task_type': 'regular', 'locomotive': 22648, 'train_section': 23193, 'section': 22332, 'departure_time': 1536784200, 'arrival_time': 1536788340}
2922	{'task_type': 'deadhead', 'locomotive': 22648, 'first_train_section': 23193, 'first_section': 22332, 'first_departure_time': 1536784200, 'first_arrival_time': 1536788340, 'second_train_section': 29828, 'second_section': 22450, 'second_departure_time': 1536791640, 'second_arrival_time': 1536796860}
2923	{'task_type': 'regular', 'locomotive': 22648, 'train_section': 29828, 'section': 22450, 'departure_time': 1536791640, 'arrival_time': 1536796860}
2924	{'task_type': 'regular', 'locomotive': 22648, 'train_section': 27210, 'section': 22323, 'departure_time': 1536808020, 'arrival_time': 1536811380}
2925	{'task_type': 'regular', 'locomotive': 22648, 'train_section': 27212, 'section': 22337, 'departure_time': 1536813120, 'arrival_time': 1536819960}
2926	{'task_type': 'deadhead', 'locomotive': 22648, 'first_train_section': 27212, 'first_section': 22337, 'first_departure_time': 1536813120, 'first_arrival_time': 1536819960, 'second_train_section': 28584, 'second_section': 22410, 'second_departure_time': 1536822060, 'second_arrival_time': 1536824880}
2927	{'task_type': 'regular', 'locomotive': 22648, 'train_section': 28584, 'section': 22410, 'departure_time': 1536822060, 'arrival_time': 1536824880}
2928	{'task_type': 'deadhead', 'locomotive': 22648, 'first_train_section': 28584, 'first_section': 22410, 'first_departure_time': 1536822060, 'first_arrival_time': 1536824880, 'second_train_section': 29460, 'second_section': 22259, 'second_departure_time': 1536837000, 'second_arrival_time': 1536837360}
2929	{'task_type': 'regular', 'locomotive': 22648, 'train_section': 29460, 'section': 22259, 'departure_time': 1536837000, 'arrival_time': 1536837360}
2930	{'task_type': 'regular', 'locomotive': 22648, 'train_section': 29462, 'section': 22268, 'departure_time': 1536837540, 'arrival_time': 1536844620}
2931	{'task_type': 'deadhead', 'locomotive': 22648, 'first_train_section': 29462, 'first_section': 22268, 'first_departure_time': 1536837540, 'first_arrival_time': 1536844620, 'second_train_section': 25472, 'second_section': 22367, 'second_departure_time': 1536853980, 'second_arrival_time': 1536855240}
2932	{'task_type': 'regular', 'locomotive': 22648, 'train_section': 25472, 'section': 22367, 'departure_time': 1536853980, 'arrival_time': 1536855240}
2933	{'task_type': 'deadhead', 'locomotive': 22648, 'first_train_section': 25472, 'first_section': 22367, 'first_departure_time': 1536853980, 'first_arrival_time': 1536855240, 'second_train_section': 23568, 'second_section': 22308, 'second_departure_time': 1536862800, 'second_arrival_time': 1536865560}
2934	{'task_type': 'regular', 'locomotive': 22648, 'train_section': 23568, 'section': 22308, 'departure_time': 1536862800, 'arrival_time': 1536865560}
2935	{'task_type': 'regular', 'locomotive': 22648, 'train_section': 26474, 'section': 22495, 'departure_time': 1536866880, 'arrival_time': 1536869820}
2936	{'task_type': 'deadhead', 'locomotive': 22648, 'first_train_section': 26474, 'first_section': 22495, 'first_departure_time': 1536866880, 'first_arrival_time': 1536869820, 'second_train_section': 24091, 'second_section': 22476, 'second_departure_time': 1536873420, 'second_arrival_time': 1536877020}
2937	{'task_type': 'regular', 'locomotive': 22648, 'train_section': 24091, 'section': 22476, 'departure_time': 1536873420, 'arrival_time': 1536877020}
2938	{'task_type': 'deadhead', 'locomotive': 22648, 'first_train_section': 24091, 'first_section': 22476, 'first_departure_time': 1536873420, 'first_arrival_time': 1536877020, 'second_train_section': 25980, 'second_section': 22368, 'second_departure_time': 1536882480, 'second_arrival_time': 1536886200}
2939	{'task_type': 'regular', 'locomotive': 22648, 'train_section': 25980, 'section': 22368, 'departure_time': 1536882480, 'arrival_time': 1536886200}
2940	{'task_type': 'regular', 'locomotive': 22648, 'train_section': 25982, 'section': 22308, 'departure_time': 1536886800, 'arrival_time': 1536889560}
2941	{'task_type': 'regular', 'locomotive': 22648, 'train_section': 23288, 'section': 22496, 'departure_time': 1536892260, 'arrival_time': 1536898620}
2942	{'task_type': 'deadhead', 'locomotive': 22648, 'first_train_section': 23288, 'first_section': 22496, 'first_departure_time': 1536892260, 'first_arrival_time': 1536898620, 'second_train_section': 27414, 'second_section': 22416, 'second_departure_time': 1536904440, 'second_arrival_time': 1536908100}
2943	{'task_type': 'regular', 'locomotive': 22648, 'train_section': 27414, 'section': 22416, 'departure_time': 1536904440, 'arrival_time': 1536908100}
2944	{'task_type': 'deadhead', 'locomotive': 22648, 'first_train_section': 27246, 'first_section': 22417, 'first_departure_time': 1536912360, 'first_arrival_time': 1536924240, 'second_train_section': 24597, 'second_section': 22457, 'second_departure_time': 1536929520, 'second_arrival_time': 1536931620}
2945	{'task_type': 'regular', 'locomotive': 22648, 'train_section': 24597, 'section': 22457, 'departure_time': 1536929520, 'arrival_time': 1536931620}
2946	{'task_type': 'deadhead', 'locomotive': 22648, 'first_train_section': 24597, 'first_section': 22457, 'first_departure_time': 1536929520, 'first_arrival_time': 1536931620, 'second_train_section': 25653, 'second_section': 22454, 'second_departure_time': 1536938700, 'second_arrival_time': 1536944520}
2947	{'task_type': 'regular', 'locomotive': 22648, 'train_section': 25653, 'section': 22454, 'departure_time': 1536938700, 'arrival_time': 1536944520}
2948	{'task_type': 'deadhead', 'locomotive': 22648, 'first_train_section': 25653, 'first_section': 22454, 'first_departure_time': 1536938700, 'first_arrival_time': 1536944520, 'second_train_section': 25056, 'second_section': 22495, 'second_departure_time': 1536947580, 'second_arrival_time': 1536950460}
2949	{'task_type': 'regular', 'locomotive': 22648, 'train_section': 25056, 'section': 22495, 'departure_time': 1536947580, 'arrival_time': 1536950460}
2950	{'task_type': 'regular', 'locomotive': 22648, 'train_section': 28715, 'section': 22308, 'departure_time': 1536953100, 'arrival_time': 1536955860}
2951	{'task_type': 'regular', 'locomotive': 22648, 'train_section': 22698, 'section': 22495, 'departure_time': 1536957240, 'arrival_time': 1536959940}
2952	{'task_type': 'deadhead', 'locomotive': 22648, 'first_train_section': 22698, 'first_section': 22495, 'first_departure_time': 1536957240, 'first_arrival_time': 1536959940, 'second_train_section': 29331, 'second_section': 22478, 'second_departure_time': 1536963660, 'second_arrival_time': 1536966180}
2953	{'task_type': 'regular', 'locomotive': 22648, 'train_section': 29331, 'section': 22478, 'departure_time': 1536963660, 'arrival_time': 1536966180}
2954	{'task_type': 'regular', 'locomotive': 22648, 'train_section': 24331, 'section': 22247, 'departure_time': 1536973980, 'arrival_time': 1536983460}
2955	{'task_type': 'deadhead', 'locomotive': 22648, 'first_train_section': 24331, 'first_section': 22247, 'first_departure_time': 1536973980, 'first_arrival_time': 1536983460, 'second_train_section': 28872, 'second_section': 22327, 'second_departure_time': 1536995280, 'second_arrival_time': 1537001640}
2956	{'task_type': 'regular', 'locomotive': 22648, 'train_section': 28872, 'section': 22327, 'departure_time': 1536995280, 'arrival_time': 1537001640}
2957	{'task_type': 'deadhead', 'locomotive': 22648, 'first_train_section': 28872, 'first_section': 22327, 'first_departure_time': 1536995280, 'first_arrival_time': 1537001640, 'second_train_section': 25932, 'second_section': 22387, 'second_departure_time': 1537011480, 'second_arrival_time': 1537012920}
2958	{'task_type': 'regular', 'locomotive': 22648, 'train_section': 25932, 'section': 22387, 'departure_time': 1537011480, 'arrival_time': 1537012920}
2959	{'task_type': 'deadhead', 'locomotive': 22648, 'first_train_section': 25932, 'first_section': 22387, 'first_departure_time': 1537011480, 'first_arrival_time': 1537012920, 'second_train_section': 25841, 'second_section': 22449, 'second_departure_time': 1537024320, 'second_arrival_time': 1537027500}
2960	{'task_type': 'regular', 'locomotive': 22648, 'train_section': 25841, 'section': 22449, 'departure_time': 1537024320, 'arrival_time': 1537027500}
2961	{'task_type': 'deadhead', 'locomotive': 22648, 'first_train_section': 25841, 'first_section': 22449, 'first_departure_time': 1537024320, 'first_arrival_time': 1537027500, 'second_train_section': 24611, 'second_section': 22247, 'second_departure_time': 1537042560, 'second_arrival_time': 1537051260}
2962	{'task_type': 'regular', 'locomotive': 22648, 'train_section': 24611, 'section': 22247, 'departure_time': 1537042560, 'arrival_time': 1537051260}
2963	{'task_type': 'deadhead', 'locomotive': 22648, 'first_train_section': 24611, 'first_section': 22247, 'first_departure_time': 1537042560, 'first_arrival_time': 1537051260, 'second_train_section': 29573, 'second_section': 22333, 'second_departure_time': 1537078500, 'second_arrival_time': 1537081320}
2964	{'task_type': 'regular', 'locomotive': 22648, 'train_section': 29573, 'section': 22333, 'departure_time': 1537078500, 'arrival_time': 1537081320}
2965	{'task_type': 'regular', 'locomotive': 22648, 'train_section': 29575, 'section': 22472, 'departure_time': 1537081980, 'arrival_time': 1537087140}
2966	{'task_type': 'deadhead', 'locomotive': 22648, 'first_train_section': 29575, 'first_section': 22472, 'first_departure_time': 1537081980, 'first_arrival_time': 1537087140, 'second_train_section': 25696, 'second_section': 22499, 'second_departure_time': 1537098300, 'second_arrival_time': 1537103460}
2967	{'task_type': 'regular', 'locomotive': 22648, 'train_section': 25696, 'section': 22499, 'departure_time': 1537098300, 'arrival_time': 1537103460}
2968	{'task_type': 'deadhead', 'locomotive': 22648, 'first_train_section': 25696, 'first_section': 22499, 'first_departure_time': 1537098300, 'first_arrival_time': 1537103460, 'second_train_section': 30056, 'second_section': 22434, 'second_departure_time': 1537119360, 'second_arrival_time': 1537124640}
2969	{'task_type': 'regular', 'locomotive': 22648, 'train_section': 30056, 'section': 22434, 'departure_time': 1537119360, 'arrival_time': 1537124640}
