1	{'task_type': 'deadhead', 'locomotive': 22555, 'first_train_section': 22803, 'first_section': 22353, 'first_departure_time': 1536703200, 'first_arrival_time': 1536723540, 'second_train_section': 24432, 'second_section': 22455, 'second_departure_time': 1536731880, 'second_arrival_time': 1536743280}
2	{'task_type': 'regular', 'locomotive': 22555, 'train_section': 24432, 'section': 22455, 'departure_time': 1536731880, 'arrival_time': 1536743280}
3	{'task_type': 'regular', 'locomotive': 22555, 'train_section': 27408, 'section': 22362, 'departure_time': 1536750060, 'arrival_time': 1536752700}
4	{'task_type': 'deadhead', 'locomotive': 22555, 'first_train_section': 27408, 'first_section': 22362, 'first_departure_time': 1536750060, 'first_arrival_time': 1536752700, 'second_train_section': 24791, 'second_section': 22262, 'second_departure_time': 1536757680, 'second_arrival_time': 1536757980}
5	{'task_type': 'regular', 'locomotive': 22555, 'train_section': 24791, 'section': 22262, 'departure_time': 1536757680, 'arrival_time': 1536757980}
6	{'task_type': 'deadhead', 'locomotive': 22555, 'first_train_section': 24791, 'first_section': 22262, 'first_departure_time': 1536757680, 'first_arrival_time': 1536757980, 'second_train_section': 25562, 'second_section': 22261, 'second_departure_time': 1536763080, 'second_arrival_time': 1536764700}
7	{'task_type': 'regular', 'locomotive': 22555, 'train_section': 25562, 'section': 22261, 'departure_time': 1536763080, 'arrival_time': 1536764700}
8	{'task_type': 'deadhead', 'locomotive': 22555, 'first_train_section': 25562, 'first_section': 22261, 'first_departure_time': 1536763080, 'first_arrival_time': 1536764700, 'second_train_section': 26867, 'second_section': 22351, 'second_departure_time': 1536770880, 'second_arrival_time': 1536776040}
9	{'task_type': 'regular', 'locomotive': 22555, 'train_section': 26867, 'section': 22351, 'departure_time': 1536770880, 'arrival_time': 1536776040}
10	{'task_type': 'deadhead', 'locomotive': 22555, 'first_train_section': 25994, 'first_section': 22502, 'first_departure_time': 1536779100, 'first_arrival_time': 1536789540, 'second_train_section': 24806, 'second_section': 22308, 'second_departure_time': 1536800400, 'second_arrival_time': 1536803160}
11	{'task_type': 'regular', 'locomotive': 22555, 'train_section': 24806, 'section': 22308, 'departure_time': 1536800400, 'arrival_time': 1536803160}
12	{'task_type': 'regular', 'locomotive': 22555, 'train_section': 24808, 'section': 22496, 'departure_time': 1536804000, 'arrival_time': 1536808800}
13	{'task_type': 'deadhead', 'locomotive': 22555, 'first_train_section': 24808, 'first_section': 22496, 'first_departure_time': 1536804000, 'first_arrival_time': 1536808800, 'second_train_section': 23957, 'second_section': 22429, 'second_departure_time': 1536814920, 'second_arrival_time': 1536817080}
14	{'task_type': 'regular', 'locomotive': 22555, 'train_section': 23957, 'section': 22429, 'departure_time': 1536814920, 'arrival_time': 1536817080}
15	{'task_type': 'deadhead', 'locomotive': 22555, 'first_train_section': 23957, 'first_section': 22429, 'first_departure_time': 1536814920, 'first_arrival_time': 1536817080, 'second_train_section': 27212, 'second_section': 22496, 'second_departure_time': 1536824460, 'second_arrival_time': 1536829260}
16	{'task_type': 'regular', 'locomotive': 22555, 'train_section': 27212, 'section': 22496, 'departure_time': 1536824460, 'arrival_time': 1536829260}
17	{'task_type': 'deadhead', 'locomotive': 22555, 'first_train_section': 27212, 'first_section': 22496, 'first_departure_time': 1536824460, 'first_arrival_time': 1536829260, 'second_train_section': 23570, 'second_section': 22441, 'second_departure_time': 1536832440, 'second_arrival_time': 1536836400}
18	{'task_type': 'regular', 'locomotive': 22555, 'train_section': 23570, 'section': 22441, 'departure_time': 1536832440, 'arrival_time': 1536836400}
19	{'task_type': 'deadhead', 'locomotive': 22555, 'first_train_section': 23570, 'first_section': 22441, 'first_departure_time': 1536832440, 'first_arrival_time': 1536836400, 'second_train_section': 26534, 'second_section': 22378, 'second_departure_time': 1536842100, 'second_arrival_time': 1536845760}
20	{'task_type': 'regular', 'locomotive': 22555, 'train_section': 26534, 'section': 22378, 'departure_time': 1536842100, 'arrival_time': 1536845760}
21	{'task_type': 'deadhead', 'locomotive': 22555, 'first_train_section': 26534, 'first_section': 22378, 'first_departure_time': 1536842100, 'first_arrival_time': 1536845760, 'second_train_section': 22981, 'second_section': 22427, 'second_departure_time': 1536854400, 'second_arrival_time': 1536857280}
22	{'task_type': 'regular', 'locomotive': 22555, 'train_section': 22981, 'section': 22427, 'departure_time': 1536854400, 'arrival_time': 1536857280}
23	{'task_type': 'deadhead', 'locomotive': 22555, 'first_train_section': 22981, 'first_section': 22427, 'first_departure_time': 1536854400, 'first_arrival_time': 1536857280, 'second_train_section': 23964, 'second_section': 22308, 'second_departure_time': 1536862800, 'second_arrival_time': 1536865560}
24	{'task_type': 'regular', 'locomotive': 22555, 'train_section': 23964, 'section': 22308, 'departure_time': 1536862800, 'arrival_time': 1536865560}
25	{'task_type': 'deadhead', 'locomotive': 22555, 'first_train_section': 23964, 'first_section': 22308, 'first_departure_time': 1536862800, 'first_arrival_time': 1536865560, 'second_train_section': 27375, 'second_section': 22305, 'second_departure_time': 1536869700, 'second_arrival_time': 1536874740}
26	{'task_type': 'regular', 'locomotive': 22555, 'train_section': 27375, 'section': 22305, 'departure_time': 1536869700, 'arrival_time': 1536874740}
27	{'task_type': 'deadhead', 'locomotive': 22555, 'first_train_section': 27375, 'first_section': 22305, 'first_departure_time': 1536869700, 'first_arrival_time': 1536874740, 'second_train_section': 23623, 'second_section': 22308, 'second_departure_time': 1536888960, 'second_arrival_time': 1536891600}
28	{'task_type': 'regular', 'locomotive': 22555, 'train_section': 23623, 'section': 22308, 'departure_time': 1536888960, 'arrival_time': 1536891600}
29	{'task_type': 'regular', 'locomotive': 22555, 'train_section': 23625, 'section': 22496, 'departure_time': 1536892260, 'arrival_time': 1536898620}
30	{'task_type': 'deadhead', 'locomotive': 22555, 'first_train_section': 23625, 'first_section': 22496, 'first_departure_time': 1536892260, 'first_arrival_time': 1536898620, 'second_train_section': 22897, 'second_section': 22427, 'second_departure_time': 1536901080, 'second_arrival_time': 1536904740}
31	{'task_type': 'regular', 'locomotive': 22555, 'train_section': 22897, 'section': 22427, 'departure_time': 1536901080, 'arrival_time': 1536904740}
32	{'task_type': 'regular', 'locomotive': 22555, 'train_section': 22899, 'section': 22443, 'departure_time': 1536905460, 'arrival_time': 1536907260}
33	{'task_type': 'regular', 'locomotive': 22555, 'train_section': 23303, 'section': 22496, 'departure_time': 1536910860, 'arrival_time': 1536915660}
34	{'task_type': 'deadhead', 'locomotive': 22555, 'first_train_section': 23303, 'first_section': 22496, 'first_departure_time': 1536910860, 'first_arrival_time': 1536915660, 'second_train_section': 23601, 'second_section': 22416, 'second_departure_time': 1536917040, 'second_arrival_time': 1536920700}
35	{'task_type': 'regular', 'locomotive': 22555, 'train_section': 23601, 'section': 22416, 'departure_time': 1536917040, 'arrival_time': 1536920700}
36	{'task_type': 'deadhead', 'locomotive': 22555, 'first_train_section': 23601, 'first_section': 22416, 'first_departure_time': 1536917040, 'first_arrival_time': 1536920700, 'second_train_section': 26683, 'second_section': 22294, 'second_departure_time': 1536931380, 'second_arrival_time': 1536933540}
37	{'task_type': 'regular', 'locomotive': 22555, 'train_section': 26683, 'section': 22294, 'departure_time': 1536931380, 'arrival_time': 1536933540}
38	{'task_type': 'deadhead', 'locomotive': 22555, 'first_train_section': 26683, 'first_section': 22294, 'first_departure_time': 1536931380, 'first_arrival_time': 1536933540, 'second_train_section': 25008, 'second_section': 22469, 'second_departure_time': 1536938220, 'second_arrival_time': 1536940620}
39	{'task_type': 'regular', 'locomotive': 22555, 'train_section': 25008, 'section': 22469, 'departure_time': 1536938220, 'arrival_time': 1536940620}
40	{'task_type': 'deadhead', 'locomotive': 22555, 'first_train_section': 25008, 'first_section': 22469, 'first_departure_time': 1536938220, 'first_arrival_time': 1536940620, 'second_train_section': 27593, 'second_section': 22255, 'second_departure_time': 1536948300, 'second_arrival_time': 1536949200}
41	{'task_type': 'regular', 'locomotive': 22555, 'train_section': 27593, 'section': 22255, 'departure_time': 1536948300, 'arrival_time': 1536949200}
42	{'task_type': 'deadhead', 'locomotive': 22555, 'first_train_section': 27593, 'first_section': 22255, 'first_departure_time': 1536948300, 'first_arrival_time': 1536949200, 'second_train_section': 26757, 'second_section': 22478, 'second_departure_time': 1536963660, 'second_arrival_time': 1536966180}
43	{'task_type': 'regular', 'locomotive': 22555, 'train_section': 26757, 'section': 22478, 'departure_time': 1536963660, 'arrival_time': 1536966180}
44	{'task_type': 'deadhead', 'locomotive': 22555, 'first_train_section': 26757, 'first_section': 22478, 'first_departure_time': 1536963660, 'first_arrival_time': 1536966180, 'second_train_section': 22945, 'second_section': 22345, 'second_departure_time': 1536973560, 'second_arrival_time': 1536976500}
45	{'task_type': 'regular', 'locomotive': 22555, 'train_section': 22945, 'section': 22345, 'departure_time': 1536973560, 'arrival_time': 1536976500}
46	{'task_type': 'deadhead', 'locomotive': 22555, 'first_train_section': 22945, 'first_section': 22345, 'first_departure_time': 1536973560, 'first_arrival_time': 1536976500, 'second_train_section': 24250, 'second_section': 22279, 'second_departure_time': 1536989760, 'second_arrival_time': 1536995220}
47	{'task_type': 'regular', 'locomotive': 22555, 'train_section': 24250, 'section': 22279, 'departure_time': 1536989760, 'arrival_time': 1536995220}
48	{'task_type': 'regular', 'locomotive': 22555, 'train_section': 22881, 'section': 22313, 'departure_time': 1537001280, 'arrival_time': 1537006200}
49	{'task_type': 'deadhead', 'locomotive': 22555, 'first_train_section': 22881, 'first_section': 22313, 'first_departure_time': 1537001280, 'first_arrival_time': 1537006200, 'second_train_section': 24209, 'second_section': 22387, 'second_departure_time': 1537018680, 'second_arrival_time': 1537020120}
50	{'task_type': 'regular', 'locomotive': 22555, 'train_section': 24209, 'section': 22387, 'departure_time': 1537018680, 'arrival_time': 1537020120}
51	{'task_type': 'deadhead', 'locomotive': 22555, 'first_train_section': 24209, 'first_section': 22387, 'first_departure_time': 1537018680, 'first_arrival_time': 1537020120, 'second_train_section': 25252, 'second_section': 22320, 'second_departure_time': 1537031100, 'second_arrival_time': 1537037460}
52	{'task_type': 'regular', 'locomotive': 22555, 'train_section': 25252, 'section': 22320, 'departure_time': 1537031100, 'arrival_time': 1537037460}
53	{'task_type': 'deadhead', 'locomotive': 22556, 'first_train_section': 23100, 'first_section': 22319, 'first_departure_time': 1536703200, 'first_arrival_time': 1536721080, 'second_train_section': 24926, 'second_section': 22337, 'second_departure_time': 1536726720, 'second_arrival_time': 1536733560}
54	{'task_type': 'regular', 'locomotive': 22556, 'train_section': 24926, 'section': 22337, 'departure_time': 1536726720, 'arrival_time': 1536733560}
55	{'task_type': 'deadhead', 'locomotive': 22556, 'first_train_section': 24926, 'first_section': 22337, 'first_departure_time': 1536726720, 'first_arrival_time': 1536733560, 'second_train_section': 24875, 'second_section': 22407, 'second_departure_time': 1536740760, 'second_arrival_time': 1536747600}
56	{'task_type': 'regular', 'locomotive': 22556, 'train_section': 24875, 'section': 22407, 'departure_time': 1536740760, 'arrival_time': 1536747600}
57	{'task_type': 'regular', 'locomotive': 22556, 'train_section': 24877, 'section': 22334, 'departure_time': 1536748680, 'arrival_time': 1536752880}
58	{'task_type': 'deadhead', 'locomotive': 22556, 'first_train_section': 24877, 'first_section': 22334, 'first_departure_time': 1536748680, 'first_arrival_time': 1536752880, 'second_train_section': 26863, 'second_section': 22333, 'second_departure_time': 1536761700, 'second_arrival_time': 1536764520}
59	{'task_type': 'regular', 'locomotive': 22556, 'train_section': 26863, 'section': 22333, 'departure_time': 1536761700, 'arrival_time': 1536764520}
60	{'task_type': 'deadhead', 'locomotive': 22556, 'first_train_section': 26863, 'first_section': 22333, 'first_departure_time': 1536761700, 'first_arrival_time': 1536764520, 'second_train_section': 25600, 'second_section': 22387, 'second_departure_time': 1536773880, 'second_arrival_time': 1536775320}
61	{'task_type': 'regular', 'locomotive': 22556, 'train_section': 25600, 'section': 22387, 'departure_time': 1536773880, 'arrival_time': 1536775320}
62	{'task_type': 'deadhead', 'locomotive': 22556, 'first_train_section': 25600, 'first_section': 22387, 'first_departure_time': 1536773880, 'first_arrival_time': 1536775320, 'second_train_section': 24096, 'second_section': 22334, 'second_departure_time': 1536783420, 'second_arrival_time': 1536786600}
63	{'task_type': 'regular', 'locomotive': 22556, 'train_section': 24096, 'section': 22334, 'departure_time': 1536783420, 'arrival_time': 1536786600}
64	{'task_type': 'deadhead', 'locomotive': 22556, 'first_train_section': 24096, 'first_section': 22334, 'first_departure_time': 1536783420, 'first_arrival_time': 1536786600, 'second_train_section': 23173, 'second_section': 22407, 'second_departure_time': 1536798720, 'second_arrival_time': 1536806160}
65	{'task_type': 'regular', 'locomotive': 22556, 'train_section': 23173, 'section': 22407, 'departure_time': 1536798720, 'arrival_time': 1536806160}
66	{'task_type': 'deadhead', 'locomotive': 22556, 'first_train_section': 23173, 'first_section': 22407, 'first_departure_time': 1536798720, 'first_arrival_time': 1536806160, 'second_train_section': 23616, 'second_section': 22329, 'second_departure_time': 1536814680, 'second_arrival_time': 1536816120}
67	{'task_type': 'regular', 'locomotive': 22556, 'train_section': 23616, 'section': 22329, 'departure_time': 1536814680, 'arrival_time': 1536816120}
68	{'task_type': 'deadhead', 'locomotive': 22556, 'first_train_section': 23616, 'first_section': 22329, 'first_departure_time': 1536814680, 'first_arrival_time': 1536816120, 'second_train_section': 22688, 'second_section': 22472, 'second_departure_time': 1536822780, 'second_arrival_time': 1536827940}
69	{'task_type': 'regular', 'locomotive': 22556, 'train_section': 22688, 'section': 22472, 'departure_time': 1536822780, 'arrival_time': 1536827940}
70	{'task_type': 'deadhead', 'locomotive': 22556, 'first_train_section': 22688, 'first_section': 22472, 'first_departure_time': 1536822780, 'first_arrival_time': 1536827940, 'second_train_section': 26156, 'second_section': 22381, 'second_departure_time': 1536838320, 'second_arrival_time': 1536840240}
71	{'task_type': 'regular', 'locomotive': 22556, 'train_section': 26156, 'section': 22381, 'departure_time': 1536838320, 'arrival_time': 1536840240}
72	{'task_type': 'deadhead', 'locomotive': 22556, 'first_train_section': 26156, 'first_section': 22381, 'first_departure_time': 1536838320, 'first_arrival_time': 1536840240, 'second_train_section': 25338, 'second_section': 22281, 'second_departure_time': 1536847080, 'second_arrival_time': 1536853380}
73	{'task_type': 'regular', 'locomotive': 22556, 'train_section': 25338, 'section': 22281, 'departure_time': 1536847080, 'arrival_time': 1536853380}
74	{'task_type': 'deadhead', 'locomotive': 22556, 'first_train_section': 25338, 'first_section': 22281, 'first_departure_time': 1536847080, 'first_arrival_time': 1536853380, 'second_train_section': 22751, 'second_section': 22468, 'second_departure_time': 1536865860, 'second_arrival_time': 1536870000}
75	{'task_type': 'regular', 'locomotive': 22556, 'train_section': 22751, 'section': 22468, 'departure_time': 1536865860, 'arrival_time': 1536870000}
76	{'task_type': 'deadhead', 'locomotive': 22556, 'first_train_section': 22751, 'first_section': 22468, 'first_departure_time': 1536865860, 'first_arrival_time': 1536870000, 'second_train_section': 25493, 'second_section': 22322, 'second_departure_time': 1536880560, 'second_arrival_time': 1536888060}
77	{'task_type': 'regular', 'locomotive': 22556, 'train_section': 25493, 'section': 22322, 'departure_time': 1536880560, 'arrival_time': 1536888060}
78	{'task_type': 'deadhead', 'locomotive': 22556, 'first_train_section': 25493, 'first_section': 22322, 'first_departure_time': 1536880560, 'first_arrival_time': 1536888060, 'second_train_section': 27186, 'second_section': 22293, 'second_departure_time': 1536891480, 'second_arrival_time': 1536899940}
79	{'task_type': 'regular', 'locomotive': 22556, 'train_section': 27186, 'section': 22293, 'departure_time': 1536891480, 'arrival_time': 1536899940}
80	{'task_type': 'deadhead', 'locomotive': 22556, 'first_train_section': 27186, 'first_section': 22293, 'first_departure_time': 1536891480, 'first_arrival_time': 1536899940, 'second_train_section': 24065, 'second_section': 22281, 'second_departure_time': 1536909240, 'second_arrival_time': 1536914400}
81	{'task_type': 'regular', 'locomotive': 22556, 'train_section': 24065, 'section': 22281, 'departure_time': 1536909240, 'arrival_time': 1536914400}
82	{'task_type': 'deadhead', 'locomotive': 22556, 'first_train_section': 24065, 'first_section': 22281, 'first_departure_time': 1536909240, 'first_arrival_time': 1536914400, 'second_train_section': 25693, 'second_section': 22264, 'second_departure_time': 1536920400, 'second_arrival_time': 1536920820}
83	{'task_type': 'regular', 'locomotive': 22556, 'train_section': 25693, 'section': 22264, 'departure_time': 1536920400, 'arrival_time': 1536920820}
84	{'task_type': 'deadhead', 'locomotive': 22556, 'first_train_section': 25693, 'first_section': 22264, 'first_departure_time': 1536920400, 'first_arrival_time': 1536920820, 'second_train_section': 26203, 'second_section': 22248, 'second_departure_time': 1536929760, 'second_arrival_time': 1536932400}
85	{'task_type': 'regular', 'locomotive': 22556, 'train_section': 26203, 'section': 22248, 'departure_time': 1536929760, 'arrival_time': 1536932400}
86	{'task_type': 'deadhead', 'locomotive': 22556, 'first_train_section': 26203, 'first_section': 22248, 'first_departure_time': 1536929760, 'first_arrival_time': 1536932400, 'second_train_section': 26354, 'second_section': 22500, 'second_departure_time': 1536938820, 'second_arrival_time': 1536941220}
87	{'task_type': 'regular', 'locomotive': 22556, 'train_section': 26354, 'section': 22500, 'departure_time': 1536938820, 'arrival_time': 1536941220}
88	{'task_type': 'deadhead', 'locomotive': 22556, 'first_train_section': 26354, 'first_section': 22500, 'first_departure_time': 1536938820, 'first_arrival_time': 1536941220, 'second_train_section': 26172, 'second_section': 22431, 'second_departure_time': 1536954060, 'second_arrival_time': 1536958260}
89	{'task_type': 'regular', 'locomotive': 22556, 'train_section': 26172, 'section': 22431, 'departure_time': 1536954060, 'arrival_time': 1536958260}
90	{'task_type': 'deadhead', 'locomotive': 22556, 'first_train_section': 26172, 'first_section': 22431, 'first_departure_time': 1536954060, 'first_arrival_time': 1536958260, 'second_train_section': 23575, 'second_section': 22443, 'second_departure_time': 1536965700, 'second_arrival_time': 1536967380}
91	{'task_type': 'regular', 'locomotive': 22556, 'train_section': 23575, 'section': 22443, 'departure_time': 1536965700, 'arrival_time': 1536967380}
92	{'task_type': 'deadhead', 'locomotive': 22556, 'first_train_section': 23575, 'first_section': 22443, 'first_departure_time': 1536965700, 'first_arrival_time': 1536967380, 'second_train_section': 23230, 'second_section': 22483, 'second_departure_time': 1536972720, 'second_arrival_time': 1536975780}
93	{'task_type': 'regular', 'locomotive': 22556, 'train_section': 23230, 'section': 22483, 'departure_time': 1536972720, 'arrival_time': 1536975780}
94	{'task_type': 'deadhead', 'locomotive': 22556, 'first_train_section': 23230, 'first_section': 22483, 'first_departure_time': 1536972720, 'first_arrival_time': 1536975780, 'second_train_section': 25783, 'second_section': 22499, 'second_departure_time': 1536990300, 'second_arrival_time': 1536995460}
95	{'task_type': 'regular', 'locomotive': 22556, 'train_section': 25783, 'section': 22499, 'departure_time': 1536990300, 'arrival_time': 1536995460}
96	{'task_type': 'deadhead', 'locomotive': 22556, 'first_train_section': 25783, 'first_section': 22499, 'first_departure_time': 1536990300, 'first_arrival_time': 1536995460, 'second_train_section': 25335, 'second_section': 22416, 'second_departure_time': 1537016040, 'second_arrival_time': 1537019700}
97	{'task_type': 'regular', 'locomotive': 22556, 'train_section': 25335, 'section': 22416, 'departure_time': 1537016040, 'arrival_time': 1537019700}
98	{'task_type': 'deadhead', 'locomotive': 22556, 'first_train_section': 25335, 'first_section': 22416, 'first_departure_time': 1537016040, 'first_arrival_time': 1537019700, 'second_train_section': 25910, 'second_section': 22495, 'second_departure_time': 1537038240, 'second_arrival_time': 1537041060}
99	{'task_type': 'regular', 'locomotive': 22556, 'train_section': 25910, 'section': 22495, 'departure_time': 1537038240, 'arrival_time': 1537041060}
100	{'task_type': 'deadhead', 'locomotive': 22556, 'first_train_section': 24760, 'first_section': 22502, 'first_departure_time': 1537048860, 'first_arrival_time': 1537074900, 'second_train_section': 27063, 'second_section': 22351, 'second_departure_time': 1537087680, 'second_arrival_time': 1537092840}
101	{'task_type': 'regular', 'locomotive': 22556, 'train_section': 27063, 'section': 22351, 'departure_time': 1537087680, 'arrival_time': 1537092840}
102	{'task_type': 'regular', 'locomotive': 22556, 'train_section': 23398, 'section': 22500, 'departure_time': 1537115940, 'arrival_time': 1537117680}
103	{'task_type': 'deadhead', 'locomotive': 22556, 'first_train_section': 23398, 'first_section': 22500, 'first_departure_time': 1537115940, 'first_arrival_time': 1537117680, 'second_train_section': 24724, 'second_section': 22352, 'second_departure_time': 1537131720, 'second_arrival_time': 1537135199}
104	{'task_type': 'regular', 'locomotive': 22556, 'train_section': 24724, 'section': 22352, 'departure_time': 1537131720, 'arrival_time': 1537135199}
105	{'task_type': 'regular', 'locomotive': 22557, 'train_section': 27641, 'section': 22404, 'departure_time': 1536695040, 'arrival_time': 1536703560}
106	{'task_type': 'regular', 'locomotive': 22557, 'train_section': 23558, 'section': 22247, 'departure_time': 1536717000, 'arrival_time': 1536727560}
107	{'task_type': 'deadhead', 'locomotive': 22557, 'first_train_section': 23558, 'first_section': 22247, 'first_departure_time': 1536717000, 'first_arrival_time': 1536727560, 'second_train_section': 23544, 'second_section': 22236, 'second_departure_time': 1536732180, 'second_arrival_time': 1536734880}
108	{'task_type': 'regular', 'locomotive': 22557, 'train_section': 23544, 'section': 22236, 'departure_time': 1536732180, 'arrival_time': 1536734880}
109	{'task_type': 'deadhead', 'locomotive': 22557, 'first_train_section': 23544, 'first_section': 22236, 'first_departure_time': 1536732180, 'first_arrival_time': 1536734880, 'second_train_section': 24861, 'second_section': 22383, 'second_departure_time': 1536746160, 'second_arrival_time': 1536750300}
110	{'task_type': 'regular', 'locomotive': 22557, 'train_section': 24861, 'section': 22383, 'departure_time': 1536746160, 'arrival_time': 1536750300}
111	{'task_type': 'regular', 'locomotive': 22557, 'train_section': 24664, 'section': 22401, 'departure_time': 1536752100, 'arrival_time': 1536753480}
112	{'task_type': 'deadhead', 'locomotive': 22557, 'first_train_section': 24664, 'first_section': 22401, 'first_departure_time': 1536752100, 'first_arrival_time': 1536753480, 'second_train_section': 22696, 'second_section': 22245, 'second_departure_time': 1536770340, 'second_arrival_time': 1536775380}
113	{'task_type': 'regular', 'locomotive': 22557, 'train_section': 22696, 'section': 22245, 'departure_time': 1536770340, 'arrival_time': 1536775380}
114	{'task_type': 'regular', 'locomotive': 22557, 'train_section': 24982, 'section': 22308, 'departure_time': 1536780300, 'arrival_time': 1536783060}
115	{'task_type': 'regular', 'locomotive': 22557, 'train_section': 27078, 'section': 22495, 'departure_time': 1536786720, 'arrival_time': 1536789660}
116	{'task_type': 'regular', 'locomotive': 22557, 'train_section': 24738, 'section': 22309, 'departure_time': 1536791160, 'arrival_time': 1536796020}
117	{'task_type': 'deadhead', 'locomotive': 22557, 'first_train_section': 24738, 'first_section': 22309, 'first_departure_time': 1536791160, 'first_arrival_time': 1536796020, 'second_train_section': 26566, 'second_section': 22251, 'second_departure_time': 1536812940, 'second_arrival_time': 1536816660}
118	{'task_type': 'regular', 'locomotive': 22557, 'train_section': 26566, 'section': 22251, 'departure_time': 1536812940, 'arrival_time': 1536816660}
119	{'task_type': 'deadhead', 'locomotive': 22557, 'first_train_section': 26566, 'first_section': 22251, 'first_departure_time': 1536812940, 'first_arrival_time': 1536816660, 'second_train_section': 26132, 'second_section': 22404, 'second_departure_time': 1536841380, 'second_arrival_time': 1536849900}
120	{'task_type': 'regular', 'locomotive': 22557, 'train_section': 26132, 'section': 22404, 'departure_time': 1536841380, 'arrival_time': 1536849900}
121	{'task_type': 'deadhead', 'locomotive': 22557, 'first_train_section': 26132, 'first_section': 22404, 'first_departure_time': 1536841380, 'first_arrival_time': 1536849900, 'second_train_section': 24929, 'second_section': 22284, 'second_departure_time': 1536864720, 'second_arrival_time': 1536868380}
122	{'task_type': 'regular', 'locomotive': 22557, 'train_section': 24929, 'section': 22284, 'departure_time': 1536864720, 'arrival_time': 1536868380}
123	{'task_type': 'regular', 'locomotive': 22557, 'train_section': 26926, 'section': 22251, 'departure_time': 1536897060, 'arrival_time': 1536901200}
124	{'task_type': 'deadhead', 'locomotive': 22557, 'first_train_section': 26926, 'first_section': 22251, 'first_departure_time': 1536897060, 'first_arrival_time': 1536901200, 'second_train_section': 25240, 'second_section': 22457, 'second_departure_time': 1536922320, 'second_arrival_time': 1536924300}
125	{'task_type': 'regular', 'locomotive': 22557, 'train_section': 25240, 'section': 22457, 'departure_time': 1536922320, 'arrival_time': 1536924300}
126	{'task_type': 'regular', 'locomotive': 22557, 'train_section': 24347, 'section': 22436, 'departure_time': 1536933840, 'arrival_time': 1536935820}
127	{'task_type': 'deadhead', 'locomotive': 22557, 'first_train_section': 24347, 'first_section': 22436, 'first_departure_time': 1536933840, 'first_arrival_time': 1536935820, 'second_train_section': 24057, 'second_section': 22252, 'second_departure_time': 1536942840, 'second_arrival_time': 1536948360}
128	{'task_type': 'regular', 'locomotive': 22557, 'train_section': 24057, 'section': 22252, 'departure_time': 1536942840, 'arrival_time': 1536948360}
129	{'task_type': 'deadhead', 'locomotive': 22557, 'first_train_section': 24057, 'first_section': 22252, 'first_departure_time': 1536942840, 'first_arrival_time': 1536948360, 'second_train_section': 22706, 'second_section': 22427, 'second_departure_time': 1536950700, 'second_arrival_time': 1536953940}
130	{'task_type': 'regular', 'locomotive': 22557, 'train_section': 22706, 'section': 22427, 'departure_time': 1536950700, 'arrival_time': 1536953940}
131	{'task_type': 'regular', 'locomotive': 22557, 'train_section': 22708, 'section': 22443, 'departure_time': 1536954840, 'arrival_time': 1536956520}
132	{'task_type': 'regular', 'locomotive': 22557, 'train_section': 26174, 'section': 22495, 'departure_time': 1536960180, 'arrival_time': 1536963120}
133	{'task_type': 'deadhead', 'locomotive': 22557, 'first_train_section': 26174, 'first_section': 22495, 'first_departure_time': 1536960180, 'first_arrival_time': 1536963120, 'second_train_section': 23732, 'second_section': 22496, 'second_departure_time': 1536967260, 'second_arrival_time': 1536971160}
134	{'task_type': 'regular', 'locomotive': 22557, 'train_section': 23732, 'section': 22496, 'departure_time': 1536967260, 'arrival_time': 1536971160}
135	{'task_type': 'deadhead', 'locomotive': 22557, 'first_train_section': 23732, 'first_section': 22496, 'first_departure_time': 1536967260, 'first_arrival_time': 1536971160, 'second_train_section': 23452, 'second_section': 22496, 'second_departure_time': 1536976800, 'second_arrival_time': 1536981600}
136	{'task_type': 'regular', 'locomotive': 22557, 'train_section': 23452, 'section': 22496, 'departure_time': 1536976800, 'arrival_time': 1536981600}
137	{'task_type': 'deadhead', 'locomotive': 22557, 'first_train_section': 23452, 'first_section': 22496, 'first_departure_time': 1536976800, 'first_arrival_time': 1536981600, 'second_train_section': 23655, 'second_section': 22350, 'second_departure_time': 1536999900, 'second_arrival_time': 1537003920}
138	{'task_type': 'regular', 'locomotive': 22557, 'train_section': 23655, 'section': 22350, 'departure_time': 1536999900, 'arrival_time': 1537003920}
139	{'task_type': 'deadhead', 'locomotive': 22557, 'first_train_section': 23655, 'first_section': 22350, 'first_departure_time': 1536999900, 'first_arrival_time': 1537003920, 'second_train_section': 26792, 'second_section': 22295, 'second_departure_time': 1537119180, 'second_arrival_time': 1537120620}
140	{'task_type': 'regular', 'locomotive': 22557, 'train_section': 26792, 'section': 22295, 'departure_time': 1537119180, 'arrival_time': 1537120620}
141	{'task_type': 'regular', 'locomotive': 22558, 'train_section': 22933, 'section': 22361, 'departure_time': 1536763140, 'arrival_time': 1536766140}
142	{'task_type': 'deadhead', 'locomotive': 22558, 'first_train_section': 22933, 'first_section': 22361, 'first_departure_time': 1536763140, 'first_arrival_time': 1536766140, 'second_train_section': 24980, 'second_section': 22505, 'second_departure_time': 1536774240, 'second_arrival_time': 1536779340}
143	{'task_type': 'regular', 'locomotive': 22558, 'train_section': 24980, 'section': 22505, 'departure_time': 1536774240, 'arrival_time': 1536779340}
144	{'task_type': 'deadhead', 'locomotive': 22558, 'first_train_section': 24980, 'first_section': 22505, 'first_departure_time': 1536774240, 'first_arrival_time': 1536779340, 'second_train_section': 25377, 'second_section': 22495, 'second_departure_time': 1536784440, 'second_arrival_time': 1536787140}
145	{'task_type': 'regular', 'locomotive': 22558, 'train_section': 25377, 'section': 22495, 'departure_time': 1536784440, 'arrival_time': 1536787140}
146	{'task_type': 'deadhead', 'locomotive': 22558, 'first_train_section': 25377, 'first_section': 22495, 'first_departure_time': 1536784440, 'first_arrival_time': 1536787140, 'second_train_section': 24804, 'second_section': 22368, 'second_departure_time': 1536796080, 'second_arrival_time': 1536799800}
147	{'task_type': 'regular', 'locomotive': 22558, 'train_section': 24804, 'section': 22368, 'departure_time': 1536796080, 'arrival_time': 1536799800}
148	{'task_type': 'deadhead', 'locomotive': 22558, 'first_train_section': 24804, 'first_section': 22368, 'first_departure_time': 1536796080, 'first_arrival_time': 1536799800, 'second_train_section': 27348, 'second_section': 22342, 'second_departure_time': 1536810420, 'second_arrival_time': 1536816900}
149	{'task_type': 'regular', 'locomotive': 22558, 'train_section': 27348, 'section': 22342, 'departure_time': 1536810420, 'arrival_time': 1536816900}
150	{'task_type': 'deadhead', 'locomotive': 22558, 'first_train_section': 27348, 'first_section': 22342, 'first_departure_time': 1536810420, 'first_arrival_time': 1536816900, 'second_train_section': 25323, 'second_section': 22290, 'second_departure_time': 1536818760, 'second_arrival_time': 1536825900}
151	{'task_type': 'regular', 'locomotive': 22558, 'train_section': 25323, 'section': 22290, 'departure_time': 1536818760, 'arrival_time': 1536825900}
152	{'task_type': 'deadhead', 'locomotive': 22558, 'first_train_section': 25323, 'first_section': 22290, 'first_departure_time': 1536818760, 'first_arrival_time': 1536825900, 'second_train_section': 24628, 'second_section': 22249, 'second_departure_time': 1536831360, 'second_arrival_time': 1536838800}
153	{'task_type': 'regular', 'locomotive': 22558, 'train_section': 24628, 'section': 22249, 'departure_time': 1536831360, 'arrival_time': 1536838800}
154	{'task_type': 'deadhead', 'locomotive': 22558, 'first_train_section': 24628, 'first_section': 22249, 'first_departure_time': 1536831360, 'first_arrival_time': 1536838800, 'second_train_section': 24041, 'second_section': 22500, 'second_departure_time': 1536845880, 'second_arrival_time': 1536849000}
155	{'task_type': 'regular', 'locomotive': 22558, 'train_section': 24041, 'section': 22500, 'departure_time': 1536845880, 'arrival_time': 1536849000}
156	{'task_type': 'deadhead', 'locomotive': 22558, 'first_train_section': 24949, 'first_section': 22502, 'first_departure_time': 1536865500, 'first_arrival_time': 1536875940, 'second_train_section': 27238, 'second_section': 22368, 'second_departure_time': 1536882480, 'second_arrival_time': 1536886200}
157	{'task_type': 'regular', 'locomotive': 22558, 'train_section': 27238, 'section': 22368, 'departure_time': 1536882480, 'arrival_time': 1536886200}
158	{'task_type': 'regular', 'locomotive': 22558, 'train_section': 27240, 'section': 22308, 'departure_time': 1536886800, 'arrival_time': 1536889560}
159	{'task_type': 'regular', 'locomotive': 22558, 'train_section': 23907, 'section': 22495, 'departure_time': 1536895320, 'arrival_time': 1536898260}
160	{'task_type': 'deadhead', 'locomotive': 22558, 'first_train_section': 25956, 'first_section': 22417, 'first_departure_time': 1536906960, 'first_arrival_time': 1536922440, 'second_train_section': 27632, 'second_section': 22378, 'second_departure_time': 1536928500, 'second_arrival_time': 1536932160}
161	{'task_type': 'regular', 'locomotive': 22558, 'train_section': 27632, 'section': 22378, 'departure_time': 1536928500, 'arrival_time': 1536932160}
162	{'task_type': 'deadhead', 'locomotive': 22558, 'first_train_section': 27632, 'first_section': 22378, 'first_departure_time': 1536928500, 'first_arrival_time': 1536932160, 'second_train_section': 25529, 'second_section': 22500, 'second_departure_time': 1536946680, 'second_arrival_time': 1536949800}
163	{'task_type': 'regular', 'locomotive': 22558, 'train_section': 25529, 'section': 22500, 'departure_time': 1536946680, 'arrival_time': 1536949800}
164	{'task_type': 'regular', 'locomotive': 22558, 'train_section': 23404, 'section': 22356, 'departure_time': 1536956160, 'arrival_time': 1536964200}
165	{'task_type': 'deadhead', 'locomotive': 22558, 'first_train_section': 23404, 'first_section': 22356, 'first_departure_time': 1536956160, 'first_arrival_time': 1536964200, 'second_train_section': 23450, 'second_section': 22308, 'second_departure_time': 1536973200, 'second_arrival_time': 1536975960}
166	{'task_type': 'regular', 'locomotive': 22558, 'train_section': 23450, 'section': 22308, 'departure_time': 1536973200, 'arrival_time': 1536975960}
167	{'task_type': 'deadhead', 'locomotive': 22558, 'first_train_section': 23450, 'first_section': 22308, 'first_departure_time': 1536973200, 'first_arrival_time': 1536975960, 'second_train_section': 23704, 'second_section': 22378, 'second_departure_time': 1536986100, 'second_arrival_time': 1536989760}
168	{'task_type': 'regular', 'locomotive': 22558, 'train_section': 23704, 'section': 22378, 'departure_time': 1536986100, 'arrival_time': 1536989760}
169	{'task_type': 'deadhead', 'locomotive': 22558, 'first_train_section': 23704, 'first_section': 22378, 'first_departure_time': 1536986100, 'first_arrival_time': 1536989760, 'second_train_section': 26929, 'second_section': 22431, 'second_departure_time': 1536999480, 'second_arrival_time': 1537003440}
170	{'task_type': 'regular', 'locomotive': 22558, 'train_section': 26929, 'section': 22431, 'departure_time': 1536999480, 'arrival_time': 1537003440}
171	{'task_type': 'deadhead', 'locomotive': 22558, 'first_train_section': 26929, 'first_section': 22431, 'first_departure_time': 1536999480, 'first_arrival_time': 1537003440, 'second_train_section': 26933, 'second_section': 22304, 'second_departure_time': 1537009320, 'second_arrival_time': 1537014480}
172	{'task_type': 'regular', 'locomotive': 22558, 'train_section': 26933, 'section': 22304, 'departure_time': 1537009320, 'arrival_time': 1537014480}
173	{'task_type': 'deadhead', 'locomotive': 22558, 'first_train_section': 26933, 'first_section': 22304, 'first_departure_time': 1537009320, 'first_arrival_time': 1537014480, 'second_train_section': 24437, 'second_section': 22500, 'second_departure_time': 1537029540, 'second_arrival_time': 1537031280}
174	{'task_type': 'regular', 'locomotive': 22558, 'train_section': 24437, 'section': 22500, 'departure_time': 1537029540, 'arrival_time': 1537031280}
175	{'task_type': 'regular', 'locomotive': 22558, 'train_section': 23487, 'section': 22416, 'departure_time': 1537088040, 'arrival_time': 1537091700}
176	{'task_type': 'regular', 'locomotive': 22560, 'train_section': 23687, 'section': 22404, 'departure_time': 1536747600, 'arrival_time': 1536756360}
177	{'task_type': 'deadhead', 'locomotive': 22560, 'first_train_section': 23687, 'first_section': 22404, 'first_departure_time': 1536747600, 'first_arrival_time': 1536756360, 'second_train_section': 24891, 'second_section': 22500, 'second_departure_time': 1536766680, 'second_arrival_time': 1536769800}
178	{'task_type': 'regular', 'locomotive': 22560, 'train_section': 24891, 'section': 22500, 'departure_time': 1536766680, 'arrival_time': 1536769800}
179	{'task_type': 'regular', 'locomotive': 22561, 'train_section': 22651, 'section': 22452, 'departure_time': 1536713520, 'arrival_time': 1536716220}
180	{'task_type': 'deadhead', 'locomotive': 22561, 'first_train_section': 22651, 'first_section': 22452, 'first_departure_time': 1536713520, 'first_arrival_time': 1536716220, 'second_train_section': 27271, 'second_section': 22326, 'second_departure_time': 1536723420, 'second_arrival_time': 1536732360}
181	{'task_type': 'regular', 'locomotive': 22561, 'train_section': 27271, 'section': 22326, 'departure_time': 1536723420, 'arrival_time': 1536732360}
182	{'task_type': 'deadhead', 'locomotive': 22561, 'first_train_section': 27271, 'first_section': 22326, 'first_departure_time': 1536723420, 'first_arrival_time': 1536732360, 'second_train_section': 26672, 'second_section': 22447, 'second_departure_time': 1536735180, 'second_arrival_time': 1536738240}
183	{'task_type': 'regular', 'locomotive': 22561, 'train_section': 26672, 'section': 22447, 'departure_time': 1536735180, 'arrival_time': 1536738240}
184	{'task_type': 'regular', 'locomotive': 22561, 'train_section': 22998, 'section': 22329, 'departure_time': 1536771480, 'arrival_time': 1536772920}
185	{'task_type': 'deadhead', 'locomotive': 22561, 'first_train_section': 22998, 'first_section': 22329, 'first_departure_time': 1536771480, 'first_arrival_time': 1536772920, 'second_train_section': 25651, 'second_section': 22289, 'second_departure_time': 1536780960, 'second_arrival_time': 1536788700}
186	{'task_type': 'regular', 'locomotive': 22561, 'train_section': 25651, 'section': 22289, 'departure_time': 1536780960, 'arrival_time': 1536788700}
187	{'task_type': 'deadhead', 'locomotive': 22561, 'first_train_section': 25651, 'first_section': 22289, 'first_departure_time': 1536780960, 'first_arrival_time': 1536788700, 'second_train_section': 27518, 'second_section': 22325, 'second_departure_time': 1536806100, 'second_arrival_time': 1536820380}
188	{'task_type': 'regular', 'locomotive': 22561, 'train_section': 27518, 'section': 22325, 'departure_time': 1536806100, 'arrival_time': 1536820380}
189	{'task_type': 'regular', 'locomotive': 22561, 'train_section': 22884, 'section': 22234, 'departure_time': 1536821400, 'arrival_time': 1536824160}
190	{'task_type': 'deadhead', 'locomotive': 22561, 'first_train_section': 22884, 'first_section': 22234, 'first_departure_time': 1536821400, 'first_arrival_time': 1536824160, 'second_train_section': 25177, 'second_section': 22262, 'second_departure_time': 1536844080, 'second_arrival_time': 1536844380}
191	{'task_type': 'regular', 'locomotive': 22561, 'train_section': 25177, 'section': 22262, 'departure_time': 1536844080, 'arrival_time': 1536844380}
192	{'task_type': 'deadhead', 'locomotive': 22561, 'first_train_section': 25177, 'first_section': 22262, 'first_departure_time': 1536844080, 'first_arrival_time': 1536844380, 'second_train_section': 26447, 'second_section': 22482, 'second_departure_time': 1536848700, 'second_arrival_time': 1536850620}
193	{'task_type': 'regular', 'locomotive': 22561, 'train_section': 26447, 'section': 22482, 'departure_time': 1536848700, 'arrival_time': 1536850620}
194	{'task_type': 'deadhead', 'locomotive': 22561, 'first_train_section': 26795, 'first_section': 22359, 'first_departure_time': 1536859800, 'first_arrival_time': 1536872400, 'second_train_section': 26847, 'second_section': 22369, 'second_departure_time': 1536880320, 'second_arrival_time': 1536883140}
195	{'task_type': 'regular', 'locomotive': 22561, 'train_section': 26847, 'section': 22369, 'departure_time': 1536880320, 'arrival_time': 1536883140}
196	{'task_type': 'deadhead', 'locomotive': 22561, 'first_train_section': 26847, 'first_section': 22369, 'first_departure_time': 1536880320, 'first_arrival_time': 1536883140, 'second_train_section': 25347, 'second_section': 22467, 'second_departure_time': 1536892800, 'second_arrival_time': 1536895500}
197	{'task_type': 'regular', 'locomotive': 22561, 'train_section': 25347, 'section': 22467, 'departure_time': 1536892800, 'arrival_time': 1536895500}
198	{'task_type': 'deadhead', 'locomotive': 22561, 'first_train_section': 25347, 'first_section': 22467, 'first_departure_time': 1536892800, 'first_arrival_time': 1536895500, 'second_train_section': 23801, 'second_section': 22333, 'second_departure_time': 1536905700, 'second_arrival_time': 1536908520}
199	{'task_type': 'regular', 'locomotive': 22561, 'train_section': 23801, 'section': 22333, 'departure_time': 1536905700, 'arrival_time': 1536908520}
200	{'task_type': 'deadhead', 'locomotive': 22561, 'first_train_section': 23801, 'first_section': 22333, 'first_departure_time': 1536905700, 'first_arrival_time': 1536908520, 'second_train_section': 23079, 'second_section': 22438, 'second_departure_time': 1536918720, 'second_arrival_time': 1536929460}
201	{'task_type': 'regular', 'locomotive': 22561, 'train_section': 23079, 'section': 22438, 'departure_time': 1536918720, 'arrival_time': 1536929460}
202	{'task_type': 'deadhead', 'locomotive': 22561, 'first_train_section': 25442, 'first_section': 22470, 'first_departure_time': 1536934320, 'first_arrival_time': 1536938220, 'second_train_section': 24968, 'second_section': 22256, 'second_departure_time': 1536945000, 'second_arrival_time': 1536947280}
203	{'task_type': 'regular', 'locomotive': 22561, 'train_section': 24968, 'section': 22256, 'departure_time': 1536945000, 'arrival_time': 1536947280}
204	{'task_type': 'deadhead', 'locomotive': 22561, 'first_train_section': 24968, 'first_section': 22256, 'first_departure_time': 1536945000, 'first_arrival_time': 1536947280, 'second_train_section': 26545, 'second_section': 22323, 'second_departure_time': 1536954540, 'second_arrival_time': 1536957780}
205	{'task_type': 'regular', 'locomotive': 22561, 'train_section': 26545, 'section': 22323, 'departure_time': 1536954540, 'arrival_time': 1536957780}
206	{'task_type': 'deadhead', 'locomotive': 22561, 'first_train_section': 26545, 'first_section': 22323, 'first_departure_time': 1536954540, 'first_arrival_time': 1536957780, 'second_train_section': 26563, 'second_section': 22330, 'second_departure_time': 1536968400, 'second_arrival_time': 1536976620}
207	{'task_type': 'regular', 'locomotive': 22561, 'train_section': 26563, 'section': 22330, 'departure_time': 1536968400, 'arrival_time': 1536976620}
208	{'task_type': 'deadhead', 'locomotive': 22561, 'first_train_section': 26563, 'first_section': 22330, 'first_departure_time': 1536968400, 'first_arrival_time': 1536976620, 'second_train_section': 25196, 'second_section': 22404, 'second_departure_time': 1536978060, 'second_arrival_time': 1536987300}
209	{'task_type': 'regular', 'locomotive': 22561, 'train_section': 25196, 'section': 22404, 'departure_time': 1536978060, 'arrival_time': 1536987300}
210	{'task_type': 'deadhead', 'locomotive': 22561, 'first_train_section': 25196, 'first_section': 22404, 'first_departure_time': 1536978060, 'first_arrival_time': 1536987300, 'second_train_section': 25853, 'second_section': 22407, 'second_departure_time': 1536999960, 'second_arrival_time': 1537006800}
211	{'task_type': 'regular', 'locomotive': 22561, 'train_section': 25853, 'section': 22407, 'departure_time': 1536999960, 'arrival_time': 1537006800}
212	{'task_type': 'regular', 'locomotive': 22562, 'train_section': 24173, 'section': 22423, 'departure_time': 1536737580, 'arrival_time': 1536750120}
213	{'task_type': 'regular', 'locomotive': 22562, 'train_section': 25642, 'section': 22338, 'departure_time': 1536762240, 'arrival_time': 1536774360}
214	{'task_type': 'deadhead', 'locomotive': 22562, 'first_train_section': 25642, 'first_section': 22338, 'first_departure_time': 1536762240, 'first_arrival_time': 1536774360, 'second_train_section': 25412, 'second_section': 22385, 'second_departure_time': 1536778020, 'second_arrival_time': 1536778800}
215	{'task_type': 'regular', 'locomotive': 22562, 'train_section': 25412, 'section': 22385, 'departure_time': 1536778020, 'arrival_time': 1536778800}
216	{'task_type': 'deadhead', 'locomotive': 22562, 'first_train_section': 25412, 'first_section': 22385, 'first_departure_time': 1536778020, 'first_arrival_time': 1536778800, 'second_train_section': 24734, 'second_section': 22431, 'second_departure_time': 1536781260, 'second_arrival_time': 1536785460}
217	{'task_type': 'regular', 'locomotive': 22562, 'train_section': 24734, 'section': 22431, 'departure_time': 1536781260, 'arrival_time': 1536785460}
218	{'task_type': 'deadhead', 'locomotive': 22562, 'first_train_section': 24734, 'first_section': 22431, 'first_departure_time': 1536781260, 'first_arrival_time': 1536785460, 'second_train_section': 23106, 'second_section': 22478, 'second_departure_time': 1536790860, 'second_arrival_time': 1536793380}
219	{'task_type': 'regular', 'locomotive': 22562, 'train_section': 23106, 'section': 22478, 'departure_time': 1536790860, 'arrival_time': 1536793380}
220	{'task_type': 'deadhead', 'locomotive': 22562, 'first_train_section': 23106, 'first_section': 22478, 'first_departure_time': 1536790860, 'first_arrival_time': 1536793380, 'second_train_section': 23177, 'second_section': 22322, 'second_departure_time': 1536811020, 'second_arrival_time': 1536820680}
221	{'task_type': 'regular', 'locomotive': 22562, 'train_section': 23177, 'section': 22322, 'departure_time': 1536811020, 'arrival_time': 1536820680}
222	{'task_type': 'deadhead', 'locomotive': 22562, 'first_train_section': 23177, 'first_section': 22322, 'first_departure_time': 1536811020, 'first_arrival_time': 1536820680, 'second_train_section': 24974, 'second_section': 22279, 'second_departure_time': 1536821400, 'second_arrival_time': 1536826980}
223	{'task_type': 'regular', 'locomotive': 22562, 'train_section': 24974, 'section': 22279, 'departure_time': 1536821400, 'arrival_time': 1536826980}
224	{'task_type': 'deadhead', 'locomotive': 22562, 'first_train_section': 24974, 'first_section': 22279, 'first_departure_time': 1536821400, 'first_arrival_time': 1536826980, 'second_train_section': 23505, 'second_section': 22416, 'second_departure_time': 1536846840, 'second_arrival_time': 1536850500}
225	{'task_type': 'regular', 'locomotive': 22562, 'train_section': 23505, 'section': 22416, 'departure_time': 1536846840, 'arrival_time': 1536850500}
226	{'task_type': 'deadhead', 'locomotive': 22562, 'first_train_section': 23505, 'first_section': 22416, 'first_departure_time': 1536846840, 'first_arrival_time': 1536850500, 'second_train_section': 26015, 'second_section': 22277, 'second_departure_time': 1536867300, 'second_arrival_time': 1536870780}
227	{'task_type': 'regular', 'locomotive': 22562, 'train_section': 26015, 'section': 22277, 'departure_time': 1536867300, 'arrival_time': 1536870780}
228	{'task_type': 'deadhead', 'locomotive': 22562, 'first_train_section': 26015, 'first_section': 22277, 'first_departure_time': 1536867300, 'first_arrival_time': 1536870780, 'second_train_section': 23188, 'second_section': 22334, 'second_departure_time': 1536893160, 'second_arrival_time': 1536896400}
229	{'task_type': 'regular', 'locomotive': 22562, 'train_section': 23188, 'section': 22334, 'departure_time': 1536893160, 'arrival_time': 1536896400}
230	{'task_type': 'deadhead', 'locomotive': 22562, 'first_train_section': 23188, 'first_section': 22334, 'first_departure_time': 1536893160, 'first_arrival_time': 1536896400, 'second_train_section': 22972, 'second_section': 22472, 'second_departure_time': 1536901980, 'second_arrival_time': 1536907140}
231	{'task_type': 'regular', 'locomotive': 22562, 'train_section': 22972, 'section': 22472, 'departure_time': 1536901980, 'arrival_time': 1536907140}
232	{'task_type': 'deadhead', 'locomotive': 22562, 'first_train_section': 22972, 'first_section': 22472, 'first_departure_time': 1536901980, 'first_arrival_time': 1536907140, 'second_train_section': 25691, 'second_section': 22485, 'second_departure_time': 1536911640, 'second_arrival_time': 1536919080}
233	{'task_type': 'regular', 'locomotive': 22562, 'train_section': 25691, 'section': 22485, 'departure_time': 1536911640, 'arrival_time': 1536919080}
234	{'task_type': 'deadhead', 'locomotive': 22562, 'first_train_section': 25691, 'first_section': 22485, 'first_departure_time': 1536911640, 'first_arrival_time': 1536919080, 'second_train_section': 24483, 'second_section': 22485, 'second_departure_time': 1536929940, 'second_arrival_time': 1536938580}
235	{'task_type': 'regular', 'locomotive': 22562, 'train_section': 24483, 'section': 22485, 'departure_time': 1536929940, 'arrival_time': 1536938580}
236	{'task_type': 'regular', 'locomotive': 22562, 'train_section': 24485, 'section': 22264, 'departure_time': 1536940380, 'arrival_time': 1536940800}
237	{'task_type': 'deadhead', 'locomotive': 22562, 'first_train_section': 24485, 'first_section': 22264, 'first_departure_time': 1536940380, 'first_arrival_time': 1536940800, 'second_train_section': 25972, 'second_section': 22495, 'second_departure_time': 1536947580, 'second_arrival_time': 1536950460}
238	{'task_type': 'regular', 'locomotive': 22562, 'train_section': 25972, 'section': 22495, 'departure_time': 1536947580, 'arrival_time': 1536950460}
239	{'task_type': 'deadhead', 'locomotive': 22562, 'first_train_section': 25972, 'first_section': 22495, 'first_departure_time': 1536947580, 'first_arrival_time': 1536950460, 'second_train_section': 23728, 'second_section': 22505, 'second_departure_time': 1536957300, 'second_arrival_time': 1536962700}
240	{'task_type': 'regular', 'locomotive': 22562, 'train_section': 23728, 'section': 22505, 'departure_time': 1536957300, 'arrival_time': 1536962700}
241	{'task_type': 'deadhead', 'locomotive': 22562, 'first_train_section': 23728, 'first_section': 22505, 'first_departure_time': 1536957300, 'first_arrival_time': 1536962700, 'second_train_section': 27253, 'second_section': 22438, 'second_departure_time': 1536990600, 'second_arrival_time': 1537001460}
242	{'task_type': 'regular', 'locomotive': 22562, 'train_section': 27253, 'section': 22438, 'departure_time': 1536990600, 'arrival_time': 1537001460}
243	{'task_type': 'regular', 'locomotive': 22563, 'train_section': 24012, 'section': 22485, 'departure_time': 1536670740, 'arrival_time': 1536679380}
244	{'task_type': 'deadhead', 'locomotive': 22563, 'first_train_section': 24012, 'first_section': 22485, 'first_departure_time': 1536670740, 'first_arrival_time': 1536679380, 'second_train_section': 23233, 'second_section': 22479, 'second_departure_time': 1536695460, 'second_arrival_time': 1536697320}
245	{'task_type': 'regular', 'locomotive': 22563, 'train_section': 23233, 'section': 22479, 'departure_time': 1536695460, 'arrival_time': 1536697320}
246	{'task_type': 'regular', 'locomotive': 22563, 'train_section': 26981, 'section': 22259, 'departure_time': 1536700500, 'arrival_time': 1536700920}
247	{'task_type': 'deadhead', 'locomotive': 22563, 'first_train_section': 26981, 'first_section': 22259, 'first_departure_time': 1536700500, 'first_arrival_time': 1536700920, 'second_train_section': 23871, 'second_section': 22352, 'second_departure_time': 1536706320, 'second_arrival_time': 1536713040}
248	{'task_type': 'regular', 'locomotive': 22563, 'train_section': 23871, 'section': 22352, 'departure_time': 1536706320, 'arrival_time': 1536713040}
249	{'task_type': 'deadhead', 'locomotive': 22563, 'first_train_section': 23871, 'first_section': 22352, 'first_departure_time': 1536706320, 'first_arrival_time': 1536713040, 'second_train_section': 23202, 'second_section': 22342, 'second_departure_time': 1536724020, 'second_arrival_time': 1536730500}
250	{'task_type': 'regular', 'locomotive': 22563, 'train_section': 23202, 'section': 22342, 'departure_time': 1536724020, 'arrival_time': 1536730500}
251	{'task_type': 'deadhead', 'locomotive': 22563, 'first_train_section': 23202, 'first_section': 22342, 'first_departure_time': 1536724020, 'first_arrival_time': 1536730500, 'second_train_section': 24189, 'second_section': 22290, 'second_departure_time': 1536732360, 'second_arrival_time': 1536739500}
252	{'task_type': 'regular', 'locomotive': 22563, 'train_section': 24189, 'section': 22290, 'departure_time': 1536732360, 'arrival_time': 1536739500}
253	{'task_type': 'deadhead', 'locomotive': 22563, 'first_train_section': 24189, 'first_section': 22290, 'first_departure_time': 1536732360, 'first_arrival_time': 1536739500, 'second_train_section': 27132, 'second_section': 22472, 'second_departure_time': 1536750780, 'second_arrival_time': 1536755940}
254	{'task_type': 'regular', 'locomotive': 22563, 'train_section': 27132, 'section': 22472, 'departure_time': 1536750780, 'arrival_time': 1536755940}
255	{'task_type': 'deadhead', 'locomotive': 22563, 'first_train_section': 27132, 'first_section': 22472, 'first_departure_time': 1536750780, 'first_arrival_time': 1536755940, 'second_train_section': 24996, 'second_section': 22310, 'second_departure_time': 1536765300, 'second_arrival_time': 1536766740}
256	{'task_type': 'regular', 'locomotive': 22563, 'train_section': 24996, 'section': 22310, 'departure_time': 1536765300, 'arrival_time': 1536766740}
257	{'task_type': 'deadhead', 'locomotive': 22563, 'first_train_section': 24996, 'first_section': 22310, 'first_departure_time': 1536765300, 'first_arrival_time': 1536766740, 'second_train_section': 27218, 'second_section': 22378, 'second_departure_time': 1536775500, 'second_arrival_time': 1536779160}
258	{'task_type': 'regular', 'locomotive': 22563, 'train_section': 27218, 'section': 22378, 'departure_time': 1536775500, 'arrival_time': 1536779160}
259	{'task_type': 'deadhead', 'locomotive': 22563, 'first_train_section': 27218, 'first_section': 22378, 'first_departure_time': 1536775500, 'first_arrival_time': 1536779160, 'second_train_section': 26770, 'second_section': 22505, 'second_departure_time': 1536794100, 'second_arrival_time': 1536798840}
260	{'task_type': 'regular', 'locomotive': 22563, 'train_section': 26770, 'section': 22505, 'departure_time': 1536794100, 'arrival_time': 1536798840}
261	{'task_type': 'deadhead', 'locomotive': 22563, 'first_train_section': 26770, 'first_section': 22505, 'first_departure_time': 1536794100, 'first_arrival_time': 1536798840, 'second_train_section': 26503, 'second_section': 22401, 'second_departure_time': 1536815340, 'second_arrival_time': 1536816660}
262	{'task_type': 'regular', 'locomotive': 22563, 'train_section': 26503, 'section': 22401, 'departure_time': 1536815340, 'arrival_time': 1536816660}
263	{'task_type': 'deadhead', 'locomotive': 22563, 'first_train_section': 26503, 'first_section': 22401, 'first_departure_time': 1536815340, 'first_arrival_time': 1536816660, 'second_train_section': 25942, 'second_section': 22409, 'second_departure_time': 1536818340, 'second_arrival_time': 1536825840}
264	{'task_type': 'regular', 'locomotive': 22563, 'train_section': 25942, 'section': 22409, 'departure_time': 1536818340, 'arrival_time': 1536825840}
265	{'task_type': 'deadhead', 'locomotive': 22563, 'first_train_section': 25942, 'first_section': 22409, 'first_departure_time': 1536818340, 'first_arrival_time': 1536825840, 'second_train_section': 26135, 'second_section': 22249, 'second_departure_time': 1536850080, 'second_arrival_time': 1536856080}
266	{'task_type': 'regular', 'locomotive': 22563, 'train_section': 26135, 'section': 22249, 'departure_time': 1536850080, 'arrival_time': 1536856080}
267	{'task_type': 'deadhead', 'locomotive': 22563, 'first_train_section': 26135, 'first_section': 22249, 'first_departure_time': 1536850080, 'first_arrival_time': 1536856080, 'second_train_section': 26732, 'second_section': 22261, 'second_departure_time': 1536867900, 'second_arrival_time': 1536869460}
268	{'task_type': 'regular', 'locomotive': 22563, 'train_section': 26732, 'section': 22261, 'departure_time': 1536867900, 'arrival_time': 1536869460}
269	{'task_type': 'deadhead', 'locomotive': 22563, 'first_train_section': 26732, 'first_section': 22261, 'first_departure_time': 1536867900, 'first_arrival_time': 1536869460, 'second_train_section': 24845, 'second_section': 22386, 'second_departure_time': 1536890280, 'second_arrival_time': 1536895080}
270	{'task_type': 'regular', 'locomotive': 22563, 'train_section': 24845, 'section': 22386, 'departure_time': 1536890280, 'arrival_time': 1536895080}
271	{'task_type': 'deadhead', 'locomotive': 22563, 'first_train_section': 24845, 'first_section': 22386, 'first_departure_time': 1536890280, 'first_arrival_time': 1536895080, 'second_train_section': 24530, 'second_section': 22507, 'second_departure_time': 1536914760, 'second_arrival_time': 1536918360}
272	{'task_type': 'regular', 'locomotive': 22563, 'train_section': 24530, 'section': 22507, 'departure_time': 1536914760, 'arrival_time': 1536918360}
273	{'task_type': 'deadhead', 'locomotive': 22563, 'first_train_section': 24530, 'first_section': 22507, 'first_departure_time': 1536914760, 'first_arrival_time': 1536918360, 'second_train_section': 27541, 'second_section': 22399, 'second_departure_time': 1536937800, 'second_arrival_time': 1536939240}
274	{'task_type': 'regular', 'locomotive': 22563, 'train_section': 27541, 'section': 22399, 'departure_time': 1536937800, 'arrival_time': 1536939240}
275	{'task_type': 'deadhead', 'locomotive': 22563, 'first_train_section': 27541, 'first_section': 22399, 'first_departure_time': 1536937800, 'first_arrival_time': 1536939240, 'second_train_section': 25835, 'second_section': 22307, 'second_departure_time': 1536957060, 'second_arrival_time': 1536959100}
276	{'task_type': 'regular', 'locomotive': 22563, 'train_section': 25835, 'section': 22307, 'departure_time': 1536957060, 'arrival_time': 1536959100}
277	{'task_type': 'deadhead', 'locomotive': 22563, 'first_train_section': 25835, 'first_section': 22307, 'first_departure_time': 1536957060, 'first_arrival_time': 1536959100, 'second_train_section': 26176, 'second_section': 22309, 'second_departure_time': 1536963960, 'second_arrival_time': 1536968820}
278	{'task_type': 'regular', 'locomotive': 22563, 'train_section': 26176, 'section': 22309, 'departure_time': 1536963960, 'arrival_time': 1536968820}
279	{'task_type': 'deadhead', 'locomotive': 22563, 'first_train_section': 26176, 'first_section': 22309, 'first_departure_time': 1536963960, 'first_arrival_time': 1536968820, 'second_train_section': 24754, 'second_section': 22356, 'second_departure_time': 1536973320, 'second_arrival_time': 1536981060}
280	{'task_type': 'regular', 'locomotive': 22563, 'train_section': 24754, 'section': 22356, 'departure_time': 1536973320, 'arrival_time': 1536981060}
281	{'task_type': 'deadhead', 'locomotive': 22563, 'first_train_section': 24754, 'first_section': 22356, 'first_departure_time': 1536973320, 'first_arrival_time': 1536981060, 'second_train_section': 26206, 'second_section': 22313, 'second_departure_time': 1537008480, 'second_arrival_time': 1537013400}
282	{'task_type': 'regular', 'locomotive': 22563, 'train_section': 26206, 'section': 22313, 'departure_time': 1537008480, 'arrival_time': 1537013400}
283	{'task_type': 'regular', 'locomotive': 22565, 'train_section': 25825, 'section': 22414, 'departure_time': 1536676080, 'arrival_time': 1536680460}
284	{'task_type': 'deadhead', 'locomotive': 22565, 'first_train_section': 25825, 'first_section': 22414, 'first_departure_time': 1536676080, 'first_arrival_time': 1536680460, 'second_train_section': 27425, 'second_section': 22431, 'second_departure_time': 1536704340, 'second_arrival_time': 1536708540}
285	{'task_type': 'regular', 'locomotive': 22565, 'train_section': 27425, 'section': 22431, 'departure_time': 1536704340, 'arrival_time': 1536708540}
286	{'task_type': 'deadhead', 'locomotive': 22565, 'first_train_section': 27425, 'first_section': 22431, 'first_departure_time': 1536704340, 'first_arrival_time': 1536708540, 'second_train_section': 27429, 'second_section': 22309, 'second_departure_time': 1536712980, 'second_arrival_time': 1536717600}
287	{'task_type': 'regular', 'locomotive': 22565, 'train_section': 27429, 'section': 22309, 'departure_time': 1536712980, 'arrival_time': 1536717600}
288	{'task_type': 'deadhead', 'locomotive': 22565, 'first_train_section': 27429, 'first_section': 22309, 'first_departure_time': 1536712980, 'first_arrival_time': 1536717600, 'second_train_section': 24765, 'second_section': 22477, 'second_departure_time': 1536726000, 'second_arrival_time': 1536728400}
289	{'task_type': 'regular', 'locomotive': 22565, 'train_section': 24765, 'section': 22477, 'departure_time': 1536726000, 'arrival_time': 1536728400}
290	{'task_type': 'deadhead', 'locomotive': 22565, 'first_train_section': 24765, 'first_section': 22477, 'first_departure_time': 1536726000, 'first_arrival_time': 1536728400, 'second_train_section': 23502, 'second_section': 22312, 'second_departure_time': 1536733800, 'second_arrival_time': 1536734880}
291	{'task_type': 'regular', 'locomotive': 22565, 'train_section': 23502, 'section': 22312, 'departure_time': 1536733800, 'arrival_time': 1536734880}
292	{'task_type': 'deadhead', 'locomotive': 22565, 'first_train_section': 23502, 'first_section': 22312, 'first_departure_time': 1536733800, 'first_arrival_time': 1536734880, 'second_train_section': 24192, 'second_section': 22349, 'second_departure_time': 1536741120, 'second_arrival_time': 1536746700}
293	{'task_type': 'regular', 'locomotive': 22565, 'train_section': 24192, 'section': 22349, 'departure_time': 1536741120, 'arrival_time': 1536746700}
294	{'task_type': 'deadhead', 'locomotive': 22565, 'first_train_section': 24192, 'first_section': 22349, 'first_departure_time': 1536741120, 'first_arrival_time': 1536746700, 'second_train_section': 25257, 'second_section': 22245, 'second_departure_time': 1536759060, 'second_arrival_time': 1536764220}
295	{'task_type': 'regular', 'locomotive': 22565, 'train_section': 25257, 'section': 22245, 'departure_time': 1536759060, 'arrival_time': 1536764220}
296	{'task_type': 'deadhead', 'locomotive': 22565, 'first_train_section': 25257, 'first_section': 22245, 'first_departure_time': 1536759060, 'first_arrival_time': 1536764220, 'second_train_section': 25261, 'second_section': 22496, 'second_departure_time': 1536767640, 'second_arrival_time': 1536771480}
297	{'task_type': 'regular', 'locomotive': 22565, 'train_section': 25261, 'section': 22496, 'departure_time': 1536767640, 'arrival_time': 1536771480}
298	{'task_type': 'deadhead', 'locomotive': 22565, 'first_train_section': 25261, 'first_section': 22496, 'first_departure_time': 1536767640, 'first_arrival_time': 1536771480, 'second_train_section': 26556, 'second_section': 22431, 'second_departure_time': 1536775380, 'second_arrival_time': 1536779340}
299	{'task_type': 'regular', 'locomotive': 22565, 'train_section': 26556, 'section': 22431, 'departure_time': 1536775380, 'arrival_time': 1536779340}
300	{'task_type': 'regular', 'locomotive': 22565, 'train_section': 26558, 'section': 22495, 'departure_time': 1536780480, 'arrival_time': 1536783420}
301	{'task_type': 'deadhead', 'locomotive': 22565, 'first_train_section': 26558, 'first_section': 22495, 'first_departure_time': 1536780480, 'first_arrival_time': 1536783420, 'second_train_section': 24736, 'second_section': 22495, 'second_departure_time': 1536787380, 'second_arrival_time': 1536790320}
302	{'task_type': 'regular', 'locomotive': 22565, 'train_section': 24736, 'section': 22495, 'departure_time': 1536787380, 'arrival_time': 1536790320}
303	{'task_type': 'regular', 'locomotive': 22565, 'train_section': 26772, 'section': 22308, 'departure_time': 1536799560, 'arrival_time': 1536802320}
304	{'task_type': 'deadhead', 'locomotive': 22565, 'first_train_section': 26772, 'first_section': 22308, 'first_departure_time': 1536799560, 'first_arrival_time': 1536802320, 'second_train_section': 24297, 'second_section': 22378, 'second_departure_time': 1536811500, 'second_arrival_time': 1536815160}
305	{'task_type': 'regular', 'locomotive': 22565, 'train_section': 24297, 'section': 22378, 'departure_time': 1536811500, 'arrival_time': 1536815160}
306	{'task_type': 'regular', 'locomotive': 22565, 'train_section': 25275, 'section': 22416, 'departure_time': 1536837840, 'arrival_time': 1536841500}
307	{'task_type': 'regular', 'locomotive': 22565, 'train_section': 23846, 'section': 22378, 'departure_time': 1536843900, 'arrival_time': 1536847560}
308	{'task_type': 'deadhead', 'locomotive': 22565, 'first_train_section': 23610, 'first_section': 22473, 'first_departure_time': 1536854700, 'first_arrival_time': 1536875940, 'second_train_section': 27567, 'second_section': 22309, 'second_departure_time': 1536885780, 'second_arrival_time': 1536890400}
309	{'task_type': 'regular', 'locomotive': 22565, 'train_section': 27567, 'section': 22309, 'departure_time': 1536885780, 'arrival_time': 1536890400}
310	{'task_type': 'deadhead', 'locomotive': 22565, 'first_train_section': 27567, 'first_section': 22309, 'first_departure_time': 1536885780, 'first_arrival_time': 1536890400, 'second_train_section': 25191, 'second_section': 22308, 'second_departure_time': 1536897300, 'second_arrival_time': 1536900000}
311	{'task_type': 'regular', 'locomotive': 22565, 'train_section': 25191, 'section': 22308, 'departure_time': 1536897300, 'arrival_time': 1536900000}
312	{'task_type': 'deadhead', 'locomotive': 22565, 'first_train_section': 25191, 'first_section': 22308, 'first_departure_time': 1536897300, 'first_arrival_time': 1536900000, 'second_train_section': 26801, 'second_section': 22312, 'second_departure_time': 1536906600, 'second_arrival_time': 1536907680}
313	{'task_type': 'regular', 'locomotive': 22565, 'train_section': 26801, 'section': 22312, 'departure_time': 1536906600, 'arrival_time': 1536907680}
314	{'task_type': 'deadhead', 'locomotive': 22565, 'first_train_section': 26801, 'first_section': 22312, 'first_departure_time': 1536906600, 'first_arrival_time': 1536907680, 'second_train_section': 24243, 'second_section': 22349, 'second_departure_time': 1536913920, 'second_arrival_time': 1536919500}
315	{'task_type': 'regular', 'locomotive': 22565, 'train_section': 24243, 'section': 22349, 'departure_time': 1536913920, 'arrival_time': 1536919500}
316	{'task_type': 'regular', 'locomotive': 22565, 'train_section': 24276, 'section': 22482, 'departure_time': 1536922080, 'arrival_time': 1536923700}
317	{'task_type': 'deadhead', 'locomotive': 22565, 'first_train_section': 24276, 'first_section': 22482, 'first_departure_time': 1536922080, 'first_arrival_time': 1536923700, 'second_train_section': 24374, 'second_section': 22247, 'second_departure_time': 1536931620, 'second_arrival_time': 1536943020}
318	{'task_type': 'regular', 'locomotive': 22565, 'train_section': 24374, 'section': 22247, 'departure_time': 1536931620, 'arrival_time': 1536943020}
319	{'task_type': 'deadhead', 'locomotive': 22565, 'first_train_section': 24374, 'first_section': 22247, 'first_departure_time': 1536931620, 'first_arrival_time': 1536943020, 'second_train_section': 25976, 'second_section': 22247, 'second_departure_time': 1536956160, 'second_arrival_time': 1536964860}
320	{'task_type': 'regular', 'locomotive': 22565, 'train_section': 25976, 'section': 22247, 'departure_time': 1536956160, 'arrival_time': 1536964860}
321	{'task_type': 'deadhead', 'locomotive': 22565, 'first_train_section': 25976, 'first_section': 22247, 'first_departure_time': 1536956160, 'first_arrival_time': 1536964860, 'second_train_section': 25895, 'second_section': 22407, 'second_departure_time': 1536971520, 'second_arrival_time': 1536978960}
322	{'task_type': 'regular', 'locomotive': 22565, 'train_section': 25895, 'section': 22407, 'departure_time': 1536971520, 'arrival_time': 1536978960}
323	{'task_type': 'deadhead', 'locomotive': 22565, 'first_train_section': 25895, 'first_section': 22407, 'first_departure_time': 1536971520, 'first_arrival_time': 1536978960, 'second_train_section': 24582, 'second_section': 22387, 'second_departure_time': 1536989880, 'second_arrival_time': 1536991320}
324	{'task_type': 'regular', 'locomotive': 22565, 'train_section': 24582, 'section': 22387, 'departure_time': 1536989880, 'arrival_time': 1536991320}
325	{'task_type': 'regular', 'locomotive': 22565, 'train_section': 25991, 'section': 22327, 'departure_time': 1536995280, 'arrival_time': 1537001640}
326	{'task_type': 'deadhead', 'locomotive': 22565, 'first_train_section': 25991, 'first_section': 22327, 'first_departure_time': 1536995280, 'first_arrival_time': 1537001640, 'second_train_section': 24652, 'second_section': 22327, 'second_departure_time': 1537009680, 'second_arrival_time': 1537016040}
327	{'task_type': 'regular', 'locomotive': 22565, 'train_section': 24652, 'section': 22327, 'departure_time': 1537009680, 'arrival_time': 1537016040}
328	{'task_type': 'deadhead', 'locomotive': 22565, 'first_train_section': 24652, 'first_section': 22327, 'first_departure_time': 1537009680, 'first_arrival_time': 1537016040, 'second_train_section': 27051, 'second_section': 22334, 'second_departure_time': 1537042620, 'second_arrival_time': 1537045800}
329	{'task_type': 'regular', 'locomotive': 22565, 'train_section': 27051, 'section': 22334, 'departure_time': 1537042620, 'arrival_time': 1537045800}
330	{'task_type': 'deadhead', 'locomotive': 22565, 'first_train_section': 27051, 'first_section': 22334, 'first_departure_time': 1537042620, 'first_arrival_time': 1537045800, 'second_train_section': 23244, 'second_section': 22233, 'second_departure_time': 1537078860, 'second_arrival_time': 1537094340}
331	{'task_type': 'regular', 'locomotive': 22565, 'train_section': 23244, 'section': 22233, 'departure_time': 1537078860, 'arrival_time': 1537094340}
332	{'task_type': 'regular', 'locomotive': 22566, 'train_section': 27167, 'section': 22315, 'departure_time': 1536684480, 'arrival_time': 1536688980}
333	{'task_type': 'deadhead', 'locomotive': 22566, 'first_train_section': 23532, 'first_section': 22470, 'first_departure_time': 1536702000, 'first_arrival_time': 1536703140, 'second_train_section': 27521, 'second_section': 22330, 'second_departure_time': 1536709200, 'second_arrival_time': 1536717420}
334	{'task_type': 'regular', 'locomotive': 22566, 'train_section': 27521, 'section': 22330, 'departure_time': 1536709200, 'arrival_time': 1536717420}
335	{'task_type': 'deadhead', 'locomotive': 22566, 'first_train_section': 27521, 'first_section': 22330, 'first_departure_time': 1536709200, 'first_arrival_time': 1536717420, 'second_train_section': 27557, 'second_section': 22403, 'second_departure_time': 1536723660, 'second_arrival_time': 1536726060}
336	{'task_type': 'regular', 'locomotive': 22566, 'train_section': 27557, 'section': 22403, 'departure_time': 1536723660, 'arrival_time': 1536726060}
337	{'task_type': 'deadhead', 'locomotive': 22566, 'first_train_section': 27557, 'first_section': 22403, 'first_departure_time': 1536723660, 'first_arrival_time': 1536726060, 'second_train_section': 23666, 'second_section': 22401, 'second_departure_time': 1536728940, 'second_arrival_time': 1536730260}
338	{'task_type': 'regular', 'locomotive': 22566, 'train_section': 23666, 'section': 22401, 'departure_time': 1536728940, 'arrival_time': 1536730260}
339	{'task_type': 'deadhead', 'locomotive': 22566, 'first_train_section': 23666, 'first_section': 22401, 'first_departure_time': 1536728940, 'first_arrival_time': 1536730260, 'second_train_section': 25469, 'second_section': 22404, 'second_departure_time': 1536734820, 'second_arrival_time': 1536744720}
340	{'task_type': 'regular', 'locomotive': 22566, 'train_section': 25469, 'section': 22404, 'departure_time': 1536734820, 'arrival_time': 1536744720}
341	{'task_type': 'regular', 'locomotive': 22566, 'train_section': 25471, 'section': 22249, 'departure_time': 1536744960, 'arrival_time': 1536752400}
342	{'task_type': 'regular', 'locomotive': 22566, 'train_section': 23861, 'section': 22505, 'departure_time': 1536754740, 'arrival_time': 1536760620}
343	{'task_type': 'regular', 'locomotive': 22566, 'train_section': 23863, 'section': 22308, 'departure_time': 1536762000, 'arrival_time': 1536764820}
344	{'task_type': 'deadhead', 'locomotive': 22566, 'first_train_section': 23827, 'first_section': 22302, 'first_departure_time': 1536774300, 'first_arrival_time': 1536789540, 'second_train_section': 27081, 'second_section': 22309, 'second_departure_time': 1536790140, 'second_arrival_time': 1536795000}
345	{'task_type': 'regular', 'locomotive': 22566, 'train_section': 27081, 'section': 22309, 'departure_time': 1536790140, 'arrival_time': 1536795000}
346	{'task_type': 'deadhead', 'locomotive': 22566, 'first_train_section': 27081, 'first_section': 22309, 'first_departure_time': 1536790140, 'first_arrival_time': 1536795000, 'second_train_section': 26774, 'second_section': 22496, 'second_departure_time': 1536804300, 'second_arrival_time': 1536809100}
347	{'task_type': 'regular', 'locomotive': 22566, 'train_section': 26774, 'section': 22496, 'departure_time': 1536804300, 'arrival_time': 1536809100}
348	{'task_type': 'deadhead', 'locomotive': 22566, 'first_train_section': 26774, 'first_section': 22496, 'first_departure_time': 1536804300, 'first_arrival_time': 1536809100, 'second_train_section': 24344, 'second_section': 22416, 'second_departure_time': 1536810840, 'second_arrival_time': 1536814500}
349	{'task_type': 'regular', 'locomotive': 22566, 'train_section': 24344, 'section': 22416, 'departure_time': 1536810840, 'arrival_time': 1536814500}
350	{'task_type': 'deadhead', 'locomotive': 22566, 'first_train_section': 23088, 'first_section': 22328, 'first_departure_time': 1536833940, 'first_arrival_time': 1536848100, 'second_train_section': 27229, 'second_section': 22256, 'second_departure_time': 1536858600, 'second_arrival_time': 1536860880}
351	{'task_type': 'regular', 'locomotive': 22566, 'train_section': 27229, 'section': 22256, 'departure_time': 1536858600, 'arrival_time': 1536860880}
352	{'task_type': 'deadhead', 'locomotive': 22566, 'first_train_section': 27229, 'first_section': 22256, 'first_departure_time': 1536858600, 'first_arrival_time': 1536860880, 'second_train_section': 27016, 'second_section': 22449, 'second_departure_time': 1536862380, 'second_arrival_time': 1536864540}
353	{'task_type': 'regular', 'locomotive': 22566, 'train_section': 27016, 'section': 22449, 'departure_time': 1536862380, 'arrival_time': 1536864540}
354	{'task_type': 'regular', 'locomotive': 22566, 'train_section': 24634, 'section': 22412, 'departure_time': 1536895620, 'arrival_time': 1536902880}
355	{'task_type': 'regular', 'locomotive': 22566, 'train_section': 25611, 'section': 22494, 'departure_time': 1536903900, 'arrival_time': 1536906120}
356	{'task_type': 'deadhead', 'locomotive': 22566, 'first_train_section': 25611, 'first_section': 22494, 'first_departure_time': 1536903900, 'first_arrival_time': 1536906120, 'second_train_section': 22969, 'second_section': 22292, 'second_departure_time': 1536916800, 'second_arrival_time': 1536920880}
357	{'task_type': 'regular', 'locomotive': 22566, 'train_section': 22969, 'section': 22292, 'departure_time': 1536916800, 'arrival_time': 1536920880}
358	{'task_type': 'regular', 'locomotive': 22566, 'train_section': 23975, 'section': 22381, 'departure_time': 1536924720, 'arrival_time': 1536926640}
359	{'task_type': 'deadhead', 'locomotive': 22566, 'first_train_section': 23975, 'first_section': 22381, 'first_departure_time': 1536924720, 'first_arrival_time': 1536926640, 'second_train_section': 24515, 'second_section': 22331, 'second_departure_time': 1536937680, 'second_arrival_time': 1536948540}
360	{'task_type': 'regular', 'locomotive': 22566, 'train_section': 24515, 'section': 22331, 'departure_time': 1536937680, 'arrival_time': 1536948540}
361	{'task_type': 'deadhead', 'locomotive': 22566, 'first_train_section': 24515, 'first_section': 22331, 'first_departure_time': 1536937680, 'first_arrival_time': 1536948540, 'second_train_section': 22930, 'second_section': 22332, 'second_departure_time': 1536957000, 'second_arrival_time': 1536961140}
362	{'task_type': 'regular', 'locomotive': 22566, 'train_section': 22930, 'section': 22332, 'departure_time': 1536957000, 'arrival_time': 1536961140}
363	{'task_type': 'deadhead', 'locomotive': 22566, 'first_train_section': 22930, 'first_section': 22332, 'first_departure_time': 1536957000, 'first_arrival_time': 1536961140, 'second_train_section': 25291, 'second_section': 22448, 'second_departure_time': 1536969360, 'second_arrival_time': 1536970620}
364	{'task_type': 'regular', 'locomotive': 22566, 'train_section': 25291, 'section': 22448, 'departure_time': 1536969360, 'arrival_time': 1536970620}
365	{'task_type': 'deadhead', 'locomotive': 22566, 'first_train_section': 26669, 'first_section': 22300, 'first_departure_time': 1536988980, 'first_arrival_time': 1536992400, 'second_train_section': 25626, 'second_section': 22351, 'second_departure_time': 1537008480, 'second_arrival_time': 1537013640}
366	{'task_type': 'regular', 'locomotive': 22566, 'train_section': 25626, 'section': 22351, 'departure_time': 1537008480, 'arrival_time': 1537013640}
367	{'task_type': 'deadhead', 'locomotive': 22566, 'first_train_section': 25626, 'first_section': 22351, 'first_departure_time': 1537008480, 'first_arrival_time': 1537013640, 'second_train_section': 26907, 'second_section': 22342, 'second_departure_time': 1537024740, 'second_arrival_time': 1537030020}
368	{'task_type': 'regular', 'locomotive': 22566, 'train_section': 26907, 'section': 22342, 'departure_time': 1537024740, 'arrival_time': 1537030020}
369	{'task_type': 'regular', 'locomotive': 22566, 'train_section': 24594, 'section': 22277, 'departure_time': 1537040100, 'arrival_time': 1537043580}
370	{'task_type': 'deadhead', 'locomotive': 22566, 'first_train_section': 24594, 'first_section': 22277, 'first_departure_time': 1537040100, 'first_arrival_time': 1537043580, 'second_train_section': 27111, 'second_section': 22490, 'second_departure_time': 1537069140, 'second_arrival_time': 1537073340}
371	{'task_type': 'regular', 'locomotive': 22566, 'train_section': 27111, 'section': 22490, 'departure_time': 1537069140, 'arrival_time': 1537073340}
372	{'task_type': 'deadhead', 'locomotive': 22566, 'first_train_section': 27111, 'first_section': 22490, 'first_departure_time': 1537069140, 'first_arrival_time': 1537073340, 'second_train_section': 26256, 'second_section': 22356, 'second_departure_time': 1537090080, 'second_arrival_time': 1537097340}
373	{'task_type': 'regular', 'locomotive': 22566, 'train_section': 26256, 'section': 22356, 'departure_time': 1537090080, 'arrival_time': 1537097340}
374	{'task_type': 'regular', 'locomotive': 22571, 'train_section': 26345, 'section': 22322, 'departure_time': 1536707760, 'arrival_time': 1536715260}
375	{'task_type': 'deadhead', 'locomotive': 22571, 'first_train_section': 26345, 'first_section': 22322, 'first_departure_time': 1536707760, 'first_arrival_time': 1536715260, 'second_train_section': 26895, 'second_section': 22378, 'second_departure_time': 1536725100, 'second_arrival_time': 1536728760}
376	{'task_type': 'regular', 'locomotive': 22571, 'train_section': 26895, 'section': 22378, 'departure_time': 1536725100, 'arrival_time': 1536728760}
377	{'task_type': 'deadhead', 'locomotive': 22571, 'first_train_section': 26895, 'first_section': 22378, 'first_departure_time': 1536725100, 'first_arrival_time': 1536728760, 'second_train_section': 27533, 'second_section': 22422, 'second_departure_time': 1536731700, 'second_arrival_time': 1536742740}
378	{'task_type': 'regular', 'locomotive': 22571, 'train_section': 27533, 'section': 22422, 'departure_time': 1536731700, 'arrival_time': 1536742740}
379	{'task_type': 'deadhead', 'locomotive': 22571, 'first_train_section': 27533, 'first_section': 22422, 'first_departure_time': 1536731700, 'first_arrival_time': 1536742740, 'second_train_section': 23927, 'second_section': 22424, 'second_departure_time': 1536752880, 'second_arrival_time': 1536757740}
380	{'task_type': 'regular', 'locomotive': 22571, 'train_section': 23927, 'section': 22424, 'departure_time': 1536752880, 'arrival_time': 1536757740}
381	{'task_type': 'deadhead', 'locomotive': 22571, 'first_train_section': 23927, 'first_section': 22424, 'first_departure_time': 1536752880, 'first_arrival_time': 1536757740, 'second_train_section': 26301, 'second_section': 22378, 'second_departure_time': 1536766500, 'second_arrival_time': 1536770160}
382	{'task_type': 'regular', 'locomotive': 22571, 'train_section': 26301, 'section': 22378, 'departure_time': 1536766500, 'arrival_time': 1536770160}
383	{'task_type': 'deadhead', 'locomotive': 22571, 'first_train_section': 25302, 'first_section': 22417, 'first_departure_time': 1536777360, 'first_arrival_time': 1536789540, 'second_train_section': 22775, 'second_section': 22423, 'second_departure_time': 1536799380, 'second_arrival_time': 1536810480}
384	{'task_type': 'regular', 'locomotive': 22571, 'train_section': 22775, 'section': 22423, 'departure_time': 1536799380, 'arrival_time': 1536810480}
385	{'task_type': 'deadhead', 'locomotive': 22571, 'first_train_section': 22775, 'first_section': 22423, 'first_departure_time': 1536799380, 'first_arrival_time': 1536810480, 'second_train_section': 24247, 'second_section': 22497, 'second_departure_time': 1536818160, 'second_arrival_time': 1536819540}
386	{'task_type': 'regular', 'locomotive': 22571, 'train_section': 24247, 'section': 22497, 'departure_time': 1536818160, 'arrival_time': 1536819540}
387	{'task_type': 'deadhead', 'locomotive': 22571, 'first_train_section': 24247, 'first_section': 22497, 'first_departure_time': 1536818160, 'first_arrival_time': 1536819540, 'second_train_section': 27091, 'second_section': 22279, 'second_departure_time': 1536839400, 'second_arrival_time': 1536844320}
388	{'task_type': 'regular', 'locomotive': 22571, 'train_section': 27091, 'section': 22279, 'departure_time': 1536839400, 'arrival_time': 1536844320}
389	{'task_type': 'deadhead', 'locomotive': 22571, 'first_train_section': 27091, 'first_section': 22279, 'first_departure_time': 1536839400, 'first_arrival_time': 1536844320, 'second_train_section': 25608, 'second_section': 22329, 'second_departure_time': 1536857880, 'second_arrival_time': 1536859320}
390	{'task_type': 'regular', 'locomotive': 22571, 'train_section': 25608, 'section': 22329, 'departure_time': 1536857880, 'arrival_time': 1536859320}
391	{'task_type': 'deadhead', 'locomotive': 22571, 'first_train_section': 25608, 'first_section': 22329, 'first_departure_time': 1536857880, 'first_arrival_time': 1536859320, 'second_train_section': 27462, 'second_section': 22345, 'second_departure_time': 1536870300, 'second_arrival_time': 1536873240}
392	{'task_type': 'regular', 'locomotive': 22571, 'train_section': 27462, 'section': 22345, 'departure_time': 1536870300, 'arrival_time': 1536873240}
393	{'task_type': 'deadhead', 'locomotive': 22571, 'first_train_section': 27462, 'first_section': 22345, 'first_departure_time': 1536870300, 'first_arrival_time': 1536873240, 'second_train_section': 26587, 'second_section': 22304, 'second_departure_time': 1536881100, 'second_arrival_time': 1536885480}
394	{'task_type': 'regular', 'locomotive': 22571, 'train_section': 26587, 'section': 22304, 'departure_time': 1536881100, 'arrival_time': 1536885480}
395	{'task_type': 'deadhead', 'locomotive': 22571, 'first_train_section': 26587, 'first_section': 22304, 'first_departure_time': 1536881100, 'first_arrival_time': 1536885480, 'second_train_section': 25474, 'second_section': 22303, 'second_departure_time': 1536895440, 'second_arrival_time': 1536901320}
396	{'task_type': 'regular', 'locomotive': 22571, 'train_section': 25474, 'section': 22303, 'departure_time': 1536895440, 'arrival_time': 1536901320}
397	{'task_type': 'regular', 'locomotive': 22571, 'train_section': 23458, 'section': 22416, 'departure_time': 1536922440, 'arrival_time': 1536926100}
398	{'task_type': 'deadhead', 'locomotive': 22571, 'first_train_section': 23458, 'first_section': 22416, 'first_departure_time': 1536922440, 'first_arrival_time': 1536926100, 'second_train_section': 26657, 'second_section': 22459, 'second_departure_time': 1536934680, 'second_arrival_time': 1536938160}
399	{'task_type': 'regular', 'locomotive': 22571, 'train_section': 26657, 'section': 22459, 'departure_time': 1536934680, 'arrival_time': 1536938160}
400	{'task_type': 'deadhead', 'locomotive': 22571, 'first_train_section': 26657, 'first_section': 22459, 'first_departure_time': 1536934680, 'first_arrival_time': 1536938160, 'second_train_section': 25184, 'second_section': 22416, 'second_departure_time': 1536947640, 'second_arrival_time': 1536951300}
401	{'task_type': 'regular', 'locomotive': 22571, 'train_section': 25184, 'section': 22416, 'departure_time': 1536947640, 'arrival_time': 1536951300}
402	{'task_type': 'deadhead', 'locomotive': 22571, 'first_train_section': 25184, 'first_section': 22416, 'first_departure_time': 1536947640, 'first_arrival_time': 1536951300, 'second_train_section': 26663, 'second_section': 22376, 'second_departure_time': 1536953760, 'second_arrival_time': 1536957960}
403	{'task_type': 'regular', 'locomotive': 22571, 'train_section': 26663, 'section': 22376, 'departure_time': 1536953760, 'arrival_time': 1536957960}
404	{'task_type': 'deadhead', 'locomotive': 22571, 'first_train_section': 23701, 'first_section': 22473, 'first_departure_time': 1536962460, 'first_arrival_time': 1537048740, 'second_train_section': 27259, 'second_section': 22348, 'second_departure_time': 1537067580, 'second_arrival_time': 1537071120}
405	{'task_type': 'regular', 'locomotive': 22571, 'train_section': 27259, 'section': 22348, 'departure_time': 1537067580, 'arrival_time': 1537071120}
406	{'task_type': 'regular', 'locomotive': 22571, 'train_section': 27261, 'section': 22477, 'departure_time': 1537071600, 'arrival_time': 1537074000}
407	{'task_type': 'regular', 'locomotive': 22571, 'train_section': 25496, 'section': 22499, 'departure_time': 1537083900, 'arrival_time': 1537089060}
408	{'task_type': 'deadhead', 'locomotive': 22571, 'first_train_section': 25496, 'first_section': 22499, 'first_departure_time': 1537083900, 'first_arrival_time': 1537089060, 'second_train_section': 23892, 'second_section': 22378, 'second_departure_time': 1537103100, 'second_arrival_time': 1537106760}
409	{'task_type': 'regular', 'locomotive': 22571, 'train_section': 23892, 'section': 22378, 'departure_time': 1537103100, 'arrival_time': 1537106760}
410	{'task_type': 'deadhead', 'locomotive': 22571, 'first_train_section': 23892, 'first_section': 22378, 'first_departure_time': 1537103100, 'first_arrival_time': 1537106760, 'second_train_section': 24403, 'second_section': 22428, 'second_departure_time': 1537111320, 'second_arrival_time': 1537119540}
411	{'task_type': 'regular', 'locomotive': 22571, 'train_section': 24403, 'section': 22428, 'departure_time': 1537111320, 'arrival_time': 1537119540}
412	{'task_type': 'regular', 'locomotive': 22572, 'train_section': 26092, 'section': 22398, 'departure_time': 1536700800, 'arrival_time': 1536706680}
413	{'task_type': 'deadhead', 'locomotive': 22572, 'first_train_section': 26092, 'first_section': 22398, 'first_departure_time': 1536700800, 'first_arrival_time': 1536706680, 'second_train_section': 25729, 'second_section': 22295, 'second_departure_time': 1536719820, 'second_arrival_time': 1536721200}
414	{'task_type': 'regular', 'locomotive': 22572, 'train_section': 25729, 'section': 22295, 'departure_time': 1536719820, 'arrival_time': 1536721200}
415	{'task_type': 'deadhead', 'locomotive': 22572, 'first_train_section': 25729, 'first_section': 22295, 'first_departure_time': 1536719820, 'first_arrival_time': 1536721200, 'second_train_section': 25005, 'second_section': 22378, 'second_departure_time': 1536730500, 'second_arrival_time': 1536734160}
416	{'task_type': 'regular', 'locomotive': 22572, 'train_section': 25005, 'section': 22378, 'departure_time': 1536730500, 'arrival_time': 1536734160}
417	{'task_type': 'deadhead', 'locomotive': 22572, 'first_train_section': 25005, 'first_section': 22378, 'first_departure_time': 1536730500, 'first_arrival_time': 1536734160, 'second_train_section': 25057, 'second_section': 22427, 'second_departure_time': 1536739380, 'second_arrival_time': 1536742200}
418	{'task_type': 'regular', 'locomotive': 22572, 'train_section': 25057, 'section': 22427, 'departure_time': 1536739380, 'arrival_time': 1536742200}
419	{'task_type': 'deadhead', 'locomotive': 22572, 'first_train_section': 25057, 'first_section': 22427, 'first_departure_time': 1536739380, 'first_arrival_time': 1536742200, 'second_train_section': 24164, 'second_section': 22416, 'second_departure_time': 1536751440, 'second_arrival_time': 1536755100}
420	{'task_type': 'regular', 'locomotive': 22572, 'train_section': 24164, 'section': 22416, 'departure_time': 1536751440, 'arrival_time': 1536755100}
421	{'task_type': 'regular', 'locomotive': 22572, 'train_section': 24913, 'section': 22378, 'departure_time': 1536761100, 'arrival_time': 1536764760}
422	{'task_type': 'deadhead', 'locomotive': 22572, 'first_train_section': 24323, 'first_section': 22473, 'first_departure_time': 1536768300, 'first_arrival_time': 1536789540, 'second_train_section': 24746, 'second_section': 22495, 'second_departure_time': 1536795840, 'second_arrival_time': 1536798720}
423	{'task_type': 'regular', 'locomotive': 22572, 'train_section': 24746, 'section': 22495, 'departure_time': 1536795840, 'arrival_time': 1536798720}
424	{'task_type': 'deadhead', 'locomotive': 22572, 'first_train_section': 24746, 'first_section': 22495, 'first_departure_time': 1536795840, 'first_arrival_time': 1536798720, 'second_train_section': 24419, 'second_section': 22495, 'second_departure_time': 1536813240, 'second_arrival_time': 1536816060}
425	{'task_type': 'regular', 'locomotive': 22572, 'train_section': 24419, 'section': 22495, 'departure_time': 1536813240, 'arrival_time': 1536816060}
426	{'task_type': 'deadhead', 'locomotive': 22572, 'first_train_section': 24419, 'first_section': 22495, 'first_departure_time': 1536813240, 'first_arrival_time': 1536816060, 'second_train_section': 26834, 'second_section': 22245, 'second_departure_time': 1536823980, 'second_arrival_time': 1536828960}
427	{'task_type': 'regular', 'locomotive': 22572, 'train_section': 26834, 'section': 22245, 'departure_time': 1536823980, 'arrival_time': 1536828960}
428	{'task_type': 'deadhead', 'locomotive': 22572, 'first_train_section': 26834, 'first_section': 22245, 'first_departure_time': 1536823980, 'first_arrival_time': 1536828960, 'second_train_section': 25355, 'second_section': 22384, 'second_departure_time': 1536841500, 'second_arrival_time': 1536846900}
429	{'task_type': 'regular', 'locomotive': 22572, 'train_section': 25355, 'section': 22384, 'departure_time': 1536841500, 'arrival_time': 1536846900}
430	{'task_type': 'deadhead', 'locomotive': 22572, 'first_train_section': 25355, 'first_section': 22384, 'first_departure_time': 1536841500, 'first_arrival_time': 1536846900, 'second_train_section': 25115, 'second_section': 22394, 'second_departure_time': 1536850320, 'second_arrival_time': 1536854760}
431	{'task_type': 'regular', 'locomotive': 22572, 'train_section': 25115, 'section': 22394, 'departure_time': 1536850320, 'arrival_time': 1536854760}
432	{'task_type': 'deadhead', 'locomotive': 22572, 'first_train_section': 25115, 'first_section': 22394, 'first_departure_time': 1536850320, 'first_arrival_time': 1536854760, 'second_train_section': 27096, 'second_section': 22249, 'second_departure_time': 1536873780, 'second_arrival_time': 1536878580}
433	{'task_type': 'regular', 'locomotive': 22572, 'train_section': 27096, 'section': 22249, 'departure_time': 1536873780, 'arrival_time': 1536878580}
434	{'task_type': 'deadhead', 'locomotive': 22572, 'first_train_section': 27096, 'first_section': 22249, 'first_departure_time': 1536873780, 'first_arrival_time': 1536878580, 'second_train_section': 27551, 'second_section': 22356, 'second_departure_time': 1536886920, 'second_arrival_time': 1536894660}
435	{'task_type': 'regular', 'locomotive': 22572, 'train_section': 27551, 'section': 22356, 'departure_time': 1536886920, 'arrival_time': 1536894660}
436	{'task_type': 'deadhead', 'locomotive': 22572, 'first_train_section': 27551, 'first_section': 22356, 'first_departure_time': 1536886920, 'first_arrival_time': 1536894660, 'second_train_section': 23299, 'second_section': 22245, 'second_departure_time': 1536901080, 'second_arrival_time': 1536906540}
437	{'task_type': 'regular', 'locomotive': 22572, 'train_section': 23299, 'section': 22245, 'departure_time': 1536901080, 'arrival_time': 1536906540}
438	{'task_type': 'deadhead', 'locomotive': 22572, 'first_train_section': 23299, 'first_section': 22245, 'first_departure_time': 1536901080, 'first_arrival_time': 1536906540, 'second_train_section': 26492, 'second_section': 22479, 'second_departure_time': 1536911340, 'second_arrival_time': 1536912960}
439	{'task_type': 'regular', 'locomotive': 22572, 'train_section': 26492, 'section': 22479, 'departure_time': 1536911340, 'arrival_time': 1536912960}
440	{'task_type': 'deadhead', 'locomotive': 22572, 'first_train_section': 26492, 'first_section': 22479, 'first_departure_time': 1536911340, 'first_arrival_time': 1536912960, 'second_train_section': 22912, 'second_section': 22337, 'second_departure_time': 1536926280, 'second_arrival_time': 1536933000}
441	{'task_type': 'regular', 'locomotive': 22572, 'train_section': 22912, 'section': 22337, 'departure_time': 1536926280, 'arrival_time': 1536933000}
442	{'task_type': 'deadhead', 'locomotive': 22572, 'first_train_section': 25118, 'first_section': 22319, 'first_departure_time': 1536946860, 'first_arrival_time': 1536962340, 'second_train_section': 23637, 'second_section': 22348, 'second_departure_time': 1536981180, 'second_arrival_time': 1536984720}
443	{'task_type': 'regular', 'locomotive': 22572, 'train_section': 23637, 'section': 22348, 'departure_time': 1536981180, 'arrival_time': 1536984720}
444	{'task_type': 'deadhead', 'locomotive': 22572, 'first_train_section': 23637, 'first_section': 22348, 'first_departure_time': 1536981180, 'first_arrival_time': 1536984720, 'second_train_section': 27232, 'second_section': 22416, 'second_departure_time': 1537001640, 'second_arrival_time': 1537005300}
445	{'task_type': 'regular', 'locomotive': 22572, 'train_section': 27232, 'section': 22416, 'departure_time': 1537001640, 'arrival_time': 1537005300}
446	{'task_type': 'deadhead', 'locomotive': 22572, 'first_train_section': 25579, 'first_section': 22359, 'first_departure_time': 1537048860, 'first_arrival_time': 1537068600, 'second_train_section': 23375, 'second_section': 22260, 'second_departure_time': 1537132500, 'second_arrival_time': 1537135199}
447	{'task_type': 'regular', 'locomotive': 22572, 'train_section': 23375, 'section': 22260, 'departure_time': 1537132500, 'arrival_time': 1537135199}
448	{'task_type': 'regular', 'locomotive': 22574, 'train_section': 25872, 'section': 22291, 'departure_time': 1536701160, 'arrival_time': 1536707040}
449	{'task_type': 'deadhead', 'locomotive': 22574, 'first_train_section': 25872, 'first_section': 22291, 'first_departure_time': 1536701160, 'first_arrival_time': 1536707040, 'second_train_section': 25594, 'second_section': 22416, 'second_departure_time': 1536724440, 'second_arrival_time': 1536728100}
450	{'task_type': 'regular', 'locomotive': 22574, 'train_section': 25594, 'section': 22416, 'departure_time': 1536724440, 'arrival_time': 1536728100}
451	{'task_type': 'regular', 'locomotive': 22574, 'train_section': 25780, 'section': 22378, 'departure_time': 1536728700, 'arrival_time': 1536732360}
452	{'task_type': 'deadhead', 'locomotive': 22574, 'first_train_section': 25780, 'first_section': 22378, 'first_departure_time': 1536728700, 'first_arrival_time': 1536732360, 'second_train_section': 24477, 'second_section': 22309, 'second_departure_time': 1536741960, 'second_arrival_time': 1536746520}
453	{'task_type': 'regular', 'locomotive': 22574, 'train_section': 24477, 'section': 22309, 'departure_time': 1536741960, 'arrival_time': 1536746520}
454	{'task_type': 'deadhead', 'locomotive': 22574, 'first_train_section': 24477, 'first_section': 22309, 'first_departure_time': 1536741960, 'first_arrival_time': 1536746520, 'second_train_section': 22736, 'second_section': 22344, 'second_departure_time': 1536759180, 'second_arrival_time': 1536760200}
455	{'task_type': 'regular', 'locomotive': 22574, 'train_section': 22736, 'section': 22344, 'departure_time': 1536759180, 'arrival_time': 1536760200}
456	{'task_type': 'deadhead', 'locomotive': 22574, 'first_train_section': 22736, 'first_section': 22344, 'first_departure_time': 1536759180, 'first_arrival_time': 1536760200, 'second_train_section': 26129, 'second_section': 22342, 'second_departure_time': 1536765540, 'second_arrival_time': 1536770820}
457	{'task_type': 'regular', 'locomotive': 22574, 'train_section': 26129, 'section': 22342, 'departure_time': 1536765540, 'arrival_time': 1536770820}
458	{'task_type': 'deadhead', 'locomotive': 22574, 'first_train_section': 26129, 'first_section': 22342, 'first_departure_time': 1536765540, 'first_arrival_time': 1536770820, 'second_train_section': 26652, 'second_section': 22255, 'second_departure_time': 1536775500, 'second_arrival_time': 1536776400}
459	{'task_type': 'regular', 'locomotive': 22574, 'train_section': 26652, 'section': 22255, 'departure_time': 1536775500, 'arrival_time': 1536776400}
460	{'task_type': 'regular', 'locomotive': 22574, 'train_section': 26654, 'section': 22468, 'departure_time': 1536779460, 'arrival_time': 1536783600}
461	{'task_type': 'deadhead', 'locomotive': 22574, 'first_train_section': 26654, 'first_section': 22468, 'first_departure_time': 1536779460, 'first_arrival_time': 1536783600, 'second_train_section': 25074, 'second_section': 22322, 'second_departure_time': 1536794160, 'second_arrival_time': 1536801660}
462	{'task_type': 'regular', 'locomotive': 22574, 'train_section': 25074, 'section': 22322, 'departure_time': 1536794160, 'arrival_time': 1536801660}
463	{'task_type': 'deadhead', 'locomotive': 22574, 'first_train_section': 25074, 'first_section': 22322, 'first_departure_time': 1536794160, 'first_arrival_time': 1536801660, 'second_train_section': 24935, 'second_section': 22281, 'second_departure_time': 1536807960, 'second_arrival_time': 1536814920}
464	{'task_type': 'regular', 'locomotive': 22574, 'train_section': 24935, 'section': 22281, 'departure_time': 1536807960, 'arrival_time': 1536814920}
465	{'task_type': 'regular', 'locomotive': 22574, 'train_section': 25582, 'section': 22350, 'departure_time': 1536815040, 'arrival_time': 1536818700}
466	{'task_type': 'deadhead', 'locomotive': 22574, 'first_train_section': 25582, 'first_section': 22350, 'first_departure_time': 1536815040, 'first_arrival_time': 1536818700, 'second_train_section': 25326, 'second_section': 22349, 'second_departure_time': 1536827520, 'second_arrival_time': 1536833100}
467	{'task_type': 'regular', 'locomotive': 22574, 'train_section': 25326, 'section': 22349, 'departure_time': 1536827520, 'arrival_time': 1536833100}
468	{'task_type': 'deadhead', 'locomotive': 22574, 'first_train_section': 25326, 'first_section': 22349, 'first_departure_time': 1536827520, 'first_arrival_time': 1536833100, 'second_train_section': 23511, 'second_section': 22499, 'second_departure_time': 1536846300, 'second_arrival_time': 1536851460}
469	{'task_type': 'regular', 'locomotive': 22574, 'train_section': 23511, 'section': 22499, 'departure_time': 1536846300, 'arrival_time': 1536851460}
470	{'task_type': 'regular', 'locomotive': 22574, 'train_section': 23514, 'section': 22347, 'departure_time': 1536851940, 'arrival_time': 1536857280}
471	{'task_type': 'deadhead', 'locomotive': 22574, 'first_train_section': 23514, 'first_section': 22347, 'first_departure_time': 1536851940, 'first_arrival_time': 1536857280, 'second_train_section': 25838, 'second_section': 22365, 'second_departure_time': 1536863820, 'second_arrival_time': 1536867360}
472	{'task_type': 'regular', 'locomotive': 22574, 'train_section': 25838, 'section': 22365, 'departure_time': 1536863820, 'arrival_time': 1536867360}
473	{'task_type': 'deadhead', 'locomotive': 22574, 'first_train_section': 25838, 'first_section': 22365, 'first_departure_time': 1536863820, 'first_arrival_time': 1536867360, 'second_train_section': 27614, 'second_section': 22345, 'second_departure_time': 1536887160, 'second_arrival_time': 1536890100}
474	{'task_type': 'regular', 'locomotive': 22574, 'train_section': 27614, 'section': 22345, 'departure_time': 1536887160, 'arrival_time': 1536890100}
475	{'task_type': 'regular', 'locomotive': 22574, 'train_section': 27617, 'section': 22372, 'departure_time': 1536890940, 'arrival_time': 1536894900}
476	{'task_type': 'deadhead', 'locomotive': 22574, 'first_train_section': 27617, 'first_section': 22372, 'first_departure_time': 1536890940, 'first_arrival_time': 1536894900, 'second_train_section': 24910, 'second_section': 22361, 'second_departure_time': 1536900480, 'second_arrival_time': 1536902940}
477	{'task_type': 'regular', 'locomotive': 22574, 'train_section': 24910, 'section': 22361, 'departure_time': 1536900480, 'arrival_time': 1536902940}
478	{'task_type': 'regular', 'locomotive': 22574, 'train_section': 26024, 'section': 22499, 'departure_time': 1536903900, 'arrival_time': 1536909060}
479	{'task_type': 'regular', 'locomotive': 22574, 'train_section': 26027, 'section': 22347, 'departure_time': 1536909540, 'arrival_time': 1536914880}
480	{'task_type': 'deadhead', 'locomotive': 22574, 'first_train_section': 26027, 'first_section': 22347, 'first_departure_time': 1536909540, 'first_arrival_time': 1536914880, 'second_train_section': 26714, 'second_section': 22384, 'second_departure_time': 1536927900, 'second_arrival_time': 1536933300}
481	{'task_type': 'regular', 'locomotive': 22574, 'train_section': 26714, 'section': 22384, 'departure_time': 1536927900, 'arrival_time': 1536933300}
482	{'task_type': 'deadhead', 'locomotive': 22574, 'first_train_section': 26714, 'first_section': 22384, 'first_departure_time': 1536927900, 'first_arrival_time': 1536933300, 'second_train_section': 26283, 'second_section': 22471, 'second_departure_time': 1536944220, 'second_arrival_time': 1536947040}
483	{'task_type': 'regular', 'locomotive': 22574, 'train_section': 26283, 'section': 22471, 'departure_time': 1536944220, 'arrival_time': 1536947040}
484	{'task_type': 'deadhead', 'locomotive': 22574, 'first_train_section': 26283, 'first_section': 22471, 'first_departure_time': 1536944220, 'first_arrival_time': 1536947040, 'second_train_section': 27595, 'second_section': 22468, 'second_departure_time': 1536952260, 'second_arrival_time': 1536956400}
485	{'task_type': 'regular', 'locomotive': 22574, 'train_section': 27595, 'section': 22468, 'departure_time': 1536952260, 'arrival_time': 1536956400}
486	{'task_type': 'deadhead', 'locomotive': 22574, 'first_train_section': 27595, 'first_section': 22468, 'first_departure_time': 1536952260, 'first_arrival_time': 1536956400, 'second_train_section': 25284, 'second_section': 22288, 'second_departure_time': 1536973620, 'second_arrival_time': 1536980160}
487	{'task_type': 'regular', 'locomotive': 22574, 'train_section': 25284, 'section': 22288, 'departure_time': 1536973620, 'arrival_time': 1536980160}
488	{'task_type': 'regular', 'locomotive': 22574, 'train_section': 25286, 'section': 22323, 'departure_time': 1536980820, 'arrival_time': 1536984180}
489	{'task_type': 'deadhead', 'locomotive': 22574, 'first_train_section': 25286, 'first_section': 22323, 'first_departure_time': 1536980820, 'first_arrival_time': 1536984180, 'second_train_section': 23366, 'second_section': 22492, 'second_departure_time': 1536992640, 'second_arrival_time': 1537001880}
490	{'task_type': 'regular', 'locomotive': 22574, 'train_section': 23366, 'section': 22492, 'departure_time': 1536992640, 'arrival_time': 1537001880}
491	{'task_type': 'deadhead', 'locomotive': 22574, 'first_train_section': 23366, 'first_section': 22492, 'first_departure_time': 1536992640, 'first_arrival_time': 1537001880, 'second_train_section': 25439, 'second_section': 22313, 'second_departure_time': 1537015680, 'second_arrival_time': 1537020600}
492	{'task_type': 'regular', 'locomotive': 22574, 'train_section': 25439, 'section': 22313, 'departure_time': 1537015680, 'arrival_time': 1537020600}
493	{'task_type': 'deadhead', 'locomotive': 22574, 'first_train_section': 25439, 'first_section': 22313, 'first_departure_time': 1537015680, 'first_arrival_time': 1537020600, 'second_train_section': 27324, 'second_section': 22331, 'second_departure_time': 1537031280, 'second_arrival_time': 1537042200}
494	{'task_type': 'regular', 'locomotive': 22574, 'train_section': 27324, 'section': 22331, 'departure_time': 1537031280, 'arrival_time': 1537042200}
495	{'task_type': 'deadhead', 'locomotive': 22574, 'first_train_section': 27324, 'first_section': 22331, 'first_departure_time': 1537031280, 'first_arrival_time': 1537042200, 'second_train_section': 26820, 'second_section': 22327, 'second_departure_time': 1537088880, 'second_arrival_time': 1537095240}
496	{'task_type': 'regular', 'locomotive': 22574, 'train_section': 26820, 'section': 22327, 'departure_time': 1537088880, 'arrival_time': 1537095240}
497	{'task_type': 'deadhead', 'locomotive': 22574, 'first_train_section': 26820, 'first_section': 22327, 'first_departure_time': 1537088880, 'first_arrival_time': 1537095240, 'second_train_section': 23461, 'second_section': 22398, 'second_departure_time': 1537132800, 'second_arrival_time': 1537135199}
498	{'task_type': 'regular', 'locomotive': 22574, 'train_section': 23461, 'section': 22398, 'departure_time': 1537132800, 'arrival_time': 1537135199}
499	{'task_type': 'regular', 'locomotive': 22575, 'train_section': 27629, 'section': 22438, 'departure_time': 1536723720, 'arrival_time': 1536735060}
500	{'task_type': 'deadhead', 'locomotive': 22575, 'first_train_section': 27629, 'first_section': 22438, 'first_departure_time': 1536723720, 'first_arrival_time': 1536735060, 'second_train_section': 24623, 'second_section': 22292, 'second_departure_time': 1536744000, 'second_arrival_time': 1536748080}
501	{'task_type': 'regular', 'locomotive': 22575, 'train_section': 24623, 'section': 22292, 'departure_time': 1536744000, 'arrival_time': 1536748080}
502	{'task_type': 'deadhead', 'locomotive': 22575, 'first_train_section': 24623, 'first_section': 22292, 'first_departure_time': 1536744000, 'first_arrival_time': 1536748080, 'second_train_section': 27245, 'second_section': 22282, 'second_departure_time': 1536753840, 'second_arrival_time': 1536759240}
503	{'task_type': 'regular', 'locomotive': 22575, 'train_section': 27245, 'section': 22282, 'departure_time': 1536753840, 'arrival_time': 1536759240}
504	{'task_type': 'deadhead', 'locomotive': 22575, 'first_train_section': 27245, 'first_section': 22282, 'first_departure_time': 1536753840, 'first_arrival_time': 1536759240, 'second_train_section': 24955, 'second_section': 22480, 'second_departure_time': 1536767700, 'second_arrival_time': 1536769860}
505	{'task_type': 'regular', 'locomotive': 22575, 'train_section': 24955, 'section': 22480, 'departure_time': 1536767700, 'arrival_time': 1536769860}
506	{'task_type': 'deadhead', 'locomotive': 22575, 'first_train_section': 25171, 'first_section': 22417, 'first_departure_time': 1536779220, 'first_arrival_time': 1536784080, 'second_train_section': 23241, 'second_section': 22385, 'second_departure_time': 1536786540, 'second_arrival_time': 1536787440}
507	{'task_type': 'regular', 'locomotive': 22575, 'train_section': 23241, 'section': 22385, 'departure_time': 1536786540, 'arrival_time': 1536787440}
508	{'task_type': 'deadhead', 'locomotive': 22575, 'first_train_section': 23241, 'first_section': 22385, 'first_departure_time': 1536786540, 'first_arrival_time': 1536787440, 'second_train_section': 26159, 'second_section': 22354, 'second_departure_time': 1536809940, 'second_arrival_time': 1536814560}
509	{'task_type': 'regular', 'locomotive': 22575, 'train_section': 26159, 'section': 22354, 'departure_time': 1536809940, 'arrival_time': 1536814560}
510	{'task_type': 'deadhead', 'locomotive': 22575, 'first_train_section': 26159, 'first_section': 22354, 'first_departure_time': 1536809940, 'first_arrival_time': 1536814560, 'second_train_section': 27117, 'second_section': 22383, 'second_departure_time': 1536837120, 'second_arrival_time': 1536840540}
511	{'task_type': 'regular', 'locomotive': 22575, 'train_section': 27117, 'section': 22383, 'departure_time': 1536837120, 'arrival_time': 1536840540}
512	{'task_type': 'deadhead', 'locomotive': 22575, 'first_train_section': 27117, 'first_section': 22383, 'first_departure_time': 1536837120, 'first_arrival_time': 1536840540, 'second_train_section': 22875, 'second_section': 22240, 'second_departure_time': 1536851820, 'second_arrival_time': 1536854100}
513	{'task_type': 'regular', 'locomotive': 22575, 'train_section': 22875, 'section': 22240, 'departure_time': 1536851820, 'arrival_time': 1536854100}
514	{'task_type': 'deadhead', 'locomotive': 22575, 'first_train_section': 22875, 'first_section': 22240, 'first_departure_time': 1536851820, 'first_arrival_time': 1536854100, 'second_train_section': 23236, 'second_section': 22404, 'second_departure_time': 1536863880, 'second_arrival_time': 1536872700}
515	{'task_type': 'regular', 'locomotive': 22575, 'train_section': 23236, 'section': 22404, 'departure_time': 1536863880, 'arrival_time': 1536872700}
516	{'task_type': 'deadhead', 'locomotive': 22575, 'first_train_section': 23236, 'first_section': 22404, 'first_departure_time': 1536863880, 'first_arrival_time': 1536872700, 'second_train_section': 26954, 'second_section': 22408, 'second_departure_time': 1536890280, 'second_arrival_time': 1536892740}
517	{'task_type': 'regular', 'locomotive': 22575, 'train_section': 26954, 'section': 22408, 'departure_time': 1536890280, 'arrival_time': 1536892740}
518	{'task_type': 'deadhead', 'locomotive': 22575, 'first_train_section': 26954, 'first_section': 22408, 'first_departure_time': 1536890280, 'first_arrival_time': 1536892740, 'second_train_section': 24259, 'second_section': 22335, 'second_departure_time': 1536898320, 'second_arrival_time': 1536902100}
519	{'task_type': 'regular', 'locomotive': 22575, 'train_section': 24259, 'section': 22335, 'departure_time': 1536898320, 'arrival_time': 1536902100}
520	{'task_type': 'deadhead', 'locomotive': 22575, 'first_train_section': 24259, 'first_section': 22335, 'first_departure_time': 1536898320, 'first_arrival_time': 1536902100, 'second_train_section': 26032, 'second_section': 22438, 'second_departure_time': 1536911520, 'second_arrival_time': 1536922260}
521	{'task_type': 'regular', 'locomotive': 22575, 'train_section': 26032, 'section': 22438, 'departure_time': 1536911520, 'arrival_time': 1536922260}
522	{'task_type': 'deadhead', 'locomotive': 22575, 'first_train_section': 26032, 'first_section': 22438, 'first_departure_time': 1536911520, 'first_arrival_time': 1536922260, 'second_train_section': 25174, 'second_section': 22488, 'second_departure_time': 1536938040, 'second_arrival_time': 1536942420}
523	{'task_type': 'regular', 'locomotive': 22575, 'train_section': 25174, 'section': 22488, 'departure_time': 1536938040, 'arrival_time': 1536942420}
524	{'task_type': 'regular', 'locomotive': 22575, 'train_section': 24488, 'section': 22317, 'departure_time': 1536942720, 'arrival_time': 1536944460}
525	{'task_type': 'deadhead', 'locomotive': 22575, 'first_train_section': 24488, 'first_section': 22317, 'first_departure_time': 1536942720, 'first_arrival_time': 1536944460, 'second_train_section': 26856, 'second_section': 22407, 'second_departure_time': 1536949080, 'second_arrival_time': 1536955740}
526	{'task_type': 'regular', 'locomotive': 22575, 'train_section': 26856, 'section': 22407, 'departure_time': 1536949080, 'arrival_time': 1536955740}
527	{'task_type': 'deadhead', 'locomotive': 22575, 'first_train_section': 26856, 'first_section': 22407, 'first_departure_time': 1536949080, 'first_arrival_time': 1536955740, 'second_train_section': 26269, 'second_section': 22437, 'second_departure_time': 1536964620, 'second_arrival_time': 1536969420}
528	{'task_type': 'regular', 'locomotive': 22575, 'train_section': 26269, 'section': 22437, 'departure_time': 1536964620, 'arrival_time': 1536969420}
529	{'task_type': 'deadhead', 'locomotive': 22575, 'first_train_section': 26269, 'first_section': 22437, 'first_departure_time': 1536964620, 'first_arrival_time': 1536969420, 'second_train_section': 26114, 'second_section': 22329, 'second_departure_time': 1536987480, 'second_arrival_time': 1536988920}
530	{'task_type': 'regular', 'locomotive': 22575, 'train_section': 26114, 'section': 22329, 'departure_time': 1536987480, 'arrival_time': 1536988920}
531	{'task_type': 'deadhead', 'locomotive': 22575, 'first_train_section': 26114, 'first_section': 22329, 'first_departure_time': 1536987480, 'first_arrival_time': 1536988920, 'second_train_section': 23272, 'second_section': 22313, 'second_departure_time': 1537105020, 'second_arrival_time': 1537110480}
532	{'task_type': 'regular', 'locomotive': 22575, 'train_section': 23272, 'section': 22313, 'departure_time': 1537105020, 'arrival_time': 1537110480}
533	{'task_type': 'regular', 'locomotive': 22576, 'train_section': 26050, 'section': 22413, 'departure_time': 1536679920, 'arrival_time': 1536683760}
534	{'task_type': 'deadhead', 'locomotive': 22576, 'first_train_section': 26641, 'first_section': 22250, 'first_departure_time': 1536703200, 'first_arrival_time': 1536724260, 'second_train_section': 23183, 'second_section': 22378, 'second_departure_time': 1536726900, 'second_arrival_time': 1536730560}
535	{'task_type': 'regular', 'locomotive': 22576, 'train_section': 23183, 'section': 22378, 'departure_time': 1536726900, 'arrival_time': 1536730560}
536	{'task_type': 'deadhead', 'locomotive': 22576, 'first_train_section': 23183, 'first_section': 22378, 'first_departure_time': 1536726900, 'first_arrival_time': 1536730560, 'second_train_section': 24473, 'second_section': 22431, 'second_departure_time': 1536732600, 'second_arrival_time': 1536737220}
537	{'task_type': 'regular', 'locomotive': 22576, 'train_section': 24473, 'section': 22431, 'departure_time': 1536732600, 'arrival_time': 1536737220}
538	{'task_type': 'regular', 'locomotive': 22576, 'train_section': 24475, 'section': 22495, 'departure_time': 1536738480, 'arrival_time': 1536741360}
539	{'task_type': 'deadhead', 'locomotive': 22576, 'first_train_section': 24475, 'first_section': 22495, 'first_departure_time': 1536738480, 'first_arrival_time': 1536741360, 'second_train_section': 25061, 'second_section': 22495, 'second_departure_time': 1536745800, 'second_arrival_time': 1536748620}
540	{'task_type': 'regular', 'locomotive': 22576, 'train_section': 25061, 'section': 22495, 'departure_time': 1536745800, 'arrival_time': 1536748620}
541	{'task_type': 'regular', 'locomotive': 22576, 'train_section': 25063, 'section': 22304, 'departure_time': 1536750120, 'arrival_time': 1536755280}
542	{'task_type': 'regular', 'locomotive': 22576, 'train_section': 25065, 'section': 22247, 'departure_time': 1536755520, 'arrival_time': 1536766620}
543	{'task_type': 'deadhead', 'locomotive': 22576, 'first_train_section': 25065, 'first_section': 22247, 'first_departure_time': 1536755520, 'first_arrival_time': 1536766620, 'second_train_section': 25109, 'second_section': 22242, 'second_departure_time': 1536773040, 'second_arrival_time': 1536776220}
544	{'task_type': 'regular', 'locomotive': 22576, 'train_section': 25109, 'section': 22242, 'departure_time': 1536773040, 'arrival_time': 1536776220}
545	{'task_type': 'deadhead', 'locomotive': 22576, 'first_train_section': 25109, 'first_section': 22242, 'first_departure_time': 1536773040, 'first_arrival_time': 1536776220, 'second_train_section': 25603, 'second_section': 22404, 'second_departure_time': 1536777480, 'second_arrival_time': 1536786300}
546	{'task_type': 'regular', 'locomotive': 22576, 'train_section': 25603, 'section': 22404, 'departure_time': 1536777480, 'arrival_time': 1536786300}
547	{'task_type': 'regular', 'locomotive': 22576, 'train_section': 25605, 'section': 22246, 'departure_time': 1536786720, 'arrival_time': 1536787980}
548	{'task_type': 'deadhead', 'locomotive': 22576, 'first_train_section': 25605, 'first_section': 22246, 'first_departure_time': 1536786720, 'first_arrival_time': 1536787980, 'second_train_section': 26634, 'second_section': 22245, 'second_departure_time': 1536790140, 'second_arrival_time': 1536794640}
549	{'task_type': 'regular', 'locomotive': 22576, 'train_section': 26634, 'section': 22245, 'departure_time': 1536790140, 'arrival_time': 1536794640}
550	{'task_type': 'deadhead', 'locomotive': 22576, 'first_train_section': 26634, 'first_section': 22245, 'first_departure_time': 1536790140, 'first_arrival_time': 1536794640, 'second_train_section': 25434, 'second_section': 22495, 'second_departure_time': 1536808920, 'second_arrival_time': 1536811860}
551	{'task_type': 'regular', 'locomotive': 22576, 'train_section': 25434, 'section': 22495, 'departure_time': 1536808920, 'arrival_time': 1536811860}
552	{'task_type': 'deadhead', 'locomotive': 22576, 'first_train_section': 25434, 'first_section': 22495, 'first_departure_time': 1536808920, 'first_arrival_time': 1536811860, 'second_train_section': 23091, 'second_section': 22423, 'second_departure_time': 1536823980, 'second_arrival_time': 1536836520}
553	{'task_type': 'regular', 'locomotive': 22576, 'train_section': 23091, 'section': 22423, 'departure_time': 1536823980, 'arrival_time': 1536836520}
554	{'task_type': 'deadhead', 'locomotive': 22576, 'first_train_section': 23091, 'first_section': 22423, 'first_departure_time': 1536823980, 'first_arrival_time': 1536836520, 'second_train_section': 22680, 'second_section': 22475, 'second_departure_time': 1536849060, 'second_arrival_time': 1536853080}
555	{'task_type': 'regular', 'locomotive': 22576, 'train_section': 22680, 'section': 22475, 'departure_time': 1536849060, 'arrival_time': 1536853080}
556	{'task_type': 'deadhead', 'locomotive': 22576, 'first_train_section': 26826, 'first_section': 22302, 'first_departure_time': 1536860700, 'first_arrival_time': 1536875940, 'second_train_section': 27565, 'second_section': 22495, 'second_departure_time': 1536882240, 'second_arrival_time': 1536885120}
557	{'task_type': 'regular', 'locomotive': 22576, 'train_section': 27565, 'section': 22495, 'departure_time': 1536882240, 'arrival_time': 1536885120}
558	{'task_type': 'deadhead', 'locomotive': 22576, 'first_train_section': 27565, 'first_section': 22495, 'first_departure_time': 1536882240, 'first_arrival_time': 1536885120, 'second_train_section': 25092, 'second_section': 22416, 'second_departure_time': 1536895440, 'second_arrival_time': 1536899100}
559	{'task_type': 'regular', 'locomotive': 22576, 'train_section': 25092, 'section': 22416, 'departure_time': 1536895440, 'arrival_time': 1536899100}
560	{'task_type': 'regular', 'locomotive': 22576, 'train_section': 23390, 'section': 22378, 'departure_time': 1536899700, 'arrival_time': 1536903360}
561	{'task_type': 'deadhead', 'locomotive': 22576, 'first_train_section': 23390, 'first_section': 22378, 'first_departure_time': 1536899700, 'first_arrival_time': 1536903360, 'second_train_section': 23754, 'second_section': 22455, 'second_departure_time': 1536904680, 'second_arrival_time': 1536916080}
562	{'task_type': 'regular', 'locomotive': 22576, 'train_section': 23754, 'section': 22455, 'departure_time': 1536904680, 'arrival_time': 1536916080}
563	{'task_type': 'deadhead', 'locomotive': 22576, 'first_train_section': 23754, 'first_section': 22455, 'first_departure_time': 1536904680, 'first_arrival_time': 1536916080, 'second_train_section': 25315, 'second_section': 22457, 'second_departure_time': 1536929520, 'second_arrival_time': 1536931620}
564	{'task_type': 'regular', 'locomotive': 22576, 'train_section': 25315, 'section': 22457, 'departure_time': 1536929520, 'arrival_time': 1536931620}
565	{'task_type': 'deadhead', 'locomotive': 22576, 'first_train_section': 25315, 'first_section': 22457, 'first_departure_time': 1536929520, 'first_arrival_time': 1536931620, 'second_train_section': 26686, 'second_section': 22454, 'second_departure_time': 1536938700, 'second_arrival_time': 1536944520}
566	{'task_type': 'regular', 'locomotive': 22576, 'train_section': 26686, 'section': 22454, 'departure_time': 1536938700, 'arrival_time': 1536944520}
567	{'task_type': 'deadhead', 'locomotive': 22576, 'first_train_section': 27638, 'first_section': 22302, 'first_departure_time': 1536947100, 'first_arrival_time': 1536962340, 'second_train_section': 23448, 'second_section': 22368, 'second_departure_time': 1536968880, 'second_arrival_time': 1536972600}
568	{'task_type': 'regular', 'locomotive': 22576, 'train_section': 23448, 'section': 22368, 'departure_time': 1536968880, 'arrival_time': 1536972600}
569	{'task_type': 'deadhead', 'locomotive': 22576, 'first_train_section': 23448, 'first_section': 22368, 'first_departure_time': 1536968880, 'first_arrival_time': 1536972600, 'second_train_section': 25198, 'second_section': 22245, 'second_departure_time': 1536987480, 'second_arrival_time': 1536992940}
570	{'task_type': 'regular', 'locomotive': 22576, 'train_section': 25198, 'section': 22245, 'departure_time': 1536987480, 'arrival_time': 1536992940}
571	{'task_type': 'deadhead', 'locomotive': 22576, 'first_train_section': 25198, 'first_section': 22245, 'first_departure_time': 1536987480, 'first_arrival_time': 1536992940, 'second_train_section': 24362, 'second_section': 22496, 'second_departure_time': 1537005480, 'second_arrival_time': 1537010460}
572	{'task_type': 'regular', 'locomotive': 22576, 'train_section': 24362, 'section': 22496, 'departure_time': 1537005480, 'arrival_time': 1537010460}
573	{'task_type': 'deadhead', 'locomotive': 22576, 'first_train_section': 24362, 'first_section': 22496, 'first_departure_time': 1537005480, 'first_arrival_time': 1537010460, 'second_train_section': 23199, 'second_section': 22378, 'second_departure_time': 1537016700, 'second_arrival_time': 1537020360}
574	{'task_type': 'regular', 'locomotive': 22576, 'train_section': 23199, 'section': 22378, 'departure_time': 1537016700, 'arrival_time': 1537020360}
575	{'task_type': 'regular', 'locomotive': 22576, 'train_section': 25654, 'section': 22416, 'departure_time': 1537026840, 'arrival_time': 1537030500}
576	{'task_type': 'regular', 'locomotive': 22577, 'train_section': 23196, 'section': 22338, 'departure_time': 1536688920, 'arrival_time': 1536700020}
577	{'task_type': 'deadhead', 'locomotive': 22577, 'first_train_section': 25819, 'first_section': 22417, 'first_departure_time': 1536703200, 'first_arrival_time': 1536722640, 'second_train_section': 26814, 'second_section': 22456, 'second_departure_time': 1536730500, 'second_arrival_time': 1536732000}
578	{'task_type': 'regular', 'locomotive': 22577, 'train_section': 26814, 'section': 22456, 'departure_time': 1536730500, 'arrival_time': 1536732000}
579	{'task_type': 'deadhead', 'locomotive': 22577, 'first_train_section': 26814, 'first_section': 22456, 'first_departure_time': 1536730500, 'first_arrival_time': 1536732000, 'second_train_section': 23266, 'second_section': 22496, 'second_departure_time': 1536738060, 'second_arrival_time': 1536742860}
580	{'task_type': 'regular', 'locomotive': 22577, 'train_section': 23266, 'section': 22496, 'departure_time': 1536738060, 'arrival_time': 1536742860}
581	{'task_type': 'deadhead', 'locomotive': 22577, 'first_train_section': 23266, 'first_section': 22496, 'first_departure_time': 1536738060, 'first_arrival_time': 1536742860, 'second_train_section': 23689, 'second_section': 22248, 'second_departure_time': 1536756960, 'second_arrival_time': 1536759600}
582	{'task_type': 'regular', 'locomotive': 22577, 'train_section': 23689, 'section': 22248, 'departure_time': 1536756960, 'arrival_time': 1536759600}
583	{'task_type': 'deadhead', 'locomotive': 22577, 'first_train_section': 23689, 'first_section': 22248, 'first_departure_time': 1536756960, 'first_arrival_time': 1536759600, 'second_train_section': 27357, 'second_section': 22347, 'second_departure_time': 1536765540, 'second_arrival_time': 1536770880}
584	{'task_type': 'regular', 'locomotive': 22577, 'train_section': 27357, 'section': 22347, 'departure_time': 1536765540, 'arrival_time': 1536770880}
585	{'task_type': 'deadhead', 'locomotive': 22577, 'first_train_section': 27357, 'first_section': 22347, 'first_departure_time': 1536765540, 'first_arrival_time': 1536770880, 'second_train_section': 26632, 'second_section': 22404, 'second_departure_time': 1536781440, 'second_arrival_time': 1536789960}
586	{'task_type': 'regular', 'locomotive': 22577, 'train_section': 26632, 'section': 22404, 'departure_time': 1536781440, 'arrival_time': 1536789960}
587	{'task_type': 'regular', 'locomotive': 22577, 'train_section': 23109, 'section': 22247, 'departure_time': 1536793980, 'arrival_time': 1536803340}
588	{'task_type': 'deadhead', 'locomotive': 22577, 'first_train_section': 23109, 'first_section': 22247, 'first_departure_time': 1536793980, 'first_arrival_time': 1536803340, 'second_train_section': 24585, 'second_section': 22402, 'second_departure_time': 1536807840, 'second_arrival_time': 1536810360}
589	{'task_type': 'regular', 'locomotive': 22577, 'train_section': 24585, 'section': 22402, 'departure_time': 1536807840, 'arrival_time': 1536810360}
590	{'task_type': 'deadhead', 'locomotive': 22577, 'first_train_section': 24585, 'first_section': 22402, 'first_departure_time': 1536807840, 'first_arrival_time': 1536810360, 'second_train_section': 23316, 'second_section': 22465, 'second_departure_time': 1536817260, 'second_arrival_time': 1536818460}
591	{'task_type': 'regular', 'locomotive': 22577, 'train_section': 23316, 'section': 22465, 'departure_time': 1536817260, 'arrival_time': 1536818460}
592	{'task_type': 'deadhead', 'locomotive': 22577, 'first_train_section': 23316, 'first_section': 22465, 'first_departure_time': 1536817260, 'first_arrival_time': 1536818460, 'second_train_section': 23849, 'second_section': 22489, 'second_departure_time': 1536832020, 'second_arrival_time': 1536835020}
593	{'task_type': 'regular', 'locomotive': 22577, 'train_section': 23849, 'section': 22489, 'departure_time': 1536832020, 'arrival_time': 1536835020}
594	{'task_type': 'deadhead', 'locomotive': 22577, 'first_train_section': 23849, 'first_section': 22489, 'first_departure_time': 1536832020, 'first_arrival_time': 1536835020, 'second_train_section': 26000, 'second_section': 22466, 'second_departure_time': 1536840300, 'second_arrival_time': 1536841440}
595	{'task_type': 'regular', 'locomotive': 22577, 'train_section': 26000, 'section': 22466, 'departure_time': 1536840300, 'arrival_time': 1536841440}
596	{'task_type': 'deadhead', 'locomotive': 22577, 'first_train_section': 26000, 'first_section': 22466, 'first_departure_time': 1536840300, 'first_arrival_time': 1536841440, 'second_train_section': 26075, 'second_section': 22317, 'second_departure_time': 1536856320, 'second_arrival_time': 1536858060}
597	{'task_type': 'regular', 'locomotive': 22577, 'train_section': 26075, 'section': 22317, 'departure_time': 1536856320, 'arrival_time': 1536858060}
598	{'task_type': 'deadhead', 'locomotive': 22577, 'first_train_section': 26075, 'first_section': 22317, 'first_departure_time': 1536856320, 'first_arrival_time': 1536858060, 'second_train_section': 27094, 'second_section': 22404, 'second_departure_time': 1536864420, 'second_arrival_time': 1536873360}
599	{'task_type': 'regular', 'locomotive': 22577, 'train_section': 27094, 'section': 22404, 'departure_time': 1536864420, 'arrival_time': 1536873360}
600	{'task_type': 'deadhead', 'locomotive': 22577, 'first_train_section': 27094, 'first_section': 22404, 'first_departure_time': 1536864420, 'first_arrival_time': 1536873360, 'second_train_section': 27242, 'second_section': 22496, 'second_departure_time': 1536890400, 'second_arrival_time': 1536895200}
601	{'task_type': 'regular', 'locomotive': 22577, 'train_section': 27242, 'section': 22496, 'departure_time': 1536890400, 'arrival_time': 1536895200}
602	{'task_type': 'deadhead', 'locomotive': 22577, 'first_train_section': 27242, 'first_section': 22496, 'first_departure_time': 1536890400, 'first_arrival_time': 1536895200, 'second_train_section': 27487, 'second_section': 22378, 'second_departure_time': 1536901500, 'second_arrival_time': 1536905160}
603	{'task_type': 'regular', 'locomotive': 22577, 'train_section': 27487, 'section': 22378, 'departure_time': 1536901500, 'arrival_time': 1536905160}
604	{'task_type': 'deadhead', 'locomotive': 22577, 'first_train_section': 27487, 'first_section': 22378, 'first_departure_time': 1536901500, 'first_arrival_time': 1536905160, 'second_train_section': 26744, 'second_section': 22308, 'second_departure_time': 1536915840, 'second_arrival_time': 1536918480}
605	{'task_type': 'regular', 'locomotive': 22577, 'train_section': 26744, 'section': 22308, 'departure_time': 1536915840, 'arrival_time': 1536918480}
606	{'task_type': 'deadhead', 'locomotive': 22577, 'first_train_section': 26744, 'first_section': 22308, 'first_departure_time': 1536915840, 'first_arrival_time': 1536918480, 'second_train_section': 24372, 'second_section': 22304, 'second_departure_time': 1536926520, 'second_arrival_time': 1536931380}
607	{'task_type': 'regular', 'locomotive': 22577, 'train_section': 24372, 'section': 22304, 'departure_time': 1536926520, 'arrival_time': 1536931380}
608	{'task_type': 'regular', 'locomotive': 22577, 'train_section': 26056, 'section': 22249, 'departure_time': 1536936480, 'arrival_time': 1536942480}
609	{'task_type': 'deadhead', 'locomotive': 22577, 'first_train_section': 26056, 'first_section': 22249, 'first_departure_time': 1536936480, 'first_arrival_time': 1536942480, 'second_train_section': 27576, 'second_section': 22441, 'second_departure_time': 1536949860, 'second_arrival_time': 1536952980}
610	{'task_type': 'regular', 'locomotive': 22577, 'train_section': 27576, 'section': 22441, 'departure_time': 1536949860, 'arrival_time': 1536952980}
611	{'task_type': 'deadhead', 'locomotive': 22577, 'first_train_section': 27576, 'first_section': 22441, 'first_departure_time': 1536949860, 'first_arrival_time': 1536952980, 'second_train_section': 26760, 'second_section': 22247, 'second_departure_time': 1536966780, 'second_arrival_time': 1536976140}
612	{'task_type': 'regular', 'locomotive': 22577, 'train_section': 26760, 'section': 22247, 'departure_time': 1536966780, 'arrival_time': 1536976140}
613	{'task_type': 'deadhead', 'locomotive': 22577, 'first_train_section': 26760, 'first_section': 22247, 'first_departure_time': 1536966780, 'first_arrival_time': 1536976140, 'second_train_section': 24356, 'second_section': 22404, 'second_departure_time': 1536986220, 'second_arrival_time': 1536996420}
614	{'task_type': 'regular', 'locomotive': 22577, 'train_section': 24356, 'section': 22404, 'departure_time': 1536986220, 'arrival_time': 1536996420}
615	{'task_type': 'regular', 'locomotive': 22577, 'train_section': 26935, 'section': 22247, 'departure_time': 1537014720, 'arrival_time': 1537025820}
616	{'task_type': 'deadhead', 'locomotive': 22577, 'first_train_section': 26935, 'first_section': 22247, 'first_departure_time': 1537014720, 'first_arrival_time': 1537025820, 'second_train_section': 27053, 'second_section': 22324, 'second_departure_time': 1537045980, 'second_arrival_time': 1537051500}
617	{'task_type': 'regular', 'locomotive': 22577, 'train_section': 27053, 'section': 22324, 'departure_time': 1537045980, 'arrival_time': 1537051500}
618	{'task_type': 'deadhead', 'locomotive': 22577, 'first_train_section': 27053, 'first_section': 22324, 'first_departure_time': 1537045980, 'first_arrival_time': 1537051500, 'second_train_section': 25807, 'second_section': 22313, 'second_departure_time': 1537087680, 'second_arrival_time': 1537092600}
619	{'task_type': 'regular', 'locomotive': 22577, 'train_section': 25807, 'section': 22313, 'departure_time': 1537087680, 'arrival_time': 1537092600}
620	{'task_type': 'deadhead', 'locomotive': 22577, 'first_train_section': 25807, 'first_section': 22313, 'first_departure_time': 1537087680, 'first_arrival_time': 1537092600, 'second_train_section': 24215, 'second_section': 22429, 'second_departure_time': 1537131240, 'second_arrival_time': 1537133880}
621	{'task_type': 'regular', 'locomotive': 22577, 'train_section': 24215, 'section': 22429, 'departure_time': 1537131240, 'arrival_time': 1537133880}
622	{'task_type': 'regular', 'locomotive': 22579, 'train_section': 23351, 'section': 22246, 'departure_time': 1536700320, 'arrival_time': 1536701580}
623	{'task_type': 'deadhead', 'locomotive': 22579, 'first_train_section': 23351, 'first_section': 22246, 'first_departure_time': 1536700320, 'first_arrival_time': 1536701580, 'second_train_section': 25320, 'second_section': 22247, 'second_departure_time': 1536708660, 'second_arrival_time': 1536717540}
624	{'task_type': 'regular', 'locomotive': 22579, 'train_section': 25320, 'section': 22247, 'departure_time': 1536708660, 'arrival_time': 1536717540}
625	{'task_type': 'deadhead', 'locomotive': 22579, 'first_train_section': 25320, 'first_section': 22247, 'first_departure_time': 1536708660, 'first_arrival_time': 1536717540, 'second_train_section': 23262, 'second_section': 22245, 'second_departure_time': 1536728280, 'second_arrival_time': 1536733740}
626	{'task_type': 'regular', 'locomotive': 22579, 'train_section': 23262, 'section': 22245, 'departure_time': 1536728280, 'arrival_time': 1536733740}
627	{'task_type': 'deadhead', 'locomotive': 22579, 'first_train_section': 23262, 'first_section': 22245, 'first_departure_time': 1536728280, 'first_arrival_time': 1536733740, 'second_train_section': 24365, 'second_section': 22479, 'second_departure_time': 1536738540, 'second_arrival_time': 1536740160}
628	{'task_type': 'regular', 'locomotive': 22579, 'train_section': 24365, 'section': 22479, 'departure_time': 1536738540, 'arrival_time': 1536740160}
629	{'task_type': 'deadhead', 'locomotive': 22579, 'first_train_section': 24365, 'first_section': 22479, 'first_departure_time': 1536738540, 'first_arrival_time': 1536740160, 'second_train_section': 25532, 'second_section': 22486, 'second_departure_time': 1536753120, 'second_arrival_time': 1536756720}
630	{'task_type': 'regular', 'locomotive': 22579, 'train_section': 25532, 'section': 22486, 'departure_time': 1536753120, 'arrival_time': 1536756720}
631	{'task_type': 'deadhead', 'locomotive': 22579, 'first_train_section': 25532, 'first_section': 22486, 'first_departure_time': 1536753120, 'first_arrival_time': 1536756720, 'second_train_section': 26865, 'second_section': 22472, 'second_departure_time': 1536765180, 'second_arrival_time': 1536770340}
632	{'task_type': 'regular', 'locomotive': 22579, 'train_section': 26865, 'section': 22472, 'departure_time': 1536765180, 'arrival_time': 1536770340}
633	{'task_type': 'deadhead', 'locomotive': 22579, 'first_train_section': 26865, 'first_section': 22472, 'first_departure_time': 1536765180, 'first_arrival_time': 1536770340, 'second_train_section': 23291, 'second_section': 22479, 'second_departure_time': 1536781860, 'second_arrival_time': 1536783720}
634	{'task_type': 'regular', 'locomotive': 22579, 'train_section': 23291, 'section': 22479, 'departure_time': 1536781860, 'arrival_time': 1536783720}
635	{'task_type': 'regular', 'locomotive': 22579, 'train_section': 27221, 'section': 22259, 'departure_time': 1536786900, 'arrival_time': 1536787320}
636	{'task_type': 'regular', 'locomotive': 22579, 'train_section': 22759, 'section': 22265, 'departure_time': 1536789660, 'arrival_time': 1536793380}
637	{'task_type': 'regular', 'locomotive': 22579, 'train_section': 27164, 'section': 22346, 'departure_time': 1536793440, 'arrival_time': 1536795120}
638	{'task_type': 'deadhead', 'locomotive': 22579, 'first_train_section': 27164, 'first_section': 22346, 'first_departure_time': 1536793440, 'first_arrival_time': 1536795120, 'second_train_section': 22627, 'second_section': 22336, 'second_departure_time': 1536805380, 'second_arrival_time': 1536811500}
639	{'task_type': 'regular', 'locomotive': 22579, 'train_section': 22627, 'section': 22336, 'departure_time': 1536805380, 'arrival_time': 1536811500}
640	{'task_type': 'regular', 'locomotive': 22579, 'train_section': 25071, 'section': 22400, 'departure_time': 1536813780, 'arrival_time': 1536817680}
641	{'task_type': 'deadhead', 'locomotive': 22579, 'first_train_section': 25071, 'first_section': 22400, 'first_departure_time': 1536813780, 'first_arrival_time': 1536817680, 'second_train_section': 25565, 'second_section': 22410, 'second_departure_time': 1536822060, 'second_arrival_time': 1536824880}
642	{'task_type': 'regular', 'locomotive': 22579, 'train_section': 25565, 'section': 22410, 'departure_time': 1536822060, 'arrival_time': 1536824880}
643	{'task_type': 'deadhead', 'locomotive': 22579, 'first_train_section': 25565, 'first_section': 22410, 'first_departure_time': 1536822060, 'first_arrival_time': 1536824880, 'second_train_section': 26874, 'second_section': 22401, 'second_departure_time': 1536838500, 'second_arrival_time': 1536839880}
644	{'task_type': 'regular', 'locomotive': 22579, 'train_section': 26874, 'section': 22401, 'departure_time': 1536838500, 'arrival_time': 1536839880}
645	{'task_type': 'deadhead', 'locomotive': 22579, 'first_train_section': 26874, 'first_section': 22401, 'first_departure_time': 1536838500, 'first_arrival_time': 1536839880, 'second_train_section': 25950, 'second_section': 22488, 'second_departure_time': 1536851640, 'second_arrival_time': 1536856020}
646	{'task_type': 'regular', 'locomotive': 22579, 'train_section': 25950, 'section': 22488, 'departure_time': 1536851640, 'arrival_time': 1536856020}
647	{'task_type': 'deadhead', 'locomotive': 22579, 'first_train_section': 25950, 'first_section': 22488, 'first_departure_time': 1536851640, 'first_arrival_time': 1536856020, 'second_train_section': 24500, 'second_section': 22266, 'second_departure_time': 1536873900, 'second_arrival_time': 1536880440}
648	{'task_type': 'regular', 'locomotive': 22579, 'train_section': 24500, 'section': 22266, 'departure_time': 1536873900, 'arrival_time': 1536880440}
649	{'task_type': 'deadhead', 'locomotive': 22579, 'first_train_section': 24500, 'first_section': 22266, 'first_departure_time': 1536873900, 'first_arrival_time': 1536880440, 'second_train_section': 26456, 'second_section': 22443, 'second_departure_time': 1536897420, 'second_arrival_time': 1536899040}
650	{'task_type': 'regular', 'locomotive': 22579, 'train_section': 26456, 'section': 22443, 'departure_time': 1536897420, 'arrival_time': 1536899040}
651	{'task_type': 'deadhead', 'locomotive': 22579, 'first_train_section': 26456, 'first_section': 22443, 'first_departure_time': 1536897420, 'first_arrival_time': 1536899040, 'second_train_section': 26461, 'second_section': 22304, 'second_departure_time': 1536903300, 'second_arrival_time': 1536908340}
652	{'task_type': 'regular', 'locomotive': 22579, 'train_section': 26461, 'section': 22304, 'departure_time': 1536903300, 'arrival_time': 1536908340}
653	{'task_type': 'regular', 'locomotive': 22579, 'train_section': 26463, 'section': 22247, 'departure_time': 1536908520, 'arrival_time': 1536917760}
654	{'task_type': 'deadhead', 'locomotive': 22579, 'first_train_section': 26463, 'first_section': 22247, 'first_departure_time': 1536908520, 'first_arrival_time': 1536917760, 'second_train_section': 23116, 'second_section': 22400, 'second_departure_time': 1536918600, 'second_arrival_time': 1536922020}
655	{'task_type': 'regular', 'locomotive': 22579, 'train_section': 23116, 'section': 22400, 'departure_time': 1536918600, 'arrival_time': 1536922020}
656	{'task_type': 'regular', 'locomotive': 22579, 'train_section': 23766, 'section': 22383, 'departure_time': 1536923520, 'arrival_time': 1536926940}
657	{'task_type': 'deadhead', 'locomotive': 22579, 'first_train_section': 23766, 'first_section': 22383, 'first_departure_time': 1536923520, 'first_arrival_time': 1536926940, 'second_train_section': 26053, 'second_section': 22404, 'second_departure_time': 1536927780, 'second_arrival_time': 1536936300}
658	{'task_type': 'regular', 'locomotive': 22579, 'train_section': 26053, 'section': 22404, 'departure_time': 1536927780, 'arrival_time': 1536936300}
659	{'task_type': 'deadhead', 'locomotive': 22579, 'first_train_section': 26053, 'first_section': 22404, 'first_departure_time': 1536927780, 'first_arrival_time': 1536936300, 'second_train_section': 23760, 'second_section': 22242, 'second_departure_time': 1536945840, 'second_arrival_time': 1536949020}
660	{'task_type': 'regular', 'locomotive': 22579, 'train_section': 23760, 'section': 22242, 'departure_time': 1536945840, 'arrival_time': 1536949020}
661	{'task_type': 'deadhead', 'locomotive': 22579, 'first_train_section': 23760, 'first_section': 22242, 'first_departure_time': 1536945840, 'first_arrival_time': 1536949020, 'second_train_section': 26286, 'second_section': 22256, 'second_departure_time': 1536986520, 'second_arrival_time': 1536989460}
662	{'task_type': 'regular', 'locomotive': 22579, 'train_section': 26286, 'section': 22256, 'departure_time': 1536986520, 'arrival_time': 1536989460}
663	{'task_type': 'deadhead', 'locomotive': 22579, 'first_train_section': 26286, 'first_section': 22256, 'first_departure_time': 1536986520, 'first_arrival_time': 1536989460, 'second_train_section': 25855, 'second_section': 22334, 'second_departure_time': 1537007880, 'second_arrival_time': 1537012080}
664	{'task_type': 'regular', 'locomotive': 22579, 'train_section': 25855, 'section': 22334, 'departure_time': 1537007880, 'arrival_time': 1537012080}
665	{'task_type': 'regular', 'locomotive': 22580, 'train_section': 27354, 'section': 22499, 'departure_time': 1536759900, 'arrival_time': 1536765060}
666	{'task_type': 'deadhead', 'locomotive': 22580, 'first_train_section': 27354, 'first_section': 22499, 'first_departure_time': 1536759900, 'first_arrival_time': 1536765060, 'second_train_section': 22698, 'second_section': 22308, 'second_departure_time': 1536776400, 'second_arrival_time': 1536779160}
667	{'task_type': 'regular', 'locomotive': 22580, 'train_section': 22698, 'section': 22308, 'departure_time': 1536776400, 'arrival_time': 1536779160}
668	{'task_type': 'deadhead', 'locomotive': 22580, 'first_train_section': 22698, 'first_section': 22308, 'first_departure_time': 1536776400, 'first_arrival_time': 1536779160, 'second_train_section': 26560, 'second_section': 22307, 'second_departure_time': 1536784260, 'second_arrival_time': 1536786300}
669	{'task_type': 'regular', 'locomotive': 22580, 'train_section': 26560, 'section': 22307, 'departure_time': 1536784260, 'arrival_time': 1536786300}
670	{'task_type': 'deadhead', 'locomotive': 22580, 'first_train_section': 26560, 'first_section': 22307, 'first_departure_time': 1536784260, 'first_arrival_time': 1536786300, 'second_train_section': 27223, 'second_section': 22266, 'second_departure_time': 1536787500, 'second_arrival_time': 1536794040}
671	{'task_type': 'regular', 'locomotive': 22580, 'train_section': 27223, 'section': 22266, 'departure_time': 1536787500, 'arrival_time': 1536794040}
672	{'task_type': 'deadhead', 'locomotive': 22580, 'first_train_section': 27223, 'first_section': 22266, 'first_departure_time': 1536787500, 'first_arrival_time': 1536794040, 'second_train_section': 23522, 'second_section': 22508, 'second_departure_time': 1536816780, 'second_arrival_time': 1536819720}
673	{'task_type': 'regular', 'locomotive': 22580, 'train_section': 23522, 'section': 22508, 'departure_time': 1536816780, 'arrival_time': 1536819720}
674	{'task_type': 'deadhead', 'locomotive': 22580, 'first_train_section': 23522, 'first_section': 22508, 'first_departure_time': 1536816780, 'first_arrival_time': 1536819720, 'second_train_section': 23915, 'second_section': 22499, 'second_departure_time': 1536824700, 'second_arrival_time': 1536829860}
675	{'task_type': 'regular', 'locomotive': 22580, 'train_section': 23915, 'section': 22499, 'departure_time': 1536824700, 'arrival_time': 1536829860}
676	{'task_type': 'deadhead', 'locomotive': 22580, 'first_train_section': 23915, 'first_section': 22499, 'first_departure_time': 1536824700, 'first_arrival_time': 1536829860, 'second_train_section': 24971, 'second_section': 22275, 'second_departure_time': 1536843900, 'second_arrival_time': 1536850980}
677	{'task_type': 'regular', 'locomotive': 22580, 'train_section': 24971, 'section': 22275, 'departure_time': 1536843900, 'arrival_time': 1536850980}
678	{'task_type': 'deadhead', 'locomotive': 22580, 'first_train_section': 24971, 'first_section': 22275, 'first_departure_time': 1536843900, 'first_arrival_time': 1536850980, 'second_train_section': 25632, 'second_section': 22297, 'second_departure_time': 1536852600, 'second_arrival_time': 1536853620}
679	{'task_type': 'regular', 'locomotive': 22580, 'train_section': 25632, 'section': 22297, 'departure_time': 1536852600, 'arrival_time': 1536853620}
680	{'task_type': 'deadhead', 'locomotive': 22580, 'first_train_section': 25632, 'first_section': 22297, 'first_departure_time': 1536852600, 'first_arrival_time': 1536853620, 'second_train_section': 23584, 'second_section': 22301, 'second_departure_time': 1536863460, 'second_arrival_time': 1536865560}
681	{'task_type': 'regular', 'locomotive': 22580, 'train_section': 23584, 'section': 22301, 'departure_time': 1536863460, 'arrival_time': 1536865560}
682	{'task_type': 'regular', 'locomotive': 22580, 'train_section': 23586, 'section': 22375, 'departure_time': 1536871560, 'arrival_time': 1536880140}
683	{'task_type': 'deadhead', 'locomotive': 22580, 'first_train_section': 23586, 'first_section': 22375, 'first_departure_time': 1536871560, 'first_arrival_time': 1536880140, 'second_train_section': 27153, 'second_section': 22378, 'second_departure_time': 1536894540, 'second_arrival_time': 1536898200}
684	{'task_type': 'regular', 'locomotive': 22580, 'train_section': 27153, 'section': 22378, 'departure_time': 1536894540, 'arrival_time': 1536898200}
685	{'task_type': 'deadhead', 'locomotive': 22580, 'first_train_section': 27153, 'first_section': 22378, 'first_departure_time': 1536894540, 'first_arrival_time': 1536898200, 'second_train_section': 23598, 'second_section': 22499, 'second_departure_time': 1536911100, 'second_arrival_time': 1536916260}
686	{'task_type': 'regular', 'locomotive': 22580, 'train_section': 23598, 'section': 22499, 'departure_time': 1536911100, 'arrival_time': 1536916260}
687	{'task_type': 'deadhead', 'locomotive': 22580, 'first_train_section': 23598, 'first_section': 22499, 'first_departure_time': 1536911100, 'first_arrival_time': 1536916260, 'second_train_section': 25168, 'second_section': 22313, 'second_departure_time': 1536929280, 'second_arrival_time': 1536934200}
688	{'task_type': 'regular', 'locomotive': 22580, 'train_section': 25168, 'section': 22313, 'departure_time': 1536929280, 'arrival_time': 1536934200}
689	{'task_type': 'deadhead', 'locomotive': 22580, 'first_train_section': 25168, 'first_section': 22313, 'first_departure_time': 1536929280, 'first_arrival_time': 1536934200, 'second_train_section': 24907, 'second_section': 22310, 'second_departure_time': 1536938100, 'second_arrival_time': 1536939540}
690	{'task_type': 'regular', 'locomotive': 22580, 'train_section': 24907, 'section': 22310, 'departure_time': 1536938100, 'arrival_time': 1536939540}
691	{'task_type': 'deadhead', 'locomotive': 22580, 'first_train_section': 24907, 'first_section': 22310, 'first_departure_time': 1536938100, 'first_arrival_time': 1536939540, 'second_train_section': 25813, 'second_section': 22254, 'second_departure_time': 1536943680, 'second_arrival_time': 1536944340}
692	{'task_type': 'regular', 'locomotive': 22580, 'train_section': 25813, 'section': 22254, 'departure_time': 1536943680, 'arrival_time': 1536944340}
693	{'task_type': 'deadhead', 'locomotive': 22580, 'first_train_section': 25813, 'first_section': 22254, 'first_departure_time': 1536943680, 'first_arrival_time': 1536944340, 'second_train_section': 24335, 'second_section': 22289, 'second_departure_time': 1536953100, 'second_arrival_time': 1536960720}
694	{'task_type': 'regular', 'locomotive': 22580, 'train_section': 24335, 'section': 22289, 'departure_time': 1536953100, 'arrival_time': 1536960720}
695	{'task_type': 'deadhead', 'locomotive': 22580, 'first_train_section': 24335, 'first_section': 22289, 'first_departure_time': 1536953100, 'first_arrival_time': 1536960720, 'second_train_section': 25293, 'second_section': 22284, 'second_departure_time': 1536970980, 'second_arrival_time': 1536975900}
696	{'task_type': 'regular', 'locomotive': 22580, 'train_section': 25293, 'section': 22284, 'departure_time': 1536970980, 'arrival_time': 1536975900}
697	{'task_type': 'deadhead', 'locomotive': 22580, 'first_train_section': 25293, 'first_section': 22284, 'first_departure_time': 1536970980, 'first_arrival_time': 1536975900, 'second_train_section': 27120, 'second_section': 22493, 'second_departure_time': 1536988740, 'second_arrival_time': 1536989460}
698	{'task_type': 'regular', 'locomotive': 22580, 'train_section': 27120, 'section': 22493, 'departure_time': 1536988740, 'arrival_time': 1536989460}
699	{'task_type': 'regular', 'locomotive': 22580, 'train_section': 25407, 'section': 22329, 'departure_time': 1536994680, 'arrival_time': 1536996120}
700	{'task_type': 'deadhead', 'locomotive': 22580, 'first_train_section': 25407, 'first_section': 22329, 'first_departure_time': 1536994680, 'first_arrival_time': 1536996120, 'second_train_section': 24470, 'second_section': 22327, 'second_departure_time': 1537002480, 'second_arrival_time': 1537008840}
701	{'task_type': 'regular', 'locomotive': 22580, 'train_section': 24470, 'section': 22327, 'departure_time': 1537002480, 'arrival_time': 1537008840}
702	{'task_type': 'deadhead', 'locomotive': 22580, 'first_train_section': 26615, 'first_section': 22319, 'first_departure_time': 1537008840, 'first_arrival_time': 1537048740, 'second_train_section': 26316, 'second_section': 22379, 'second_departure_time': 1537073160, 'second_arrival_time': 1537074600}
703	{'task_type': 'regular', 'locomotive': 22580, 'train_section': 26316, 'section': 22379, 'departure_time': 1537073160, 'arrival_time': 1537074600}
704	{'task_type': 'deadhead', 'locomotive': 22580, 'first_train_section': 26316, 'first_section': 22379, 'first_departure_time': 1537073160, 'first_arrival_time': 1537074600, 'second_train_section': 26512, 'second_section': 22342, 'second_departure_time': 1537082340, 'second_arrival_time': 1537087620}
705	{'task_type': 'regular', 'locomotive': 22580, 'train_section': 26512, 'section': 22342, 'departure_time': 1537082340, 'arrival_time': 1537087620}
706	{'task_type': 'deadhead', 'locomotive': 22580, 'first_train_section': 26512, 'first_section': 22342, 'first_departure_time': 1537082340, 'first_arrival_time': 1537087620, 'second_train_section': 23855, 'second_section': 22327, 'second_departure_time': 1537103280, 'second_arrival_time': 1537109640}
707	{'task_type': 'regular', 'locomotive': 22580, 'train_section': 23855, 'section': 22327, 'departure_time': 1537103280, 'arrival_time': 1537109640}
708	{'task_type': 'regular', 'locomotive': 22581, 'train_section': 25318, 'section': 22367, 'departure_time': 1536707100, 'arrival_time': 1536708360}
709	{'task_type': 'deadhead', 'locomotive': 22581, 'first_train_section': 25318, 'first_section': 22367, 'first_departure_time': 1536707100, 'first_arrival_time': 1536708360, 'second_train_section': 27582, 'second_section': 22345, 'second_departure_time': 1536714360, 'second_arrival_time': 1536717300}
710	{'task_type': 'regular', 'locomotive': 22581, 'train_section': 27582, 'section': 22345, 'departure_time': 1536714360, 'arrival_time': 1536717300}
711	{'task_type': 'deadhead', 'locomotive': 22581, 'first_train_section': 27582, 'first_section': 22345, 'first_departure_time': 1536714360, 'first_arrival_time': 1536717300, 'second_train_section': 24763, 'second_section': 22348, 'second_departure_time': 1536721980, 'second_arrival_time': 1536725520}
712	{'task_type': 'regular', 'locomotive': 22581, 'train_section': 24763, 'section': 22348, 'departure_time': 1536721980, 'arrival_time': 1536725520}
713	{'task_type': 'deadhead', 'locomotive': 22581, 'first_train_section': 24763, 'first_section': 22348, 'first_departure_time': 1536721980, 'first_arrival_time': 1536725520, 'second_train_section': 22865, 'second_section': 22481, 'second_departure_time': 1536736560, 'second_arrival_time': 1536741480}
714	{'task_type': 'regular', 'locomotive': 22581, 'train_section': 22865, 'section': 22481, 'departure_time': 1536736560, 'arrival_time': 1536741480}
715	{'task_type': 'regular', 'locomotive': 22581, 'train_section': 26188, 'section': 22351, 'departure_time': 1536742080, 'arrival_time': 1536747240}
716	{'task_type': 'deadhead', 'locomotive': 22581, 'first_train_section': 26188, 'first_section': 22351, 'first_departure_time': 1536742080, 'first_arrival_time': 1536747240, 'second_train_section': 23499, 'second_section': 22261, 'second_departure_time': 1536752280, 'second_arrival_time': 1536754020}
717	{'task_type': 'regular', 'locomotive': 22581, 'train_section': 23499, 'section': 22261, 'departure_time': 1536752280, 'arrival_time': 1536754020}
718	{'task_type': 'deadhead', 'locomotive': 22581, 'first_train_section': 23499, 'first_section': 22261, 'first_departure_time': 1536752280, 'first_arrival_time': 1536754020, 'second_train_section': 24795, 'second_section': 22247, 'second_departure_time': 1536761520, 'second_arrival_time': 1536772620}
719	{'task_type': 'regular', 'locomotive': 22581, 'train_section': 24795, 'section': 22247, 'departure_time': 1536761520, 'arrival_time': 1536772620}
720	{'task_type': 'deadhead', 'locomotive': 22581, 'first_train_section': 24795, 'first_section': 22247, 'first_departure_time': 1536761520, 'first_arrival_time': 1536772620, 'second_train_section': 24094, 'second_section': 22407, 'second_departure_time': 1536776280, 'second_arrival_time': 1536782940}
721	{'task_type': 'regular', 'locomotive': 22581, 'train_section': 24094, 'section': 22407, 'departure_time': 1536776280, 'arrival_time': 1536782940}
722	{'task_type': 'deadhead', 'locomotive': 22581, 'first_train_section': 24094, 'first_section': 22407, 'first_departure_time': 1536776280, 'first_arrival_time': 1536782940, 'second_train_section': 25150, 'second_section': 22324, 'second_departure_time': 1536788760, 'second_arrival_time': 1536794100}
723	{'task_type': 'regular', 'locomotive': 22581, 'train_section': 25150, 'section': 22324, 'departure_time': 1536788760, 'arrival_time': 1536794100}
724	{'task_type': 'deadhead', 'locomotive': 22581, 'first_train_section': 25150, 'first_section': 22324, 'first_departure_time': 1536788760, 'first_arrival_time': 1536794100, 'second_train_section': 27387, 'second_section': 22438, 'second_departure_time': 1536810120, 'second_arrival_time': 1536821460}
725	{'task_type': 'regular', 'locomotive': 22581, 'train_section': 27387, 'section': 22438, 'departure_time': 1536810120, 'arrival_time': 1536821460}
726	{'task_type': 'deadhead', 'locomotive': 22581, 'first_train_section': 27387, 'first_section': 22438, 'first_departure_time': 1536810120, 'first_arrival_time': 1536821460, 'second_train_section': 23840, 'second_section': 22438, 'second_departure_time': 1536832320, 'second_arrival_time': 1536843060}
727	{'task_type': 'regular', 'locomotive': 22581, 'train_section': 23840, 'section': 22438, 'departure_time': 1536832320, 'arrival_time': 1536843060}
728	{'task_type': 'deadhead', 'locomotive': 22581, 'first_train_section': 23840, 'first_section': 22438, 'first_departure_time': 1536832320, 'first_arrival_time': 1536843060, 'second_train_section': 24091, 'second_section': 22378, 'second_departure_time': 1536865500, 'second_arrival_time': 1536869160}
729	{'task_type': 'regular', 'locomotive': 22581, 'train_section': 24091, 'section': 22378, 'departure_time': 1536865500, 'arrival_time': 1536869160}
730	{'task_type': 'deadhead', 'locomotive': 22581, 'first_train_section': 23363, 'first_section': 22417, 'first_departure_time': 1536869160, 'first_arrival_time': 1536875940, 'second_train_section': 27309, 'second_section': 22430, 'second_departure_time': 1536890580, 'second_arrival_time': 1536892680}
731	{'task_type': 'regular', 'locomotive': 22581, 'train_section': 27309, 'section': 22430, 'departure_time': 1536890580, 'arrival_time': 1536892680}
732	{'task_type': 'deadhead', 'locomotive': 22581, 'first_train_section': 27309, 'first_section': 22430, 'first_departure_time': 1536890580, 'first_arrival_time': 1536892680, 'second_train_section': 23878, 'second_section': 22378, 'second_departure_time': 1536897900, 'second_arrival_time': 1536901560}
733	{'task_type': 'regular', 'locomotive': 22581, 'train_section': 23878, 'section': 22378, 'departure_time': 1536897900, 'arrival_time': 1536901560}
734	{'task_type': 'deadhead', 'locomotive': 22581, 'first_train_section': 23878, 'first_section': 22378, 'first_departure_time': 1536897900, 'first_arrival_time': 1536901560, 'second_train_section': 23220, 'second_section': 22431, 'second_departure_time': 1536905400, 'second_arrival_time': 1536910020}
735	{'task_type': 'regular', 'locomotive': 22581, 'train_section': 23220, 'section': 22431, 'departure_time': 1536905400, 'arrival_time': 1536910020}
736	{'task_type': 'deadhead', 'locomotive': 22581, 'first_train_section': 23220, 'first_section': 22431, 'first_departure_time': 1536905400, 'first_arrival_time': 1536910020, 'second_train_section': 24658, 'second_section': 22316, 'second_departure_time': 1536926040, 'second_arrival_time': 1536934260}
737	{'task_type': 'regular', 'locomotive': 22581, 'train_section': 24658, 'section': 22316, 'departure_time': 1536926040, 'arrival_time': 1536934260}
738	{'task_type': 'deadhead', 'locomotive': 22581, 'first_train_section': 24658, 'first_section': 22316, 'first_departure_time': 1536926040, 'first_arrival_time': 1536934260, 'second_train_section': 25556, 'second_section': 22416, 'second_departure_time': 1536940440, 'second_arrival_time': 1536944100}
739	{'task_type': 'regular', 'locomotive': 22581, 'train_section': 25556, 'section': 22416, 'departure_time': 1536940440, 'arrival_time': 1536944100}
740	{'task_type': 'deadhead', 'locomotive': 22581, 'first_train_section': 25556, 'first_section': 22416, 'first_departure_time': 1536940440, 'first_arrival_time': 1536944100, 'second_train_section': 25850, 'second_section': 22416, 'second_departure_time': 1536951240, 'second_arrival_time': 1536954900}
741	{'task_type': 'regular', 'locomotive': 22581, 'train_section': 25850, 'section': 22416, 'departure_time': 1536951240, 'arrival_time': 1536954900}
742	{'task_type': 'deadhead', 'locomotive': 22581, 'first_train_section': 25850, 'first_section': 22416, 'first_departure_time': 1536951240, 'first_arrival_time': 1536954900, 'second_train_section': 22942, 'second_section': 22451, 'second_departure_time': 1536965820, 'second_arrival_time': 1536972720}
743	{'task_type': 'regular', 'locomotive': 22581, 'train_section': 22942, 'section': 22451, 'departure_time': 1536965820, 'arrival_time': 1536972720}
744	{'task_type': 'deadhead', 'locomotive': 22581, 'first_train_section': 22942, 'first_section': 22451, 'first_departure_time': 1536965820, 'first_arrival_time': 1536972720, 'second_train_section': 25624, 'second_section': 22233, 'second_departure_time': 1536992460, 'second_arrival_time': 1537007940}
745	{'task_type': 'regular', 'locomotive': 22581, 'train_section': 25624, 'section': 22233, 'departure_time': 1536992460, 'arrival_time': 1537007940}
746	{'task_type': 'regular', 'locomotive': 22582, 'train_section': 23283, 'section': 22323, 'departure_time': 1536695340, 'arrival_time': 1536698580}
747	{'task_type': 'regular', 'locomotive': 22582, 'train_section': 23285, 'section': 22337, 'departure_time': 1536699720, 'arrival_time': 1536706380}
748	{'task_type': 'deadhead', 'locomotive': 22582, 'first_train_section': 23285, 'first_section': 22337, 'first_departure_time': 1536699720, 'first_arrival_time': 1536706380, 'second_train_section': 23024, 'second_section': 22336, 'second_departure_time': 1536718980, 'second_arrival_time': 1536725100}
749	{'task_type': 'regular', 'locomotive': 22582, 'train_section': 23024, 'section': 22336, 'departure_time': 1536718980, 'arrival_time': 1536725100}
750	{'task_type': 'regular', 'locomotive': 22582, 'train_section': 24512, 'section': 22400, 'departure_time': 1536727380, 'arrival_time': 1536731280}
751	{'task_type': 'deadhead', 'locomotive': 22582, 'first_train_section': 24512, 'first_section': 22400, 'first_departure_time': 1536727380, 'first_arrival_time': 1536731280, 'second_train_section': 23455, 'second_section': 22489, 'second_departure_time': 1536745620, 'second_arrival_time': 1536748620}
752	{'task_type': 'regular', 'locomotive': 22582, 'train_section': 23455, 'section': 22489, 'departure_time': 1536745620, 'arrival_time': 1536748620}
753	{'task_type': 'deadhead', 'locomotive': 22582, 'first_train_section': 23455, 'first_section': 22489, 'first_departure_time': 1536745620, 'first_arrival_time': 1536748620, 'second_train_section': 26035, 'second_section': 22466, 'second_departure_time': 1536753900, 'second_arrival_time': 1536755040}
754	{'task_type': 'regular', 'locomotive': 22582, 'train_section': 26035, 'section': 22466, 'departure_time': 1536753900, 'arrival_time': 1536755040}
755	{'task_type': 'deadhead', 'locomotive': 22582, 'first_train_section': 26035, 'first_section': 22466, 'first_departure_time': 1536753900, 'first_arrival_time': 1536755040, 'second_train_section': 23793, 'second_section': 22383, 'second_departure_time': 1536761520, 'second_arrival_time': 1536764940}
756	{'task_type': 'regular', 'locomotive': 22582, 'train_section': 23793, 'section': 22383, 'departure_time': 1536761520, 'arrival_time': 1536764940}
757	{'task_type': 'regular', 'locomotive': 22582, 'train_section': 23795, 'section': 22399, 'departure_time': 1536765000, 'arrival_time': 1536766440}
758	{'task_type': 'deadhead', 'locomotive': 22582, 'first_train_section': 23795, 'first_section': 22399, 'first_departure_time': 1536765000, 'first_arrival_time': 1536766440, 'second_train_section': 26041, 'second_section': 22404, 'second_departure_time': 1536772740, 'second_arrival_time': 1536781620}
759	{'task_type': 'regular', 'locomotive': 22582, 'train_section': 26041, 'section': 22404, 'departure_time': 1536772740, 'arrival_time': 1536781620}
760	{'task_type': 'regular', 'locomotive': 22582, 'train_section': 26043, 'section': 22245, 'departure_time': 1536782220, 'arrival_time': 1536786900}
761	{'task_type': 'regular', 'locomotive': 22582, 'train_section': 23157, 'section': 22308, 'departure_time': 1536790920, 'arrival_time': 1536793620}
762	{'task_type': 'deadhead', 'locomotive': 22582, 'first_train_section': 23157, 'first_section': 22308, 'first_departure_time': 1536790920, 'first_arrival_time': 1536793620, 'second_train_section': 24748, 'second_section': 22309, 'second_departure_time': 1536799380, 'second_arrival_time': 1536804000}
763	{'task_type': 'regular', 'locomotive': 22582, 'train_section': 24748, 'section': 22309, 'departure_time': 1536799380, 'arrival_time': 1536804000}
764	{'task_type': 'deadhead', 'locomotive': 22582, 'first_train_section': 24748, 'first_section': 22309, 'first_departure_time': 1536799380, 'first_arrival_time': 1536804000, 'second_train_section': 24626, 'second_section': 22404, 'second_departure_time': 1536821220, 'second_arrival_time': 1536831120}
765	{'task_type': 'regular', 'locomotive': 22582, 'train_section': 24626, 'section': 22404, 'departure_time': 1536821220, 'arrival_time': 1536831120}
766	{'task_type': 'deadhead', 'locomotive': 22582, 'first_train_section': 24626, 'first_section': 22404, 'first_departure_time': 1536821220, 'first_arrival_time': 1536831120, 'second_train_section': 23921, 'second_section': 22318, 'second_departure_time': 1536845700, 'second_arrival_time': 1536850200}
767	{'task_type': 'regular', 'locomotive': 22582, 'train_section': 23921, 'section': 22318, 'departure_time': 1536845700, 'arrival_time': 1536850200}
768	{'task_type': 'deadhead', 'locomotive': 22582, 'first_train_section': 23921, 'first_section': 22318, 'first_departure_time': 1536845700, 'first_arrival_time': 1536850200, 'second_train_section': 23833, 'second_section': 22407, 'second_departure_time': 1536862680, 'second_arrival_time': 1536869340}
769	{'task_type': 'regular', 'locomotive': 22582, 'train_section': 23833, 'section': 22407, 'departure_time': 1536862680, 'arrival_time': 1536869340}
770	{'task_type': 'deadhead', 'locomotive': 22582, 'first_train_section': 23833, 'first_section': 22407, 'first_departure_time': 1536862680, 'first_arrival_time': 1536869340, 'second_train_section': 26956, 'second_section': 22365, 'second_departure_time': 1536892980, 'second_arrival_time': 1536896160}
771	{'task_type': 'regular', 'locomotive': 22582, 'train_section': 26956, 'section': 22365, 'departure_time': 1536892980, 'arrival_time': 1536896160}
772	{'task_type': 'regular', 'locomotive': 22582, 'train_section': 24679, 'section': 22273, 'departure_time': 1536896880, 'arrival_time': 1536901260}
773	{'task_type': 'regular', 'locomotive': 22582, 'train_section': 25573, 'section': 22401, 'departure_time': 1536901740, 'arrival_time': 1536903060}
774	{'task_type': 'deadhead', 'locomotive': 22582, 'first_train_section': 25573, 'first_section': 22401, 'first_departure_time': 1536901740, 'first_arrival_time': 1536903060, 'second_train_section': 27156, 'second_section': 22403, 'second_departure_time': 1536903960, 'second_arrival_time': 1536906720}
775	{'task_type': 'regular', 'locomotive': 22582, 'train_section': 27156, 'section': 22403, 'departure_time': 1536903960, 'arrival_time': 1536906720}
776	{'task_type': 'deadhead', 'locomotive': 22582, 'first_train_section': 27156, 'first_section': 22403, 'first_departure_time': 1536903960, 'first_arrival_time': 1536906720, 'second_train_section': 26078, 'second_section': 22401, 'second_departure_time': 1536924900, 'second_arrival_time': 1536926280}
777	{'task_type': 'regular', 'locomotive': 22582, 'train_section': 26078, 'section': 22401, 'departure_time': 1536924900, 'arrival_time': 1536926280}
778	{'task_type': 'deadhead', 'locomotive': 22582, 'first_train_section': 26078, 'first_section': 22401, 'first_departure_time': 1536924900, 'first_arrival_time': 1536926280, 'second_train_section': 23056, 'second_section': 22400, 'second_departure_time': 1536929400, 'second_arrival_time': 1536932820}
779	{'task_type': 'regular', 'locomotive': 22582, 'train_section': 23056, 'section': 22400, 'departure_time': 1536929400, 'arrival_time': 1536932820}
780	{'task_type': 'deadhead', 'locomotive': 22582, 'first_train_section': 23056, 'first_section': 22400, 'first_departure_time': 1536929400, 'first_arrival_time': 1536932820, 'second_train_section': 26489, 'second_section': 22247, 'second_departure_time': 1536942660, 'second_arrival_time': 1536951660}
781	{'task_type': 'regular', 'locomotive': 22582, 'train_section': 26489, 'section': 22247, 'departure_time': 1536942660, 'arrival_time': 1536951660}
782	{'task_type': 'deadhead', 'locomotive': 22582, 'first_train_section': 23707, 'first_section': 22319, 'first_departure_time': 1536962400, 'first_arrival_time': 1536985500, 'second_train_section': 23748, 'second_section': 22387, 'second_departure_time': 1536997080, 'second_arrival_time': 1536998520}
783	{'task_type': 'regular', 'locomotive': 22582, 'train_section': 23748, 'section': 22387, 'departure_time': 1536997080, 'arrival_time': 1536998520}
784	{'task_type': 'deadhead', 'locomotive': 22582, 'first_train_section': 23748, 'first_section': 22387, 'first_departure_time': 1536997080, 'first_arrival_time': 1536998520, 'second_train_section': 23672, 'second_section': 22387, 'second_departure_time': 1537004280, 'second_arrival_time': 1537005720}
785	{'task_type': 'regular', 'locomotive': 22582, 'train_section': 23672, 'section': 22387, 'departure_time': 1537004280, 'arrival_time': 1537005720}
786	{'task_type': 'deadhead', 'locomotive': 22582, 'first_train_section': 23672, 'first_section': 22387, 'first_departure_time': 1537004280, 'first_arrival_time': 1537005720, 'second_train_section': 24667, 'second_section': 22378, 'second_departure_time': 1537023900, 'second_arrival_time': 1537027560}
787	{'task_type': 'regular', 'locomotive': 22582, 'train_section': 24667, 'section': 22378, 'departure_time': 1537023900, 'arrival_time': 1537027560}
788	{'task_type': 'deadhead', 'locomotive': 22582, 'first_train_section': 24667, 'first_section': 22378, 'first_departure_time': 1537023900, 'first_arrival_time': 1537027560, 'second_train_section': 25939, 'second_section': 22279, 'second_departure_time': 1537095000, 'second_arrival_time': 1537100580}
789	{'task_type': 'regular', 'locomotive': 22582, 'train_section': 25939, 'section': 22279, 'departure_time': 1537095000, 'arrival_time': 1537100580}
790	{'task_type': 'regular', 'locomotive': 22583, 'train_section': 26540, 'section': 22318, 'departure_time': 1536672900, 'arrival_time': 1536677400}
791	{'task_type': 'regular', 'locomotive': 22583, 'train_section': 26595, 'section': 22488, 'departure_time': 1536678840, 'arrival_time': 1536683220}
792	{'task_type': 'deadhead', 'locomotive': 22583, 'first_train_section': 26595, 'first_section': 22488, 'first_departure_time': 1536678840, 'first_arrival_time': 1536683220, 'second_train_section': 25035, 'second_section': 22407, 'second_departure_time': 1536689880, 'second_arrival_time': 1536696540}
793	{'task_type': 'regular', 'locomotive': 22583, 'train_section': 25035, 'section': 22407, 'departure_time': 1536689880, 'arrival_time': 1536696540}
794	{'task_type': 'regular', 'locomotive': 22583, 'train_section': 25037, 'section': 22334, 'departure_time': 1536697020, 'arrival_time': 1536700200}
795	{'task_type': 'deadhead', 'locomotive': 22583, 'first_train_section': 25037, 'first_section': 22334, 'first_departure_time': 1536697020, 'first_arrival_time': 1536700200, 'second_train_section': 22675, 'second_section': 22404, 'second_departure_time': 1536714060, 'second_arrival_time': 1536723060}
796	{'task_type': 'regular', 'locomotive': 22583, 'train_section': 22675, 'section': 22404, 'departure_time': 1536714060, 'arrival_time': 1536723060}
797	{'task_type': 'deadhead', 'locomotive': 22583, 'first_train_section': 22675, 'first_section': 22404, 'first_departure_time': 1536714060, 'first_arrival_time': 1536723060, 'second_train_section': 26186, 'second_section': 22472, 'second_departure_time': 1536736380, 'second_arrival_time': 1536741540}
798	{'task_type': 'regular', 'locomotive': 22583, 'train_section': 26186, 'section': 22472, 'departure_time': 1536736380, 'arrival_time': 1536741540}
799	{'task_type': 'deadhead', 'locomotive': 22583, 'first_train_section': 26186, 'first_section': 22472, 'first_departure_time': 1536736380, 'first_arrival_time': 1536741540, 'second_train_section': 24077, 'second_section': 22416, 'second_departure_time': 1536756840, 'second_arrival_time': 1536760500}
800	{'task_type': 'regular', 'locomotive': 22583, 'train_section': 24077, 'section': 22416, 'departure_time': 1536756840, 'arrival_time': 1536760500}
801	{'task_type': 'deadhead', 'locomotive': 22583, 'first_train_section': 24077, 'first_section': 22416, 'first_departure_time': 1536756840, 'first_arrival_time': 1536760500, 'second_train_section': 25800, 'second_section': 22414, 'second_departure_time': 1536767820, 'second_arrival_time': 1536772260}
802	{'task_type': 'regular', 'locomotive': 22583, 'train_section': 25800, 'section': 22414, 'departure_time': 1536767820, 'arrival_time': 1536772260}
803	{'task_type': 'deadhead', 'locomotive': 22583, 'first_train_section': 27056, 'first_section': 22237, 'first_departure_time': 1536789600, 'first_arrival_time': 1536812700, 'second_train_section': 24424, 'second_section': 22247, 'second_departure_time': 1536822120, 'second_arrival_time': 1536831360}
804	{'task_type': 'regular', 'locomotive': 22583, 'train_section': 24424, 'section': 22247, 'departure_time': 1536822120, 'arrival_time': 1536831360}
805	{'task_type': 'deadhead', 'locomotive': 22583, 'first_train_section': 24424, 'first_section': 22247, 'first_departure_time': 1536822120, 'first_arrival_time': 1536831360, 'second_train_section': 25045, 'second_section': 22272, 'second_departure_time': 1536841920, 'second_arrival_time': 1536842640}
806	{'task_type': 'regular', 'locomotive': 22583, 'train_section': 25045, 'section': 22272, 'departure_time': 1536841920, 'arrival_time': 1536842640}
807	{'task_type': 'deadhead', 'locomotive': 22583, 'first_train_section': 25045, 'first_section': 22272, 'first_departure_time': 1536841920, 'first_arrival_time': 1536842640, 'second_train_section': 23818, 'second_section': 22439, 'second_departure_time': 1536864720, 'second_arrival_time': 1536871800}
808	{'task_type': 'regular', 'locomotive': 22583, 'train_section': 23818, 'section': 22439, 'departure_time': 1536864720, 'arrival_time': 1536871800}
809	{'task_type': 'regular', 'locomotive': 22583, 'train_section': 26419, 'section': 22320, 'departure_time': 1536893880, 'arrival_time': 1536900300}
810	{'task_type': 'regular', 'locomotive': 22583, 'train_section': 26072, 'section': 22329, 'departure_time': 1536901080, 'arrival_time': 1536902520}
811	{'task_type': 'regular', 'locomotive': 22583, 'train_section': 24227, 'section': 22388, 'departure_time': 1536903480, 'arrival_time': 1536905580}
812	{'task_type': 'deadhead', 'locomotive': 22583, 'first_train_section': 24227, 'first_section': 22388, 'first_departure_time': 1536903480, 'first_arrival_time': 1536905580, 'second_train_section': 23803, 'second_section': 22472, 'second_departure_time': 1536909180, 'second_arrival_time': 1536914340}
813	{'task_type': 'regular', 'locomotive': 22583, 'train_section': 23803, 'section': 22472, 'departure_time': 1536909180, 'arrival_time': 1536914340}
814	{'task_type': 'deadhead', 'locomotive': 22583, 'first_train_section': 23803, 'first_section': 22472, 'first_departure_time': 1536909180, 'first_arrival_time': 1536914340, 'second_train_section': 24990, 'second_section': 22285, 'second_departure_time': 1536926520, 'second_arrival_time': 1536935640}
815	{'task_type': 'regular', 'locomotive': 22583, 'train_section': 24990, 'section': 22285, 'departure_time': 1536926520, 'arrival_time': 1536935640}
816	{'task_type': 'deadhead', 'locomotive': 22583, 'first_train_section': 23146, 'first_section': 22328, 'first_departure_time': 1536947040, 'first_arrival_time': 1536956760, 'second_train_section': 25011, 'second_section': 22449, 'second_departure_time': 1536964620, 'second_arrival_time': 1536966840}
817	{'task_type': 'regular', 'locomotive': 22583, 'train_section': 25011, 'section': 22449, 'departure_time': 1536964620, 'arrival_time': 1536966840}
818	{'task_type': 'deadhead', 'locomotive': 22583, 'first_train_section': 25011, 'first_section': 22449, 'first_departure_time': 1536964620, 'first_arrival_time': 1536966840, 'second_train_section': 26169, 'second_section': 22314, 'second_departure_time': 1536996840, 'second_arrival_time': 1536999540}
819	{'task_type': 'regular', 'locomotive': 22583, 'train_section': 26169, 'section': 22314, 'departure_time': 1536996840, 'arrival_time': 1536999540}
820	{'task_type': 'regular', 'locomotive': 22584, 'train_section': 25410, 'section': 22252, 'departure_time': 1536770040, 'arrival_time': 1536775560}
821	{'task_type': 'deadhead', 'locomotive': 22584, 'first_train_section': 25410, 'first_section': 22252, 'first_departure_time': 1536770040, 'first_arrival_time': 1536775560, 'second_train_section': 25373, 'second_section': 22427, 'second_departure_time': 1536777900, 'second_arrival_time': 1536781140}
822	{'task_type': 'regular', 'locomotive': 22584, 'train_section': 25373, 'section': 22427, 'departure_time': 1536777900, 'arrival_time': 1536781140}
823	{'task_type': 'regular', 'locomotive': 22584, 'train_section': 25375, 'section': 22443, 'departure_time': 1536782040, 'arrival_time': 1536783720}
824	{'task_type': 'regular', 'locomotive': 22584, 'train_section': 24984, 'section': 22496, 'departure_time': 1536784020, 'arrival_time': 1536789120}
825	{'task_type': 'deadhead', 'locomotive': 22584, 'first_train_section': 24984, 'first_section': 22496, 'first_departure_time': 1536784020, 'first_arrival_time': 1536789120, 'second_train_section': 25395, 'second_section': 22428, 'second_departure_time': 1536797460, 'second_arrival_time': 1536803220}
826	{'task_type': 'regular', 'locomotive': 22584, 'train_section': 25395, 'section': 22428, 'departure_time': 1536797460, 'arrival_time': 1536803220}
827	{'task_type': 'deadhead', 'locomotive': 22584, 'first_train_section': 25395, 'first_section': 22428, 'first_departure_time': 1536797460, 'first_arrival_time': 1536803220, 'second_train_section': 22633, 'second_section': 22251, 'second_departure_time': 1536810660, 'second_arrival_time': 1536814800}
828	{'task_type': 'regular', 'locomotive': 22584, 'train_section': 22633, 'section': 22251, 'departure_time': 1536810660, 'arrival_time': 1536814800}
829	{'task_type': 'deadhead', 'locomotive': 22584, 'first_train_section': 22633, 'first_section': 22251, 'first_departure_time': 1536810660, 'first_arrival_time': 1536814800, 'second_train_section': 27315, 'second_section': 22416, 'second_departure_time': 1536818040, 'second_arrival_time': 1536821700}
830	{'task_type': 'regular', 'locomotive': 22584, 'train_section': 27315, 'section': 22416, 'departure_time': 1536818040, 'arrival_time': 1536821700}
831	{'task_type': 'regular', 'locomotive': 22584, 'train_section': 24573, 'section': 22378, 'departure_time': 1536822300, 'arrival_time': 1536825960}
832	{'task_type': 'deadhead', 'locomotive': 22584, 'first_train_section': 24573, 'first_section': 22378, 'first_departure_time': 1536822300, 'first_arrival_time': 1536825960, 'second_train_section': 23541, 'second_section': 22378, 'second_departure_time': 1536840300, 'second_arrival_time': 1536843960}
833	{'task_type': 'regular', 'locomotive': 22584, 'train_section': 23541, 'section': 22378, 'departure_time': 1536840300, 'arrival_time': 1536843960}
834	{'task_type': 'deadhead', 'locomotive': 22584, 'first_train_section': 23541, 'first_section': 22378, 'first_departure_time': 1536840300, 'first_arrival_time': 1536843960, 'second_train_section': 22983, 'second_section': 22443, 'second_departure_time': 1536858000, 'second_arrival_time': 1536859800}
835	{'task_type': 'regular', 'locomotive': 22584, 'train_section': 22983, 'section': 22443, 'departure_time': 1536858000, 'arrival_time': 1536859800}
836	{'task_type': 'regular', 'locomotive': 22584, 'train_section': 22985, 'section': 22495, 'departure_time': 1536861180, 'arrival_time': 1536864060}
837	{'task_type': 'deadhead', 'locomotive': 22584, 'first_train_section': 22985, 'first_section': 22495, 'first_departure_time': 1536861180, 'first_arrival_time': 1536864060, 'second_train_section': 22789, 'second_section': 22495, 'second_departure_time': 1536866880, 'second_arrival_time': 1536869820}
838	{'task_type': 'regular', 'locomotive': 22584, 'train_section': 22789, 'section': 22495, 'departure_time': 1536866880, 'arrival_time': 1536869820}
839	{'task_type': 'regular', 'locomotive': 22584, 'train_section': 22791, 'section': 22307, 'departure_time': 1536870660, 'arrival_time': 1536872700}
840	{'task_type': 'deadhead', 'locomotive': 22584, 'first_train_section': 22791, 'first_section': 22307, 'first_departure_time': 1536870660, 'first_arrival_time': 1536872700, 'second_train_section': 24314, 'second_section': 22265, 'second_departure_time': 1536876060, 'second_arrival_time': 1536879780}
841	{'task_type': 'regular', 'locomotive': 22584, 'train_section': 24314, 'section': 22265, 'departure_time': 1536876060, 'arrival_time': 1536879780}
842	{'task_type': 'deadhead', 'locomotive': 22584, 'first_train_section': 24314, 'first_section': 22265, 'first_departure_time': 1536876060, 'first_arrival_time': 1536879780, 'second_train_section': 23208, 'second_section': 22287, 'second_departure_time': 1536894360, 'second_arrival_time': 1536895800}
843	{'task_type': 'regular', 'locomotive': 22584, 'train_section': 23208, 'section': 22287, 'departure_time': 1536894360, 'arrival_time': 1536895800}
844	{'task_type': 'deadhead', 'locomotive': 22584, 'first_train_section': 23208, 'first_section': 22287, 'first_departure_time': 1536894360, 'first_arrival_time': 1536895800, 'second_train_section': 25953, 'second_section': 22387, 'second_departure_time': 1536907920, 'second_arrival_time': 1536909720}
845	{'task_type': 'regular', 'locomotive': 22584, 'train_section': 25953, 'section': 22387, 'departure_time': 1536907920, 'arrival_time': 1536909720}
846	{'task_type': 'deadhead', 'locomotive': 22584, 'first_train_section': 25953, 'first_section': 22387, 'first_departure_time': 1536907920, 'first_arrival_time': 1536909720, 'second_train_section': 24606, 'second_section': 22311, 'second_departure_time': 1536918000, 'second_arrival_time': 1536920760}
847	{'task_type': 'regular', 'locomotive': 22584, 'train_section': 24606, 'section': 22311, 'departure_time': 1536918000, 'arrival_time': 1536920760}
848	{'task_type': 'regular', 'locomotive': 22584, 'train_section': 23408, 'section': 22313, 'departure_time': 1536922080, 'arrival_time': 1536927000}
849	{'task_type': 'regular', 'locomotive': 22584, 'train_section': 24962, 'section': 22278, 'departure_time': 1536929880, 'arrival_time': 1536936480}
850	{'task_type': 'deadhead', 'locomotive': 22584, 'first_train_section': 24962, 'first_section': 22278, 'first_departure_time': 1536929880, 'first_arrival_time': 1536936480, 'second_train_section': 25077, 'second_section': 22342, 'second_departure_time': 1536938340, 'second_arrival_time': 1536943620}
851	{'task_type': 'regular', 'locomotive': 22584, 'train_section': 25077, 'section': 22342, 'departure_time': 1536938340, 'arrival_time': 1536943620}
852	{'task_type': 'deadhead', 'locomotive': 22584, 'first_train_section': 25077, 'first_section': 22342, 'first_departure_time': 1536938340, 'first_arrival_time': 1536943620, 'second_train_section': 26553, 'second_section': 22378, 'second_departure_time': 1536951900, 'second_arrival_time': 1536955560}
853	{'task_type': 'regular', 'locomotive': 22584, 'train_section': 26553, 'section': 22378, 'departure_time': 1536951900, 'arrival_time': 1536955560}
854	{'task_type': 'deadhead', 'locomotive': 22584, 'first_train_section': 26553, 'first_section': 22378, 'first_departure_time': 1536951900, 'first_arrival_time': 1536955560, 'second_train_section': 24940, 'second_section': 22443, 'second_departure_time': 1536960660, 'second_arrival_time': 1536962460}
855	{'task_type': 'regular', 'locomotive': 22584, 'train_section': 24940, 'section': 22443, 'departure_time': 1536960660, 'arrival_time': 1536962460}
856	{'task_type': 'deadhead', 'locomotive': 22584, 'first_train_section': 24940, 'first_section': 22443, 'first_departure_time': 1536960660, 'first_arrival_time': 1536962460, 'second_train_section': 24944, 'second_section': 22304, 'second_departure_time': 1536967500, 'second_arrival_time': 1536971880}
857	{'task_type': 'regular', 'locomotive': 22584, 'train_section': 24944, 'section': 22304, 'departure_time': 1536967500, 'arrival_time': 1536971880}
858	{'task_type': 'deadhead', 'locomotive': 22584, 'first_train_section': 24944, 'first_section': 22304, 'first_departure_time': 1536967500, 'first_arrival_time': 1536971880, 'second_train_section': 26385, 'second_section': 22308, 'second_departure_time': 1536979380, 'second_arrival_time': 1536982140}
859	{'task_type': 'regular', 'locomotive': 22584, 'train_section': 26385, 'section': 22308, 'departure_time': 1536979380, 'arrival_time': 1536982140}
860	{'task_type': 'regular', 'locomotive': 22584, 'train_section': 24522, 'section': 22495, 'departure_time': 1536983460, 'arrival_time': 1536986460}
861	{'task_type': 'regular', 'locomotive': 22584, 'train_section': 24525, 'section': 22304, 'departure_time': 1536987600, 'arrival_time': 1536992700}
862	{'task_type': 'deadhead', 'locomotive': 22584, 'first_train_section': 24525, 'first_section': 22304, 'first_departure_time': 1536987600, 'first_arrival_time': 1536992700, 'second_train_section': 24360, 'second_section': 22308, 'second_departure_time': 1537002240, 'second_arrival_time': 1537004880}
863	{'task_type': 'regular', 'locomotive': 22584, 'train_section': 24360, 'section': 22308, 'departure_time': 1537002240, 'arrival_time': 1537004880}
864	{'task_type': 'regular', 'locomotive': 22584, 'train_section': 26931, 'section': 22495, 'departure_time': 1537005000, 'arrival_time': 1537007820}
865	{'task_type': 'deadhead', 'locomotive': 22584, 'first_train_section': 26931, 'first_section': 22495, 'first_departure_time': 1537005000, 'first_arrival_time': 1537007820, 'second_train_section': 25681, 'second_section': 22495, 'second_departure_time': 1537019280, 'second_arrival_time': 1537022040}
866	{'task_type': 'regular', 'locomotive': 22584, 'train_section': 25681, 'section': 22495, 'departure_time': 1537019280, 'arrival_time': 1537022040}
867	{'task_type': 'deadhead', 'locomotive': 22584, 'first_train_section': 25681, 'first_section': 22495, 'first_departure_time': 1537019280, 'first_arrival_time': 1537022040, 'second_train_section': 25908, 'second_section': 22431, 'second_departure_time': 1537031940, 'second_arrival_time': 1537036800}
868	{'task_type': 'regular', 'locomotive': 22584, 'train_section': 25908, 'section': 22431, 'departure_time': 1537031940, 'arrival_time': 1537036800}
869	{'task_type': 'deadhead', 'locomotive': 22584, 'first_train_section': 25908, 'first_section': 22431, 'first_departure_time': 1537031940, 'first_arrival_time': 1537036800, 'second_train_section': 25912, 'second_section': 22309, 'second_departure_time': 1537042140, 'second_arrival_time': 1537046880}
870	{'task_type': 'regular', 'locomotive': 22584, 'train_section': 25912, 'section': 22309, 'departure_time': 1537042140, 'arrival_time': 1537046880}
871	{'task_type': 'deadhead', 'locomotive': 22584, 'first_train_section': 25912, 'first_section': 22309, 'first_departure_time': 1537042140, 'first_arrival_time': 1537046880, 'second_train_section': 27061, 'second_section': 22472, 'second_departure_time': 1537081980, 'second_arrival_time': 1537087140}
872	{'task_type': 'regular', 'locomotive': 22584, 'train_section': 27061, 'section': 22472, 'departure_time': 1537081980, 'arrival_time': 1537087140}
873	{'task_type': 'regular', 'locomotive': 22584, 'train_section': 26737, 'section': 22340, 'departure_time': 1537103940, 'arrival_time': 1537119600}
874	{'task_type': 'regular', 'locomotive': 22585, 'train_section': 25774, 'section': 22425, 'departure_time': 1536703500, 'arrival_time': 1536705060}
875	{'task_type': 'deadhead', 'locomotive': 22585, 'first_train_section': 25774, 'first_section': 22425, 'first_departure_time': 1536703500, 'first_arrival_time': 1536705060, 'second_train_section': 26239, 'second_section': 22427, 'second_departure_time': 1536711600, 'second_arrival_time': 1536714540}
876	{'task_type': 'regular', 'locomotive': 22585, 'train_section': 26239, 'section': 22427, 'departure_time': 1536711600, 'arrival_time': 1536714540}
877	{'task_type': 'deadhead', 'locomotive': 22585, 'first_train_section': 26239, 'first_section': 22427, 'first_departure_time': 1536711600, 'first_arrival_time': 1536714540, 'second_train_section': 24768, 'second_section': 22251, 'second_departure_time': 1536724260, 'second_arrival_time': 1536728400}
878	{'task_type': 'regular', 'locomotive': 22585, 'train_section': 24768, 'section': 22251, 'departure_time': 1536724260, 'arrival_time': 1536728400}
879	{'task_type': 'regular', 'locomotive': 22585, 'train_section': 26675, 'section': 22416, 'departure_time': 1536765840, 'arrival_time': 1536769500}
880	{'task_type': 'regular', 'locomotive': 22585, 'train_section': 24143, 'section': 22378, 'departure_time': 1536770100, 'arrival_time': 1536773760}
881	{'task_type': 'deadhead', 'locomotive': 22585, 'first_train_section': 24143, 'first_section': 22378, 'first_departure_time': 1536770100, 'first_arrival_time': 1536773760, 'second_train_section': 27075, 'second_section': 22386, 'second_departure_time': 1536780120, 'second_arrival_time': 1536785160}
882	{'task_type': 'regular', 'locomotive': 22585, 'train_section': 27075, 'section': 22386, 'departure_time': 1536780120, 'arrival_time': 1536785160}
883	{'task_type': 'deadhead', 'locomotive': 22585, 'first_train_section': 27075, 'first_section': 22386, 'first_departure_time': 1536780120, 'first_arrival_time': 1536785160, 'second_train_section': 25379, 'second_section': 22304, 'second_departure_time': 1536787920, 'second_arrival_time': 1536792480}
884	{'task_type': 'regular', 'locomotive': 22585, 'train_section': 25379, 'section': 22304, 'departure_time': 1536787920, 'arrival_time': 1536792480}
885	{'task_type': 'deadhead', 'locomotive': 22585, 'first_train_section': 25379, 'first_section': 22304, 'first_departure_time': 1536787920, 'first_arrival_time': 1536792480, 'second_train_section': 22666, 'second_section': 22345, 'second_departure_time': 1536800760, 'second_arrival_time': 1536803700}
886	{'task_type': 'regular', 'locomotive': 22585, 'train_section': 22666, 'section': 22345, 'departure_time': 1536800760, 'arrival_time': 1536803700}
887	{'task_type': 'deadhead', 'locomotive': 22585, 'first_train_section': 22666, 'first_section': 22345, 'first_departure_time': 1536800760, 'first_arrival_time': 1536803700, 'second_train_section': 25436, 'second_section': 22307, 'second_departure_time': 1536813600, 'second_arrival_time': 1536815940}
888	{'task_type': 'regular', 'locomotive': 22585, 'train_section': 25436, 'section': 22307, 'departure_time': 1536813600, 'arrival_time': 1536815940}
889	{'task_type': 'regular', 'locomotive': 22585, 'train_section': 23525, 'section': 22481, 'departure_time': 1536822960, 'arrival_time': 1536827880}
890	{'task_type': 'deadhead', 'locomotive': 22585, 'first_train_section': 23525, 'first_section': 22481, 'first_departure_time': 1536822960, 'first_arrival_time': 1536827880, 'second_train_section': 26938, 'second_section': 22279, 'second_departure_time': 1536835800, 'second_arrival_time': 1536841380}
891	{'task_type': 'regular', 'locomotive': 22585, 'train_section': 26938, 'section': 22279, 'departure_time': 1536835800, 'arrival_time': 1536841380}
892	{'task_type': 'deadhead', 'locomotive': 22585, 'first_train_section': 26938, 'first_section': 22279, 'first_departure_time': 1536835800, 'first_arrival_time': 1536841380, 'second_train_section': 23516, 'second_section': 22471, 'second_departure_time': 1536857820, 'second_arrival_time': 1536860640}
893	{'task_type': 'regular', 'locomotive': 22585, 'train_section': 23516, 'section': 22471, 'departure_time': 1536857820, 'arrival_time': 1536860640}
894	{'task_type': 'deadhead', 'locomotive': 22585, 'first_train_section': 23516, 'first_section': 22471, 'first_departure_time': 1536857820, 'first_arrival_time': 1536860640, 'second_train_section': 24682, 'second_section': 22294, 'second_departure_time': 1536869280, 'second_arrival_time': 1536872520}
895	{'task_type': 'regular', 'locomotive': 22585, 'train_section': 24682, 'section': 22294, 'departure_time': 1536869280, 'arrival_time': 1536872520}
896	{'task_type': 'deadhead', 'locomotive': 22585, 'first_train_section': 24682, 'first_section': 22294, 'first_departure_time': 1536869280, 'first_arrival_time': 1536872520, 'second_train_section': 27611, 'second_section': 22451, 'second_departure_time': 1536879420, 'second_arrival_time': 1536886320}
897	{'task_type': 'regular', 'locomotive': 22585, 'train_section': 27611, 'section': 22451, 'departure_time': 1536879420, 'arrival_time': 1536886320}
898	{'task_type': 'deadhead', 'locomotive': 22585, 'first_train_section': 27611, 'first_section': 22451, 'first_departure_time': 1536879420, 'first_arrival_time': 1536886320, 'second_train_section': 25189, 'second_section': 22245, 'second_departure_time': 1536892200, 'second_arrival_time': 1536896580}
899	{'task_type': 'regular', 'locomotive': 22585, 'train_section': 25189, 'section': 22245, 'departure_time': 1536892200, 'arrival_time': 1536896580}
900	{'task_type': 'regular', 'locomotive': 22585, 'train_section': 23909, 'section': 22307, 'departure_time': 1536900000, 'arrival_time': 1536902340}
901	{'task_type': 'regular', 'locomotive': 22585, 'train_section': 26701, 'section': 22481, 'departure_time': 1536909360, 'arrival_time': 1536914280}
902	{'task_type': 'regular', 'locomotive': 22585, 'train_section': 25617, 'section': 22350, 'departure_time': 1536922140, 'arrival_time': 1536925800}
903	{'task_type': 'deadhead', 'locomotive': 22585, 'first_train_section': 25617, 'first_section': 22350, 'first_departure_time': 1536922140, 'first_arrival_time': 1536925800, 'second_train_section': 26281, 'second_section': 22347, 'second_departure_time': 1536938340, 'second_arrival_time': 1536943680}
904	{'task_type': 'regular', 'locomotive': 22585, 'train_section': 26281, 'section': 22347, 'departure_time': 1536938340, 'arrival_time': 1536943680}
905	{'task_type': 'deadhead', 'locomotive': 22585, 'first_train_section': 26281, 'first_section': 22347, 'first_departure_time': 1536938340, 'first_arrival_time': 1536943680, 'second_train_section': 26844, 'second_section': 22469, 'second_departure_time': 1536952800, 'second_arrival_time': 1536954960}
906	{'task_type': 'regular', 'locomotive': 22585, 'train_section': 26844, 'section': 22469, 'departure_time': 1536952800, 'arrival_time': 1536954960}
907	{'task_type': 'deadhead', 'locomotive': 22585, 'first_train_section': 24279, 'first_section': 22470, 'first_departure_time': 1536962400, 'first_arrival_time': 1536979200, 'second_train_section': 27662, 'second_section': 22342, 'second_departure_time': 1536988860, 'second_arrival_time': 1536994980}
908	{'task_type': 'regular', 'locomotive': 22585, 'train_section': 27662, 'section': 22342, 'departure_time': 1536988860, 'arrival_time': 1536994980}
909	{'task_type': 'deadhead', 'locomotive': 22585, 'first_train_section': 27662, 'first_section': 22342, 'first_departure_time': 1536988860, 'first_arrival_time': 1536994980, 'second_train_section': 25445, 'second_section': 22378, 'second_departure_time': 1537005900, 'second_arrival_time': 1537009560}
910	{'task_type': 'regular', 'locomotive': 22585, 'train_section': 25445, 'section': 22378, 'departure_time': 1537005900, 'arrival_time': 1537009560}
911	{'task_type': 'deadhead', 'locomotive': 22585, 'first_train_section': 25445, 'first_section': 22378, 'first_departure_time': 1537005900, 'first_arrival_time': 1537009560, 'second_train_section': 25679, 'second_section': 22431, 'second_departure_time': 1537013160, 'second_arrival_time': 1537018200}
912	{'task_type': 'regular', 'locomotive': 22585, 'train_section': 25679, 'section': 22431, 'departure_time': 1537013160, 'arrival_time': 1537018200}
913	{'task_type': 'deadhead', 'locomotive': 22585, 'first_train_section': 25679, 'first_section': 22431, 'first_departure_time': 1537013160, 'first_arrival_time': 1537018200, 'second_train_section': 24731, 'second_section': 22416, 'second_departure_time': 1537037640, 'second_arrival_time': 1537041300}
914	{'task_type': 'regular', 'locomotive': 22585, 'train_section': 24731, 'section': 22416, 'departure_time': 1537037640, 'arrival_time': 1537041300}
915	{'task_type': 'deadhead', 'locomotive': 22585, 'first_train_section': 22657, 'first_section': 22377, 'first_departure_time': 1537048800, 'first_arrival_time': 1537074300, 'second_train_section': 26295, 'second_section': 22281, 'second_departure_time': 1537082040, 'second_arrival_time': 1537087200}
916	{'task_type': 'regular', 'locomotive': 22585, 'train_section': 26295, 'section': 22281, 'departure_time': 1537082040, 'arrival_time': 1537087200}
917	{'task_type': 'regular', 'locomotive': 22585, 'train_section': 23246, 'section': 22351, 'departure_time': 1537094880, 'arrival_time': 1537100040}
918	{'task_type': 'deadhead', 'locomotive': 22585, 'first_train_section': 23246, 'first_section': 22351, 'first_departure_time': 1537094880, 'first_arrival_time': 1537100040, 'second_train_section': 26666, 'second_section': 22284, 'second_departure_time': 1537116720, 'second_arrival_time': 1537120380}
919	{'task_type': 'regular', 'locomotive': 22585, 'train_section': 26666, 'section': 22284, 'departure_time': 1537116720, 'arrival_time': 1537120380}
920	{'task_type': 'deadhead', 'locomotive': 22585, 'first_train_section': 26666, 'first_section': 22284, 'first_departure_time': 1537116720, 'first_arrival_time': 1537120380, 'second_train_section': 23142, 'second_section': 22290, 'second_departure_time': 1537131060, 'second_arrival_time': 1537135199}
921	{'task_type': 'regular', 'locomotive': 22585, 'train_section': 23142, 'section': 22290, 'departure_time': 1537131060, 'arrival_time': 1537135199}
922	{'task_type': 'regular', 'locomotive': 22586, 'train_section': 23889, 'section': 22249, 'departure_time': 1536700980, 'arrival_time': 1536705780}
923	{'task_type': 'deadhead', 'locomotive': 22586, 'first_train_section': 23889, 'first_section': 22249, 'first_departure_time': 1536700980, 'first_arrival_time': 1536705780, 'second_train_section': 25847, 'second_section': 22354, 'second_departure_time': 1536723540, 'second_arrival_time': 1536728160}
924	{'task_type': 'regular', 'locomotive': 22586, 'train_section': 25847, 'section': 22354, 'departure_time': 1536723540, 'arrival_time': 1536728160}
925	{'task_type': 'deadhead', 'locomotive': 22586, 'first_train_section': 25847, 'first_section': 22354, 'first_departure_time': 1536723540, 'first_arrival_time': 1536728160, 'second_train_section': 22734, 'second_section': 22369, 'second_departure_time': 1536753660, 'second_arrival_time': 1536757380}
926	{'task_type': 'regular', 'locomotive': 22586, 'train_section': 22734, 'section': 22369, 'departure_time': 1536753660, 'arrival_time': 1536757380}
927	{'task_type': 'deadhead', 'locomotive': 22586, 'first_train_section': 22734, 'first_section': 22369, 'first_departure_time': 1536753660, 'first_arrival_time': 1536757380, 'second_train_section': 27019, 'second_section': 22360, 'second_departure_time': 1536770880, 'second_arrival_time': 1536782520}
928	{'task_type': 'regular', 'locomotive': 22586, 'train_section': 27019, 'section': 22360, 'departure_time': 1536770880, 'arrival_time': 1536782520}
929	{'task_type': 'deadhead', 'locomotive': 22586, 'first_train_section': 27019, 'first_section': 22360, 'first_departure_time': 1536770880, 'first_arrival_time': 1536782520, 'second_train_section': 26047, 'second_section': 22496, 'second_departure_time': 1536790980, 'second_arrival_time': 1536795000}
930	{'task_type': 'regular', 'locomotive': 22586, 'train_section': 26047, 'section': 22496, 'departure_time': 1536790980, 'arrival_time': 1536795000}
931	{'task_type': 'deadhead', 'locomotive': 22586, 'first_train_section': 26047, 'first_section': 22496, 'first_departure_time': 1536790980, 'first_arrival_time': 1536795000, 'second_train_section': 23313, 'second_section': 22461, 'second_departure_time': 1536812640, 'second_arrival_time': 1536816000}
932	{'task_type': 'regular', 'locomotive': 22586, 'train_section': 23313, 'section': 22461, 'departure_time': 1536812640, 'arrival_time': 1536816000}
933	{'task_type': 'regular', 'locomotive': 22586, 'train_section': 25051, 'section': 22281, 'departure_time': 1536822840, 'arrival_time': 1536828000}
934	{'task_type': 'deadhead', 'locomotive': 22586, 'first_train_section': 25051, 'first_section': 22281, 'first_departure_time': 1536822840, 'first_arrival_time': 1536828000, 'second_train_section': 24009, 'second_section': 22445, 'second_departure_time': 1536863640, 'second_arrival_time': 1536869400}
935	{'task_type': 'regular', 'locomotive': 22586, 'train_section': 24009, 'section': 22445, 'departure_time': 1536863640, 'arrival_time': 1536869400}
936	{'task_type': 'deadhead', 'locomotive': 22586, 'first_train_section': 24009, 'first_section': 22445, 'first_departure_time': 1536863640, 'first_arrival_time': 1536869400, 'second_train_section': 26583, 'second_section': 22443, 'second_departure_time': 1536874260, 'second_arrival_time': 1536876060}
937	{'task_type': 'regular', 'locomotive': 22586, 'train_section': 26583, 'section': 22443, 'departure_time': 1536874260, 'arrival_time': 1536876060}
938	{'task_type': 'regular', 'locomotive': 22586, 'train_section': 26585, 'section': 22495, 'departure_time': 1536877500, 'arrival_time': 1536880440}
939	{'task_type': 'deadhead', 'locomotive': 22586, 'first_train_section': 26585, 'first_section': 22495, 'first_departure_time': 1536877500, 'first_arrival_time': 1536880440, 'second_train_section': 24054, 'second_section': 22342, 'second_departure_time': 1536896820, 'second_arrival_time': 1536903300}
940	{'task_type': 'regular', 'locomotive': 22586, 'train_section': 24054, 'section': 22342, 'departure_time': 1536896820, 'arrival_time': 1536903300}
941	{'task_type': 'deadhead', 'locomotive': 22586, 'first_train_section': 24054, 'first_section': 22342, 'first_departure_time': 1536896820, 'first_arrival_time': 1536903300, 'second_train_section': 25211, 'second_section': 22472, 'second_departure_time': 1536923580, 'second_arrival_time': 1536928740}
942	{'task_type': 'regular', 'locomotive': 22586, 'train_section': 25211, 'section': 22472, 'departure_time': 1536923580, 'arrival_time': 1536928740}
943	{'task_type': 'deadhead', 'locomotive': 22586, 'first_train_section': 25211, 'first_section': 22472, 'first_departure_time': 1536923580, 'first_arrival_time': 1536928740, 'second_train_section': 27306, 'second_section': 22492, 'second_departure_time': 1536938640, 'second_arrival_time': 1536947880}
944	{'task_type': 'regular', 'locomotive': 22586, 'train_section': 27306, 'section': 22492, 'departure_time': 1536938640, 'arrival_time': 1536947880}
945	{'task_type': 'deadhead', 'locomotive': 22586, 'first_train_section': 27306, 'first_section': 22492, 'first_departure_time': 1536938640, 'first_arrival_time': 1536947880, 'second_train_section': 27303, 'second_section': 22462, 'second_departure_time': 1536955680, 'second_arrival_time': 1536958380}
946	{'task_type': 'regular', 'locomotive': 22586, 'train_section': 27303, 'section': 22462, 'departure_time': 1536955680, 'arrival_time': 1536958380}
947	{'task_type': 'deadhead', 'locomotive': 22586, 'first_train_section': 27303, 'first_section': 22462, 'first_departure_time': 1536955680, 'first_arrival_time': 1536958380, 'second_train_section': 25513, 'second_section': 22291, 'second_departure_time': 1536960360, 'second_arrival_time': 1536966240}
948	{'task_type': 'regular', 'locomotive': 22586, 'train_section': 25513, 'section': 22291, 'departure_time': 1536960360, 'arrival_time': 1536966240}
949	{'task_type': 'deadhead', 'locomotive': 22586, 'first_train_section': 25513, 'first_section': 22291, 'first_departure_time': 1536960360, 'first_arrival_time': 1536966240, 'second_train_section': 23193, 'second_section': 22253, 'second_departure_time': 1537000440, 'second_arrival_time': 1537005420}
950	{'task_type': 'regular', 'locomotive': 22586, 'train_section': 23193, 'section': 22253, 'departure_time': 1537000440, 'arrival_time': 1537005420}
951	{'task_type': 'regular', 'locomotive': 22587, 'train_section': 27417, 'section': 22501, 'departure_time': 1536697440, 'arrival_time': 1536699660}
952	{'task_type': 'deadhead', 'locomotive': 22587, 'first_train_section': 27417, 'first_section': 22501, 'first_departure_time': 1536697440, 'first_arrival_time': 1536699660, 'second_train_section': 27643, 'second_section': 22245, 'second_departure_time': 1536703740, 'second_arrival_time': 1536708240}
953	{'task_type': 'regular', 'locomotive': 22587, 'train_section': 27643, 'section': 22245, 'departure_time': 1536703740, 'arrival_time': 1536708240}
954	{'task_type': 'regular', 'locomotive': 22587, 'train_section': 27645, 'section': 22308, 'departure_time': 1536708960, 'arrival_time': 1536711660}
955	{'task_type': 'deadhead', 'locomotive': 22587, 'first_train_section': 27645, 'first_section': 22308, 'first_departure_time': 1536708960, 'first_arrival_time': 1536711660, 'second_train_section': 24838, 'second_section': 22378, 'second_departure_time': 1536721740, 'second_arrival_time': 1536725400}
956	{'task_type': 'regular', 'locomotive': 22587, 'train_section': 24838, 'section': 22378, 'departure_time': 1536721740, 'arrival_time': 1536725400}
957	{'task_type': 'deadhead', 'locomotive': 22587, 'first_train_section': 24838, 'first_section': 22378, 'first_departure_time': 1536721740, 'first_arrival_time': 1536725400, 'second_train_section': 23264, 'second_section': 22308, 'second_departure_time': 1536734460, 'second_arrival_time': 1536737160}
958	{'task_type': 'regular', 'locomotive': 22587, 'train_section': 23264, 'section': 22308, 'departure_time': 1536734460, 'arrival_time': 1536737160}
959	{'task_type': 'deadhead', 'locomotive': 22587, 'first_train_section': 23264, 'first_section': 22308, 'first_departure_time': 1536734460, 'first_arrival_time': 1536737160, 'second_train_section': 23085, 'second_section': 22350, 'second_departure_time': 1536749340, 'second_arrival_time': 1536753000}
960	{'task_type': 'regular', 'locomotive': 22587, 'train_section': 23085, 'section': 22350, 'departure_time': 1536749340, 'arrival_time': 1536753000}
961	{'task_type': 'deadhead', 'locomotive': 22587, 'first_train_section': 23085, 'first_section': 22350, 'first_departure_time': 1536749340, 'first_arrival_time': 1536753000, 'second_train_section': 25534, 'second_section': 22341, 'second_departure_time': 1536757020, 'second_arrival_time': 1536760920}
962	{'task_type': 'regular', 'locomotive': 22587, 'train_section': 25534, 'section': 22341, 'departure_time': 1536757020, 'arrival_time': 1536760920}
963	{'task_type': 'deadhead', 'locomotive': 22587, 'first_train_section': 25534, 'first_section': 22341, 'first_departure_time': 1536757020, 'first_arrival_time': 1536760920, 'second_train_section': 25259, 'second_section': 22308, 'second_departure_time': 1536764640, 'second_arrival_time': 1536767160}
964	{'task_type': 'regular', 'locomotive': 22587, 'train_section': 25259, 'section': 22308, 'departure_time': 1536764640, 'arrival_time': 1536767160}
965	{'task_type': 'deadhead', 'locomotive': 22587, 'first_train_section': 25259, 'first_section': 22308, 'first_departure_time': 1536764640, 'first_arrival_time': 1536767160, 'second_train_section': 23535, 'second_section': 22460, 'second_departure_time': 1536776460, 'second_arrival_time': 1536778800}
966	{'task_type': 'regular', 'locomotive': 22587, 'train_section': 23535, 'section': 22460, 'departure_time': 1536776460, 'arrival_time': 1536778800}
967	{'task_type': 'deadhead', 'locomotive': 22587, 'first_train_section': 23535, 'first_section': 22460, 'first_departure_time': 1536776460, 'first_arrival_time': 1536778800, 'second_train_section': 26045, 'second_section': 22308, 'second_departure_time': 1536787440, 'second_arrival_time': 1536790140}
968	{'task_type': 'regular', 'locomotive': 22587, 'train_section': 26045, 'section': 22308, 'departure_time': 1536787440, 'arrival_time': 1536790140}
969	{'task_type': 'regular', 'locomotive': 22587, 'train_section': 23159, 'section': 22496, 'departure_time': 1536794460, 'arrival_time': 1536798360}
970	{'task_type': 'deadhead', 'locomotive': 22587, 'first_train_section': 23159, 'first_section': 22496, 'first_departure_time': 1536794460, 'first_arrival_time': 1536798360, 'second_train_section': 24170, 'second_section': 22416, 'second_departure_time': 1536812640, 'second_arrival_time': 1536816300}
971	{'task_type': 'regular', 'locomotive': 22587, 'train_section': 24170, 'section': 22416, 'departure_time': 1536812640, 'arrival_time': 1536816300}
972	{'task_type': 'deadhead', 'locomotive': 22587, 'first_train_section': 24170, 'first_section': 22416, 'first_departure_time': 1536812640, 'first_arrival_time': 1536816300, 'second_train_section': 24062, 'second_section': 22313, 'second_departure_time': 1536835680, 'second_arrival_time': 1536840600}
973	{'task_type': 'regular', 'locomotive': 22587, 'train_section': 24062, 'section': 22313, 'departure_time': 1536835680, 'arrival_time': 1536840600}
974	{'task_type': 'deadhead', 'locomotive': 22587, 'first_train_section': 24062, 'first_section': 22313, 'first_departure_time': 1536835680, 'first_arrival_time': 1536840600, 'second_train_section': 24300, 'second_section': 22342, 'second_departure_time': 1536851940, 'second_arrival_time': 1536857220}
975	{'task_type': 'regular', 'locomotive': 22587, 'train_section': 24300, 'section': 22342, 'departure_time': 1536851940, 'arrival_time': 1536857220}
976	{'task_type': 'deadhead', 'locomotive': 22587, 'first_train_section': 24300, 'first_section': 22342, 'first_departure_time': 1536851940, 'first_arrival_time': 1536857220, 'second_train_section': 22747, 'second_section': 22446, 'second_departure_time': 1536859260, 'second_arrival_time': 1536860340}
977	{'task_type': 'regular', 'locomotive': 22587, 'train_section': 22747, 'section': 22446, 'departure_time': 1536859260, 'arrival_time': 1536860340}
978	{'task_type': 'deadhead', 'locomotive': 22587, 'first_train_section': 22747, 'first_section': 22446, 'first_departure_time': 1536859260, 'first_arrival_time': 1536860340, 'second_train_section': 23835, 'second_section': 22334, 'second_departure_time': 1536869820, 'second_arrival_time': 1536873000}
979	{'task_type': 'regular', 'locomotive': 22587, 'train_section': 23835, 'section': 22334, 'departure_time': 1536869820, 'arrival_time': 1536873000}
980	{'task_type': 'deadhead', 'locomotive': 22587, 'first_train_section': 23835, 'first_section': 22334, 'first_departure_time': 1536869820, 'first_arrival_time': 1536873000, 'second_train_section': 23969, 'second_section': 22325, 'second_departure_time': 1536892500, 'second_arrival_time': 1536906780}
981	{'task_type': 'regular', 'locomotive': 22587, 'train_section': 23969, 'section': 22325, 'departure_time': 1536892500, 'arrival_time': 1536906780}
982	{'task_type': 'deadhead', 'locomotive': 22587, 'first_train_section': 23969, 'first_section': 22325, 'first_departure_time': 1536892500, 'first_arrival_time': 1536906780, 'second_train_section': 22910, 'second_section': 22323, 'second_departure_time': 1536921480, 'second_arrival_time': 1536925380}
983	{'task_type': 'regular', 'locomotive': 22587, 'train_section': 22910, 'section': 22323, 'departure_time': 1536921480, 'arrival_time': 1536925380}
984	{'task_type': 'deadhead', 'locomotive': 22587, 'first_train_section': 22910, 'first_section': 22323, 'first_departure_time': 1536921480, 'first_arrival_time': 1536925380, 'second_train_section': 23954, 'second_section': 22351, 'second_departure_time': 1536936480, 'second_arrival_time': 1536941640}
985	{'task_type': 'regular', 'locomotive': 22587, 'train_section': 23954, 'section': 22351, 'departure_time': 1536936480, 'arrival_time': 1536941640}
986	{'task_type': 'deadhead', 'locomotive': 22587, 'first_train_section': 23954, 'first_section': 22351, 'first_departure_time': 1536936480, 'first_arrival_time': 1536941640, 'second_train_section': 24395, 'second_section': 22495, 'second_departure_time': 1536951840, 'second_arrival_time': 1536954660}
987	{'task_type': 'regular', 'locomotive': 22587, 'train_section': 24395, 'section': 22495, 'departure_time': 1536951840, 'arrival_time': 1536954660}
988	{'task_type': 'deadhead', 'locomotive': 22587, 'first_train_section': 24395, 'first_section': 22495, 'first_departure_time': 1536951840, 'first_arrival_time': 1536954660, 'second_train_section': 23650, 'second_section': 22259, 'second_departure_time': 1536959700, 'second_arrival_time': 1536960120}
989	{'task_type': 'regular', 'locomotive': 22587, 'train_section': 23650, 'section': 22259, 'departure_time': 1536959700, 'arrival_time': 1536960120}
990	{'task_type': 'regular', 'locomotive': 22587, 'train_section': 23652, 'section': 22266, 'departure_time': 1536960300, 'arrival_time': 1536966840}
991	{'task_type': 'deadhead', 'locomotive': 22587, 'first_train_section': 23652, 'first_section': 22266, 'first_departure_time': 1536960300, 'first_arrival_time': 1536966840, 'second_train_section': 25288, 'second_section': 22337, 'second_departure_time': 1536985920, 'second_arrival_time': 1536992760}
992	{'task_type': 'regular', 'locomotive': 22587, 'train_section': 25288, 'section': 22337, 'departure_time': 1536985920, 'arrival_time': 1536992760}
993	{'task_type': 'deadhead', 'locomotive': 22587, 'first_train_section': 25288, 'first_section': 22337, 'first_departure_time': 1536985920, 'first_arrival_time': 1536992760, 'second_train_section': 26469, 'second_section': 22344, 'second_departure_time': 1537120980, 'second_arrival_time': 1537122000}
994	{'task_type': 'regular', 'locomotive': 22587, 'train_section': 26469, 'section': 22344, 'departure_time': 1537120980, 'arrival_time': 1537122000}
995	{'task_type': 'regular', 'locomotive': 22588, 'train_section': 24253, 'section': 22257, 'departure_time': 1536674400, 'arrival_time': 1536675120}
996	{'task_type': 'deadhead', 'locomotive': 22588, 'first_train_section': 27287, 'first_section': 22470, 'first_departure_time': 1536675120, 'first_arrival_time': 1536679020, 'second_train_section': 25361, 'second_section': 22254, 'second_departure_time': 1536684480, 'second_arrival_time': 1536685140}
997	{'task_type': 'regular', 'locomotive': 22588, 'train_section': 25361, 'section': 22254, 'departure_time': 1536684480, 'arrival_time': 1536685140}
998	{'task_type': 'deadhead', 'locomotive': 22588, 'first_train_section': 25361, 'first_section': 22254, 'first_departure_time': 1536684480, 'first_arrival_time': 1536685140, 'second_train_section': 26166, 'second_section': 22468, 'second_departure_time': 1536693060, 'second_arrival_time': 1536697200}
999	{'task_type': 'regular', 'locomotive': 22588, 'train_section': 26166, 'section': 22468, 'departure_time': 1536693060, 'arrival_time': 1536697200}
1000	{'task_type': 'deadhead', 'locomotive': 22588, 'first_train_section': 26166, 'first_section': 22468, 'first_departure_time': 1536693060, 'first_arrival_time': 1536697200, 'second_train_section': 24965, 'second_section': 22332, 'second_departure_time': 1536697800, 'second_arrival_time': 1536701940}
1001	{'task_type': 'regular', 'locomotive': 22588, 'train_section': 24965, 'section': 22332, 'departure_time': 1536697800, 'arrival_time': 1536701940}
1002	{'task_type': 'deadhead', 'locomotive': 22588, 'first_train_section': 24965, 'first_section': 22332, 'first_departure_time': 1536697800, 'first_arrival_time': 1536701940, 'second_train_section': 24387, 'second_section': 22344, 'second_departure_time': 1536710100, 'second_arrival_time': 1536711120}
1003	{'task_type': 'regular', 'locomotive': 22588, 'train_section': 24387, 'section': 22344, 'departure_time': 1536710100, 'arrival_time': 1536711120}
1004	{'task_type': 'deadhead', 'locomotive': 22588, 'first_train_section': 24387, 'first_section': 22344, 'first_departure_time': 1536710100, 'first_arrival_time': 1536711120, 'second_train_section': 27215, 'second_section': 22293, 'second_departure_time': 1536718680, 'second_arrival_time': 1536727140}
1005	{'task_type': 'regular', 'locomotive': 22588, 'train_section': 27215, 'section': 22293, 'departure_time': 1536718680, 'arrival_time': 1536727140}
1006	{'task_type': 'deadhead', 'locomotive': 22588, 'first_train_section': 27215, 'first_section': 22293, 'first_departure_time': 1536718680, 'first_arrival_time': 1536727140, 'second_train_section': 24539, 'second_section': 22313, 'second_departure_time': 1536742080, 'second_arrival_time': 1536747000}
1007	{'task_type': 'regular', 'locomotive': 22588, 'train_section': 24539, 'section': 22313, 'departure_time': 1536742080, 'arrival_time': 1536747000}
1008	{'task_type': 'regular', 'locomotive': 22588, 'train_section': 26612, 'section': 22285, 'departure_time': 1536753720, 'arrival_time': 1536762840}
1009	{'task_type': 'deadhead', 'locomotive': 22588, 'first_train_section': 26612, 'first_section': 22285, 'first_departure_time': 1536753720, 'first_arrival_time': 1536762840, 'second_train_section': 24017, 'second_section': 22331, 'second_departure_time': 1536764880, 'second_arrival_time': 1536775740}
1010	{'task_type': 'regular', 'locomotive': 22588, 'train_section': 24017, 'section': 22331, 'departure_time': 1536764880, 'arrival_time': 1536775740}
1011	{'task_type': 'deadhead', 'locomotive': 22588, 'first_train_section': 27114, 'first_section': 22440, 'first_departure_time': 1536789600, 'first_arrival_time': 1536817800, 'second_train_section': 25559, 'second_section': 22331, 'second_departure_time': 1536829680, 'second_arrival_time': 1536840480}
1012	{'task_type': 'regular', 'locomotive': 22588, 'train_section': 25559, 'section': 22331, 'departure_time': 1536829680, 'arrival_time': 1536840480}
1013	{'task_type': 'deadhead', 'locomotive': 22588, 'first_train_section': 25559, 'first_section': 22331, 'first_departure_time': 1536829680, 'first_arrival_time': 1536840480, 'second_train_section': 23902, 'second_section': 22242, 'second_departure_time': 1536859440, 'second_arrival_time': 1536862620}
1014	{'task_type': 'regular', 'locomotive': 22588, 'train_section': 23902, 'section': 22242, 'departure_time': 1536859440, 'arrival_time': 1536862620}
1015	{'task_type': 'deadhead', 'locomotive': 22588, 'first_train_section': 23902, 'first_section': 22242, 'first_departure_time': 1536859440, 'first_arrival_time': 1536862620, 'second_train_section': 23238, 'second_section': 22246, 'second_departure_time': 1536873120, 'second_arrival_time': 1536874380}
1016	{'task_type': 'regular', 'locomotive': 22588, 'train_section': 23238, 'section': 22246, 'departure_time': 1536873120, 'arrival_time': 1536874380}
1017	{'task_type': 'deadhead', 'locomotive': 22588, 'first_train_section': 23238, 'first_section': 22246, 'first_departure_time': 1536873120, 'first_arrival_time': 1536874380, 'second_train_section': 24637, 'second_section': 22452, 'second_departure_time': 1536886320, 'second_arrival_time': 1536889020}
1018	{'task_type': 'regular', 'locomotive': 22588, 'train_section': 24637, 'section': 22452, 'departure_time': 1536886320, 'arrival_time': 1536889020}
1019	{'task_type': 'deadhead', 'locomotive': 22588, 'first_train_section': 24637, 'first_section': 22452, 'first_departure_time': 1536886320, 'first_arrival_time': 1536889020, 'second_train_section': 27570, 'second_section': 22461, 'second_departure_time': 1536899040, 'second_arrival_time': 1536902400}
1020	{'task_type': 'regular', 'locomotive': 22588, 'train_section': 27570, 'section': 22461, 'departure_time': 1536899040, 'arrival_time': 1536902400}
1021	{'task_type': 'deadhead', 'locomotive': 22588, 'first_train_section': 27570, 'first_section': 22461, 'first_departure_time': 1536899040, 'first_arrival_time': 1536902400, 'second_train_section': 26841, 'second_section': 22286, 'second_departure_time': 1536904920, 'second_arrival_time': 1536908880}
1022	{'task_type': 'regular', 'locomotive': 22588, 'train_section': 26841, 'section': 22286, 'departure_time': 1536904920, 'arrival_time': 1536908880}
1023	{'task_type': 'deadhead', 'locomotive': 22588, 'first_train_section': 26841, 'first_section': 22286, 'first_departure_time': 1536904920, 'first_arrival_time': 1536908880, 'second_train_section': 22908, 'second_section': 22288, 'second_departure_time': 1536914520, 'second_arrival_time': 1536920880}
1024	{'task_type': 'regular', 'locomotive': 22588, 'train_section': 22908, 'section': 22288, 'departure_time': 1536914520, 'arrival_time': 1536920880}
1025	{'task_type': 'deadhead', 'locomotive': 22588, 'first_train_section': 22908, 'first_section': 22288, 'first_departure_time': 1536914520, 'first_arrival_time': 1536920880, 'second_train_section': 25350, 'second_section': 22279, 'second_departure_time': 1536933000, 'second_arrival_time': 1536937920}
1026	{'task_type': 'regular', 'locomotive': 22588, 'train_section': 25350, 'section': 22279, 'departure_time': 1536933000, 'arrival_time': 1536937920}
1027	{'task_type': 'regular', 'locomotive': 22588, 'train_section': 27318, 'section': 22315, 'departure_time': 1536943680, 'arrival_time': 1536948180}
1028	{'task_type': 'deadhead', 'locomotive': 22588, 'first_train_section': 27318, 'first_section': 22315, 'first_departure_time': 1536943680, 'first_arrival_time': 1536948180, 'second_train_section': 22837, 'second_section': 22343, 'second_departure_time': 1536956400, 'second_arrival_time': 1536967140}
1029	{'task_type': 'regular', 'locomotive': 22588, 'train_section': 22837, 'section': 22343, 'departure_time': 1536956400, 'arrival_time': 1536967140}
1030	{'task_type': 'deadhead', 'locomotive': 22588, 'first_train_section': 22837, 'first_section': 22343, 'first_departure_time': 1536956400, 'first_arrival_time': 1536967140, 'second_train_section': 23639, 'second_section': 22477, 'second_departure_time': 1536985200, 'second_arrival_time': 1536987600}
1031	{'task_type': 'regular', 'locomotive': 22588, 'train_section': 23639, 'section': 22477, 'departure_time': 1536985200, 'arrival_time': 1536987600}
1032	{'task_type': 'deadhead', 'locomotive': 22588, 'first_train_section': 23639, 'first_section': 22477, 'first_departure_time': 1536985200, 'first_arrival_time': 1536987600, 'second_train_section': 22848, 'second_section': 22495, 'second_departure_time': 1536997680, 'second_arrival_time': 1537000560}
1033	{'task_type': 'regular', 'locomotive': 22588, 'train_section': 22848, 'section': 22495, 'departure_time': 1536997680, 'arrival_time': 1537000560}
1034	{'task_type': 'deadhead', 'locomotive': 22588, 'first_train_section': 22848, 'first_section': 22495, 'first_departure_time': 1536997680, 'first_arrival_time': 1537000560, 'second_train_section': 26081, 'second_section': 22351, 'second_departure_time': 1537022880, 'second_arrival_time': 1537028040}
1035	{'task_type': 'regular', 'locomotive': 22588, 'train_section': 26081, 'section': 22351, 'departure_time': 1537022880, 'arrival_time': 1537028040}
1036	{'task_type': 'deadhead', 'locomotive': 22588, 'first_train_section': 26081, 'first_section': 22351, 'first_departure_time': 1537022880, 'first_arrival_time': 1537028040, 'second_train_section': 23692, 'second_section': 22360, 'second_departure_time': 1537087680, 'second_arrival_time': 1537099320}
1037	{'task_type': 'regular', 'locomotive': 22588, 'train_section': 23692, 'section': 22360, 'departure_time': 1537087680, 'arrival_time': 1537099320}
1038	{'task_type': 'regular', 'locomotive': 22589, 'train_section': 26243, 'section': 22495, 'departure_time': 1536718080, 'arrival_time': 1536721020}
1039	{'task_type': 'deadhead', 'locomotive': 22589, 'first_train_section': 26243, 'first_section': 22495, 'first_departure_time': 1536718080, 'first_arrival_time': 1536721020, 'second_train_section': 24153, 'second_section': 22495, 'second_departure_time': 1536726840, 'second_arrival_time': 1536729660}
1040	{'task_type': 'regular', 'locomotive': 22589, 'train_section': 24153, 'section': 22495, 'departure_time': 1536726840, 'arrival_time': 1536729660}
1041	{'task_type': 'deadhead', 'locomotive': 22589, 'first_train_section': 24153, 'first_section': 22495, 'first_departure_time': 1536726840, 'first_arrival_time': 1536729660, 'second_train_section': 24158, 'second_section': 22247, 'second_departure_time': 1536735720, 'second_arrival_time': 1536744960}
1042	{'task_type': 'regular', 'locomotive': 22589, 'train_section': 24158, 'section': 22247, 'departure_time': 1536735720, 'arrival_time': 1536744960}
1043	{'task_type': 'deadhead', 'locomotive': 22589, 'first_train_section': 24158, 'first_section': 22247, 'first_departure_time': 1536735720, 'first_arrival_time': 1536744960, 'second_train_section': 24916, 'second_section': 22272, 'second_departure_time': 1536755520, 'second_arrival_time': 1536756240}
1044	{'task_type': 'regular', 'locomotive': 22589, 'train_section': 24916, 'section': 22272, 'departure_time': 1536755520, 'arrival_time': 1536756240}
1045	{'task_type': 'deadhead', 'locomotive': 22589, 'first_train_section': 24916, 'first_section': 22272, 'first_departure_time': 1536755520, 'first_arrival_time': 1536756240, 'second_train_section': 27656, 'second_section': 22331, 'second_departure_time': 1536772080, 'second_arrival_time': 1536783000}
1046	{'task_type': 'regular', 'locomotive': 22589, 'train_section': 27656, 'section': 22331, 'departure_time': 1536772080, 'arrival_time': 1536783000}
1047	{'task_type': 'deadhead', 'locomotive': 22589, 'first_train_section': 23981, 'first_section': 22440, 'first_departure_time': 1536789600, 'first_arrival_time': 1536810120, 'second_train_section': 23048, 'second_section': 22233, 'second_departure_time': 1536819660, 'second_arrival_time': 1536835140}
1048	{'task_type': 'regular', 'locomotive': 22589, 'train_section': 23048, 'section': 22233, 'departure_time': 1536819660, 'arrival_time': 1536835140}
1049	{'task_type': 'deadhead', 'locomotive': 22589, 'first_train_section': 23048, 'first_section': 22233, 'first_departure_time': 1536819660, 'first_arrival_time': 1536835140, 'second_train_section': 27560, 'second_section': 22378, 'second_departure_time': 1536858300, 'second_arrival_time': 1536861960}
1050	{'task_type': 'regular', 'locomotive': 22589, 'train_section': 27560, 'section': 22378, 'departure_time': 1536858300, 'arrival_time': 1536861960}
1051	{'task_type': 'deadhead', 'locomotive': 22589, 'first_train_section': 27560, 'first_section': 22378, 'first_departure_time': 1536858300, 'first_arrival_time': 1536861960, 'second_train_section': 23769, 'second_section': 22386, 'second_departure_time': 1536866520, 'second_arrival_time': 1536871560}
1052	{'task_type': 'regular', 'locomotive': 22589, 'train_section': 23769, 'section': 22386, 'departure_time': 1536866520, 'arrival_time': 1536871560}
1053	{'task_type': 'regular', 'locomotive': 22589, 'train_section': 24235, 'section': 22495, 'departure_time': 1536873780, 'arrival_time': 1536876720}
1054	{'task_type': 'regular', 'locomotive': 22589, 'train_section': 24237, 'section': 22309, 'departure_time': 1536877560, 'arrival_time': 1536882420}
1055	{'task_type': 'deadhead', 'locomotive': 22589, 'first_train_section': 24237, 'first_section': 22309, 'first_departure_time': 1536877560, 'first_arrival_time': 1536882420, 'second_train_section': 24044, 'second_section': 22400, 'second_departure_time': 1536900180, 'second_arrival_time': 1536904080}
1056	{'task_type': 'regular', 'locomotive': 22589, 'train_section': 24044, 'section': 22400, 'departure_time': 1536900180, 'arrival_time': 1536904080}
1057	{'task_type': 'deadhead', 'locomotive': 22589, 'first_train_section': 24044, 'first_section': 22400, 'first_departure_time': 1536900180, 'first_arrival_time': 1536904080, 'second_train_section': 25364, 'second_section': 22270, 'second_departure_time': 1536916560, 'second_arrival_time': 1536918480}
1058	{'task_type': 'regular', 'locomotive': 22589, 'train_section': 25364, 'section': 22270, 'departure_time': 1536916560, 'arrival_time': 1536918480}
1059	{'task_type': 'deadhead', 'locomotive': 22589, 'first_train_section': 25364, 'first_section': 22270, 'first_departure_time': 1536916560, 'first_arrival_time': 1536918480, 'second_train_section': 25539, 'second_section': 22391, 'second_departure_time': 1536931560, 'second_arrival_time': 1536932280}
1060	{'task_type': 'regular', 'locomotive': 22589, 'train_section': 25539, 'section': 22391, 'departure_time': 1536931560, 'arrival_time': 1536932280}
1061	{'task_type': 'deadhead', 'locomotive': 22589, 'first_train_section': 25539, 'first_section': 22391, 'first_departure_time': 1536931560, 'first_arrival_time': 1536932280, 'second_train_section': 27447, 'second_section': 22472, 'second_departure_time': 1536945180, 'second_arrival_time': 1536950340}
1062	{'task_type': 'regular', 'locomotive': 22589, 'train_section': 27447, 'section': 22472, 'departure_time': 1536945180, 'arrival_time': 1536950340}
1063	{'task_type': 'deadhead', 'locomotive': 22589, 'first_train_section': 23809, 'first_section': 22237, 'first_departure_time': 1536962400, 'first_arrival_time': 1536985500, 'second_train_section': 25454, 'second_section': 22311, 'second_departure_time': 1537004400, 'second_arrival_time': 1537007160}
1064	{'task_type': 'regular', 'locomotive': 22589, 'train_section': 25454, 'section': 22311, 'departure_time': 1537004400, 'arrival_time': 1537007160}
1065	{'task_type': 'deadhead', 'locomotive': 22589, 'first_train_section': 25454, 'first_section': 22311, 'first_departure_time': 1537004400, 'first_arrival_time': 1537007160, 'second_train_section': 24035, 'second_section': 22397, 'second_departure_time': 1537055400, 'second_arrival_time': 1537063440}
1066	{'task_type': 'regular', 'locomotive': 22589, 'train_section': 24035, 'section': 22397, 'departure_time': 1537055400, 'arrival_time': 1537063440}
1067	{'task_type': 'deadhead', 'locomotive': 22590, 'first_train_section': 26618, 'first_section': 22237, 'first_departure_time': 1536703200, 'first_arrival_time': 1536723420, 'second_train_section': 25803, 'second_section': 22258, 'second_departure_time': 1536735060, 'second_arrival_time': 1536737460}
1068	{'task_type': 'regular', 'locomotive': 22590, 'train_section': 25803, 'section': 22258, 'departure_time': 1536735060, 'arrival_time': 1536737460}
1069	{'task_type': 'deadhead', 'locomotive': 22590, 'first_train_section': 25803, 'first_section': 22258, 'first_departure_time': 1536735060, 'first_arrival_time': 1536737460, 'second_train_section': 22765, 'second_section': 22445, 'second_departure_time': 1536754320, 'second_arrival_time': 1536760440}
1070	{'task_type': 'regular', 'locomotive': 22590, 'train_section': 22765, 'section': 22445, 'departure_time': 1536754320, 'arrival_time': 1536760440}
1071	{'task_type': 'deadhead', 'locomotive': 22590, 'first_train_section': 22765, 'first_section': 22445, 'first_departure_time': 1536754320, 'first_arrival_time': 1536760440, 'second_train_section': 25878, 'second_section': 22454, 'second_departure_time': 1536765900, 'second_arrival_time': 1536771720}
1072	{'task_type': 'regular', 'locomotive': 22590, 'train_section': 25878, 'section': 22454, 'departure_time': 1536765900, 'arrival_time': 1536771720}
1073	{'task_type': 'deadhead', 'locomotive': 22590, 'first_train_section': 25878, 'first_section': 22454, 'first_departure_time': 1536765900, 'first_arrival_time': 1536771720, 'second_train_section': 24959, 'second_section': 22496, 'second_departure_time': 1536774540, 'second_arrival_time': 1536779160}
1074	{'task_type': 'regular', 'locomotive': 22590, 'train_section': 24959, 'section': 22496, 'departure_time': 1536774540, 'arrival_time': 1536779160}
1075	{'task_type': 'deadhead', 'locomotive': 22590, 'first_train_section': 23012, 'first_section': 22417, 'first_departure_time': 1536782760, 'first_arrival_time': 1536789540, 'second_train_section': 23843, 'second_section': 22326, 'second_departure_time': 1536809820, 'second_arrival_time': 1536818760}
1076	{'task_type': 'regular', 'locomotive': 22590, 'train_section': 23843, 'section': 22326, 'departure_time': 1536809820, 'arrival_time': 1536818760}
1077	{'task_type': 'deadhead', 'locomotive': 22590, 'first_train_section': 23843, 'first_section': 22326, 'first_departure_time': 1536809820, 'first_arrival_time': 1536818760, 'second_train_section': 27623, 'second_section': 22316, 'second_departure_time': 1536839640, 'second_arrival_time': 1536847860}
1078	{'task_type': 'regular', 'locomotive': 22590, 'train_section': 27623, 'section': 22316, 'departure_time': 1536839640, 'arrival_time': 1536847860}
1079	{'task_type': 'deadhead', 'locomotive': 22590, 'first_train_section': 27623, 'first_section': 22316, 'first_departure_time': 1536839640, 'first_arrival_time': 1536847860, 'second_train_section': 26817, 'second_section': 22277, 'second_departure_time': 1536860100, 'second_arrival_time': 1536863580}
1080	{'task_type': 'regular', 'locomotive': 22590, 'train_section': 26817, 'section': 22277, 'departure_time': 1536860100, 'arrival_time': 1536863580}
1081	{'task_type': 'deadhead', 'locomotive': 22590, 'first_train_section': 25205, 'first_section': 22237, 'first_departure_time': 1536876000, 'first_arrival_time': 1536899100, 'second_train_section': 24240, 'second_section': 22290, 'second_departure_time': 1536905160, 'second_arrival_time': 1536912300}
1082	{'task_type': 'regular', 'locomotive': 22590, 'train_section': 24240, 'section': 22290, 'departure_time': 1536905160, 'arrival_time': 1536912300}
1083	{'task_type': 'deadhead', 'locomotive': 22590, 'first_train_section': 24240, 'first_section': 22290, 'first_departure_time': 1536905160, 'first_arrival_time': 1536912300, 'second_train_section': 22915, 'second_section': 22447, 'second_departure_time': 1536923520, 'second_arrival_time': 1536926400}
1084	{'task_type': 'regular', 'locomotive': 22590, 'train_section': 22915, 'section': 22447, 'departure_time': 1536923520, 'arrival_time': 1536926400}
1085	{'task_type': 'regular', 'locomotive': 22590, 'train_section': 24074, 'section': 22257, 'departure_time': 1536933600, 'arrival_time': 1536934320}
1086	{'task_type': 'deadhead', 'locomotive': 22590, 'first_train_section': 24074, 'first_section': 22257, 'first_departure_time': 1536933600, 'first_arrival_time': 1536934320, 'second_train_section': 27573, 'second_section': 22331, 'second_departure_time': 1536944880, 'second_arrival_time': 1536955800}
1087	{'task_type': 'regular', 'locomotive': 22590, 'train_section': 27573, 'section': 22331, 'departure_time': 1536944880, 'arrival_time': 1536955800}
1088	{'task_type': 'deadhead', 'locomotive': 22590, 'first_train_section': 27573, 'first_section': 22331, 'first_departure_time': 1536944880, 'first_arrival_time': 1536955800, 'second_train_section': 24600, 'second_section': 22293, 'second_departure_time': 1536977880, 'second_arrival_time': 1536986340}
1089	{'task_type': 'regular', 'locomotive': 22590, 'train_section': 24600, 'section': 22293, 'departure_time': 1536977880, 'arrival_time': 1536986340}
1090	{'task_type': 'deadhead', 'locomotive': 22590, 'first_train_section': 24600, 'first_section': 22293, 'first_departure_time': 1536977880, 'first_arrival_time': 1536986340, 'second_train_section': 23139, 'second_section': 22293, 'second_departure_time': 1537005840, 'second_arrival_time': 1537011300}
1091	{'task_type': 'regular', 'locomotive': 22590, 'train_section': 23139, 'section': 22293, 'departure_time': 1537005840, 'arrival_time': 1537011300}
1092	{'task_type': 'deadhead', 'locomotive': 22590, 'first_train_section': 23139, 'first_section': 22293, 'first_departure_time': 1537005840, 'first_arrival_time': 1537011300, 'second_train_section': 26230, 'second_section': 22476, 'second_departure_time': 1537046220, 'second_arrival_time': 1537049820}
1093	{'task_type': 'regular', 'locomotive': 22590, 'train_section': 26230, 'section': 22476, 'departure_time': 1537046220, 'arrival_time': 1537049820}
1094	{'task_type': 'deadhead', 'locomotive': 22590, 'first_train_section': 26230, 'first_section': 22476, 'first_departure_time': 1537046220, 'first_arrival_time': 1537049820, 'second_train_section': 27667, 'second_section': 22495, 'second_departure_time': 1537125300, 'second_arrival_time': 1537128300}
1095	{'task_type': 'regular', 'locomotive': 22590, 'train_section': 27667, 'section': 22495, 'departure_time': 1537125300, 'arrival_time': 1537128300}
1096	{'task_type': 'regular', 'locomotive': 22592, 'train_section': 24827, 'section': 22513, 'departure_time': 1536680280, 'arrival_time': 1536681900}
1097	{'task_type': 'deadhead', 'locomotive': 22592, 'first_train_section': 25463, 'first_section': 22473, 'first_departure_time': 1536703260, 'first_arrival_time': 1536722400, 'second_train_section': 23675, 'second_section': 22512, 'second_departure_time': 1536726540, 'second_arrival_time': 1536729900}
1098	{'task_type': 'regular', 'locomotive': 22592, 'train_section': 23675, 'section': 22512, 'departure_time': 1536726540, 'arrival_time': 1536729900}
1099	{'task_type': 'deadhead', 'locomotive': 22592, 'first_train_section': 23675, 'first_section': 22512, 'first_departure_time': 1536726540, 'first_arrival_time': 1536729900, 'second_train_section': 25296, 'second_section': 22378, 'second_departure_time': 1536735900, 'second_arrival_time': 1536739560}
1100	{'task_type': 'regular', 'locomotive': 22592, 'train_section': 25296, 'section': 22378, 'departure_time': 1536735900, 'arrival_time': 1536739560}
1101	{'task_type': 'regular', 'locomotive': 22592, 'train_section': 25771, 'section': 22416, 'departure_time': 1536747840, 'arrival_time': 1536751500}
1102	{'task_type': 'regular', 'locomotive': 22592, 'train_section': 25597, 'section': 22378, 'departure_time': 1536753900, 'arrival_time': 1536757560}
1103	{'task_type': 'deadhead', 'locomotive': 22592, 'first_train_section': 25597, 'first_section': 22378, 'first_departure_time': 1536753900, 'first_arrival_time': 1536757560, 'second_train_section': 23865, 'second_section': 22496, 'second_departure_time': 1536766680, 'second_arrival_time': 1536771600}
1104	{'task_type': 'regular', 'locomotive': 22592, 'train_section': 23865, 'section': 22496, 'departure_time': 1536766680, 'arrival_time': 1536771600}
1105	{'task_type': 'deadhead', 'locomotive': 22592, 'first_train_section': 23113, 'first_section': 22377, 'first_departure_time': 1536782100, 'first_arrival_time': 1536789540, 'second_train_section': 22831, 'second_section': 22452, 'second_departure_time': 1536799920, 'second_arrival_time': 1536802620}
1106	{'task_type': 'regular', 'locomotive': 22592, 'train_section': 22831, 'section': 22452, 'departure_time': 1536799920, 'arrival_time': 1536802620}
1107	{'task_type': 'deadhead', 'locomotive': 22592, 'first_train_section': 22831, 'first_section': 22452, 'first_departure_time': 1536799920, 'first_arrival_time': 1536802620, 'second_train_section': 24412, 'second_section': 22447, 'second_departure_time': 1536806700, 'second_arrival_time': 1536809400}
1108	{'task_type': 'regular', 'locomotive': 22592, 'train_section': 24412, 'section': 22447, 'departure_time': 1536806700, 'arrival_time': 1536809400}
1109	{'task_type': 'deadhead', 'locomotive': 22592, 'first_train_section': 24412, 'first_section': 22447, 'first_departure_time': 1536806700, 'first_arrival_time': 1536809400, 'second_train_section': 27438, 'second_section': 22447, 'second_departure_time': 1536821580, 'second_arrival_time': 1536824640}
1110	{'task_type': 'regular', 'locomotive': 22592, 'train_section': 27438, 'section': 22447, 'departure_time': 1536821580, 'arrival_time': 1536824640}
1111	{'task_type': 'regular', 'locomotive': 22592, 'train_section': 23001, 'section': 22256, 'departure_time': 1536830280, 'arrival_time': 1536832980}
1112	{'task_type': 'deadhead', 'locomotive': 22592, 'first_train_section': 23001, 'first_section': 22256, 'first_departure_time': 1536830280, 'first_arrival_time': 1536832980, 'second_train_section': 23439, 'second_section': 22285, 'second_departure_time': 1536840120, 'second_arrival_time': 1536849240}
1113	{'task_type': 'regular', 'locomotive': 22592, 'train_section': 23439, 'section': 22285, 'departure_time': 1536840120, 'arrival_time': 1536849240}
1114	{'task_type': 'deadhead', 'locomotive': 22592, 'first_train_section': 23439, 'first_section': 22285, 'first_departure_time': 1536840120, 'first_arrival_time': 1536849240, 'second_train_section': 27512, 'second_section': 22387, 'second_departure_time': 1536853080, 'second_arrival_time': 1536854520}
1115	{'task_type': 'regular', 'locomotive': 22592, 'train_section': 27512, 'section': 22387, 'departure_time': 1536853080, 'arrival_time': 1536854520}
1116	{'task_type': 'deadhead', 'locomotive': 22592, 'first_train_section': 27512, 'first_section': 22387, 'first_departure_time': 1536853080, 'first_arrival_time': 1536854520, 'second_train_section': 22749, 'second_section': 22255, 'second_departure_time': 1536861900, 'second_arrival_time': 1536862800}
1117	{'task_type': 'regular', 'locomotive': 22592, 'train_section': 22749, 'section': 22255, 'departure_time': 1536861900, 'arrival_time': 1536862800}
1118	{'task_type': 'deadhead', 'locomotive': 22592, 'first_train_section': 22749, 'first_section': 22255, 'first_departure_time': 1536861900, 'first_arrival_time': 1536862800, 'second_train_section': 23837, 'second_section': 22322, 'second_departure_time': 1536873180, 'second_arrival_time': 1536881400}
1119	{'task_type': 'regular', 'locomotive': 22592, 'train_section': 23837, 'section': 22322, 'departure_time': 1536873180, 'arrival_time': 1536881400}
1120	{'task_type': 'deadhead', 'locomotive': 22592, 'first_train_section': 23837, 'first_section': 22322, 'first_departure_time': 1536873180, 'first_arrival_time': 1536881400, 'second_train_section': 27626, 'second_section': 22326, 'second_departure_time': 1536894960, 'second_arrival_time': 1536901020}
1121	{'task_type': 'regular', 'locomotive': 22592, 'train_section': 27626, 'section': 22326, 'departure_time': 1536894960, 'arrival_time': 1536901020}
1122	{'task_type': 'deadhead', 'locomotive': 22592, 'first_train_section': 27626, 'first_section': 22326, 'first_departure_time': 1536894960, 'first_arrival_time': 1536901020, 'second_train_section': 23815, 'second_section': 22314, 'second_departure_time': 1536910440, 'second_arrival_time': 1536913140}
1123	{'task_type': 'regular', 'locomotive': 22592, 'train_section': 23815, 'section': 22314, 'departure_time': 1536910440, 'arrival_time': 1536913140}
1124	{'task_type': 'deadhead', 'locomotive': 22592, 'first_train_section': 23815, 'first_section': 22314, 'first_departure_time': 1536910440, 'first_arrival_time': 1536913140, 'second_train_section': 25749, 'second_section': 22314, 'second_departure_time': 1536924840, 'second_arrival_time': 1536927540}
1125	{'task_type': 'regular', 'locomotive': 22592, 'train_section': 25749, 'section': 22314, 'departure_time': 1536924840, 'arrival_time': 1536927540}
1126	{'task_type': 'deadhead', 'locomotive': 22592, 'first_train_section': 25749, 'first_section': 22314, 'first_departure_time': 1536924840, 'first_arrival_time': 1536927540, 'second_train_section': 26543, 'second_section': 22288, 'second_departure_time': 1536944160, 'second_arrival_time': 1536953040}
1127	{'task_type': 'regular', 'locomotive': 22592, 'train_section': 26543, 'section': 22288, 'departure_time': 1536944160, 'arrival_time': 1536953040}
1128	{'task_type': 'deadhead', 'locomotive': 22592, 'first_train_section': 26543, 'first_section': 22288, 'first_departure_time': 1536944160, 'first_arrival_time': 1536953040, 'second_train_section': 26547, 'second_section': 22337, 'second_departure_time': 1536958920, 'second_arrival_time': 1536965580}
1129	{'task_type': 'regular', 'locomotive': 22592, 'train_section': 26547, 'section': 22337, 'departure_time': 1536958920, 'arrival_time': 1536965580}
1130	{'task_type': 'deadhead', 'locomotive': 22592, 'first_train_section': 26547, 'first_section': 22337, 'first_departure_time': 1536958920, 'first_arrival_time': 1536965580, 'second_train_section': 23581, 'second_section': 22247, 'second_departure_time': 1536976200, 'second_arrival_time': 1536986760}
1131	{'task_type': 'regular', 'locomotive': 22592, 'train_section': 23581, 'section': 22247, 'departure_time': 1536976200, 'arrival_time': 1536986760}
1132	{'task_type': 'deadhead', 'locomotive': 22592, 'first_train_section': 23581, 'first_section': 22247, 'first_departure_time': 1536976200, 'first_arrival_time': 1536986760, 'second_train_section': 23211, 'second_section': 22320, 'second_departure_time': 1537002300, 'second_arrival_time': 1537008660}
1133	{'task_type': 'regular', 'locomotive': 22592, 'train_section': 23211, 'section': 22320, 'departure_time': 1537002300, 'arrival_time': 1537008660}
1134	{'task_type': 'regular', 'locomotive': 22592, 'train_section': 25208, 'section': 22329, 'departure_time': 1537016280, 'arrival_time': 1537017720}
1135	{'task_type': 'deadhead', 'locomotive': 22592, 'first_train_section': 25208, 'first_section': 22329, 'first_departure_time': 1537016280, 'first_arrival_time': 1537017720, 'second_train_section': 25585, 'second_section': 22431, 'second_departure_time': 1537037100, 'second_arrival_time': 1537042380}
1136	{'task_type': 'regular', 'locomotive': 22592, 'train_section': 25585, 'section': 22431, 'departure_time': 1537037100, 'arrival_time': 1537042380}
1137	{'task_type': 'deadhead', 'locomotive': 22592, 'first_train_section': 25585, 'first_section': 22431, 'first_departure_time': 1537037100, 'first_arrival_time': 1537042380, 'second_train_section': 23288, 'second_section': 22279, 'second_departure_time': 1537076160, 'second_arrival_time': 1537081620}
1138	{'task_type': 'regular', 'locomotive': 22592, 'train_section': 23288, 'section': 22279, 'departure_time': 1537076160, 'arrival_time': 1537081620}
1139	{'task_type': 'deadhead', 'locomotive': 22592, 'first_train_section': 23288, 'first_section': 22279, 'first_departure_time': 1537076160, 'first_arrival_time': 1537081620, 'second_train_section': 24721, 'second_section': 22451, 'second_departure_time': 1537125420, 'second_arrival_time': 1537131420}
1140	{'task_type': 'regular', 'locomotive': 22592, 'train_section': 24721, 'section': 22451, 'departure_time': 1537125420, 'arrival_time': 1537131420}
1141	{'task_type': 'regular', 'locomotive': 22594, 'train_section': 23684, 'section': 22413, 'departure_time': 1536676320, 'arrival_time': 1536680160}
1142	{'task_type': 'deadhead', 'locomotive': 22594, 'first_train_section': 23684, 'first_section': 22413, 'first_departure_time': 1536676320, 'first_arrival_time': 1536680160, 'second_train_section': 25892, 'second_section': 22385, 'second_departure_time': 1536691620, 'second_arrival_time': 1536692400}
1143	{'task_type': 'regular', 'locomotive': 22594, 'train_section': 25892, 'section': 22385, 'departure_time': 1536691620, 'arrival_time': 1536692400}
1144	{'task_type': 'deadhead', 'locomotive': 22594, 'first_train_section': 25892, 'first_section': 22385, 'first_departure_time': 1536691620, 'first_arrival_time': 1536692400, 'second_train_section': 24026, 'second_section': 22385, 'second_departure_time': 1536700140, 'second_arrival_time': 1536701040}
1145	{'task_type': 'regular', 'locomotive': 22594, 'train_section': 24026, 'section': 22385, 'departure_time': 1536700140, 'arrival_time': 1536701040}
1146	{'task_type': 'deadhead', 'locomotive': 22594, 'first_train_section': 24026, 'first_section': 22385, 'first_departure_time': 1536700140, 'first_arrival_time': 1536701040, 'second_train_section': 23550, 'second_section': 22427, 'second_departure_time': 1536702540, 'second_arrival_time': 1536705480}
1147	{'task_type': 'regular', 'locomotive': 22594, 'train_section': 23550, 'section': 22427, 'departure_time': 1536702540, 'arrival_time': 1536705480}
1148	{'task_type': 'regular', 'locomotive': 22594, 'train_section': 23552, 'section': 22443, 'departure_time': 1536706500, 'arrival_time': 1536708180}
1149	{'task_type': 'deadhead', 'locomotive': 22594, 'first_train_section': 23552, 'first_section': 22443, 'first_departure_time': 1536706500, 'first_arrival_time': 1536708180, 'second_train_section': 26241, 'second_section': 22443, 'second_departure_time': 1536715500, 'second_arrival_time': 1536717180}
1150	{'task_type': 'regular', 'locomotive': 22594, 'train_section': 26241, 'section': 22443, 'departure_time': 1536715500, 'arrival_time': 1536717180}
1151	{'task_type': 'deadhead', 'locomotive': 22594, 'first_train_section': 26241, 'first_section': 22443, 'first_departure_time': 1536715500, 'first_arrival_time': 1536717180, 'second_train_section': 26245, 'second_section': 22304, 'second_departure_time': 1536722040, 'second_arrival_time': 1536726420}
1152	{'task_type': 'regular', 'locomotive': 22594, 'train_section': 26245, 'section': 22304, 'departure_time': 1536722040, 'arrival_time': 1536726420}
1153	{'task_type': 'regular', 'locomotive': 22594, 'train_section': 26247, 'section': 22247, 'departure_time': 1536726600, 'arrival_time': 1536736740}
1154	{'task_type': 'deadhead', 'locomotive': 22594, 'first_train_section': 26247, 'first_section': 22247, 'first_departure_time': 1536726600, 'first_arrival_time': 1536736740, 'second_train_section': 25711, 'second_section': 22400, 'second_departure_time': 1536745800, 'second_arrival_time': 1536749220}
1155	{'task_type': 'regular', 'locomotive': 22594, 'train_section': 25711, 'section': 22400, 'departure_time': 1536745800, 'arrival_time': 1536749220}
1156	{'task_type': 'regular', 'locomotive': 22594, 'train_section': 27396, 'section': 22383, 'departure_time': 1536750720, 'arrival_time': 1536754140}
1157	{'task_type': 'deadhead', 'locomotive': 22594, 'first_train_section': 27396, 'first_section': 22383, 'first_departure_time': 1536750720, 'first_arrival_time': 1536754140, 'second_train_section': 24919, 'second_section': 22317, 'second_departure_time': 1536769920, 'second_arrival_time': 1536771660}
1158	{'task_type': 'regular', 'locomotive': 22594, 'train_section': 24919, 'section': 22317, 'departure_time': 1536769920, 'arrival_time': 1536771660}
1159	{'task_type': 'deadhead', 'locomotive': 22594, 'first_train_section': 24919, 'first_section': 22317, 'first_departure_time': 1536769920, 'first_arrival_time': 1536771660, 'second_train_section': 23018, 'second_section': 22365, 'second_departure_time': 1536777420, 'second_arrival_time': 1536780960}
1160	{'task_type': 'regular', 'locomotive': 22594, 'train_section': 23018, 'section': 22365, 'departure_time': 1536777420, 'arrival_time': 1536780960}
1161	{'task_type': 'deadhead', 'locomotive': 22594, 'first_train_section': 23018, 'first_section': 22365, 'first_departure_time': 1536777420, 'first_arrival_time': 1536780960, 'second_train_section': 22669, 'second_section': 22372, 'second_departure_time': 1536804540, 'second_arrival_time': 1536808500}
1162	{'task_type': 'regular', 'locomotive': 22594, 'train_section': 22669, 'section': 22372, 'departure_time': 1536804540, 'arrival_time': 1536808500}
1163	{'task_type': 'deadhead', 'locomotive': 22594, 'first_train_section': 22669, 'first_section': 22372, 'first_departure_time': 1536804540, 'first_arrival_time': 1536808500, 'second_train_section': 23042, 'second_section': 22361, 'second_departure_time': 1536814080, 'second_arrival_time': 1536816540}
1164	{'task_type': 'regular', 'locomotive': 22594, 'train_section': 23042, 'section': 22361, 'departure_time': 1536814080, 'arrival_time': 1536816540}
1165	{'task_type': 'deadhead', 'locomotive': 22594, 'first_train_section': 23042, 'first_section': 22361, 'first_departure_time': 1536814080, 'first_arrival_time': 1536816540, 'second_train_section': 24262, 'second_section': 22447, 'second_departure_time': 1536837120, 'second_arrival_time': 1536840000}
1166	{'task_type': 'regular', 'locomotive': 22594, 'train_section': 24262, 'section': 22447, 'departure_time': 1536837120, 'arrival_time': 1536840000}
1167	{'task_type': 'deadhead', 'locomotive': 22594, 'first_train_section': 24262, 'first_section': 22447, 'first_departure_time': 1536837120, 'first_arrival_time': 1536840000, 'second_train_section': 25457, 'second_section': 22351, 'second_departure_time': 1536850080, 'second_arrival_time': 1536855240}
1168	{'task_type': 'regular', 'locomotive': 22594, 'train_section': 25457, 'section': 22351, 'departure_time': 1536850080, 'arrival_time': 1536855240}
1169	{'task_type': 'deadhead', 'locomotive': 22594, 'first_train_section': 25457, 'first_section': 22351, 'first_departure_time': 1536850080, 'first_arrival_time': 1536855240, 'second_train_section': 23337, 'second_section': 22483, 'second_departure_time': 1536858840, 'second_arrival_time': 1536861960}
1170	{'task_type': 'regular', 'locomotive': 22594, 'train_section': 23337, 'section': 22483, 'departure_time': 1536858840, 'arrival_time': 1536861960}
1171	{'task_type': 'regular', 'locomotive': 22594, 'train_section': 24491, 'section': 22504, 'departure_time': 1536868020, 'arrival_time': 1536873060}
1172	{'task_type': 'regular', 'locomotive': 22594, 'train_section': 23621, 'section': 22245, 'departure_time': 1536883560, 'arrival_time': 1536888240}
1173	{'task_type': 'deadhead', 'locomotive': 22594, 'first_train_section': 23621, 'first_section': 22245, 'first_departure_time': 1536883560, 'first_arrival_time': 1536888240, 'second_train_section': 24848, 'second_section': 22495, 'second_departure_time': 1536896460, 'second_arrival_time': 1536899460}
1174	{'task_type': 'regular', 'locomotive': 22594, 'train_section': 24848, 'section': 22495, 'departure_time': 1536896460, 'arrival_time': 1536899460}
1175	{'task_type': 'regular', 'locomotive': 22594, 'train_section': 23224, 'section': 22309, 'departure_time': 1536914760, 'arrival_time': 1536919320}
1176	{'task_type': 'deadhead', 'locomotive': 22594, 'first_train_section': 23224, 'first_section': 22309, 'first_departure_time': 1536914760, 'first_arrival_time': 1536919320, 'second_train_section': 24506, 'second_section': 22275, 'second_departure_time': 1536930300, 'second_arrival_time': 1536937380}
1177	{'task_type': 'regular', 'locomotive': 22594, 'train_section': 24506, 'section': 22275, 'departure_time': 1536930300, 'arrival_time': 1536937380}
1178	{'task_type': 'deadhead', 'locomotive': 22594, 'first_train_section': 24506, 'first_section': 22275, 'first_departure_time': 1536930300, 'first_arrival_time': 1536937380, 'second_train_section': 27591, 'second_section': 22446, 'second_departure_time': 1536945660, 'second_arrival_time': 1536946740}
1179	{'task_type': 'regular', 'locomotive': 22594, 'train_section': 27591, 'section': 22446, 'departure_time': 1536945660, 'arrival_time': 1536946740}
1180	{'task_type': 'deadhead', 'locomotive': 22594, 'first_train_section': 27591, 'first_section': 22446, 'first_departure_time': 1536945660, 'first_arrival_time': 1536946740, 'second_train_section': 27300, 'second_section': 22452, 'second_departure_time': 1536948960, 'second_arrival_time': 1536950760}
1181	{'task_type': 'regular', 'locomotive': 22594, 'train_section': 27300, 'section': 22452, 'departure_time': 1536948960, 'arrival_time': 1536950760}
1182	{'task_type': 'deadhead', 'locomotive': 22594, 'first_train_section': 27300, 'first_section': 22452, 'first_departure_time': 1536948960, 'first_arrival_time': 1536950760, 'second_train_section': 26860, 'second_section': 22322, 'second_departure_time': 1536959580, 'second_arrival_time': 1536967800}
1183	{'task_type': 'regular', 'locomotive': 22594, 'train_section': 26860, 'section': 22322, 'departure_time': 1536959580, 'arrival_time': 1536967800}
1184	{'task_type': 'deadhead', 'locomotive': 22594, 'first_train_section': 26860, 'first_section': 22322, 'first_departure_time': 1536959580, 'first_arrival_time': 1536967800, 'second_train_section': 26528, 'second_section': 22467, 'second_departure_time': 1536979200, 'second_arrival_time': 1536981900}
1185	{'task_type': 'regular', 'locomotive': 22594, 'train_section': 26528, 'section': 22467, 'departure_time': 1536979200, 'arrival_time': 1536981900}
1186	{'task_type': 'deadhead', 'locomotive': 22594, 'first_train_section': 26528, 'first_section': 22467, 'first_departure_time': 1536979200, 'first_arrival_time': 1536981900, 'second_train_section': 25147, 'second_section': 22378, 'second_departure_time': 1536989700, 'second_arrival_time': 1536993360}
1187	{'task_type': 'regular', 'locomotive': 22594, 'train_section': 25147, 'section': 22378, 'departure_time': 1536989700, 'arrival_time': 1536993360}
1188	{'task_type': 'deadhead', 'locomotive': 22594, 'first_train_section': 25147, 'first_section': 22378, 'first_departure_time': 1536989700, 'first_arrival_time': 1536993360, 'second_train_section': 22850, 'second_section': 22309, 'second_departure_time': 1537001160, 'second_arrival_time': 1537005720}
1189	{'task_type': 'regular', 'locomotive': 22594, 'train_section': 22850, 'section': 22309, 'departure_time': 1537001160, 'arrival_time': 1537005720}
1190	{'task_type': 'deadhead', 'locomotive': 22594, 'first_train_section': 22850, 'first_section': 22309, 'first_departure_time': 1537001160, 'first_arrival_time': 1537005720, 'second_train_section': 26263, 'second_section': 22342, 'second_departure_time': 1537017660, 'second_arrival_time': 1537023780}
1191	{'task_type': 'regular', 'locomotive': 22594, 'train_section': 26263, 'section': 22342, 'departure_time': 1537017660, 'arrival_time': 1537023780}
1192	{'task_type': 'deadhead', 'locomotive': 22594, 'first_train_section': 26263, 'first_section': 22342, 'first_departure_time': 1537017660, 'first_arrival_time': 1537023780, 'second_train_section': 25591, 'second_section': 22247, 'second_departure_time': 1537050780, 'second_arrival_time': 1537059480}
1193	{'task_type': 'regular', 'locomotive': 22594, 'train_section': 25591, 'section': 22247, 'departure_time': 1537050780, 'arrival_time': 1537059480}
1194	{'task_type': 'regular', 'locomotive': 22595, 'train_section': 23990, 'section': 22343, 'departure_time': 1536697200, 'arrival_time': 1536707940}
1195	{'task_type': 'deadhead', 'locomotive': 22595, 'first_train_section': 23990, 'first_section': 22343, 'first_departure_time': 1536697200, 'first_arrival_time': 1536707940, 'second_train_section': 26003, 'second_section': 22446, 'second_departure_time': 1536723840, 'second_arrival_time': 1536724980}
1196	{'task_type': 'regular', 'locomotive': 22595, 'train_section': 26003, 'section': 22446, 'departure_time': 1536723840, 'arrival_time': 1536724980}
1197	{'task_type': 'deadhead', 'locomotive': 22595, 'first_train_section': 26003, 'first_section': 22446, 'first_departure_time': 1536723840, 'first_arrival_time': 1536724980, 'second_train_section': 23933, 'second_section': 22494, 'second_departure_time': 1536731100, 'second_arrival_time': 1536733320}
1198	{'task_type': 'regular', 'locomotive': 22595, 'train_section': 23933, 'section': 22494, 'departure_time': 1536731100, 'arrival_time': 1536733320}
1199	{'task_type': 'regular', 'locomotive': 22595, 'train_section': 23354, 'section': 22387, 'departure_time': 1536735120, 'arrival_time': 1536736920}
1200	{'task_type': 'deadhead', 'locomotive': 22595, 'first_train_section': 23354, 'first_section': 22387, 'first_departure_time': 1536735120, 'first_arrival_time': 1536736920, 'second_train_section': 27333, 'second_section': 22298, 'second_departure_time': 1536748920, 'second_arrival_time': 1536751620}
1201	{'task_type': 'regular', 'locomotive': 22595, 'train_section': 27333, 'section': 22298, 'departure_time': 1536748920, 'arrival_time': 1536751620}
1202	{'task_type': 'deadhead', 'locomotive': 22595, 'first_train_section': 27333, 'first_section': 22298, 'first_departure_time': 1536748920, 'first_arrival_time': 1536751620, 'second_train_section': 26592, 'second_section': 22318, 'second_departure_time': 1536759300, 'second_arrival_time': 1536763800}
1203	{'task_type': 'regular', 'locomotive': 22595, 'train_section': 26592, 'section': 22318, 'departure_time': 1536759300, 'arrival_time': 1536763800}
1204	{'task_type': 'regular', 'locomotive': 22595, 'train_section': 23978, 'section': 22488, 'departure_time': 1536765240, 'arrival_time': 1536769620}
1205	{'task_type': 'deadhead', 'locomotive': 22595, 'first_train_section': 27432, 'first_section': 22382, 'first_departure_time': 1536774420, 'first_arrival_time': 1536789540, 'second_train_section': 23036, 'second_section': 22273, 'second_departure_time': 1536810480, 'second_arrival_time': 1536814860}
1206	{'task_type': 'regular', 'locomotive': 22595, 'train_section': 23036, 'section': 22273, 'departure_time': 1536810480, 'arrival_time': 1536814860}
1207	{'task_type': 'deadhead', 'locomotive': 22595, 'first_train_section': 23036, 'first_section': 22273, 'first_departure_time': 1536810480, 'first_arrival_time': 1536814860, 'second_train_section': 23378, 'second_section': 22355, 'second_departure_time': 1536825960, 'second_arrival_time': 1536827820}
1208	{'task_type': 'regular', 'locomotive': 22595, 'train_section': 23378, 'section': 22355, 'departure_time': 1536825960, 'arrival_time': 1536827820}
1209	{'task_type': 'regular', 'locomotive': 22595, 'train_section': 24798, 'section': 22270, 'departure_time': 1536830160, 'arrival_time': 1536832080}
1210	{'task_type': 'deadhead', 'locomotive': 22595, 'first_train_section': 24798, 'first_section': 22270, 'first_departure_time': 1536830160, 'first_arrival_time': 1536832080, 'second_train_section': 25810, 'second_section': 22242, 'second_departure_time': 1536844860, 'second_arrival_time': 1536847620}
1211	{'task_type': 'regular', 'locomotive': 22595, 'train_section': 25810, 'section': 22242, 'departure_time': 1536844860, 'arrival_time': 1536847620}
1212	{'task_type': 'deadhead', 'locomotive': 22595, 'first_train_section': 25810, 'first_section': 22242, 'first_departure_time': 1536844860, 'first_arrival_time': 1536847620, 'second_train_section': 23812, 'second_section': 22400, 'second_departure_time': 1536857400, 'second_arrival_time': 1536860820}
1213	{'task_type': 'regular', 'locomotive': 22595, 'train_section': 23812, 'section': 22400, 'departure_time': 1536857400, 'arrival_time': 1536860820}
1214	{'task_type': 'deadhead', 'locomotive': 22595, 'first_train_section': 23812, 'first_section': 22400, 'first_departure_time': 1536857400, 'first_arrival_time': 1536860820, 'second_train_section': 22989, 'second_section': 22247, 'second_departure_time': 1536869760, 'second_arrival_time': 1536878460}
1215	{'task_type': 'regular', 'locomotive': 22595, 'train_section': 22989, 'section': 22247, 'departure_time': 1536869760, 'arrival_time': 1536878460}
1216	{'task_type': 'deadhead', 'locomotive': 22595, 'first_train_section': 22989, 'first_section': 22247, 'first_departure_time': 1536869760, 'first_arrival_time': 1536878460, 'second_train_section': 25187, 'second_section': 22404, 'second_departure_time': 1536883380, 'second_arrival_time': 1536892020}
1217	{'task_type': 'regular', 'locomotive': 22595, 'train_section': 25187, 'section': 22404, 'departure_time': 1536883380, 'arrival_time': 1536892020}
1218	{'task_type': 'deadhead', 'locomotive': 22595, 'first_train_section': 25187, 'first_section': 22404, 'first_departure_time': 1536883380, 'first_arrival_time': 1536892020, 'second_train_section': 27478, 'second_section': 22342, 'second_departure_time': 1536902460, 'second_arrival_time': 1536908580}
1219	{'task_type': 'regular', 'locomotive': 22595, 'train_section': 27478, 'section': 22342, 'departure_time': 1536902460, 'arrival_time': 1536908580}
1220	{'task_type': 'deadhead', 'locomotive': 22595, 'first_train_section': 27478, 'first_section': 22342, 'first_departure_time': 1536902460, 'first_arrival_time': 1536908580, 'second_train_section': 24309, 'second_section': 22416, 'second_departure_time': 1536920640, 'second_arrival_time': 1536924300}
1221	{'task_type': 'regular', 'locomotive': 22595, 'train_section': 24309, 'section': 22416, 'departure_time': 1536920640, 'arrival_time': 1536924300}
1222	{'task_type': 'deadhead', 'locomotive': 22595, 'first_train_section': 24309, 'first_section': 22416, 'first_departure_time': 1536920640, 'first_arrival_time': 1536924300, 'second_train_section': 25927, 'second_section': 22338, 'second_departure_time': 1536935040, 'second_arrival_time': 1536947160}
1223	{'task_type': 'regular', 'locomotive': 22595, 'train_section': 25927, 'section': 22338, 'departure_time': 1536935040, 'arrival_time': 1536947160}
1224	{'task_type': 'deadhead', 'locomotive': 22595, 'first_train_section': 25927, 'first_section': 22338, 'first_departure_time': 1536935040, 'first_arrival_time': 1536947160, 'second_train_section': 25831, 'second_section': 22431, 'second_departure_time': 1536948180, 'second_arrival_time': 1536952140}
1225	{'task_type': 'regular', 'locomotive': 22595, 'train_section': 25831, 'section': 22431, 'departure_time': 1536948180, 'arrival_time': 1536952140}
1226	{'task_type': 'deadhead', 'locomotive': 22595, 'first_train_section': 27444, 'first_section': 22417, 'first_departure_time': 1536962400, 'first_arrival_time': 1536981840, 'second_train_section': 27608, 'second_section': 22499, 'second_departure_time': 1536997500, 'second_arrival_time': 1537002660}
1227	{'task_type': 'regular', 'locomotive': 22595, 'train_section': 27608, 'section': 22499, 'departure_time': 1536997500, 'arrival_time': 1537002660}
1228	{'task_type': 'deadhead', 'locomotive': 22595, 'first_train_section': 27608, 'first_section': 22499, 'first_departure_time': 1536997500, 'first_arrival_time': 1537002660, 'second_train_section': 26228, 'second_section': 22501, 'second_departure_time': 1537043040, 'second_arrival_time': 1537045260}
1229	{'task_type': 'regular', 'locomotive': 22595, 'train_section': 26228, 'section': 22501, 'departure_time': 1537043040, 'arrival_time': 1537045260}
1230	{'task_type': 'deadhead', 'locomotive': 22595, 'first_train_section': 26228, 'first_section': 22501, 'first_departure_time': 1537043040, 'first_arrival_time': 1537045260, 'second_train_section': 23396, 'second_section': 22458, 'second_departure_time': 1537106280, 'second_arrival_time': 1537115580}
1231	{'task_type': 'regular', 'locomotive': 22595, 'train_section': 23396, 'section': 22458, 'departure_time': 1537106280, 'arrival_time': 1537115580}
1232	{'task_type': 'regular', 'locomotive': 22596, 'train_section': 27441, 'section': 22338, 'departure_time': 1536675840, 'arrival_time': 1536687960}
1233	{'task_type': 'deadhead', 'locomotive': 22596, 'first_train_section': 27441, 'first_section': 22338, 'first_departure_time': 1536675840, 'first_arrival_time': 1536687960, 'second_train_section': 23554, 'second_section': 22495, 'second_departure_time': 1536708840, 'second_arrival_time': 1536711720}
1234	{'task_type': 'regular', 'locomotive': 22596, 'train_section': 23554, 'section': 22495, 'departure_time': 1536708840, 'arrival_time': 1536711720}
1235	{'task_type': 'deadhead', 'locomotive': 22596, 'first_train_section': 23554, 'first_section': 22495, 'first_departure_time': 1536708840, 'first_arrival_time': 1536711720, 'second_train_section': 23136, 'second_section': 22251, 'second_departure_time': 1536726540, 'second_arrival_time': 1536730260}
1236	{'task_type': 'regular', 'locomotive': 22596, 'train_section': 23136, 'section': 22251, 'departure_time': 1536726540, 'arrival_time': 1536730260}
1237	{'task_type': 'deadhead', 'locomotive': 22596, 'first_train_section': 23136, 'first_section': 22251, 'first_departure_time': 1536726540, 'first_arrival_time': 1536730260, 'second_train_section': 23073, 'second_section': 22416, 'second_departure_time': 1536749640, 'second_arrival_time': 1536753300}
1238	{'task_type': 'regular', 'locomotive': 22596, 'train_section': 23073, 'section': 22416, 'departure_time': 1536749640, 'arrival_time': 1536753300}
1239	{'task_type': 'regular', 'locomotive': 22596, 'train_section': 27588, 'section': 22378, 'departure_time': 1536755700, 'arrival_time': 1536759360}
1240	{'task_type': 'regular', 'locomotive': 22596, 'train_section': 25299, 'section': 22416, 'departure_time': 1536767640, 'arrival_time': 1536771300}
1241	{'task_type': 'regular', 'locomotive': 22596, 'train_section': 23357, 'section': 22378, 'departure_time': 1536771900, 'arrival_time': 1536775560}
1242	{'task_type': 'deadhead', 'locomotive': 22596, 'first_train_section': 23357, 'first_section': 22378, 'first_departure_time': 1536771900, 'first_arrival_time': 1536775560, 'second_train_section': 22809, 'second_section': 22429, 'second_departure_time': 1536785640, 'second_arrival_time': 1536788280}
1243	{'task_type': 'regular', 'locomotive': 22596, 'train_section': 22809, 'section': 22429, 'departure_time': 1536785640, 'arrival_time': 1536788280}
1244	{'task_type': 'deadhead', 'locomotive': 22596, 'first_train_section': 22809, 'first_section': 22429, 'first_departure_time': 1536785640, 'first_arrival_time': 1536788280, 'second_train_section': 24744, 'second_section': 22431, 'second_departure_time': 1536790740, 'second_arrival_time': 1536794940}
1245	{'task_type': 'regular', 'locomotive': 22596, 'train_section': 24744, 'section': 22431, 'departure_time': 1536790740, 'arrival_time': 1536794940}
1246	{'task_type': 'deadhead', 'locomotive': 22596, 'first_train_section': 24744, 'first_section': 22431, 'first_departure_time': 1536790740, 'first_arrival_time': 1536794940, 'second_train_section': 26832, 'second_section': 22404, 'second_departure_time': 1536813420, 'second_arrival_time': 1536823620}
1247	{'task_type': 'regular', 'locomotive': 22596, 'train_section': 26832, 'section': 22404, 'departure_time': 1536813420, 'arrival_time': 1536823620}
1248	{'task_type': 'deadhead', 'locomotive': 22596, 'first_train_section': 26832, 'first_section': 22404, 'first_departure_time': 1536813420, 'first_arrival_time': 1536823620, 'second_train_section': 23133, 'second_section': 22279, 'second_departure_time': 1536846600, 'second_arrival_time': 1536851520}
1249	{'task_type': 'regular', 'locomotive': 22596, 'train_section': 23133, 'section': 22279, 'departure_time': 1536846600, 'arrival_time': 1536851520}
1250	{'task_type': 'deadhead', 'locomotive': 22596, 'first_train_section': 23133, 'first_section': 22279, 'first_departure_time': 1536846600, 'first_arrival_time': 1536851520, 'second_train_section': 26466, 'second_section': 22280, 'second_departure_time': 1536865320, 'second_arrival_time': 1536873720}
1251	{'task_type': 'regular', 'locomotive': 22596, 'train_section': 26466, 'section': 22280, 'departure_time': 1536865320, 'arrival_time': 1536873720}
1252	{'task_type': 'regular', 'locomotive': 22596, 'train_section': 25797, 'section': 22330, 'departure_time': 1536882000, 'arrival_time': 1536890220}
1253	{'task_type': 'deadhead', 'locomotive': 22596, 'first_train_section': 25797, 'first_section': 22330, 'first_departure_time': 1536882000, 'first_arrival_time': 1536890220, 'second_train_section': 25367, 'second_section': 22510, 'second_departure_time': 1536892200, 'second_arrival_time': 1536893760}
1254	{'task_type': 'regular', 'locomotive': 22596, 'train_section': 25367, 'section': 22510, 'departure_time': 1536892200, 'arrival_time': 1536893760}
1255	{'task_type': 'deadhead', 'locomotive': 22596, 'first_train_section': 25367, 'first_section': 22510, 'first_departure_time': 1536892200, 'first_arrival_time': 1536893760, 'second_train_section': 26740, 'second_section': 22404, 'second_departure_time': 1536899820, 'second_arrival_time': 1536910020}
1256	{'task_type': 'regular', 'locomotive': 22596, 'train_section': 26740, 'section': 22404, 'departure_time': 1536899820, 'arrival_time': 1536910020}
1257	{'task_type': 'regular', 'locomotive': 22596, 'train_section': 26742, 'section': 22245, 'departure_time': 1536910380, 'arrival_time': 1536915360}
1258	{'task_type': 'deadhead', 'locomotive': 22596, 'first_train_section': 26742, 'first_section': 22245, 'first_departure_time': 1536910380, 'first_arrival_time': 1536915360, 'second_train_section': 24864, 'second_section': 22333, 'second_departure_time': 1536934500, 'second_arrival_time': 1536937320}
1259	{'task_type': 'regular', 'locomotive': 22596, 'train_section': 24864, 'section': 22333, 'departure_time': 1536934500, 'arrival_time': 1536937320}
1260	{'task_type': 'deadhead', 'locomotive': 22596, 'first_train_section': 24864, 'first_section': 22333, 'first_departure_time': 1536934500, 'first_arrival_time': 1536937320, 'second_train_section': 26411, 'second_section': 22404, 'second_departure_time': 1536950280, 'second_arrival_time': 1536959100}
1261	{'task_type': 'regular', 'locomotive': 22596, 'train_section': 26411, 'section': 22404, 'departure_time': 1536950280, 'arrival_time': 1536959100}
1262	{'task_type': 'deadhead', 'locomotive': 22596, 'first_train_section': 26411, 'first_section': 22404, 'first_departure_time': 1536950280, 'first_arrival_time': 1536959100, 'second_train_section': 24461, 'second_section': 22397, 'second_departure_time': 1536969000, 'second_arrival_time': 1536977040}
1263	{'task_type': 'regular', 'locomotive': 22596, 'train_section': 24461, 'section': 22397, 'departure_time': 1536969000, 'arrival_time': 1536977040}
1264	{'task_type': 'deadhead', 'locomotive': 22596, 'first_train_section': 24461, 'first_section': 22397, 'first_departure_time': 1536969000, 'first_arrival_time': 1536977040, 'second_train_section': 23658, 'second_section': 22273, 'second_departure_time': 1536997980, 'second_arrival_time': 1537002540}
1265	{'task_type': 'regular', 'locomotive': 22596, 'train_section': 23658, 'section': 22273, 'departure_time': 1536997980, 'arrival_time': 1537002540}
1266	{'task_type': 'regular', 'locomotive': 22598, 'train_section': 25816, 'section': 22243, 'departure_time': 1536683760, 'arrival_time': 1536684420}
1267	{'task_type': 'deadhead', 'locomotive': 22598, 'first_train_section': 25816, 'first_section': 22243, 'first_departure_time': 1536683760, 'first_arrival_time': 1536684420, 'second_train_section': 27266, 'second_section': 22495, 'second_departure_time': 1536694080, 'second_arrival_time': 1536697020}
1268	{'task_type': 'regular', 'locomotive': 22598, 'train_section': 27266, 'section': 22495, 'departure_time': 1536694080, 'arrival_time': 1536697020}
1269	{'task_type': 'regular', 'locomotive': 22598, 'train_section': 27268, 'section': 22307, 'departure_time': 1536697860, 'arrival_time': 1536699900}
1270	{'task_type': 'deadhead', 'locomotive': 22598, 'first_train_section': 27345, 'first_section': 22302, 'first_departure_time': 1536703260, 'first_arrival_time': 1536720240, 'second_train_section': 24151, 'second_section': 22443, 'second_departure_time': 1536724620, 'second_arrival_time': 1536726240}
1271	{'task_type': 'regular', 'locomotive': 22598, 'train_section': 24151, 'section': 22443, 'departure_time': 1536724620, 'arrival_time': 1536726240}
1272	{'task_type': 'deadhead', 'locomotive': 22598, 'first_train_section': 24151, 'first_section': 22443, 'first_departure_time': 1536724620, 'first_arrival_time': 1536726240, 'second_train_section': 25059, 'second_section': 22443, 'second_departure_time': 1536743340, 'second_arrival_time': 1536745020}
1273	{'task_type': 'regular', 'locomotive': 22598, 'train_section': 25059, 'section': 22443, 'departure_time': 1536743340, 'arrival_time': 1536745020}
1274	{'task_type': 'deadhead', 'locomotive': 22598, 'first_train_section': 25059, 'first_section': 22443, 'first_departure_time': 1536743340, 'first_arrival_time': 1536745020, 'second_train_section': 26941, 'second_section': 22416, 'second_departure_time': 1536753240, 'second_arrival_time': 1536756900}
1275	{'task_type': 'regular', 'locomotive': 22598, 'train_section': 26941, 'section': 22416, 'departure_time': 1536753240, 'arrival_time': 1536756900}
1276	{'task_type': 'regular', 'locomotive': 22598, 'train_section': 26444, 'section': 22378, 'departure_time': 1536757500, 'arrival_time': 1536761160}
1277	{'task_type': 'deadhead', 'locomotive': 22598, 'first_train_section': 26444, 'first_section': 22378, 'first_departure_time': 1536757500, 'first_arrival_time': 1536761160, 'second_train_section': 23152, 'second_section': 22414, 'second_departure_time': 1536762480, 'second_arrival_time': 1536766860}
1278	{'task_type': 'regular', 'locomotive': 22598, 'train_section': 23152, 'section': 22414, 'departure_time': 1536762480, 'arrival_time': 1536766860}
1279	{'task_type': 'deadhead', 'locomotive': 22598, 'first_train_section': 27099, 'first_section': 22353, 'first_departure_time': 1536772260, 'first_arrival_time': 1536789540, 'second_train_section': 25083, 'second_section': 22378, 'second_departure_time': 1536808140, 'second_arrival_time': 1536811800}
1280	{'task_type': 'regular', 'locomotive': 22598, 'train_section': 25083, 'section': 22378, 'departure_time': 1536808140, 'arrival_time': 1536811800}
1281	{'task_type': 'deadhead', 'locomotive': 22598, 'first_train_section': 25083, 'first_section': 22378, 'first_departure_time': 1536808140, 'first_arrival_time': 1536811800, 'second_train_section': 26836, 'second_section': 22308, 'second_departure_time': 1536829440, 'second_arrival_time': 1536832080}
1282	{'task_type': 'regular', 'locomotive': 22598, 'train_section': 26836, 'section': 22308, 'departure_time': 1536829440, 'arrival_time': 1536832080}
1283	{'task_type': 'regular', 'locomotive': 22598, 'train_section': 26838, 'section': 22496, 'departure_time': 1536832680, 'arrival_time': 1536837660}
1284	{'task_type': 'deadhead', 'locomotive': 22598, 'first_train_section': 26838, 'first_section': 22496, 'first_departure_time': 1536832680, 'first_arrival_time': 1536837660, 'second_train_section': 25714, 'second_section': 22416, 'second_departure_time': 1536843240, 'second_arrival_time': 1536846900}
1285	{'task_type': 'regular', 'locomotive': 22598, 'train_section': 25714, 'section': 22416, 'departure_time': 1536843240, 'arrival_time': 1536846900}
1286	{'task_type': 'deadhead', 'locomotive': 22598, 'first_train_section': 25714, 'first_section': 22416, 'first_departure_time': 1536843240, 'first_arrival_time': 1536846900, 'second_train_section': 26804, 'second_section': 22442, 'second_departure_time': 1536854160, 'second_arrival_time': 1536856920}
1287	{'task_type': 'regular', 'locomotive': 22598, 'train_section': 26804, 'section': 22442, 'departure_time': 1536854160, 'arrival_time': 1536856920}
1288	{'task_type': 'deadhead', 'locomotive': 22598, 'first_train_section': 26804, 'first_section': 22442, 'first_departure_time': 1536854160, 'first_arrival_time': 1536856920, 'second_train_section': 22987, 'second_section': 22304, 'second_departure_time': 1536865140, 'second_arrival_time': 1536869580}
1289	{'task_type': 'regular', 'locomotive': 22598, 'train_section': 22987, 'section': 22304, 'departure_time': 1536865140, 'arrival_time': 1536869580}
1290	{'task_type': 'deadhead', 'locomotive': 22598, 'first_train_section': 22987, 'first_section': 22304, 'first_departure_time': 1536865140, 'first_arrival_time': 1536869580, 'second_train_section': 24312, 'second_section': 22259, 'second_departure_time': 1536872820, 'second_arrival_time': 1536873240}
1291	{'task_type': 'regular', 'locomotive': 22598, 'train_section': 24312, 'section': 22259, 'departure_time': 1536872820, 'arrival_time': 1536873240}
1292	{'task_type': 'deadhead', 'locomotive': 22598, 'first_train_section': 24312, 'first_section': 22259, 'first_departure_time': 1536872820, 'first_arrival_time': 1536873240, 'second_train_section': 25637, 'second_section': 22308, 'second_departure_time': 1536877320, 'second_arrival_time': 1536880020}
1293	{'task_type': 'regular', 'locomotive': 22598, 'train_section': 25637, 'section': 22308, 'departure_time': 1536877320, 'arrival_time': 1536880020}
1294	{'task_type': 'regular', 'locomotive': 22598, 'train_section': 25639, 'section': 22496, 'departure_time': 1536880860, 'arrival_time': 1536884760}
1295	{'task_type': 'deadhead', 'locomotive': 22598, 'first_train_section': 25639, 'first_section': 22496, 'first_departure_time': 1536880860, 'first_arrival_time': 1536884760, 'second_train_section': 23999, 'second_section': 22474, 'second_departure_time': 1536895200, 'second_arrival_time': 1536896880}
1296	{'task_type': 'regular', 'locomotive': 22598, 'train_section': 23999, 'section': 22474, 'departure_time': 1536895200, 'arrival_time': 1536896880}
1297	{'task_type': 'regular', 'locomotive': 22598, 'train_section': 25735, 'section': 22512, 'departure_time': 1536899340, 'arrival_time': 1536902700}
1298	{'task_type': 'regular', 'locomotive': 22598, 'train_section': 24570, 'section': 22456, 'departure_time': 1536903300, 'arrival_time': 1536904800}
1299	{'task_type': 'deadhead', 'locomotive': 22598, 'first_train_section': 24570, 'first_section': 22456, 'first_departure_time': 1536903300, 'first_arrival_time': 1536904800, 'second_train_section': 26272, 'second_section': 22378, 'second_departure_time': 1536908700, 'second_arrival_time': 1536912360}
1300	{'task_type': 'regular', 'locomotive': 22598, 'train_section': 26272, 'section': 22378, 'departure_time': 1536908700, 'arrival_time': 1536912360}
1301	{'task_type': 'deadhead', 'locomotive': 22598, 'first_train_section': 26272, 'first_section': 22378, 'first_departure_time': 1536908700, 'first_arrival_time': 1536912360, 'second_train_section': 26431, 'second_section': 22261, 'second_departure_time': 1536925080, 'second_arrival_time': 1536926820}
1302	{'task_type': 'regular', 'locomotive': 22598, 'train_section': 26431, 'section': 22261, 'departure_time': 1536925080, 'arrival_time': 1536926820}
1303	{'task_type': 'regular', 'locomotive': 22598, 'train_section': 23214, 'section': 22479, 'departure_time': 1536930960, 'arrival_time': 1536932580}
1304	{'task_type': 'deadhead', 'locomotive': 22598, 'first_train_section': 23214, 'first_section': 22479, 'first_departure_time': 1536930960, 'first_arrival_time': 1536932580, 'second_train_section': 26485, 'second_section': 22482, 'second_departure_time': 1536935100, 'second_arrival_time': 1536937020}
1305	{'task_type': 'regular', 'locomotive': 22598, 'train_section': 26485, 'section': 22482, 'departure_time': 1536935100, 'arrival_time': 1536937020}
1306	{'task_type': 'regular', 'locomotive': 22598, 'train_section': 26487, 'section': 22367, 'departure_time': 1536940380, 'arrival_time': 1536941640}
1307	{'task_type': 'deadhead', 'locomotive': 22598, 'first_train_section': 26487, 'first_section': 22367, 'first_departure_time': 1536940380, 'first_arrival_time': 1536941640, 'second_train_section': 22966, 'second_section': 22294, 'second_departure_time': 1536955680, 'second_arrival_time': 1536958920}
1308	{'task_type': 'regular', 'locomotive': 22598, 'train_section': 22966, 'section': 22294, 'departure_time': 1536955680, 'arrival_time': 1536958920}
1309	{'task_type': 'deadhead', 'locomotive': 22598, 'first_train_section': 22966, 'first_section': 22294, 'first_departure_time': 1536955680, 'first_arrival_time': 1536958920, 'second_train_section': 27107, 'second_section': 22343, 'second_departure_time': 1536969660, 'second_arrival_time': 1536978060}
1310	{'task_type': 'regular', 'locomotive': 22598, 'train_section': 27107, 'section': 22343, 'departure_time': 1536969660, 'arrival_time': 1536978060}
1311	{'task_type': 'deadhead', 'locomotive': 22598, 'first_train_section': 27107, 'first_section': 22343, 'first_departure_time': 1536969660, 'first_arrival_time': 1536978060, 'second_train_section': 24801, 'second_section': 22281, 'second_departure_time': 1536980760, 'second_arrival_time': 1536987720}
1312	{'task_type': 'regular', 'locomotive': 22598, 'train_section': 24801, 'section': 22281, 'departure_time': 1536980760, 'arrival_time': 1536987720}
1313	{'task_type': 'deadhead', 'locomotive': 22598, 'first_train_section': 24801, 'first_section': 22281, 'first_departure_time': 1536980760, 'first_arrival_time': 1536987720, 'second_train_section': 24655, 'second_section': 22281, 'second_departure_time': 1536995640, 'second_arrival_time': 1537000800}
1314	{'task_type': 'regular', 'locomotive': 22598, 'train_section': 24655, 'section': 22281, 'departure_time': 1536995640, 'arrival_time': 1537000800}
1315	{'task_type': 'deadhead', 'locomotive': 22598, 'first_train_section': 24655, 'first_section': 22281, 'first_departure_time': 1536995640, 'first_arrival_time': 1537000800, 'second_train_section': 25857, 'second_section': 22324, 'second_departure_time': 1537014180, 'second_arrival_time': 1537019580}
1316	{'task_type': 'regular', 'locomotive': 22598, 'train_section': 25857, 'section': 22324, 'departure_time': 1537014180, 'arrival_time': 1537019580}
1317	{'task_type': 'deadhead', 'locomotive': 22598, 'first_train_section': 27405, 'first_section': 22377, 'first_departure_time': 1537041300, 'first_arrival_time': 1537048740, 'second_train_section': 24118, 'second_section': 22455, 'second_departure_time': 1537077480, 'second_arrival_time': 1537088880}
1318	{'task_type': 'regular', 'locomotive': 22598, 'train_section': 24118, 'section': 22455, 'departure_time': 1537077480, 'arrival_time': 1537088880}
1319	{'task_type': 'deadhead', 'locomotive': 22598, 'first_train_section': 24118, 'first_section': 22455, 'first_departure_time': 1537077480, 'first_arrival_time': 1537088880, 'second_train_section': 24038, 'second_section': 22342, 'second_departure_time': 1537104060, 'second_arrival_time': 1537110180}
1320	{'task_type': 'regular', 'locomotive': 22598, 'train_section': 24038, 'section': 22342, 'departure_time': 1537104060, 'arrival_time': 1537110180}
1321	{'task_type': 'deadhead', 'locomotive': 22598, 'first_train_section': 24038, 'first_section': 22342, 'first_departure_time': 1537104060, 'first_arrival_time': 1537110180, 'second_train_section': 23824, 'second_section': 22452, 'second_departure_time': 1537121760, 'second_arrival_time': 1537123560}
1322	{'task_type': 'regular', 'locomotive': 22598, 'train_section': 23824, 'section': 22452, 'departure_time': 1537121760, 'arrival_time': 1537123560}
1323	{'task_type': 'deadhead', 'locomotive': 22598, 'first_train_section': 23824, 'first_section': 22452, 'first_departure_time': 1537121760, 'first_arrival_time': 1537123560, 'second_train_section': 25162, 'second_section': 22332, 'second_departure_time': 1537129800, 'second_arrival_time': 1537133940}
1324	{'task_type': 'regular', 'locomotive': 22598, 'train_section': 25162, 'section': 22332, 'departure_time': 1537129800, 'arrival_time': 1537133940}
1325	{'task_type': 'regular', 'locomotive': 22599, 'train_section': 27579, 'section': 22451, 'departure_time': 1536706620, 'arrival_time': 1536713520}
1326	{'task_type': 'deadhead', 'locomotive': 22599, 'first_train_section': 27579, 'first_section': 22451, 'first_departure_time': 1536706620, 'first_arrival_time': 1536713520, 'second_train_section': 26726, 'second_section': 22239, 'second_departure_time': 1536723420, 'second_arrival_time': 1536723660}
1327	{'task_type': 'regular', 'locomotive': 22599, 'train_section': 26726, 'section': 22239, 'departure_time': 1536723420, 'arrival_time': 1536723660}
1328	{'task_type': 'deadhead', 'locomotive': 22599, 'first_train_section': 26726, 'first_section': 22239, 'first_departure_time': 1536723420, 'first_arrival_time': 1536723660, 'second_train_section': 26978, 'second_section': 22342, 'second_departure_time': 1536729660, 'second_arrival_time': 1536735780}
1329	{'task_type': 'regular', 'locomotive': 22599, 'train_section': 26978, 'section': 22342, 'departure_time': 1536729660, 'arrival_time': 1536735780}
1330	{'task_type': 'deadhead', 'locomotive': 22599, 'first_train_section': 26978, 'first_section': 22342, 'first_departure_time': 1536729660, 'first_arrival_time': 1536735780, 'second_train_section': 25026, 'second_section': 22293, 'second_departure_time': 1536746640, 'second_arrival_time': 1536752100}
1331	{'task_type': 'regular', 'locomotive': 22599, 'train_section': 25026, 'section': 22293, 'departure_time': 1536746640, 'arrival_time': 1536752100}
1332	{'task_type': 'deadhead', 'locomotive': 22599, 'first_train_section': 25026, 'first_section': 22293, 'first_departure_time': 1536746640, 'first_arrival_time': 1536752100, 'second_train_section': 24509, 'second_section': 22492, 'second_departure_time': 1536765840, 'second_arrival_time': 1536775080}
1333	{'task_type': 'regular', 'locomotive': 22599, 'train_section': 24509, 'section': 22492, 'departure_time': 1536765840, 'arrival_time': 1536775080}
1334	{'task_type': 'deadhead', 'locomotive': 22599, 'first_train_section': 24509, 'first_section': 22492, 'first_departure_time': 1536765840, 'first_arrival_time': 1536775080, 'second_train_section': 24006, 'second_section': 22343, 'second_departure_time': 1536783600, 'second_arrival_time': 1536794340}
1335	{'task_type': 'regular', 'locomotive': 22599, 'train_section': 24006, 'section': 22343, 'departure_time': 1536783600, 'arrival_time': 1536794340}
1336	{'task_type': 'deadhead', 'locomotive': 22599, 'first_train_section': 24006, 'first_section': 22343, 'first_departure_time': 1536783600, 'first_arrival_time': 1536794340, 'second_train_section': 23830, 'second_section': 22326, 'second_departure_time': 1536808560, 'second_arrival_time': 1536814620}
1337	{'task_type': 'regular', 'locomotive': 22599, 'train_section': 23830, 'section': 22326, 'departure_time': 1536808560, 'arrival_time': 1536814620}
1338	{'task_type': 'deadhead', 'locomotive': 22599, 'first_train_section': 23830, 'first_section': 22326, 'first_departure_time': 1536808560, 'first_arrival_time': 1536814620, 'second_train_section': 24643, 'second_section': 22310, 'second_departure_time': 1536819960, 'second_arrival_time': 1536821700}
1339	{'task_type': 'regular', 'locomotive': 22599, 'train_section': 24643, 'section': 22310, 'departure_time': 1536819960, 'arrival_time': 1536821700}
1340	{'task_type': 'deadhead', 'locomotive': 22599, 'first_train_section': 24643, 'first_section': 22310, 'first_departure_time': 1536819960, 'first_arrival_time': 1536821700, 'second_train_section': 27138, 'second_section': 22287, 'second_departure_time': 1536840480, 'second_arrival_time': 1536841860}
1341	{'task_type': 'regular', 'locomotive': 22599, 'train_section': 27138, 'section': 22287, 'departure_time': 1536840480, 'arrival_time': 1536841860}
1342	{'task_type': 'deadhead', 'locomotive': 22599, 'first_train_section': 27138, 'first_section': 22287, 'first_departure_time': 1536840480, 'first_arrival_time': 1536841860, 'second_train_section': 25699, 'second_section': 22416, 'second_departure_time': 1536855840, 'second_arrival_time': 1536859500}
1343	{'task_type': 'regular', 'locomotive': 22599, 'train_section': 25699, 'section': 22416, 'departure_time': 1536855840, 'arrival_time': 1536859500}
1344	{'task_type': 'regular', 'locomotive': 22599, 'train_section': 22872, 'section': 22378, 'departure_time': 1536860100, 'arrival_time': 1536863760}
1345	{'task_type': 'deadhead', 'locomotive': 22599, 'first_train_section': 23942, 'first_section': 22377, 'first_departure_time': 1536875700, 'first_arrival_time': 1536875940, 'second_train_section': 23905, 'second_section': 22431, 'second_departure_time': 1536890040, 'second_arrival_time': 1536894180}
1346	{'task_type': 'regular', 'locomotive': 22599, 'train_section': 23905, 'section': 22431, 'departure_time': 1536890040, 'arrival_time': 1536894180}
1347	{'task_type': 'deadhead', 'locomotive': 22599, 'first_train_section': 23905, 'first_section': 22431, 'first_departure_time': 1536890040, 'first_arrival_time': 1536894180, 'second_train_section': 24851, 'second_section': 22309, 'second_departure_time': 1536900960, 'second_arrival_time': 1536906480}
1348	{'task_type': 'regular', 'locomotive': 22599, 'train_section': 24851, 'section': 22309, 'departure_time': 1536900960, 'arrival_time': 1536906480}
1349	{'task_type': 'regular', 'locomotive': 22599, 'train_section': 24854, 'section': 22506, 'departure_time': 1536906840, 'arrival_time': 1536907620}
1350	{'task_type': 'deadhead', 'locomotive': 22599, 'first_train_section': 24854, 'first_section': 22506, 'first_departure_time': 1536906840, 'first_arrival_time': 1536907620, 'second_train_section': 24332, 'second_section': 22378, 'second_departure_time': 1536921300, 'second_arrival_time': 1536924960}
1351	{'task_type': 'regular', 'locomotive': 22599, 'train_section': 24332, 'section': 22378, 'departure_time': 1536921300, 'arrival_time': 1536924960}
1352	{'task_type': 'deadhead', 'locomotive': 22599, 'first_train_section': 24332, 'first_section': 22378, 'first_departure_time': 1536921300, 'first_arrival_time': 1536924960, 'second_train_section': 23634, 'second_section': 22378, 'second_departure_time': 1536930300, 'second_arrival_time': 1536933960}
1353	{'task_type': 'regular', 'locomotive': 22599, 'train_section': 23634, 'section': 22378, 'departure_time': 1536930300, 'arrival_time': 1536933960}
1354	{'task_type': 'deadhead', 'locomotive': 22599, 'first_train_section': 23634, 'first_section': 22378, 'first_departure_time': 1536930300, 'first_arrival_time': 1536933960, 'second_train_section': 27194, 'second_section': 22413, 'second_departure_time': 1536939120, 'second_arrival_time': 1536942960}
1355	{'task_type': 'regular', 'locomotive': 22599, 'train_section': 27194, 'section': 22413, 'departure_time': 1536939120, 'arrival_time': 1536942960}
1356	{'task_type': 'deadhead', 'locomotive': 22599, 'first_train_section': 27194, 'first_section': 22413, 'first_departure_time': 1536939120, 'first_arrival_time': 1536942960, 'second_train_section': 23678, 'second_section': 22378, 'second_departure_time': 1536946500, 'second_arrival_time': 1536950160}
1357	{'task_type': 'regular', 'locomotive': 22599, 'train_section': 23678, 'section': 22378, 'departure_time': 1536946500, 'arrival_time': 1536950160}
1358	{'task_type': 'regular', 'locomotive': 22600, 'train_section': 24611, 'section': 22495, 'departure_time': 1536697620, 'arrival_time': 1536700380}
1359	{'task_type': 'regular', 'locomotive': 22600, 'train_section': 24613, 'section': 22306, 'departure_time': 1536701940, 'arrival_time': 1536705480}
1360	{'task_type': 'deadhead', 'locomotive': 22600, 'first_train_section': 24613, 'first_section': 22306, 'first_departure_time': 1536701940, 'first_arrival_time': 1536705480, 'second_train_section': 27647, 'second_section': 22496, 'second_departure_time': 1536712440, 'second_arrival_time': 1536716160}
1361	{'task_type': 'regular', 'locomotive': 22600, 'train_section': 27647, 'section': 22496, 'departure_time': 1536712440, 'arrival_time': 1536716160}
1362	{'task_type': 'deadhead', 'locomotive': 22600, 'first_train_section': 27647, 'first_section': 22496, 'first_departure_time': 1536712440, 'first_arrival_time': 1536716160, 'second_train_section': 24149, 'second_section': 22427, 'second_departure_time': 1536721020, 'second_arrival_time': 1536724020}
1363	{'task_type': 'regular', 'locomotive': 22600, 'train_section': 24149, 'section': 22427, 'departure_time': 1536721020, 'arrival_time': 1536724020}
1364	{'task_type': 'deadhead', 'locomotive': 22600, 'first_train_section': 24149, 'first_section': 22427, 'first_departure_time': 1536721020, 'first_arrival_time': 1536724020, 'second_train_section': 24156, 'second_section': 22304, 'second_departure_time': 1536730500, 'second_arrival_time': 1536735540}
1365	{'task_type': 'regular', 'locomotive': 22600, 'train_section': 24156, 'section': 22304, 'departure_time': 1536730500, 'arrival_time': 1536735540}
1366	{'task_type': 'deadhead', 'locomotive': 22600, 'first_train_section': 24156, 'first_section': 22304, 'first_departure_time': 1536730500, 'first_arrival_time': 1536735540, 'second_train_section': 22868, 'second_section': 22343, 'second_departure_time': 1536748800, 'second_arrival_time': 1536757320}
1367	{'task_type': 'regular', 'locomotive': 22600, 'train_section': 22868, 'section': 22343, 'departure_time': 1536748800, 'arrival_time': 1536757320}
1368	{'task_type': 'deadhead', 'locomotive': 22600, 'first_train_section': 22868, 'first_section': 22343, 'first_departure_time': 1536748800, 'first_arrival_time': 1536757320, 'second_train_section': 26351, 'second_section': 22279, 'second_departure_time': 1536760200, 'second_arrival_time': 1536765120}
1369	{'task_type': 'regular', 'locomotive': 22600, 'train_section': 26351, 'section': 22279, 'departure_time': 1536760200, 'arrival_time': 1536765120}
1370	{'task_type': 'deadhead', 'locomotive': 22600, 'first_train_section': 25696, 'first_section': 22464, 'first_departure_time': 1536781980, 'first_arrival_time': 1536789540, 'second_train_section': 26944, 'second_section': 22419, 'second_departure_time': 1536799620, 'second_arrival_time': 1536805980}
1371	{'task_type': 'regular', 'locomotive': 22600, 'train_section': 26944, 'section': 22419, 'departure_time': 1536799620, 'arrival_time': 1536805980}
1372	{'task_type': 'regular', 'locomotive': 22600, 'train_section': 26428, 'section': 22416, 'departure_time': 1536839640, 'arrival_time': 1536843300}
1373	{'task_type': 'regular', 'locomotive': 22600, 'train_section': 26780, 'section': 22378, 'departure_time': 1536847500, 'arrival_time': 1536851160}
1374	{'task_type': 'regular', 'locomotive': 22600, 'train_section': 26811, 'section': 22416, 'departure_time': 1536857640, 'arrival_time': 1536861300}
1375	{'task_type': 'regular', 'locomotive': 22600, 'train_section': 27515, 'section': 22378, 'departure_time': 1536861900, 'arrival_time': 1536865560}
1376	{'task_type': 'deadhead', 'locomotive': 22600, 'first_train_section': 27515, 'first_section': 22378, 'first_departure_time': 1536861900, 'first_arrival_time': 1536865560, 'second_train_section': 24233, 'second_section': 22431, 'second_departure_time': 1536867660, 'second_arrival_time': 1536871860}
1377	{'task_type': 'regular', 'locomotive': 22600, 'train_section': 24233, 'section': 22431, 'departure_time': 1536867660, 'arrival_time': 1536871860}
1378	{'task_type': 'regular', 'locomotive': 22600, 'train_section': 23772, 'section': 22495, 'departure_time': 1536873120, 'arrival_time': 1536876060}
1379	{'task_type': 'regular', 'locomotive': 22600, 'train_section': 23775, 'section': 22309, 'departure_time': 1536876540, 'arrival_time': 1536881400}
1380	{'task_type': 'deadhead', 'locomotive': 22600, 'first_train_section': 23775, 'first_section': 22309, 'first_departure_time': 1536876540, 'first_arrival_time': 1536881400, 'second_train_section': 26589, 'second_section': 22247, 'second_departure_time': 1536887580, 'second_arrival_time': 1536897060}
1381	{'task_type': 'regular', 'locomotive': 22600, 'train_section': 26589, 'section': 22247, 'departure_time': 1536887580, 'arrival_time': 1536897060}
1382	{'task_type': 'deadhead', 'locomotive': 22600, 'first_train_section': 26589, 'first_section': 22247, 'first_departure_time': 1536887580, 'first_arrival_time': 1536897060, 'second_train_section': 23784, 'second_section': 22393, 'second_departure_time': 1536901140, 'second_arrival_time': 1536902880}
1383	{'task_type': 'regular', 'locomotive': 22600, 'train_section': 23784, 'section': 22393, 'departure_time': 1536901140, 'arrival_time': 1536902880}
1384	{'task_type': 'deadhead', 'locomotive': 22600, 'first_train_section': 23784, 'first_section': 22393, 'first_departure_time': 1536901140, 'first_arrival_time': 1536902880, 'second_train_section': 25398, 'second_section': 22410, 'second_departure_time': 1536908460, 'second_arrival_time': 1536911280}
1385	{'task_type': 'regular', 'locomotive': 22600, 'train_section': 25398, 'section': 22410, 'departure_time': 1536908460, 'arrival_time': 1536911280}
1386	{'task_type': 'regular', 'locomotive': 22600, 'train_section': 23508, 'section': 22489, 'departure_time': 1536918420, 'arrival_time': 1536921420}
1387	{'task_type': 'deadhead', 'locomotive': 22600, 'first_train_section': 23508, 'first_section': 22489, 'first_departure_time': 1536918420, 'first_arrival_time': 1536921420, 'second_train_section': 25717, 'second_section': 22396, 'second_departure_time': 1536929760, 'second_arrival_time': 1536931620}
1388	{'task_type': 'regular', 'locomotive': 22600, 'train_section': 25717, 'section': 22396, 'departure_time': 1536929760, 'arrival_time': 1536931620}
1389	{'task_type': 'deadhead', 'locomotive': 22600, 'first_train_section': 25717, 'first_section': 22396, 'first_departure_time': 1536929760, 'first_arrival_time': 1536931620, 'second_train_section': 23319, 'second_section': 22404, 'second_departure_time': 1536933360, 'second_arrival_time': 1536942900}
1390	{'task_type': 'regular', 'locomotive': 22600, 'train_section': 23319, 'section': 22404, 'departure_time': 1536933360, 'arrival_time': 1536942900}
1391	{'task_type': 'deadhead', 'locomotive': 22600, 'first_train_section': 23319, 'first_section': 22404, 'first_departure_time': 1536933360, 'first_arrival_time': 1536942900, 'second_train_section': 23325, 'second_section': 22496, 'second_departure_time': 1536953340, 'second_arrival_time': 1536957660}
1392	{'task_type': 'regular', 'locomotive': 22600, 'train_section': 23325, 'section': 22496, 'departure_time': 1536953340, 'arrival_time': 1536957660}
1393	{'task_type': 'deadhead', 'locomotive': 22600, 'first_train_section': 23325, 'first_section': 22496, 'first_departure_time': 1536953340, 'first_arrival_time': 1536957660, 'second_train_section': 23385, 'second_section': 22308, 'second_departure_time': 1536975360, 'second_arrival_time': 1536978000}
1394	{'task_type': 'regular', 'locomotive': 22600, 'train_section': 23385, 'section': 22308, 'departure_time': 1536975360, 'arrival_time': 1536978000}
1395	{'task_type': 'deadhead', 'locomotive': 22600, 'first_train_section': 23385, 'first_section': 22308, 'first_departure_time': 1536975360, 'first_arrival_time': 1536978000, 'second_train_section': 25979, 'second_section': 22260, 'second_departure_time': 1536992820, 'second_arrival_time': 1537001220}
1396	{'task_type': 'regular', 'locomotive': 22600, 'train_section': 25979, 'section': 22260, 'departure_time': 1536992820, 'arrival_time': 1537001220}
1397	{'task_type': 'regular', 'locomotive': 22600, 'train_section': 25620, 'section': 22356, 'departure_time': 1537003680, 'arrival_time': 1537010940}
1398	{'task_type': 'deadhead', 'locomotive': 22600, 'first_train_section': 25620, 'first_section': 22356, 'first_departure_time': 1537003680, 'first_arrival_time': 1537010940, 'second_train_section': 24705, 'second_section': 22249, 'second_departure_time': 1537022880, 'second_arrival_time': 1537028400}
1399	{'task_type': 'regular', 'locomotive': 22600, 'train_section': 24705, 'section': 22249, 'departure_time': 1537022880, 'arrival_time': 1537028400}
1400	{'task_type': 'deadhead', 'locomotive': 22600, 'first_train_section': 24705, 'first_section': 22249, 'first_departure_time': 1537022880, 'first_arrival_time': 1537028400, 'second_train_section': 27602, 'second_section': 22415, 'second_departure_time': 1537038840, 'second_arrival_time': 1537040400}
1401	{'task_type': 'regular', 'locomotive': 22600, 'train_section': 27602, 'section': 22415, 'departure_time': 1537038840, 'arrival_time': 1537040400}
1402	{'task_type': 'deadhead', 'locomotive': 22600, 'first_train_section': 27602, 'first_section': 22415, 'first_departure_time': 1537038840, 'first_arrival_time': 1537040400, 'second_train_section': 23987, 'second_section': 22314, 'second_departure_time': 1537083240, 'second_arrival_time': 1537085940}
1403	{'task_type': 'regular', 'locomotive': 22600, 'train_section': 23987, 'section': 22314, 'departure_time': 1537083240, 'arrival_time': 1537085940}
1404	{'task_type': 'regular', 'locomotive': 22602, 'train_section': 23661, 'section': 22416, 'departure_time': 1536674040, 'arrival_time': 1536677700}
1405	{'task_type': 'deadhead', 'locomotive': 22602, 'first_train_section': 23661, 'first_section': 22416, 'first_departure_time': 1536674040, 'first_arrival_time': 1536677700, 'second_train_section': 26416, 'second_section': 22445, 'second_departure_time': 1536690840, 'second_arrival_time': 1536696600}
1406	{'task_type': 'regular', 'locomotive': 22602, 'train_section': 26416, 'section': 22445, 'departure_time': 1536690840, 'arrival_time': 1536696600}
1407	{'task_type': 'deadhead', 'locomotive': 22602, 'first_train_section': 26416, 'first_section': 22445, 'first_departure_time': 1536690840, 'first_arrival_time': 1536696600, 'second_train_section': 25576, 'second_section': 22429, 'second_departure_time': 1536699240, 'second_arrival_time': 1536701880}
1408	{'task_type': 'regular', 'locomotive': 22602, 'train_section': 25576, 'section': 22429, 'departure_time': 1536699240, 'arrival_time': 1536701880}
1409	{'task_type': 'deadhead', 'locomotive': 22602, 'first_train_section': 25576, 'first_section': 22429, 'first_departure_time': 1536699240, 'first_arrival_time': 1536701880, 'second_train_section': 27427, 'second_section': 22495, 'second_departure_time': 1536709440, 'second_arrival_time': 1536712320}
1410	{'task_type': 'regular', 'locomotive': 22602, 'train_section': 27427, 'section': 22495, 'departure_time': 1536709440, 'arrival_time': 1536712320}
1411	{'task_type': 'regular', 'locomotive': 22602, 'train_section': 23556, 'section': 22304, 'departure_time': 1536712380, 'arrival_time': 1536716820}
1412	{'task_type': 'deadhead', 'locomotive': 22602, 'first_train_section': 23556, 'first_section': 22304, 'first_departure_time': 1536712380, 'first_arrival_time': 1536716820, 'second_train_section': 22781, 'second_section': 22361, 'second_departure_time': 1536726240, 'second_arrival_time': 1536729240}
1413	{'task_type': 'regular', 'locomotive': 22602, 'train_section': 22781, 'section': 22361, 'departure_time': 1536726240, 'arrival_time': 1536729240}
1414	{'task_type': 'regular', 'locomotive': 22602, 'train_section': 26918, 'section': 22499, 'departure_time': 1536731100, 'arrival_time': 1536736260}
1415	{'task_type': 'regular', 'locomotive': 22602, 'train_section': 25477, 'section': 22342, 'departure_time': 1536736740, 'arrival_time': 1536742020}
1416	{'task_type': 'deadhead', 'locomotive': 22602, 'first_train_section': 25477, 'first_section': 22342, 'first_departure_time': 1536736740, 'first_arrival_time': 1536742020, 'second_train_section': 22720, 'second_section': 22447, 'second_departure_time': 1536750720, 'second_arrival_time': 1536753600}
1417	{'task_type': 'regular', 'locomotive': 22602, 'train_section': 22720, 'section': 22447, 'departure_time': 1536750720, 'arrival_time': 1536753600}
1418	{'task_type': 'deadhead', 'locomotive': 22602, 'first_train_section': 27290, 'first_section': 22470, 'first_departure_time': 1536761520, 'first_arrival_time': 1536765420, 'second_train_section': 25887, 'second_section': 22439, 'second_departure_time': 1536778320, 'second_arrival_time': 1536785400}
1419	{'task_type': 'regular', 'locomotive': 22602, 'train_section': 25887, 'section': 22439, 'departure_time': 1536778320, 'arrival_time': 1536785400}
1420	{'task_type': 'deadhead', 'locomotive': 22602, 'first_train_section': 25887, 'first_section': 22439, 'first_departure_time': 1536778320, 'first_arrival_time': 1536785400, 'second_train_section': 26521, 'second_section': 22352, 'second_departure_time': 1536792720, 'second_arrival_time': 1536799440}
1421	{'task_type': 'regular', 'locomotive': 22602, 'train_section': 26521, 'section': 22352, 'departure_time': 1536792720, 'arrival_time': 1536799440}
1422	{'task_type': 'deadhead', 'locomotive': 22602, 'first_train_section': 26521, 'first_section': 22352, 'first_departure_time': 1536792720, 'first_arrival_time': 1536799440, 'second_train_section': 24999, 'second_section': 22378, 'second_departure_time': 1536813300, 'second_arrival_time': 1536816960}
1423	{'task_type': 'regular', 'locomotive': 22602, 'train_section': 24999, 'section': 22378, 'departure_time': 1536813300, 'arrival_time': 1536816960}
1424	{'task_type': 'deadhead', 'locomotive': 22602, 'first_train_section': 24999, 'first_section': 22378, 'first_departure_time': 1536813300, 'first_arrival_time': 1536816960, 'second_train_section': 27475, 'second_section': 22313, 'second_departure_time': 1536842880, 'second_arrival_time': 1536847800}
1425	{'task_type': 'regular', 'locomotive': 22602, 'train_section': 27475, 'section': 22313, 'departure_time': 1536842880, 'arrival_time': 1536847800}
1426	{'task_type': 'deadhead', 'locomotive': 22602, 'first_train_section': 25708, 'first_section': 22464, 'first_departure_time': 1536861180, 'first_arrival_time': 1536875940, 'second_train_section': 25023, 'second_section': 22447, 'second_departure_time': 1536893100, 'second_arrival_time': 1536895800}
1427	{'task_type': 'regular', 'locomotive': 22602, 'train_section': 25023, 'section': 22447, 'departure_time': 1536893100, 'arrival_time': 1536895800}
1428	{'task_type': 'regular', 'locomotive': 22602, 'train_section': 26153, 'section': 22256, 'departure_time': 1536900120, 'arrival_time': 1536903060}
1429	{'task_type': 'deadhead', 'locomotive': 22602, 'first_train_section': 26153, 'first_section': 22256, 'first_departure_time': 1536900120, 'first_arrival_time': 1536903060, 'second_train_section': 26029, 'second_section': 22471, 'second_departure_time': 1536915420, 'second_arrival_time': 1536918240}
1430	{'task_type': 'regular', 'locomotive': 22602, 'train_section': 26029, 'section': 22471, 'departure_time': 1536915420, 'arrival_time': 1536918240}
1431	{'task_type': 'deadhead', 'locomotive': 22602, 'first_train_section': 26029, 'first_section': 22471, 'first_departure_time': 1536915420, 'first_arrival_time': 1536918240, 'second_train_section': 24591, 'second_section': 22287, 'second_departure_time': 1536926880, 'second_arrival_time': 1536928260}
1432	{'task_type': 'regular', 'locomotive': 22602, 'train_section': 24591, 'section': 22287, 'departure_time': 1536926880, 'arrival_time': 1536928260}
1433	{'task_type': 'deadhead', 'locomotive': 22602, 'first_train_section': 24591, 'first_section': 22287, 'first_departure_time': 1536926880, 'first_arrival_time': 1536928260, 'second_train_section': 25550, 'second_section': 22313, 'second_departure_time': 1536936480, 'second_arrival_time': 1536941400}
1434	{'task_type': 'regular', 'locomotive': 22602, 'train_section': 25550, 'section': 22313, 'departure_time': 1536936480, 'arrival_time': 1536941400}
1435	{'task_type': 'deadhead', 'locomotive': 22602, 'first_train_section': 25550, 'first_section': 22313, 'first_departure_time': 1536936480, 'first_arrival_time': 1536941400, 'second_train_section': 26858, 'second_section': 22334, 'second_departure_time': 1536956220, 'second_arrival_time': 1536959400}
1436	{'task_type': 'regular', 'locomotive': 22602, 'train_section': 26858, 'section': 22334, 'departure_time': 1536956220, 'arrival_time': 1536959400}
1437	{'task_type': 'deadhead', 'locomotive': 22602, 'first_train_section': 26858, 'first_section': 22334, 'first_departure_time': 1536956220, 'first_arrival_time': 1536959400, 'second_train_section': 22648, 'second_section': 22412, 'second_departure_time': 1536982020, 'second_arrival_time': 1536989280}
1438	{'task_type': 'regular', 'locomotive': 22602, 'train_section': 22648, 'section': 22412, 'departure_time': 1536982020, 'arrival_time': 1536989280}
1439	{'task_type': 'deadhead', 'locomotive': 22602, 'first_train_section': 25720, 'first_section': 22502, 'first_departure_time': 1537048860, 'first_arrival_time': 1537074900, 'second_train_section': 27669, 'second_section': 22305, 'second_departure_time': 1537128900, 'second_arrival_time': 1537133940}
1440	{'task_type': 'regular', 'locomotive': 22602, 'train_section': 27669, 'section': 22305, 'departure_time': 1537128900, 'arrival_time': 1537133940}
1441	{'task_type': 'regular', 'locomotive': 22604, 'train_section': 27159, 'section': 22294, 'departure_time': 1536696480, 'arrival_time': 1536699720}
1442	{'task_type': 'deadhead', 'locomotive': 22604, 'first_train_section': 26150, 'first_section': 22411, 'first_departure_time': 1536703200, 'first_arrival_time': 1536722820, 'second_train_section': 24282, 'second_section': 22492, 'second_departure_time': 1536733440, 'second_arrival_time': 1536742680}
1443	{'task_type': 'regular', 'locomotive': 22604, 'train_section': 24282, 'section': 22492, 'departure_time': 1536733440, 'arrival_time': 1536742680}
1444	{'task_type': 'deadhead', 'locomotive': 22604, 'first_train_section': 24282, 'first_section': 22492, 'first_departure_time': 1536733440, 'first_arrival_time': 1536742680, 'second_train_section': 24793, 'second_section': 22263, 'second_departure_time': 1536759480, 'second_arrival_time': 1536761280}
1445	{'task_type': 'regular', 'locomotive': 22604, 'train_section': 24793, 'section': 22263, 'departure_time': 1536759480, 'arrival_time': 1536761280}
1446	{'task_type': 'deadhead', 'locomotive': 22604, 'first_train_section': 24793, 'first_section': 22263, 'first_departure_time': 1536759480, 'first_arrival_time': 1536761280, 'second_train_section': 26692, 'second_section': 22500, 'second_departure_time': 1536773880, 'second_arrival_time': 1536777000}
1447	{'task_type': 'regular', 'locomotive': 22604, 'train_section': 26692, 'section': 22500, 'departure_time': 1536773880, 'arrival_time': 1536777000}
1448	{'task_type': 'deadhead', 'locomotive': 22604, 'first_train_section': 26692, 'first_section': 22500, 'first_departure_time': 1536773880, 'first_arrival_time': 1536777000, 'second_train_section': 23155, 'second_section': 22505, 'second_departure_time': 1536784500, 'second_arrival_time': 1536789900}
1449	{'task_type': 'regular', 'locomotive': 22604, 'train_section': 23155, 'section': 22505, 'departure_time': 1536784500, 'arrival_time': 1536789900}
1450	{'task_type': 'regular', 'locomotive': 22604, 'train_section': 26636, 'section': 22308, 'departure_time': 1536795360, 'arrival_time': 1536798060}
1451	{'task_type': 'deadhead', 'locomotive': 22604, 'first_train_section': 26636, 'first_section': 22308, 'first_departure_time': 1536795360, 'first_arrival_time': 1536798060, 'second_train_section': 24415, 'second_section': 22427, 'second_departure_time': 1536807420, 'second_arrival_time': 1536810420}
1452	{'task_type': 'regular', 'locomotive': 22604, 'train_section': 24415, 'section': 22427, 'departure_time': 1536807420, 'arrival_time': 1536810420}
1453	{'task_type': 'regular', 'locomotive': 22604, 'train_section': 24417, 'section': 22443, 'departure_time': 1536811020, 'arrival_time': 1536812640}
1454	{'task_type': 'deadhead', 'locomotive': 22604, 'first_train_section': 24417, 'first_section': 22443, 'first_departure_time': 1536811020, 'first_arrival_time': 1536812640, 'second_train_section': 25489, 'second_section': 22258, 'second_departure_time': 1536821460, 'second_arrival_time': 1536823860}
1455	{'task_type': 'regular', 'locomotive': 22604, 'train_section': 25489, 'section': 22258, 'departure_time': 1536821460, 'arrival_time': 1536823860}
1456	{'task_type': 'deadhead', 'locomotive': 22604, 'first_train_section': 25489, 'first_section': 22258, 'first_departure_time': 1536821460, 'first_arrival_time': 1536823860, 'second_train_section': 24699, 'second_section': 22479, 'second_departure_time': 1536824940, 'second_arrival_time': 1536826560}
1457	{'task_type': 'regular', 'locomotive': 22604, 'train_section': 24699, 'section': 22479, 'departure_time': 1536824940, 'arrival_time': 1536826560}
1458	{'task_type': 'deadhead', 'locomotive': 22604, 'first_train_section': 24699, 'first_section': 22479, 'first_departure_time': 1536824940, 'first_arrival_time': 1536826560, 'second_train_section': 23528, 'second_section': 22343, 'second_departure_time': 1536835200, 'second_arrival_time': 1536843720}
1459	{'task_type': 'regular', 'locomotive': 22604, 'train_section': 23528, 'section': 22343, 'departure_time': 1536835200, 'arrival_time': 1536843720}
1460	{'task_type': 'deadhead', 'locomotive': 22604, 'first_train_section': 23528, 'first_section': 22343, 'first_departure_time': 1536835200, 'first_arrival_time': 1536843720, 'second_train_section': 23564, 'second_section': 22294, 'second_departure_time': 1536844980, 'second_arrival_time': 1536847140}
1461	{'task_type': 'regular', 'locomotive': 22604, 'train_section': 23564, 'section': 22294, 'departure_time': 1536844980, 'arrival_time': 1536847140}
1462	{'task_type': 'deadhead', 'locomotive': 22604, 'first_train_section': 23564, 'first_section': 22294, 'first_departure_time': 1536844980, 'first_arrival_time': 1536847140, 'second_train_section': 27450, 'second_section': 22281, 'second_departure_time': 1536851640, 'second_arrival_time': 1536856800}
1463	{'task_type': 'regular', 'locomotive': 22604, 'train_section': 27450, 'section': 22281, 'departure_time': 1536851640, 'arrival_time': 1536856800}
1464	{'task_type': 'deadhead', 'locomotive': 22604, 'first_train_section': 23130, 'first_section': 22237, 'first_departure_time': 1536863580, 'first_arrival_time': 1536875940, 'second_train_section': 26391, 'second_section': 22483, 'second_departure_time': 1536886320, 'second_arrival_time': 1536889380}
1465	{'task_type': 'regular', 'locomotive': 22604, 'train_section': 26391, 'section': 22483, 'departure_time': 1536886320, 'arrival_time': 1536889380}
1466	{'task_type': 'deadhead', 'locomotive': 22604, 'first_train_section': 26391, 'first_section': 22483, 'first_departure_time': 1536886320, 'first_arrival_time': 1536889380, 'second_train_section': 26458, 'second_section': 22495, 'second_departure_time': 1536899640, 'second_arrival_time': 1536902460}
1467	{'task_type': 'regular', 'locomotive': 22604, 'train_section': 26458, 'section': 22495, 'departure_time': 1536899640, 'arrival_time': 1536902460}
1468	{'task_type': 'deadhead', 'locomotive': 22604, 'first_train_section': 26458, 'first_section': 22495, 'first_departure_time': 1536899640, 'first_arrival_time': 1536902460, 'second_train_section': 26110, 'second_section': 22258, 'second_departure_time': 1536907860, 'second_arrival_time': 1536910260}
1469	{'task_type': 'regular', 'locomotive': 22604, 'train_section': 26110, 'section': 22258, 'departure_time': 1536907860, 'arrival_time': 1536910260}
1470	{'task_type': 'deadhead', 'locomotive': 22604, 'first_train_section': 26110, 'first_section': 22258, 'first_departure_time': 1536907860, 'first_arrival_time': 1536910260, 'second_train_section': 26704, 'second_section': 22343, 'second_departure_time': 1536921600, 'second_arrival_time': 1536930120}
1471	{'task_type': 'regular', 'locomotive': 22604, 'train_section': 26704, 'section': 22343, 'departure_time': 1536921600, 'arrival_time': 1536930120}
1472	{'task_type': 'deadhead', 'locomotive': 22604, 'first_train_section': 26704, 'first_section': 22343, 'first_departure_time': 1536921600, 'first_arrival_time': 1536930120, 'second_train_section': 23493, 'second_section': 22281, 'second_departure_time': 1536938040, 'second_arrival_time': 1536943200}
1473	{'task_type': 'regular', 'locomotive': 22604, 'train_section': 23493, 'section': 22281, 'departure_time': 1536938040, 'arrival_time': 1536943200}
1474	{'task_type': 'regular', 'locomotive': 22604, 'train_section': 24868, 'section': 22351, 'departure_time': 1536943680, 'arrival_time': 1536948840}
1475	{'task_type': 'deadhead', 'locomotive': 22604, 'first_train_section': 24868, 'first_section': 22351, 'first_departure_time': 1536943680, 'first_arrival_time': 1536948840, 'second_train_section': 24397, 'second_section': 22309, 'second_departure_time': 1536955740, 'second_arrival_time': 1536960480}
1476	{'task_type': 'regular', 'locomotive': 22604, 'train_section': 24397, 'section': 22309, 'departure_time': 1536955740, 'arrival_time': 1536960480}
1477	{'task_type': 'deadhead', 'locomotive': 22604, 'first_train_section': 24397, 'first_section': 22309, 'first_departure_time': 1536955740, 'first_arrival_time': 1536960480, 'second_train_section': 23383, 'second_section': 22245, 'second_departure_time': 1536969960, 'second_arrival_time': 1536974640}
1478	{'task_type': 'regular', 'locomotive': 22604, 'train_section': 23383, 'section': 22245, 'departure_time': 1536969960, 'arrival_time': 1536974640}
1479	{'task_type': 'deadhead', 'locomotive': 22604, 'first_train_section': 23383, 'first_section': 22245, 'first_departure_time': 1536969960, 'first_arrival_time': 1536974640, 'second_train_section': 24520, 'second_section': 22443, 'second_departure_time': 1536980040, 'second_arrival_time': 1536981840}
1480	{'task_type': 'regular', 'locomotive': 22604, 'train_section': 24520, 'section': 22443, 'departure_time': 1536980040, 'arrival_time': 1536981840}
1481	{'task_type': 'deadhead', 'locomotive': 22604, 'first_train_section': 24520, 'first_section': 22443, 'first_departure_time': 1536980040, 'first_arrival_time': 1536981840, 'second_train_section': 25786, 'second_section': 22347, 'second_departure_time': 1536995940, 'second_arrival_time': 1537001280}
1482	{'task_type': 'regular', 'locomotive': 22604, 'train_section': 25786, 'section': 22347, 'departure_time': 1536995940, 'arrival_time': 1537001280}
1483	{'task_type': 'regular', 'locomotive': 22604, 'train_section': 25788, 'section': 22471, 'departure_time': 1537001820, 'arrival_time': 1537004640}
1484	{'task_type': 'deadhead', 'locomotive': 22604, 'first_train_section': 25788, 'first_section': 22471, 'first_departure_time': 1537001820, 'first_arrival_time': 1537004640, 'second_train_section': 25683, 'second_section': 22304, 'second_departure_time': 1537022640, 'second_arrival_time': 1537027200}
1485	{'task_type': 'regular', 'locomotive': 22604, 'train_section': 25683, 'section': 22304, 'departure_time': 1537022640, 'arrival_time': 1537027200}
1486	{'task_type': 'deadhead', 'locomotive': 22604, 'first_train_section': 25159, 'first_section': 22359, 'first_departure_time': 1537045200, 'first_arrival_time': 1537048740, 'second_train_section': 27059, 'second_section': 22333, 'second_departure_time': 1537078500, 'second_arrival_time': 1537081320}
1487	{'task_type': 'regular', 'locomotive': 22604, 'train_section': 27059, 'section': 22333, 'departure_time': 1537078500, 'arrival_time': 1537081320}
1488	{'task_type': 'regular', 'locomotive': 22605, 'train_section': 25039, 'section': 22322, 'departure_time': 1536700380, 'arrival_time': 1536708600}
1489	{'task_type': 'deadhead', 'locomotive': 22605, 'first_train_section': 25039, 'first_section': 22322, 'first_departure_time': 1536700380, 'first_arrival_time': 1536708600, 'second_train_section': 25921, 'second_section': 22292, 'second_departure_time': 1536713700, 'second_arrival_time': 1536715980}
1490	{'task_type': 'regular', 'locomotive': 22605, 'train_section': 25921, 'section': 22292, 'departure_time': 1536713700, 'arrival_time': 1536715980}
1491	{'task_type': 'deadhead', 'locomotive': 22605, 'first_train_section': 25921, 'first_section': 22292, 'first_departure_time': 1536713700, 'first_arrival_time': 1536715980, 'second_train_section': 22843, 'second_section': 22287, 'second_departure_time': 1536721560, 'second_arrival_time': 1536723000}
1492	{'task_type': 'regular', 'locomotive': 22605, 'train_section': 22843, 'section': 22287, 'departure_time': 1536721560, 'arrival_time': 1536723000}
1493	{'task_type': 'deadhead', 'locomotive': 22605, 'first_train_section': 22843, 'first_section': 22287, 'first_departure_time': 1536721560, 'first_arrival_time': 1536723000, 'second_train_section': 25547, 'second_section': 22280, 'second_departure_time': 1536724440, 'second_arrival_time': 1536731040}
1494	{'task_type': 'regular', 'locomotive': 22605, 'train_section': 25547, 'section': 22280, 'departure_time': 1536724440, 'arrival_time': 1536731040}
1495	{'task_type': 'regular', 'locomotive': 22605, 'train_section': 26184, 'section': 22333, 'departure_time': 1536732900, 'arrival_time': 1536735720}
1496	{'task_type': 'deadhead', 'locomotive': 22605, 'first_train_section': 26184, 'first_section': 22333, 'first_departure_time': 1536732900, 'first_arrival_time': 1536735720, 'second_train_section': 24646, 'second_section': 22256, 'second_departure_time': 1536743880, 'second_arrival_time': 1536746580}
1497	{'task_type': 'regular', 'locomotive': 22605, 'train_section': 24646, 'section': 22256, 'departure_time': 1536743880, 'arrival_time': 1536746580}
1498	{'task_type': 'deadhead', 'locomotive': 22605, 'first_train_section': 24646, 'first_section': 22256, 'first_departure_time': 1536743880, 'first_arrival_time': 1536746580, 'second_train_section': 26850, 'second_section': 22447, 'second_departure_time': 1536759600, 'second_arrival_time': 1536762480}
1499	{'task_type': 'regular', 'locomotive': 22605, 'train_section': 26850, 'section': 22447, 'departure_time': 1536759600, 'arrival_time': 1536762480}
1500	{'task_type': 'deadhead', 'locomotive': 22605, 'first_train_section': 26850, 'first_section': 22447, 'first_departure_time': 1536759600, 'first_arrival_time': 1536762480, 'second_train_section': 27359, 'second_section': 22471, 'second_departure_time': 1536771420, 'second_arrival_time': 1536774240}
1501	{'task_type': 'regular', 'locomotive': 22605, 'train_section': 27359, 'section': 22471, 'departure_time': 1536771420, 'arrival_time': 1536774240}
1502	{'task_type': 'deadhead', 'locomotive': 22605, 'first_train_section': 27359, 'first_section': 22471, 'first_departure_time': 1536771420, 'first_arrival_time': 1536774240, 'second_train_section': 26518, 'second_section': 22290, 'second_departure_time': 1536785460, 'second_arrival_time': 1536792300}
1503	{'task_type': 'regular', 'locomotive': 22605, 'train_section': 26518, 'section': 22290, 'departure_time': 1536785460, 'arrival_time': 1536792300}
1504	{'task_type': 'regular', 'locomotive': 22605, 'train_section': 23561, 'section': 22344, 'departure_time': 1536796500, 'arrival_time': 1536797520}
1505	{'task_type': 'deadhead', 'locomotive': 22605, 'first_train_section': 23561, 'first_section': 22344, 'first_departure_time': 1536796500, 'first_arrival_time': 1536797520, 'second_train_section': 23175, 'second_section': 22334, 'second_departure_time': 1536806760, 'second_arrival_time': 1536810000}
1506	{'task_type': 'regular', 'locomotive': 22605, 'train_section': 23175, 'section': 22334, 'departure_time': 1536806760, 'arrival_time': 1536810000}
1507	{'task_type': 'deadhead', 'locomotive': 22605, 'first_train_section': 23175, 'first_section': 22334, 'first_departure_time': 1536806760, 'first_arrival_time': 1536810000, 'second_train_section': 23426, 'second_section': 22494, 'second_departure_time': 1536817500, 'second_arrival_time': 1536819720}
1508	{'task_type': 'regular', 'locomotive': 22605, 'train_section': 23426, 'section': 22494, 'departure_time': 1536817500, 'arrival_time': 1536819720}
1509	{'task_type': 'deadhead', 'locomotive': 22605, 'first_train_section': 23426, 'first_section': 22494, 'first_departure_time': 1536817500, 'first_arrival_time': 1536819720, 'second_train_section': 25705, 'second_section': 22331, 'second_departure_time': 1536822480, 'second_arrival_time': 1536833280}
1510	{'task_type': 'regular', 'locomotive': 22605, 'train_section': 25705, 'section': 22331, 'departure_time': 1536822480, 'arrival_time': 1536833280}
1511	{'task_type': 'deadhead', 'locomotive': 22605, 'first_train_section': 25705, 'first_section': 22331, 'first_departure_time': 1536822480, 'first_arrival_time': 1536833280, 'second_train_section': 22630, 'second_section': 22257, 'second_departure_time': 1536847200, 'second_arrival_time': 1536847920}
1512	{'task_type': 'regular', 'locomotive': 22605, 'train_section': 22630, 'section': 22257, 'departure_time': 1536847200, 'arrival_time': 1536847920}
1513	{'task_type': 'deadhead', 'locomotive': 22605, 'first_train_section': 22630, 'first_section': 22257, 'first_departure_time': 1536847200, 'first_arrival_time': 1536847920, 'second_train_section': 26376, 'second_section': 22387, 'second_departure_time': 1536860280, 'second_arrival_time': 1536861720}
1514	{'task_type': 'regular', 'locomotive': 22605, 'train_section': 26376, 'section': 22387, 'departure_time': 1536860280, 'arrival_time': 1536861720}
1515	{'task_type': 'deadhead', 'locomotive': 22605, 'first_train_section': 26376, 'first_section': 22387, 'first_departure_time': 1536860280, 'first_arrival_time': 1536861720, 'second_train_section': 23275, 'second_section': 22398, 'second_departure_time': 1536873600, 'second_arrival_time': 1536879480}
1516	{'task_type': 'regular', 'locomotive': 22605, 'train_section': 23275, 'section': 22398, 'departure_time': 1536873600, 'arrival_time': 1536879480}
1517	{'task_type': 'deadhead', 'locomotive': 22605, 'first_train_section': 23275, 'first_section': 22398, 'first_departure_time': 1536873600, 'first_arrival_time': 1536879480, 'second_train_section': 23297, 'second_section': 22404, 'second_departure_time': 1536891660, 'second_arrival_time': 1536900900}
1518	{'task_type': 'regular', 'locomotive': 22605, 'train_section': 23297, 'section': 22404, 'departure_time': 1536891660, 'arrival_time': 1536900900}
1519	{'task_type': 'deadhead', 'locomotive': 22605, 'first_train_section': 23297, 'first_section': 22404, 'first_departure_time': 1536891660, 'first_arrival_time': 1536900900, 'second_train_section': 23301, 'second_section': 22308, 'second_departure_time': 1536907260, 'second_arrival_time': 1536909960}
1520	{'task_type': 'regular', 'locomotive': 22605, 'train_section': 23301, 'section': 22308, 'departure_time': 1536907260, 'arrival_time': 1536909960}
1521	{'task_type': 'deadhead', 'locomotive': 22605, 'first_train_section': 23301, 'first_section': 22308, 'first_departure_time': 1536907260, 'first_arrival_time': 1536909960, 'second_train_section': 24368, 'second_section': 22431, 'second_departure_time': 1536916620, 'second_arrival_time': 1536921000}
1522	{'task_type': 'regular', 'locomotive': 22605, 'train_section': 24368, 'section': 22431, 'departure_time': 1536916620, 'arrival_time': 1536921000}
1523	{'task_type': 'deadhead', 'locomotive': 22605, 'first_train_section': 24368, 'first_section': 22431, 'first_departure_time': 1536916620, 'first_arrival_time': 1536921000, 'second_train_section': 24882, 'second_section': 22424, 'second_departure_time': 1536925680, 'second_arrival_time': 1536930540}
1524	{'task_type': 'regular', 'locomotive': 22605, 'train_section': 24882, 'section': 22424, 'departure_time': 1536925680, 'arrival_time': 1536930540}
1525	{'task_type': 'regular', 'locomotive': 22605, 'train_section': 24020, 'section': 22376, 'departure_time': 1536933000, 'arrival_time': 1536938280}
1526	{'task_type': 'deadhead', 'locomotive': 22605, 'first_train_section': 24020, 'first_section': 22376, 'first_departure_time': 1536933000, 'first_arrival_time': 1536938280, 'second_train_section': 25968, 'second_section': 22427, 'second_departure_time': 1536940800, 'second_arrival_time': 1536943680}
1527	{'task_type': 'regular', 'locomotive': 22605, 'train_section': 25968, 'section': 22427, 'departure_time': 1536940800, 'arrival_time': 1536943680}
1528	{'task_type': 'regular', 'locomotive': 22605, 'train_section': 25970, 'section': 22443, 'departure_time': 1536944400, 'arrival_time': 1536946200}
1529	{'task_type': 'regular', 'locomotive': 22605, 'train_section': 25833, 'section': 22495, 'departure_time': 1536953280, 'arrival_time': 1536956220}
1530	{'task_type': 'deadhead', 'locomotive': 22605, 'first_train_section': 25833, 'first_section': 22495, 'first_departure_time': 1536953280, 'first_arrival_time': 1536956220, 'second_train_section': 24429, 'second_section': 22476, 'second_departure_time': 1536959820, 'second_arrival_time': 1536963420}
1531	{'task_type': 'regular', 'locomotive': 22605, 'train_section': 24429, 'section': 22476, 'departure_time': 1536959820, 'arrival_time': 1536963420}
1532	{'task_type': 'deadhead', 'locomotive': 22605, 'first_train_section': 24429, 'first_section': 22476, 'first_departure_time': 1536959820, 'first_arrival_time': 1536963420, 'second_train_section': 26382, 'second_section': 22505, 'second_departure_time': 1536973500, 'second_arrival_time': 1536978420}
1533	{'task_type': 'regular', 'locomotive': 22605, 'train_section': 26382, 'section': 22505, 'departure_time': 1536973500, 'arrival_time': 1536978420}
1534	{'task_type': 'deadhead', 'locomotive': 22605, 'first_train_section': 26382, 'first_section': 22505, 'first_departure_time': 1536973500, 'first_arrival_time': 1536978420, 'second_train_section': 26012, 'second_section': 22357, 'second_departure_time': 1536988560, 'second_arrival_time': 1536992040}
1535	{'task_type': 'regular', 'locomotive': 22605, 'train_section': 26012, 'section': 22357, 'departure_time': 1536988560, 'arrival_time': 1536992040}
1536	{'task_type': 'deadhead', 'locomotive': 22605, 'first_train_section': 26012, 'first_section': 22357, 'first_departure_time': 1536988560, 'first_arrival_time': 1536992040, 'second_train_section': 23039, 'second_section': 22327, 'second_departure_time': 1537024080, 'second_arrival_time': 1537030500}
1537	{'task_type': 'regular', 'locomotive': 22605, 'train_section': 23039, 'section': 22327, 'departure_time': 1537024080, 'arrival_time': 1537030500}
1538	{'task_type': 'deadhead', 'locomotive': 22605, 'first_train_section': 23039, 'first_section': 22327, 'first_departure_time': 1537024080, 'first_arrival_time': 1537030500, 'second_train_section': 25017, 'second_section': 22322, 'second_departure_time': 1537116720, 'second_arrival_time': 1537126620}
1539	{'task_type': 'regular', 'locomotive': 22605, 'train_section': 25017, 'section': 22322, 'departure_time': 1537116720, 'arrival_time': 1537126620}
1540	{'task_type': 'regular', 'locomotive': 22606, 'train_section': 26829, 'section': 22450, 'departure_time': 1536705240, 'arrival_time': 1536710460}
1541	{'task_type': 'deadhead', 'locomotive': 22606, 'first_train_section': 26829, 'first_section': 22450, 'first_departure_time': 1536705240, 'first_arrival_time': 1536710460, 'second_train_section': 24952, 'second_section': 22320, 'second_departure_time': 1536721080, 'second_arrival_time': 1536727500}
1542	{'task_type': 'regular', 'locomotive': 22606, 'train_section': 24952, 'section': 22320, 'departure_time': 1536721080, 'arrival_time': 1536727500}
1543	{'task_type': 'regular', 'locomotive': 22606, 'train_section': 26095, 'section': 22331, 'departure_time': 1536728880, 'arrival_time': 1536739680}
1544	{'task_type': 'deadhead', 'locomotive': 22606, 'first_train_section': 26095, 'first_section': 22331, 'first_departure_time': 1536728880, 'first_arrival_time': 1536739680, 'second_train_section': 24879, 'second_section': 22324, 'second_departure_time': 1536754980, 'second_arrival_time': 1536760380}
1545	{'task_type': 'regular', 'locomotive': 22606, 'train_section': 24879, 'section': 22324, 'departure_time': 1536754980, 'arrival_time': 1536760380}
1546	{'task_type': 'deadhead', 'locomotive': 22606, 'first_train_section': 24879, 'first_section': 22324, 'first_departure_time': 1536754980, 'first_arrival_time': 1536760380, 'second_train_section': 25098, 'second_section': 22254, 'second_departure_time': 1536770880, 'second_arrival_time': 1536771540}
1547	{'task_type': 'regular', 'locomotive': 22606, 'train_section': 25098, 'section': 22254, 'departure_time': 1536770880, 'arrival_time': 1536771540}
1548	{'task_type': 'deadhead', 'locomotive': 22606, 'first_train_section': 24464, 'first_section': 22411, 'first_departure_time': 1536775380, 'first_arrival_time': 1536789540, 'second_train_section': 22663, 'second_section': 22451, 'second_departure_time': 1536793020, 'second_arrival_time': 1536799920}
1549	{'task_type': 'regular', 'locomotive': 22606, 'train_section': 22663, 'section': 22451, 'departure_time': 1536793020, 'arrival_time': 1536799920}
1550	{'task_type': 'deadhead', 'locomotive': 22606, 'first_train_section': 22663, 'first_section': 22451, 'first_departure_time': 1536793020, 'first_arrival_time': 1536799920, 'second_train_section': 27414, 'second_section': 22446, 'second_departure_time': 1536810240, 'second_arrival_time': 1536811380}
1551	{'task_type': 'regular', 'locomotive': 22606, 'train_section': 27414, 'section': 22446, 'departure_time': 1536810240, 'arrival_time': 1536811380}
1552	{'task_type': 'deadhead', 'locomotive': 22606, 'first_train_section': 27414, 'first_section': 22446, 'first_departure_time': 1536810240, 'first_arrival_time': 1536811380, 'second_train_section': 23881, 'second_section': 22387, 'second_departure_time': 1536821520, 'second_arrival_time': 1536823320}
1553	{'task_type': 'regular', 'locomotive': 22606, 'train_section': 23881, 'section': 22387, 'departure_time': 1536821520, 'arrival_time': 1536823320}
1554	{'task_type': 'deadhead', 'locomotive': 22606, 'first_train_section': 23881, 'first_section': 22387, 'first_departure_time': 1536821520, 'first_arrival_time': 1536823320, 'second_train_section': 27470, 'second_section': 22323, 'second_departure_time': 1536835080, 'second_arrival_time': 1536838980}
1555	{'task_type': 'regular', 'locomotive': 22606, 'train_section': 27470, 'section': 22323, 'departure_time': 1536835080, 'arrival_time': 1536838980}
1556	{'task_type': 'deadhead', 'locomotive': 22606, 'first_train_section': 27470, 'first_section': 22323, 'first_departure_time': 1536835080, 'first_arrival_time': 1536838980, 'second_train_section': 23960, 'second_section': 22404, 'second_departure_time': 1536846960, 'second_arrival_time': 1536856500}
1557	{'task_type': 'regular', 'locomotive': 22606, 'train_section': 23960, 'section': 22404, 'departure_time': 1536846960, 'arrival_time': 1536856500}
1558	{'task_type': 'regular', 'locomotive': 22606, 'train_section': 23962, 'section': 22245, 'departure_time': 1536856740, 'arrival_time': 1536861780}
1559	{'task_type': 'deadhead', 'locomotive': 22606, 'first_train_section': 23962, 'first_section': 22245, 'first_departure_time': 1536856740, 'first_arrival_time': 1536861780, 'second_train_section': 23097, 'second_section': 22343, 'second_departure_time': 1536870000, 'second_arrival_time': 1536880740}
1560	{'task_type': 'regular', 'locomotive': 22606, 'train_section': 23097, 'section': 22343, 'departure_time': 1536870000, 'arrival_time': 1536880740}
1561	{'task_type': 'deadhead', 'locomotive': 22606, 'first_train_section': 23097, 'first_section': 22343, 'first_departure_time': 1536870000, 'first_arrival_time': 1536880740, 'second_train_section': 22654, 'second_section': 22292, 'second_departure_time': 1536886500, 'second_arrival_time': 1536888780}
1562	{'task_type': 'regular', 'locomotive': 22606, 'train_section': 22654, 'section': 22292, 'departure_time': 1536886500, 'arrival_time': 1536888780}
1563	{'task_type': 'deadhead', 'locomotive': 22606, 'first_train_section': 22654, 'first_section': 22292, 'first_departure_time': 1536886500, 'first_arrival_time': 1536888780, 'second_train_section': 26959, 'second_section': 22295, 'second_departure_time': 1536892620, 'second_arrival_time': 1536894000}
1564	{'task_type': 'regular', 'locomotive': 22606, 'train_section': 26959, 'section': 22295, 'departure_time': 1536892620, 'arrival_time': 1536894000}
1565	{'task_type': 'deadhead', 'locomotive': 22606, 'first_train_section': 26959, 'first_section': 22295, 'first_departure_time': 1536892620, 'first_arrival_time': 1536894000, 'second_train_section': 25054, 'second_section': 22463, 'second_departure_time': 1536898380, 'second_arrival_time': 1536907260}
1566	{'task_type': 'regular', 'locomotive': 22606, 'train_section': 25054, 'section': 22463, 'departure_time': 1536898380, 'arrival_time': 1536907260}
1567	{'task_type': 'deadhead', 'locomotive': 22606, 'first_train_section': 25054, 'first_section': 22463, 'first_departure_time': 1536898380, 'first_arrival_time': 1536907260, 'second_train_section': 27200, 'second_section': 22256, 'second_departure_time': 1536916680, 'second_arrival_time': 1536919380}
1568	{'task_type': 'regular', 'locomotive': 22606, 'train_section': 27200, 'section': 22256, 'departure_time': 1536916680, 'arrival_time': 1536919380}
1569	{'task_type': 'deadhead', 'locomotive': 22606, 'first_train_section': 27200, 'first_section': 22256, 'first_departure_time': 1536916680, 'first_arrival_time': 1536919380, 'second_train_section': 27390, 'second_section': 22278, 'second_departure_time': 1536922680, 'second_arrival_time': 1536929460}
1570	{'task_type': 'regular', 'locomotive': 22606, 'train_section': 27390, 'section': 22278, 'departure_time': 1536922680, 'arrival_time': 1536929460}
1571	{'task_type': 'deadhead', 'locomotive': 22606, 'first_train_section': 27390, 'first_section': 22278, 'first_departure_time': 1536922680, 'first_arrival_time': 1536929460, 'second_train_section': 24993, 'second_section': 22261, 'second_departure_time': 1536935880, 'second_arrival_time': 1536937500}
1572	{'task_type': 'regular', 'locomotive': 22606, 'train_section': 24993, 'section': 22261, 'departure_time': 1536935880, 'arrival_time': 1536937500}
1573	{'task_type': 'deadhead', 'locomotive': 22606, 'first_train_section': 24993, 'first_section': 22261, 'first_departure_time': 1536935880, 'first_arrival_time': 1536937500, 'second_train_section': 23321, 'second_section': 22245, 'second_departure_time': 1536943140, 'second_arrival_time': 1536948180}
1574	{'task_type': 'regular', 'locomotive': 22606, 'train_section': 23321, 'section': 22245, 'departure_time': 1536943140, 'arrival_time': 1536948180}
1575	{'task_type': 'regular', 'locomotive': 22606, 'train_section': 23323, 'section': 22308, 'departure_time': 1536949200, 'arrival_time': 1536951960}
1576	{'task_type': 'regular', 'locomotive': 22606, 'train_section': 22710, 'section': 22495, 'departure_time': 1536957240, 'arrival_time': 1536959940}
1577	{'task_type': 'regular', 'locomotive': 22606, 'train_section': 22712, 'section': 22304, 'departure_time': 1536960720, 'arrival_time': 1536965280}
1578	{'task_type': 'regular', 'locomotive': 22606, 'train_section': 22714, 'section': 22247, 'departure_time': 1536965940, 'arrival_time': 1536974760}
1579	{'task_type': 'deadhead', 'locomotive': 22606, 'first_train_section': 22714, 'first_section': 22247, 'first_departure_time': 1536965940, 'first_arrival_time': 1536974760, 'second_train_section': 25200, 'second_section': 22308, 'second_departure_time': 1536993660, 'second_arrival_time': 1536996360}
1580	{'task_type': 'regular', 'locomotive': 22606, 'train_section': 25200, 'section': 22308, 'departure_time': 1536993660, 'arrival_time': 1536996360}
1581	{'task_type': 'deadhead', 'locomotive': 22606, 'first_train_section': 25200, 'first_section': 22308, 'first_departure_time': 1536993660, 'first_arrival_time': 1536996360, 'second_train_section': 24435, 'second_section': 22458, 'second_departure_time': 1537019880, 'second_arrival_time': 1537029180}
1582	{'task_type': 'regular', 'locomotive': 22606, 'train_section': 24435, 'section': 22458, 'departure_time': 1537019880, 'arrival_time': 1537029180}
1583	{'task_type': 'deadhead', 'locomotive': 22606, 'first_train_section': 24435, 'first_section': 22458, 'first_departure_time': 1537019880, 'first_arrival_time': 1537029180, 'second_train_section': 27342, 'second_section': 22378, 'second_departure_time': 1537113900, 'second_arrival_time': 1537117560}
1584	{'task_type': 'regular', 'locomotive': 22606, 'train_section': 27342, 'section': 22378, 'departure_time': 1537113900, 'arrival_time': 1537117560}
1585	{'task_type': 'regular', 'locomotive': 22607, 'train_section': 25272, 'section': 22399, 'departure_time': 1536678600, 'arrival_time': 1536680040}
1586	{'task_type': 'deadhead', 'locomotive': 22607, 'first_train_section': 25272, 'first_section': 22399, 'first_departure_time': 1536678600, 'first_arrival_time': 1536680040, 'second_train_section': 22742, 'second_section': 22273, 'second_departure_time': 1536722640, 'second_arrival_time': 1536728160}
1587	{'task_type': 'regular', 'locomotive': 22607, 'train_section': 22742, 'section': 22273, 'departure_time': 1536722640, 'arrival_time': 1536728160}
1588	{'task_type': 'regular', 'locomotive': 22607, 'train_section': 22744, 'section': 22393, 'departure_time': 1536728340, 'arrival_time': 1536730080}
1589	{'task_type': 'deadhead', 'locomotive': 22607, 'first_train_section': 22744, 'first_section': 22393, 'first_departure_time': 1536728340, 'first_arrival_time': 1536730080, 'second_train_section': 23393, 'second_section': 22278, 'second_departure_time': 1536749880, 'second_arrival_time': 1536756660}
1590	{'task_type': 'regular', 'locomotive': 22607, 'train_section': 23393, 'section': 22278, 'departure_time': 1536749880, 'arrival_time': 1536756660}
1591	{'task_type': 'deadhead', 'locomotive': 22607, 'first_train_section': 23393, 'first_section': 22278, 'first_departure_time': 1536749880, 'first_arrival_time': 1536756660, 'second_train_section': 26889, 'second_section': 22363, 'second_departure_time': 1536763380, 'second_arrival_time': 1536769440}
1592	{'task_type': 'regular', 'locomotive': 22607, 'train_section': 26889, 'section': 22363, 'departure_time': 1536763380, 'arrival_time': 1536769440}
1593	{'task_type': 'regular', 'locomotive': 22607, 'train_section': 23053, 'section': 22284, 'departure_time': 1536778320, 'arrival_time': 1536781980}
1594	{'task_type': 'deadhead', 'locomotive': 22607, 'first_train_section': 26991, 'first_section': 22377, 'first_departure_time': 1536789300, 'first_arrival_time': 1536789540, 'second_train_section': 22975, 'second_section': 22292, 'second_departure_time': 1536800100, 'second_arrival_time': 1536802380}
1595	{'task_type': 'regular', 'locomotive': 22607, 'train_section': 22975, 'section': 22292, 'departure_time': 1536800100, 'arrival_time': 1536802380}
1596	{'task_type': 'deadhead', 'locomotive': 22607, 'first_train_section': 22975, 'first_section': 22292, 'first_departure_time': 1536800100, 'first_arrival_time': 1536802380, 'second_train_section': 27150, 'second_section': 22373, 'second_departure_time': 1536810840, 'second_arrival_time': 1536816120}
1597	{'task_type': 'regular', 'locomotive': 22607, 'train_section': 27150, 'section': 22373, 'departure_time': 1536810840, 'arrival_time': 1536816120}
1598	{'task_type': 'deadhead', 'locomotive': 22607, 'first_train_section': 27150, 'first_section': 22373, 'first_departure_time': 1536810840, 'first_arrival_time': 1536816120, 'second_train_section': 27468, 'second_section': 22288, 'second_departure_time': 1536828120, 'second_arrival_time': 1536834480}
1599	{'task_type': 'regular', 'locomotive': 22607, 'train_section': 27468, 'section': 22288, 'departure_time': 1536828120, 'arrival_time': 1536834480}
1600	{'task_type': 'deadhead', 'locomotive': 22607, 'first_train_section': 27468, 'first_section': 22288, 'first_departure_time': 1536828120, 'first_arrival_time': 1536834480, 'second_train_section': 27472, 'second_section': 22337, 'second_departure_time': 1536839880, 'second_arrival_time': 1536846600}
1601	{'task_type': 'regular', 'locomotive': 22607, 'train_section': 27472, 'section': 22337, 'departure_time': 1536839880, 'arrival_time': 1536846600}
1602	{'task_type': 'deadhead', 'locomotive': 22607, 'first_train_section': 27472, 'first_section': 22337, 'first_departure_time': 1536839880, 'first_arrival_time': 1536846600, 'second_train_section': 23628, 'second_section': 22331, 'second_departure_time': 1536858480, 'second_arrival_time': 1536869400}
1603	{'task_type': 'regular', 'locomotive': 22607, 'train_section': 23628, 'section': 22331, 'departure_time': 1536858480, 'arrival_time': 1536869400}
1604	{'task_type': 'regular', 'locomotive': 22607, 'train_section': 24467, 'section': 22438, 'departure_time': 1536896520, 'arrival_time': 1536907860}
1605	{'task_type': 'regular', 'locomotive': 22607, 'train_section': 23875, 'section': 22331, 'departure_time': 1536908880, 'arrival_time': 1536919680}
1606	{'task_type': 'deadhead', 'locomotive': 22607, 'first_train_section': 23875, 'first_section': 22331, 'first_departure_time': 1536908880, 'first_arrival_time': 1536919680, 'second_train_section': 26236, 'second_section': 22331, 'second_departure_time': 1536930480, 'second_arrival_time': 1536941280}
1607	{'task_type': 'regular', 'locomotive': 22607, 'train_section': 26236, 'section': 22331, 'departure_time': 1536930480, 'arrival_time': 1536941280}
1608	{'task_type': 'deadhead', 'locomotive': 22607, 'first_train_section': 26236, 'first_section': 22331, 'first_departure_time': 1536930480, 'first_arrival_time': 1536941280, 'second_train_section': 23381, 'second_section': 22404, 'second_departure_time': 1536960780, 'second_arrival_time': 1536969720}
1609	{'task_type': 'regular', 'locomotive': 22607, 'train_section': 23381, 'section': 22404, 'departure_time': 1536960780, 'arrival_time': 1536969720}
1610	{'task_type': 'deadhead', 'locomotive': 22607, 'first_train_section': 23381, 'first_section': 22404, 'first_departure_time': 1536960780, 'first_arrival_time': 1536969720, 'second_train_section': 22948, 'second_section': 22372, 'second_departure_time': 1536977340, 'second_arrival_time': 1536981300}
1611	{'task_type': 'regular', 'locomotive': 22607, 'train_section': 22948, 'section': 22372, 'departure_time': 1536977340, 'arrival_time': 1536981300}
1612	{'task_type': 'deadhead', 'locomotive': 22607, 'first_train_section': 22948, 'first_section': 22372, 'first_departure_time': 1536977340, 'first_arrival_time': 1536981300, 'second_train_section': 25568, 'second_section': 22378, 'second_departure_time': 1536998700, 'second_arrival_time': 1537002360}
1613	{'task_type': 'regular', 'locomotive': 22607, 'train_section': 25568, 'section': 22378, 'departure_time': 1536998700, 'arrival_time': 1537002360}
1614	{'task_type': 'deadhead', 'locomotive': 22607, 'first_train_section': 24288, 'first_section': 22417, 'first_departure_time': 1537002360, 'first_arrival_time': 1537019640, 'second_train_section': 26495, 'second_section': 22378, 'second_departure_time': 1537034700, 'second_arrival_time': 1537038360}
1615	{'task_type': 'regular', 'locomotive': 22607, 'train_section': 26495, 'section': 22378, 'departure_time': 1537034700, 'arrival_time': 1537038360}
1616	{'task_type': 'regular', 'locomotive': 22608, 'train_section': 24047, 'section': 22262, 'departure_time': 1536671280, 'arrival_time': 1536671580}
1617	{'task_type': 'regular', 'locomotive': 22608, 'train_section': 24049, 'section': 22263, 'departure_time': 1536673080, 'arrival_time': 1536674880}
1618	{'task_type': 'deadhead', 'locomotive': 22608, 'first_train_section': 24049, 'first_section': 22263, 'first_departure_time': 1536673080, 'first_arrival_time': 1536674880, 'second_train_section': 27176, 'second_section': 22504, 'second_departure_time': 1536695220, 'second_arrival_time': 1536700260}
1619	{'task_type': 'regular', 'locomotive': 22608, 'train_section': 27176, 'section': 22504, 'departure_time': 1536695220, 'arrival_time': 1536700260}
1620	{'task_type': 'regular', 'locomotive': 22608, 'train_section': 27179, 'section': 22247, 'departure_time': 1536700440, 'arrival_time': 1536711300}
1621	{'task_type': 'deadhead', 'locomotive': 22608, 'first_train_section': 27179, 'first_section': 22247, 'first_departure_time': 1536700440, 'first_arrival_time': 1536711300, 'second_train_section': 23260, 'second_section': 22404, 'second_departure_time': 1536718860, 'second_arrival_time': 1536728100}
1622	{'task_type': 'regular', 'locomotive': 22608, 'train_section': 23260, 'section': 22404, 'departure_time': 1536718860, 'arrival_time': 1536728100}
1623	{'task_type': 'deadhead', 'locomotive': 22608, 'first_train_section': 23260, 'first_section': 22404, 'first_departure_time': 1536718860, 'first_arrival_time': 1536728100, 'second_train_section': 26422, 'second_section': 22499, 'second_departure_time': 1536738300, 'second_arrival_time': 1536743460}
1624	{'task_type': 'regular', 'locomotive': 22608, 'train_section': 26422, 'section': 22499, 'departure_time': 1536738300, 'arrival_time': 1536743460}
1625	{'task_type': 'deadhead', 'locomotive': 22608, 'first_train_section': 26422, 'first_section': 22499, 'first_departure_time': 1536738300, 'first_arrival_time': 1536743460, 'second_train_section': 25466, 'second_section': 22389, 'second_departure_time': 1536759000, 'second_arrival_time': 1536765720}
1626	{'task_type': 'regular', 'locomotive': 22608, 'train_section': 25466, 'section': 22389, 'departure_time': 1536759000, 'arrival_time': 1536765720}
1627	{'task_type': 'deadhead', 'locomotive': 22608, 'first_train_section': 25466, 'first_section': 22389, 'first_departure_time': 1536759000, 'first_arrival_time': 1536765720, 'second_train_section': 23006, 'second_section': 22487, 'second_departure_time': 1536776820, 'second_arrival_time': 1536779220}
1628	{'task_type': 'regular', 'locomotive': 22608, 'train_section': 23006, 'section': 22487, 'departure_time': 1536776820, 'arrival_time': 1536779220}
1629	{'task_type': 'deadhead', 'locomotive': 22608, 'first_train_section': 23006, 'first_section': 22487, 'first_departure_time': 1536776820, 'first_arrival_time': 1536779220, 'second_train_section': 27399, 'second_section': 22294, 'second_departure_time': 1536782880, 'second_arrival_time': 1536786120}
1630	{'task_type': 'regular', 'locomotive': 22608, 'train_section': 27399, 'section': 22294, 'departure_time': 1536782880, 'arrival_time': 1536786120}
1631	{'task_type': 'deadhead', 'locomotive': 22608, 'first_train_section': 22834, 'first_section': 22411, 'first_departure_time': 1536789600, 'first_arrival_time': 1536809220, 'second_train_section': 24218, 'second_section': 22492, 'second_departure_time': 1536819840, 'second_arrival_time': 1536829080}
1632	{'task_type': 'regular', 'locomotive': 22608, 'train_section': 24218, 'section': 22492, 'departure_time': 1536819840, 'arrival_time': 1536829080}
1633	{'task_type': 'deadhead', 'locomotive': 22608, 'first_train_section': 24218, 'first_section': 22492, 'first_departure_time': 1536819840, 'first_arrival_time': 1536829080, 'second_train_section': 24728, 'second_section': 22500, 'second_departure_time': 1536853080, 'second_arrival_time': 1536856200}
1634	{'task_type': 'regular', 'locomotive': 22608, 'train_section': 24728, 'section': 22500, 'departure_time': 1536853080, 'arrival_time': 1536856200}
1635	{'task_type': 'regular', 'locomotive': 22608, 'train_section': 23936, 'section': 22360, 'departure_time': 1536857280, 'arrival_time': 1536868920}
1636	{'task_type': 'deadhead', 'locomotive': 22608, 'first_train_section': 24561, 'first_section': 22353, 'first_departure_time': 1536876000, 'first_arrival_time': 1536896340, 'second_train_section': 23858, 'second_section': 22497, 'second_departure_time': 1536904560, 'second_arrival_time': 1536905940}
1637	{'task_type': 'regular', 'locomotive': 22608, 'train_section': 23858, 'section': 22497, 'departure_time': 1536904560, 'arrival_time': 1536905940}
1638	{'task_type': 'deadhead', 'locomotive': 22608, 'first_train_section': 23858, 'first_section': 22497, 'first_departure_time': 1536904560, 'first_arrival_time': 1536905940, 'second_train_section': 24709, 'second_section': 22389, 'second_departure_time': 1536931800, 'second_arrival_time': 1536938520}
1639	{'task_type': 'regular', 'locomotive': 22608, 'train_section': 24709, 'section': 22389, 'departure_time': 1536931800, 'arrival_time': 1536938520}
1640	{'task_type': 'deadhead', 'locomotive': 22608, 'first_train_section': 24709, 'first_section': 22389, 'first_departure_time': 1536931800, 'first_arrival_time': 1536938520, 'second_train_section': 24059, 'second_section': 22385, 'second_departure_time': 1536950820, 'second_arrival_time': 1536951600}
1641	{'task_type': 'regular', 'locomotive': 22608, 'train_section': 24059, 'section': 22385, 'departure_time': 1536950820, 'arrival_time': 1536951600}
1642	{'task_type': 'deadhead', 'locomotive': 22608, 'first_train_section': 24059, 'first_section': 22385, 'first_departure_time': 1536950820, 'first_arrival_time': 1536951600, 'second_train_section': 26348, 'second_section': 22374, 'second_departure_time': 1536973080, 'second_arrival_time': 1536974820}
1643	{'task_type': 'regular', 'locomotive': 22608, 'train_section': 26348, 'section': 22374, 'departure_time': 1536973080, 'arrival_time': 1536974820}
1644	{'task_type': 'deadhead', 'locomotive': 22608, 'first_train_section': 26348, 'first_section': 22374, 'first_departure_time': 1536973080, 'first_arrival_time': 1536974820, 'second_train_section': 26322, 'second_section': 22403, 'second_departure_time': 1536999540, 'second_arrival_time': 1537002060}
1645	{'task_type': 'regular', 'locomotive': 22608, 'train_section': 26322, 'section': 22403, 'departure_time': 1536999540, 'arrival_time': 1537002060}
1646	{'task_type': 'regular', 'locomotive': 22611, 'train_section': 23868, 'section': 22290, 'departure_time': 1536699060, 'arrival_time': 1536705900}
1647	{'task_type': 'deadhead', 'locomotive': 22611, 'first_train_section': 23868, 'first_section': 22290, 'first_departure_time': 1536699060, 'first_arrival_time': 1536705900, 'second_train_section': 27585, 'second_section': 22372, 'second_departure_time': 1536718140, 'second_arrival_time': 1536722100}
1648	{'task_type': 'regular', 'locomotive': 22611, 'train_section': 27585, 'section': 22372, 'departure_time': 1536718140, 'arrival_time': 1536722100}
1649	{'task_type': 'regular', 'locomotive': 22611, 'train_section': 22862, 'section': 22508, 'departure_time': 1536730380, 'arrival_time': 1536733320}
1650	{'task_type': 'deadhead', 'locomotive': 22611, 'first_train_section': 22862, 'first_section': 22508, 'first_departure_time': 1536730380, 'first_arrival_time': 1536733320, 'second_train_section': 23481, 'second_section': 22344, 'second_departure_time': 1536745320, 'second_arrival_time': 1536746640}
1651	{'task_type': 'regular', 'locomotive': 22611, 'train_section': 23481, 'section': 22344, 'departure_time': 1536745320, 'arrival_time': 1536746640}
1652	{'task_type': 'deadhead', 'locomotive': 22611, 'first_train_section': 23481, 'first_section': 22344, 'first_departure_time': 1536745320, 'first_arrival_time': 1536746640, 'second_train_section': 26988, 'second_section': 22351, 'second_departure_time': 1536749280, 'second_arrival_time': 1536754440}
1653	{'task_type': 'regular', 'locomotive': 22611, 'train_section': 26988, 'section': 22351, 'departure_time': 1536749280, 'arrival_time': 1536754440}
1654	{'task_type': 'deadhead', 'locomotive': 22611, 'first_train_section': 26988, 'first_section': 22351, 'first_departure_time': 1536749280, 'first_arrival_time': 1536754440, 'second_train_section': 25536, 'second_section': 22264, 'second_departure_time': 1536762540, 'second_arrival_time': 1536762960}
1655	{'task_type': 'regular', 'locomotive': 22611, 'train_section': 25536, 'section': 22264, 'departure_time': 1536762540, 'arrival_time': 1536762960}
1656	{'task_type': 'deadhead', 'locomotive': 22611, 'first_train_section': 26304, 'first_section': 22502, 'first_departure_time': 1536789660, 'first_arrival_time': 1536813900, 'second_train_section': 27210, 'second_section': 22308, 'second_departure_time': 1536820860, 'second_arrival_time': 1536823560}
1657	{'task_type': 'regular', 'locomotive': 22611, 'train_section': 27210, 'section': 22308, 'departure_time': 1536820860, 'arrival_time': 1536823560}
1658	{'task_type': 'deadhead', 'locomotive': 22611, 'first_train_section': 27210, 'first_section': 22308, 'first_departure_time': 1536820860, 'first_arrival_time': 1536823560, 'second_train_section': 24230, 'second_section': 22378, 'second_departure_time': 1536834900, 'second_arrival_time': 1536838560}
1659	{'task_type': 'regular', 'locomotive': 22611, 'train_section': 24230, 'section': 22378, 'departure_time': 1536834900, 'arrival_time': 1536838560}
1660	{'task_type': 'deadhead', 'locomotive': 22611, 'first_train_section': 24230, 'first_section': 22378, 'first_departure_time': 1536834900, 'first_arrival_time': 1536838560, 'second_train_section': 26371, 'second_section': 22308, 'second_departure_time': 1536848400, 'second_arrival_time': 1536851220}
1661	{'task_type': 'regular', 'locomotive': 22611, 'train_section': 26371, 'section': 22308, 'departure_time': 1536848400, 'arrival_time': 1536851220}
1662	{'task_type': 'deadhead', 'locomotive': 22611, 'first_train_section': 26371, 'first_section': 22308, 'first_departure_time': 1536848400, 'first_arrival_time': 1536851220, 'second_train_section': 24137, 'second_section': 22416, 'second_departure_time': 1536864840, 'second_arrival_time': 1536868500}
1663	{'task_type': 'regular', 'locomotive': 22611, 'train_section': 24137, 'section': 22416, 'departure_time': 1536864840, 'arrival_time': 1536868500}
1664	{'task_type': 'deadhead', 'locomotive': 22611, 'first_train_section': 24542, 'first_section': 22417, 'first_departure_time': 1536876000, 'first_arrival_time': 1536895440, 'second_train_section': 25510, 'second_section': 22429, 'second_departure_time': 1536901320, 'second_arrival_time': 1536903480}
1665	{'task_type': 'regular', 'locomotive': 22611, 'train_section': 25510, 'section': 22429, 'departure_time': 1536901320, 'arrival_time': 1536903480}
1666	{'task_type': 'deadhead', 'locomotive': 22611, 'first_train_section': 25510, 'first_section': 22429, 'first_departure_time': 1536901320, 'first_arrival_time': 1536903480, 'second_train_section': 22901, 'second_section': 22495, 'second_departure_time': 1536909180, 'second_arrival_time': 1536912120}
1667	{'task_type': 'regular', 'locomotive': 22611, 'train_section': 22901, 'section': 22495, 'departure_time': 1536909180, 'arrival_time': 1536912120}
1668	{'task_type': 'deadhead', 'locomotive': 22611, 'first_train_section': 22901, 'first_section': 22495, 'first_departure_time': 1536909180, 'first_arrival_time': 1536912120, 'second_train_section': 23464, 'second_section': 22362, 'second_departure_time': 1536922860, 'second_arrival_time': 1536925500}
1669	{'task_type': 'regular', 'locomotive': 22611, 'train_section': 23464, 'section': 22362, 'departure_time': 1536922860, 'arrival_time': 1536925500}
1670	{'task_type': 'deadhead', 'locomotive': 22611, 'first_train_section': 23464, 'first_section': 22362, 'first_departure_time': 1536922860, 'first_arrival_time': 1536925500, 'second_train_section': 25243, 'second_section': 22500, 'second_departure_time': 1536932280, 'second_arrival_time': 1536935400}
1671	{'task_type': 'regular', 'locomotive': 22611, 'train_section': 25243, 'section': 22500, 'departure_time': 1536932280, 'arrival_time': 1536935400}
1672	{'task_type': 'regular', 'locomotive': 22611, 'train_section': 25246, 'section': 22361, 'departure_time': 1536935940, 'arrival_time': 1536938940}
1673	{'task_type': 'regular', 'locomotive': 22611, 'train_section': 23918, 'section': 22500, 'departure_time': 1536939480, 'arrival_time': 1536942600}
1674	{'task_type': 'deadhead', 'locomotive': 22611, 'first_train_section': 23918, 'first_section': 22500, 'first_departure_time': 1536939480, 'first_arrival_time': 1536942600, 'second_train_section': 25974, 'second_section': 22304, 'second_departure_time': 1536951540, 'second_arrival_time': 1536955980}
1675	{'task_type': 'regular', 'locomotive': 22611, 'train_section': 25974, 'section': 22304, 'departure_time': 1536951540, 'arrival_time': 1536955980}
1676	{'task_type': 'regular', 'locomotive': 22611, 'train_section': 26413, 'section': 22246, 'departure_time': 1536959520, 'arrival_time': 1536960780}
1677	{'task_type': 'deadhead', 'locomotive': 22611, 'first_train_section': 26413, 'first_section': 22246, 'first_departure_time': 1536959520, 'first_arrival_time': 1536960780, 'second_train_section': 24946, 'second_section': 22247, 'second_departure_time': 1536973980, 'second_arrival_time': 1536983460}
1678	{'task_type': 'regular', 'locomotive': 22611, 'train_section': 24946, 'section': 22247, 'departure_time': 1536973980, 'arrival_time': 1536983460}
1679	{'task_type': 'deadhead', 'locomotive': 22611, 'first_train_section': 24946, 'first_section': 22247, 'first_departure_time': 1536973980, 'first_arrival_time': 1536983460, 'second_train_section': 24124, 'second_section': 22329, 'second_departure_time': 1537001880, 'second_arrival_time': 1537003320}
1680	{'task_type': 'regular', 'locomotive': 22611, 'train_section': 24124, 'section': 22329, 'departure_time': 1537001880, 'arrival_time': 1537003320}
1681	{'task_type': 'deadhead', 'locomotive': 22611, 'first_train_section': 24124, 'first_section': 22329, 'first_departure_time': 1537001880, 'first_arrival_time': 1537003320, 'second_train_section': 27022, 'second_section': 22329, 'second_departure_time': 1537009080, 'second_arrival_time': 1537010520}
1682	{'task_type': 'regular', 'locomotive': 22611, 'train_section': 27022, 'section': 22329, 'departure_time': 1537009080, 'arrival_time': 1537010520}
1683	{'task_type': 'deadhead', 'locomotive': 22611, 'first_train_section': 27022, 'first_section': 22329, 'first_departure_time': 1537009080, 'first_arrival_time': 1537010520, 'second_train_section': 25427, 'second_section': 22323, 'second_departure_time': 1537025940, 'second_arrival_time': 1537029840}
1684	{'task_type': 'regular', 'locomotive': 22611, 'train_section': 25427, 'section': 22323, 'departure_time': 1537025940, 'arrival_time': 1537029840}
1685	{'task_type': 'regular', 'locomotive': 22611, 'train_section': 25429, 'section': 22337, 'departure_time': 1537030980, 'arrival_time': 1537040820}
1686	{'task_type': 'deadhead', 'locomotive': 22611, 'first_train_section': 25429, 'first_section': 22337, 'first_departure_time': 1537030980, 'first_arrival_time': 1537040820, 'second_train_section': 24167, 'second_section': 22330, 'second_departure_time': 1537054800, 'second_arrival_time': 1537063020}
1687	{'task_type': 'regular', 'locomotive': 22611, 'train_section': 24167, 'section': 22330, 'departure_time': 1537054800, 'arrival_time': 1537063020}
1688	{'task_type': 'regular', 'locomotive': 22612, 'train_section': 23631, 'section': 22261, 'departure_time': 1536695100, 'arrival_time': 1536696660}
1689	{'task_type': 'deadhead', 'locomotive': 22612, 'first_train_section': 23631, 'first_section': 22261, 'first_departure_time': 1536695100, 'first_arrival_time': 1536696660, 'second_train_section': 27419, 'second_section': 22476, 'second_departure_time': 1536700620, 'second_arrival_time': 1536704220}
1690	{'task_type': 'regular', 'locomotive': 22612, 'train_section': 27419, 'section': 22476, 'departure_time': 1536700620, 'arrival_time': 1536704220}
1691	{'task_type': 'deadhead', 'locomotive': 22612, 'first_train_section': 27419, 'first_section': 22476, 'first_departure_time': 1536700620, 'first_arrival_time': 1536704220, 'second_train_section': 24922, 'second_section': 22288, 'second_departure_time': 1536714420, 'second_arrival_time': 1536720960}
1692	{'task_type': 'regular', 'locomotive': 22612, 'train_section': 24922, 'section': 22288, 'departure_time': 1536714420, 'arrival_time': 1536720960}
1693	{'task_type': 'regular', 'locomotive': 22612, 'train_section': 24924, 'section': 22323, 'departure_time': 1536721620, 'arrival_time': 1536724980}
1694	{'task_type': 'deadhead', 'locomotive': 22612, 'first_train_section': 24924, 'first_section': 22323, 'first_departure_time': 1536721620, 'first_arrival_time': 1536724980, 'second_train_section': 25924, 'second_section': 22472, 'second_departure_time': 1536729180, 'second_arrival_time': 1536734340}
1695	{'task_type': 'regular', 'locomotive': 22612, 'train_section': 25924, 'section': 22472, 'departure_time': 1536729180, 'arrival_time': 1536734340}
1696	{'task_type': 'regular', 'locomotive': 22612, 'train_section': 26921, 'section': 22347, 'departure_time': 1536736740, 'arrival_time': 1536742080}
1697	{'task_type': 'regular', 'locomotive': 22612, 'train_section': 26923, 'section': 22471, 'departure_time': 1536742620, 'arrival_time': 1536745440}
1698	{'task_type': 'deadhead', 'locomotive': 22612, 'first_train_section': 26923, 'first_section': 22471, 'first_departure_time': 1536742620, 'first_arrival_time': 1536745440, 'second_train_section': 24536, 'second_section': 22313, 'second_departure_time': 1536759420, 'second_arrival_time': 1536764880}
1699	{'task_type': 'regular', 'locomotive': 22612, 'train_section': 24536, 'section': 22313, 'departure_time': 1536759420, 'arrival_time': 1536764880}
1700	{'task_type': 'deadhead', 'locomotive': 22612, 'first_train_section': 24536, 'first_section': 22313, 'first_departure_time': 1536759420, 'first_arrival_time': 1536764880, 'second_train_section': 27183, 'second_section': 22297, 'second_departure_time': 1536766200, 'second_arrival_time': 1536767220}
1701	{'task_type': 'regular', 'locomotive': 22612, 'train_section': 27183, 'section': 22297, 'departure_time': 1536766200, 'arrival_time': 1536767220}
1702	{'task_type': 'deadhead', 'locomotive': 22612, 'first_train_section': 27183, 'first_section': 22297, 'first_departure_time': 1536766200, 'first_arrival_time': 1536767220, 'second_train_section': 26650, 'second_section': 22446, 'second_departure_time': 1536772860, 'second_arrival_time': 1536773940}
1703	{'task_type': 'regular', 'locomotive': 22612, 'train_section': 26650, 'section': 22446, 'departure_time': 1536772860, 'arrival_time': 1536773940}
1704	{'task_type': 'deadhead', 'locomotive': 22612, 'first_train_section': 26650, 'first_section': 22446, 'first_departure_time': 1536772860, 'first_arrival_time': 1536773940, 'second_train_section': 23681, 'second_section': 22280, 'second_departure_time': 1536778920, 'second_arrival_time': 1536787320}
1705	{'task_type': 'regular', 'locomotive': 22612, 'train_section': 23681, 'section': 22280, 'departure_time': 1536778920, 'arrival_time': 1536787320}
1706	{'task_type': 'regular', 'locomotive': 22612, 'train_section': 25866, 'section': 22330, 'departure_time': 1536795600, 'arrival_time': 1536803820}
1707	{'task_type': 'deadhead', 'locomotive': 22612, 'first_train_section': 25866, 'first_section': 22330, 'first_departure_time': 1536795600, 'first_arrival_time': 1536803820, 'second_train_section': 26501, 'second_section': 22383, 'second_departure_time': 1536811080, 'second_arrival_time': 1536815280}
1708	{'task_type': 'regular', 'locomotive': 22612, 'train_section': 26501, 'section': 22383, 'departure_time': 1536811080, 'arrival_time': 1536815280}
1709	{'task_type': 'deadhead', 'locomotive': 22612, 'first_train_section': 26501, 'first_section': 22383, 'first_departure_time': 1536811080, 'first_arrival_time': 1536815280, 'second_train_section': 24409, 'second_section': 22403, 'second_departure_time': 1536817560, 'second_arrival_time': 1536820320}
1710	{'task_type': 'regular', 'locomotive': 22612, 'train_section': 24409, 'section': 22403, 'departure_time': 1536817560, 'arrival_time': 1536820320}
1711	{'task_type': 'deadhead', 'locomotive': 22612, 'first_train_section': 24409, 'first_section': 22403, 'first_departure_time': 1536817560, 'first_arrival_time': 1536820320, 'second_train_section': 24329, 'second_section': 22383, 'second_departure_time': 1536832560, 'second_arrival_time': 1536836700}
1712	{'task_type': 'regular', 'locomotive': 22612, 'train_section': 24329, 'section': 22383, 'departure_time': 1536832560, 'arrival_time': 1536836700}
1713	{'task_type': 'deadhead', 'locomotive': 22612, 'first_train_section': 24329, 'first_section': 22383, 'first_departure_time': 1536832560, 'first_arrival_time': 1536836700, 'second_train_section': 22643, 'second_section': 22383, 'second_departure_time': 1536847920, 'second_arrival_time': 1536851340}
1714	{'task_type': 'regular', 'locomotive': 22612, 'train_section': 22643, 'section': 22383, 'departure_time': 1536847920, 'arrival_time': 1536851340}
1715	{'task_type': 'regular', 'locomotive': 22612, 'train_section': 22645, 'section': 22399, 'departure_time': 1536851400, 'arrival_time': 1536852840}
1716	{'task_type': 'deadhead', 'locomotive': 22612, 'first_train_section': 22645, 'first_section': 22399, 'first_departure_time': 1536851400, 'first_arrival_time': 1536852840, 'second_train_section': 26798, 'second_section': 22344, 'second_departure_time': 1536865080, 'second_arrival_time': 1536866100}
1717	{'task_type': 'regular', 'locomotive': 22612, 'train_section': 26798, 'section': 22344, 'departure_time': 1536865080, 'arrival_time': 1536866100}
1718	{'task_type': 'deadhead', 'locomotive': 22612, 'first_train_section': 26798, 'first_section': 22344, 'first_departure_time': 1536865080, 'first_arrival_time': 1536866100, 'second_train_section': 24494, 'second_section': 22247, 'second_departure_time': 1536873240, 'second_arrival_time': 1536884100}
1719	{'task_type': 'regular', 'locomotive': 22612, 'train_section': 24494, 'section': 22247, 'departure_time': 1536873240, 'arrival_time': 1536884100}
1720	{'task_type': 'deadhead', 'locomotive': 22612, 'first_train_section': 24494, 'first_section': 22247, 'first_departure_time': 1536873240, 'first_arrival_time': 1536884100, 'second_train_section': 23186, 'second_section': 22407, 'second_departure_time': 1536885120, 'second_arrival_time': 1536892560}
1721	{'task_type': 'regular', 'locomotive': 22612, 'train_section': 23186, 'section': 22407, 'departure_time': 1536885120, 'arrival_time': 1536892560}
1722	{'task_type': 'deadhead', 'locomotive': 22612, 'first_train_section': 23186, 'first_section': 22407, 'first_departure_time': 1536885120, 'first_arrival_time': 1536892560, 'second_train_section': 23190, 'second_section': 22322, 'second_departure_time': 1536897420, 'second_arrival_time': 1536907080}
1723	{'task_type': 'regular', 'locomotive': 22612, 'train_section': 23190, 'section': 22322, 'departure_time': 1536897420, 'arrival_time': 1536907080}
1724	{'task_type': 'deadhead', 'locomotive': 22612, 'first_train_section': 23190, 'first_section': 22322, 'first_departure_time': 1536897420, 'first_arrival_time': 1536907080, 'second_train_section': 23805, 'second_section': 22351, 'second_departure_time': 1536914880, 'second_arrival_time': 1536920040}
1725	{'task_type': 'regular', 'locomotive': 22612, 'train_section': 23805, 'section': 22351, 'departure_time': 1536914880, 'arrival_time': 1536920040}
1726	{'task_type': 'deadhead', 'locomotive': 22612, 'first_train_section': 23805, 'first_section': 22351, 'first_departure_time': 1536914880, 'first_arrival_time': 1536920040, 'second_train_section': 27484, 'second_section': 22416, 'second_departure_time': 1536933240, 'second_arrival_time': 1536936900}
1727	{'task_type': 'regular', 'locomotive': 22612, 'train_section': 27484, 'section': 22416, 'departure_time': 1536933240, 'arrival_time': 1536936900}
1728	{'task_type': 'deadhead', 'locomotive': 22612, 'first_train_section': 25902, 'first_section': 22464, 'first_departure_time': 1536947580, 'first_arrival_time': 1536962340, 'second_train_section': 23695, 'second_section': 22369, 'second_departure_time': 1536978240, 'second_arrival_time': 1536981120}
1729	{'task_type': 'regular', 'locomotive': 22612, 'train_section': 23695, 'section': 22369, 'departure_time': 1536978240, 'arrival_time': 1536981120}
1730	{'task_type': 'deadhead', 'locomotive': 22612, 'first_train_section': 23695, 'first_section': 22369, 'first_departure_time': 1536978240, 'first_arrival_time': 1536981120, 'second_train_section': 24527, 'second_section': 22247, 'second_departure_time': 1536992880, 'second_arrival_time': 1537003080}
1731	{'task_type': 'regular', 'locomotive': 22612, 'train_section': 24527, 'section': 22247, 'departure_time': 1536992880, 'arrival_time': 1537003080}
1732	{'task_type': 'deadhead', 'locomotive': 22612, 'first_train_section': 24527, 'first_section': 22247, 'first_departure_time': 1536992880, 'first_arrival_time': 1537003080, 'second_train_section': 24702, 'second_section': 22404, 'second_departure_time': 1537014180, 'second_arrival_time': 1537022700}
1733	{'task_type': 'regular', 'locomotive': 22612, 'train_section': 24702, 'section': 22404, 'departure_time': 1537014180, 'arrival_time': 1537022700}
1734	{'task_type': 'regular', 'locomotive': 22612, 'train_section': 25685, 'section': 22247, 'departure_time': 1537027380, 'arrival_time': 1537036620}
1735	{'task_type': 'deadhead', 'locomotive': 22612, 'first_train_section': 25685, 'first_section': 22247, 'first_departure_time': 1537027380, 'first_arrival_time': 1537036620, 'second_train_section': 23567, 'second_section': 22311, 'second_departure_time': 1537090800, 'second_arrival_time': 1537093560}
1736	{'task_type': 'regular', 'locomotive': 22612, 'train_section': 23567, 'section': 22311, 'departure_time': 1537090800, 'arrival_time': 1537093560}
1737	{'task_type': 'regular', 'locomotive': 22613, 'train_section': 26164, 'section': 22255, 'departure_time': 1536689100, 'arrival_time': 1536690000}
1738	{'task_type': 'deadhead', 'locomotive': 22613, 'first_train_section': 26164, 'first_section': 22255, 'first_departure_time': 1536689100, 'first_arrival_time': 1536690000, 'second_train_section': 26212, 'second_section': 22324, 'second_departure_time': 1536702360, 'second_arrival_time': 1536707700}
1739	{'task_type': 'regular', 'locomotive': 22613, 'train_section': 26212, 'section': 22324, 'departure_time': 1536702360, 'arrival_time': 1536707700}
1740	{'task_type': 'deadhead', 'locomotive': 22613, 'first_train_section': 26212, 'first_section': 22324, 'first_departure_time': 1536702360, 'first_arrival_time': 1536707700, 'second_train_section': 25863, 'second_section': 22256, 'second_departure_time': 1536727320, 'second_arrival_time': 1536730260}
1741	{'task_type': 'regular', 'locomotive': 22613, 'train_section': 25863, 'section': 22256, 'departure_time': 1536727320, 'arrival_time': 1536730260}
1742	{'task_type': 'deadhead', 'locomotive': 22613, 'first_train_section': 25863, 'first_section': 22256, 'first_departure_time': 1536727320, 'first_arrival_time': 1536730260, 'second_train_section': 24670, 'second_section': 22310, 'second_departure_time': 1536733560, 'second_arrival_time': 1536735300}
1743	{'task_type': 'regular', 'locomotive': 22613, 'train_section': 24670, 'section': 22310, 'departure_time': 1536733560, 'arrival_time': 1536735300}
1744	{'task_type': 'deadhead', 'locomotive': 22613, 'first_train_section': 24670, 'first_section': 22310, 'first_departure_time': 1536733560, 'first_arrival_time': 1536735300, 'second_train_section': 23004, 'second_section': 22296, 'second_departure_time': 1536739200, 'second_arrival_time': 1536740100}
1745	{'task_type': 'regular', 'locomotive': 22613, 'train_section': 23004, 'section': 22296, 'departure_time': 1536739200, 'arrival_time': 1536740100}
1746	{'task_type': 'deadhead', 'locomotive': 22613, 'first_train_section': 23004, 'first_section': 22296, 'first_departure_time': 1536739200, 'first_arrival_time': 1536740100, 'second_train_section': 25965, 'second_section': 22311, 'second_departure_time': 1536745200, 'second_arrival_time': 1536747960}
1747	{'task_type': 'regular', 'locomotive': 22613, 'train_section': 25965, 'section': 22311, 'departure_time': 1536745200, 'arrival_time': 1536747960}
1748	{'task_type': 'regular', 'locomotive': 22613, 'train_section': 23294, 'section': 22313, 'departure_time': 1536756480, 'arrival_time': 1536761400}
1749	{'task_type': 'deadhead', 'locomotive': 22613, 'first_train_section': 23294, 'first_section': 22313, 'first_departure_time': 1536756480, 'first_arrival_time': 1536761400, 'second_train_section': 24897, 'second_section': 22449, 'second_departure_time': 1536765120, 'second_arrival_time': 1536768300}
1750	{'task_type': 'regular', 'locomotive': 22613, 'train_section': 24897, 'section': 22449, 'departure_time': 1536765120, 'arrival_time': 1536768300}
1751	{'task_type': 'deadhead', 'locomotive': 22613, 'first_train_section': 24897, 'first_section': 22449, 'first_departure_time': 1536765120, 'first_arrival_time': 1536768300, 'second_train_section': 27256, 'second_section': 22284, 'second_departure_time': 1536771120, 'second_arrival_time': 1536774780}
1752	{'task_type': 'regular', 'locomotive': 22613, 'train_section': 27256, 'section': 22284, 'departure_time': 1536771120, 'arrival_time': 1536774780}
1753	{'task_type': 'deadhead', 'locomotive': 22613, 'first_train_section': 27256, 'first_section': 22284, 'first_departure_time': 1536771120, 'first_arrival_time': 1536774780, 'second_train_section': 27162, 'second_section': 22281, 'second_departure_time': 1536786480, 'second_arrival_time': 1536793200}
1754	{'task_type': 'regular', 'locomotive': 22613, 'train_section': 27162, 'section': 22281, 'departure_time': 1536786480, 'arrival_time': 1536793200}
1755	{'task_type': 'deadhead', 'locomotive': 22613, 'first_train_section': 27162, 'first_section': 22281, 'first_departure_time': 1536786480, 'first_arrival_time': 1536793200, 'second_train_section': 24503, 'second_section': 22467, 'second_departure_time': 1536806400, 'second_arrival_time': 1536809100}
1756	{'task_type': 'regular', 'locomotive': 22613, 'train_section': 24503, 'section': 22467, 'departure_time': 1536806400, 'arrival_time': 1536809100}
1757	{'task_type': 'deadhead', 'locomotive': 22613, 'first_train_section': 24503, 'first_section': 22467, 'first_departure_time': 1536806400, 'first_arrival_time': 1536809100, 'second_train_section': 22686, 'second_section': 22333, 'second_departure_time': 1536819300, 'second_arrival_time': 1536822120}
1758	{'task_type': 'regular', 'locomotive': 22613, 'train_section': 22686, 'section': 22333, 'departure_time': 1536819300, 'arrival_time': 1536822120}
1759	{'task_type': 'deadhead', 'locomotive': 22613, 'first_train_section': 22686, 'first_section': 22333, 'first_departure_time': 1536819300, 'first_arrival_time': 1536822120, 'second_train_section': 23050, 'second_section': 22351, 'second_departure_time': 1536835680, 'second_arrival_time': 1536840840}
1760	{'task_type': 'regular', 'locomotive': 22613, 'train_section': 23050, 'section': 22351, 'departure_time': 1536835680, 'arrival_time': 1536840840}
1761	{'task_type': 'deadhead', 'locomotive': 22613, 'first_train_section': 23050, 'first_section': 22351, 'first_departure_time': 1536835680, 'first_arrival_time': 1536840840, 'second_train_section': 26369, 'second_section': 22505, 'second_departure_time': 1536841140, 'second_arrival_time': 1536847020}
1762	{'task_type': 'regular', 'locomotive': 22613, 'train_section': 26369, 'section': 22505, 'departure_time': 1536841140, 'arrival_time': 1536847020}
1763	{'task_type': 'deadhead', 'locomotive': 22613, 'first_train_section': 26369, 'first_section': 22505, 'first_departure_time': 1536841140, 'first_arrival_time': 1536847020, 'second_train_section': 26373, 'second_section': 22496, 'second_departure_time': 1536853080, 'second_arrival_time': 1536858000}
1764	{'task_type': 'regular', 'locomotive': 22613, 'train_section': 26373, 'section': 22496, 'departure_time': 1536853080, 'arrival_time': 1536858000}
1765	{'task_type': 'deadhead', 'locomotive': 22613, 'first_train_section': 26373, 'first_section': 22496, 'first_departure_time': 1536853080, 'first_arrival_time': 1536858000, 'second_train_section': 27371, 'second_section': 22434, 'second_departure_time': 1536860160, 'second_arrival_time': 1536865440}
1766	{'task_type': 'regular', 'locomotive': 22613, 'train_section': 27371, 'section': 22434, 'departure_time': 1536860160, 'arrival_time': 1536865440}
1767	{'task_type': 'deadhead', 'locomotive': 22613, 'first_train_section': 27371, 'first_section': 22434, 'first_departure_time': 1536860160, 'first_arrival_time': 1536865440, 'second_train_section': 26581, 'second_section': 22427, 'second_departure_time': 1536870300, 'second_arrival_time': 1536873180}
1768	{'task_type': 'regular', 'locomotive': 22613, 'train_section': 26581, 'section': 22427, 'departure_time': 1536870300, 'arrival_time': 1536873180}
1769	{'task_type': 'deadhead', 'locomotive': 22613, 'first_train_section': 26581, 'first_section': 22427, 'first_departure_time': 1536870300, 'first_arrival_time': 1536873180, 'second_train_section': 26689, 'second_section': 22425, 'second_departure_time': 1536876300, 'second_arrival_time': 1536877860}
1770	{'task_type': 'regular', 'locomotive': 22613, 'train_section': 26689, 'section': 22425, 'departure_time': 1536876300, 'arrival_time': 1536877860}
1771	{'task_type': 'deadhead', 'locomotive': 22613, 'first_train_section': 26689, 'first_section': 22425, 'first_departure_time': 1536876300, 'first_arrival_time': 1536877860, 'second_train_section': 22957, 'second_section': 22419, 'second_departure_time': 1536886020, 'second_arrival_time': 1536892380}
1772	{'task_type': 'regular', 'locomotive': 22613, 'train_section': 22957, 'section': 22419, 'departure_time': 1536886020, 'arrival_time': 1536892380}
1773	{'task_type': 'deadhead', 'locomotive': 22613, 'first_train_section': 22723, 'first_section': 22417, 'first_departure_time': 1536904800, 'first_arrival_time': 1536931800, 'second_train_section': 24393, 'second_section': 22431, 'second_departure_time': 1536945540, 'second_arrival_time': 1536950400}
1774	{'task_type': 'regular', 'locomotive': 22613, 'train_section': 24393, 'section': 22431, 'departure_time': 1536945540, 'arrival_time': 1536950400}
1775	{'task_type': 'deadhead', 'locomotive': 22613, 'first_train_section': 24393, 'first_section': 22431, 'first_departure_time': 1536945540, 'first_arrival_time': 1536950400, 'second_train_section': 24938, 'second_section': 22427, 'second_departure_time': 1536956700, 'second_arrival_time': 1536959580}
1776	{'task_type': 'regular', 'locomotive': 22613, 'train_section': 24938, 'section': 22427, 'departure_time': 1536956700, 'arrival_time': 1536959580}
1777	{'task_type': 'deadhead', 'locomotive': 22613, 'first_train_section': 24938, 'first_section': 22427, 'first_departure_time': 1536956700, 'first_arrival_time': 1536959580, 'second_train_section': 24942, 'second_section': 22495, 'second_departure_time': 1536963900, 'second_arrival_time': 1536966840}
1778	{'task_type': 'regular', 'locomotive': 22613, 'train_section': 24942, 'section': 22495, 'departure_time': 1536963900, 'arrival_time': 1536966840}
1779	{'task_type': 'deadhead', 'locomotive': 22613, 'first_train_section': 24942, 'first_section': 22495, 'first_departure_time': 1536963900, 'first_arrival_time': 1536966840, 'second_train_section': 23387, 'second_section': 22496, 'second_departure_time': 1536978660, 'second_arrival_time': 1536982980}
1780	{'task_type': 'regular', 'locomotive': 22613, 'train_section': 23387, 'section': 22496, 'departure_time': 1536978660, 'arrival_time': 1536982980}
1781	{'task_type': 'deadhead', 'locomotive': 22613, 'first_train_section': 23387, 'first_section': 22496, 'first_departure_time': 1536978660, 'first_arrival_time': 1536982980, 'second_train_section': 24358, 'second_section': 22245, 'second_departure_time': 1536996780, 'second_arrival_time': 1537001760}
1782	{'task_type': 'regular', 'locomotive': 22613, 'train_section': 24358, 'section': 22245, 'departure_time': 1536996780, 'arrival_time': 1537001760}
1783	{'task_type': 'deadhead', 'locomotive': 22613, 'first_train_section': 24358, 'first_section': 22245, 'first_departure_time': 1536996780, 'first_arrival_time': 1537001760, 'second_train_section': 23787, 'second_section': 22435, 'second_departure_time': 1537006980, 'second_arrival_time': 1537012320}
1784	{'task_type': 'regular', 'locomotive': 22613, 'train_section': 23787, 'section': 22435, 'departure_time': 1537006980, 'arrival_time': 1537012320}
1785	{'task_type': 'deadhead', 'locomotive': 22613, 'first_train_section': 23787, 'first_section': 22435, 'first_departure_time': 1537006980, 'first_arrival_time': 1537012320, 'second_train_section': 26783, 'second_section': 22378, 'second_departure_time': 1537031100, 'second_arrival_time': 1537034760}
1786	{'task_type': 'regular', 'locomotive': 22613, 'train_section': 26783, 'section': 22378, 'departure_time': 1537031100, 'arrival_time': 1537034760}
1787	{'task_type': 'deadhead', 'locomotive': 22613, 'first_train_section': 26783, 'first_section': 22378, 'first_departure_time': 1537031100, 'first_arrival_time': 1537034760, 'second_train_section': 25587, 'second_section': 22495, 'second_departure_time': 1537042920, 'second_arrival_time': 1537045620}
1788	{'task_type': 'regular', 'locomotive': 22613, 'train_section': 25587, 'section': 22495, 'departure_time': 1537042920, 'arrival_time': 1537045620}
1789	{'task_type': 'regular', 'locomotive': 22613, 'train_section': 25589, 'section': 22304, 'departure_time': 1537046160, 'arrival_time': 1537050600}
1790	{'task_type': 'deadhead', 'locomotive': 22613, 'first_train_section': 25589, 'first_section': 22304, 'first_departure_time': 1537046160, 'first_arrival_time': 1537050600, 'second_train_section': 24071, 'second_section': 22378, 'second_departure_time': 1537074300, 'second_arrival_time': 1537077960}
1791	{'task_type': 'regular', 'locomotive': 22613, 'train_section': 24071, 'section': 22378, 'departure_time': 1537074300, 'arrival_time': 1537077960}
1792	{'task_type': 'deadhead', 'locomotive': 22613, 'first_train_section': 24071, 'first_section': 22378, 'first_departure_time': 1537074300, 'first_arrival_time': 1537077960, 'second_train_section': 26735, 'second_section': 22499, 'second_departure_time': 1537098300, 'second_arrival_time': 1537103460}
1793	{'task_type': 'regular', 'locomotive': 22613, 'train_section': 26735, 'section': 22499, 'departure_time': 1537098300, 'arrival_time': 1537103460}
1794	{'task_type': 'deadhead', 'locomotive': 22613, 'first_train_section': 26735, 'first_section': 22499, 'first_departure_time': 1537098300, 'first_arrival_time': 1537103460, 'second_train_section': 24023, 'second_section': 22360, 'second_departure_time': 1537116480, 'second_arrival_time': 1537128120}
1795	{'task_type': 'regular', 'locomotive': 22613, 'train_section': 24023, 'section': 22360, 'departure_time': 1537116480, 'arrival_time': 1537128120}
1796	{'task_type': 'regular', 'locomotive': 22614, 'train_section': 25959, 'section': 22416, 'departure_time': 1536697680, 'arrival_time': 1536702900}
1797	{'task_type': 'deadhead', 'locomotive': 22614, 'first_train_section': 25014, 'first_section': 22377, 'first_departure_time': 1536703260, 'first_arrival_time': 1536721740, 'second_train_section': 25486, 'second_section': 22429, 'second_departure_time': 1536728520, 'second_arrival_time': 1536730680}
1798	{'task_type': 'regular', 'locomotive': 22614, 'train_section': 25486, 'section': 22429, 'departure_time': 1536728520, 'arrival_time': 1536730680}
1799	{'task_type': 'deadhead', 'locomotive': 22614, 'first_train_section': 25486, 'first_section': 22429, 'first_departure_time': 1536728520, 'first_arrival_time': 1536730680, 'second_train_section': 25341, 'second_section': 22416, 'second_departure_time': 1536744240, 'second_arrival_time': 1536747900}
1800	{'task_type': 'regular', 'locomotive': 22614, 'train_section': 25341, 'section': 22416, 'departure_time': 1536744240, 'arrival_time': 1536747900}
1801	{'task_type': 'deadhead', 'locomotive': 22614, 'first_train_section': 25341, 'first_section': 22416, 'first_departure_time': 1536744240, 'first_arrival_time': 1536747900, 'second_train_section': 22812, 'second_section': 22416, 'second_departure_time': 1536758640, 'second_arrival_time': 1536762300}
1802	{'task_type': 'regular', 'locomotive': 22614, 'train_section': 22812, 'section': 22416, 'departure_time': 1536758640, 'arrival_time': 1536762300}
1803	{'task_type': 'regular', 'locomotive': 22614, 'train_section': 26298, 'section': 22378, 'departure_time': 1536764700, 'arrival_time': 1536768360}
1804	{'task_type': 'deadhead', 'locomotive': 22614, 'first_train_section': 26298, 'first_section': 22378, 'first_departure_time': 1536764700, 'first_arrival_time': 1536768360, 'second_train_section': 23217, 'second_section': 22378, 'second_departure_time': 1536773700, 'second_arrival_time': 1536777360}
1805	{'task_type': 'regular', 'locomotive': 22614, 'train_section': 23217, 'section': 22378, 'departure_time': 1536773700, 'arrival_time': 1536777360}
1806	{'task_type': 'regular', 'locomotive': 22614, 'train_section': 26215, 'section': 22474, 'departure_time': 1536808800, 'arrival_time': 1536810480}
1807	{'task_type': 'regular', 'locomotive': 22614, 'train_section': 26319, 'section': 22512, 'departure_time': 1536812940, 'arrival_time': 1536816300}
1808	{'task_type': 'regular', 'locomotive': 22614, 'train_section': 24206, 'section': 22416, 'departure_time': 1536836040, 'arrival_time': 1536839700}
1809	{'task_type': 'deadhead', 'locomotive': 22614, 'first_train_section': 24206, 'first_section': 22416, 'first_departure_time': 1536836040, 'first_arrival_time': 1536839700, 'second_train_section': 23763, 'second_section': 22418, 'second_departure_time': 1536845400, 'second_arrival_time': 1536846900}
1810	{'task_type': 'regular', 'locomotive': 22614, 'train_section': 23763, 'section': 22418, 'departure_time': 1536845400, 'arrival_time': 1536846900}
1811	{'task_type': 'deadhead', 'locomotive': 22614, 'first_train_section': 23763, 'first_section': 22418, 'first_departure_time': 1536845400, 'first_arrival_time': 1536846900, 'second_train_section': 24455, 'second_section': 22513, 'second_departure_time': 1536853080, 'second_arrival_time': 1536854700}
1812	{'task_type': 'regular', 'locomotive': 22614, 'train_section': 24455, 'section': 22513, 'departure_time': 1536853080, 'arrival_time': 1536854700}
1813	{'task_type': 'deadhead', 'locomotive': 22614, 'first_train_section': 24455, 'first_section': 22513, 'first_departure_time': 1536853080, 'first_arrival_time': 1536854700, 'second_train_section': 26806, 'second_section': 22433, 'second_departure_time': 1536857760, 'second_arrival_time': 1536858240}
1814	{'task_type': 'regular', 'locomotive': 22614, 'train_section': 26806, 'section': 22433, 'departure_time': 1536857760, 'arrival_time': 1536858240}
1815	{'task_type': 'deadhead', 'locomotive': 22614, 'first_train_section': 26806, 'first_section': 22433, 'first_departure_time': 1536857760, 'first_arrival_time': 1536858240, 'second_train_section': 22787, 'second_section': 22431, 'second_departure_time': 1536861780, 'second_arrival_time': 1536865740}
1816	{'task_type': 'regular', 'locomotive': 22614, 'train_section': 22787, 'section': 22431, 'departure_time': 1536861780, 'arrival_time': 1536865740}
1817	{'task_type': 'regular', 'locomotive': 22614, 'train_section': 27373, 'section': 22495, 'departure_time': 1536866100, 'arrival_time': 1536869100}
1818	{'task_type': 'deadhead', 'locomotive': 22614, 'first_train_section': 27373, 'first_section': 22495, 'first_departure_time': 1536866100, 'first_arrival_time': 1536869100, 'second_train_section': 24498, 'second_section': 22259, 'second_departure_time': 1536873300, 'second_arrival_time': 1536873720}
1819	{'task_type': 'regular', 'locomotive': 22614, 'train_section': 24498, 'section': 22259, 'departure_time': 1536873300, 'arrival_time': 1536873720}
1820	{'task_type': 'deadhead', 'locomotive': 22614, 'first_train_section': 24498, 'first_section': 22259, 'first_departure_time': 1536873300, 'first_arrival_time': 1536873720, 'second_train_section': 27003, 'second_section': 22505, 'second_departure_time': 1536880500, 'second_arrival_time': 1536885240}
1821	{'task_type': 'regular', 'locomotive': 22614, 'train_section': 27003, 'section': 22505, 'departure_time': 1536880500, 'arrival_time': 1536885240}
1822	{'task_type': 'deadhead', 'locomotive': 22614, 'first_train_section': 27003, 'first_section': 22505, 'first_departure_time': 1536880500, 'first_arrival_time': 1536885240, 'second_train_section': 27007, 'second_section': 22496, 'second_departure_time': 1536890700, 'second_arrival_time': 1536895500}
1823	{'task_type': 'regular', 'locomotive': 22614, 'train_section': 27007, 'section': 22496, 'departure_time': 1536890700, 'arrival_time': 1536895500}
1824	{'task_type': 'deadhead', 'locomotive': 22614, 'first_train_section': 27007, 'first_section': 22496, 'first_departure_time': 1536890700, 'first_arrival_time': 1536895500, 'second_train_section': 26425, 'second_section': 22416, 'second_departure_time': 1536899040, 'second_arrival_time': 1536902700}
1825	{'task_type': 'regular', 'locomotive': 22614, 'train_section': 26425, 'section': 22416, 'departure_time': 1536899040, 'arrival_time': 1536902700}
1826	{'task_type': 'deadhead', 'locomotive': 22614, 'first_train_section': 26425, 'first_section': 22416, 'first_departure_time': 1536899040, 'first_arrival_time': 1536902700, 'second_train_section': 23222, 'second_section': 22495, 'second_departure_time': 1536911280, 'second_arrival_time': 1536914160}
1827	{'task_type': 'regular', 'locomotive': 22614, 'train_section': 23222, 'section': 22495, 'departure_time': 1536911280, 'arrival_time': 1536914160}
1828	{'task_type': 'deadhead', 'locomotive': 22614, 'first_train_section': 23222, 'first_section': 22495, 'first_departure_time': 1536911280, 'first_arrival_time': 1536914160, 'second_train_section': 26746, 'second_section': 22496, 'second_departure_time': 1536919080, 'second_arrival_time': 1536924060}
1829	{'task_type': 'regular', 'locomotive': 22614, 'train_section': 26746, 'section': 22496, 'departure_time': 1536919080, 'arrival_time': 1536924060}
1830	{'task_type': 'deadhead', 'locomotive': 22614, 'first_train_section': 26746, 'first_section': 22496, 'first_departure_time': 1536919080, 'first_arrival_time': 1536924060, 'second_train_section': 24904, 'second_section': 22418, 'second_departure_time': 1536931800, 'second_arrival_time': 1536933300}
1831	{'task_type': 'regular', 'locomotive': 22614, 'train_section': 24904, 'section': 22418, 'departure_time': 1536931800, 'arrival_time': 1536933300}
1832	{'task_type': 'deadhead', 'locomotive': 22614, 'first_train_section': 24904, 'first_section': 22418, 'first_departure_time': 1536931800, 'first_arrival_time': 1536933300, 'second_train_section': 24555, 'second_section': 22416, 'second_departure_time': 1536935040, 'second_arrival_time': 1536938700}
1833	{'task_type': 'regular', 'locomotive': 22614, 'train_section': 24555, 'section': 22416, 'departure_time': 1536935040, 'arrival_time': 1536938700}
1834	{'task_type': 'deadhead', 'locomotive': 22614, 'first_train_section': 24555, 'first_section': 22416, 'first_departure_time': 1536935040, 'first_arrival_time': 1536938700, 'second_train_section': 26101, 'second_section': 22416, 'second_departure_time': 1536944040, 'second_arrival_time': 1536947700}
1835	{'task_type': 'regular', 'locomotive': 22614, 'train_section': 26101, 'section': 22416, 'departure_time': 1536944040, 'arrival_time': 1536947700}
1836	{'task_type': 'regular', 'locomotive': 22614, 'train_section': 23930, 'section': 22378, 'departure_time': 1536948300, 'arrival_time': 1536951960}
1837	{'task_type': 'deadhead', 'locomotive': 22614, 'first_train_section': 23930, 'first_section': 22378, 'first_departure_time': 1536948300, 'first_arrival_time': 1536951960, 'second_train_section': 23573, 'second_section': 22427, 'second_departure_time': 1536961740, 'second_arrival_time': 1536964680}
1838	{'task_type': 'regular', 'locomotive': 22614, 'train_section': 23573, 'section': 22427, 'departure_time': 1536961740, 'arrival_time': 1536964680}
1839	{'task_type': 'deadhead', 'locomotive': 22614, 'first_train_section': 23573, 'first_section': 22427, 'first_departure_time': 1536961740, 'first_arrival_time': 1536964680, 'second_train_section': 23577, 'second_section': 22495, 'second_departure_time': 1536968040, 'second_arrival_time': 1536970920}
1840	{'task_type': 'regular', 'locomotive': 22614, 'train_section': 23577, 'section': 22495, 'departure_time': 1536968040, 'arrival_time': 1536970920}
1841	{'task_type': 'regular', 'locomotive': 22614, 'train_section': 23579, 'section': 22304, 'departure_time': 1536971580, 'arrival_time': 1536976020}
1842	{'task_type': 'deadhead', 'locomotive': 22614, 'first_train_section': 23579, 'first_section': 22304, 'first_departure_time': 1536971580, 'first_arrival_time': 1536976020, 'second_train_section': 23445, 'second_section': 22455, 'second_departure_time': 1536991080, 'second_arrival_time': 1537002480}
1843	{'task_type': 'regular', 'locomotive': 22614, 'train_section': 23445, 'section': 22455, 'departure_time': 1536991080, 'arrival_time': 1537002480}
1844	{'task_type': 'deadhead', 'locomotive': 22614, 'first_train_section': 23445, 'first_section': 22455, 'first_departure_time': 1536991080, 'first_arrival_time': 1537002480, 'second_train_section': 26087, 'second_section': 22499, 'second_departure_time': 1537011900, 'second_arrival_time': 1537017060}
1845	{'task_type': 'regular', 'locomotive': 22614, 'train_section': 26087, 'section': 22499, 'departure_time': 1537011900, 'arrival_time': 1537017060}
1846	{'task_type': 'regular', 'locomotive': 22614, 'train_section': 26089, 'section': 22340, 'departure_time': 1537017540, 'arrival_time': 1537033200}
1847	{'task_type': 'deadhead', 'locomotive': 22614, 'first_train_section': 26089, 'first_section': 22340, 'first_departure_time': 1537017540, 'first_arrival_time': 1537033200, 'second_train_section': 22960, 'second_section': 22336, 'second_departure_time': 1537064580, 'second_arrival_time': 1537070700}
1848	{'task_type': 'regular', 'locomotive': 22614, 'train_section': 22960, 'section': 22336, 'departure_time': 1537064580, 'arrival_time': 1537070700}
1849	{'task_type': 'deadhead', 'locomotive': 22614, 'first_train_section': 22960, 'first_section': 22336, 'first_departure_time': 1537064580, 'first_arrival_time': 1537070700, 'second_train_section': 24977, 'second_section': 22313, 'second_departure_time': 1537094880, 'second_arrival_time': 1537099800}
1850	{'task_type': 'regular', 'locomotive': 22614, 'train_section': 24977, 'section': 22313, 'departure_time': 1537094880, 'arrival_time': 1537099800}
1851	{'task_type': 'regular', 'locomotive': 22620, 'train_section': 26647, 'section': 22416, 'departure_time': 1536670440, 'arrival_time': 1536674100}
1852	{'task_type': 'deadhead', 'locomotive': 22620, 'first_train_section': 26789, 'first_section': 22353, 'first_departure_time': 1536685860, 'first_arrival_time': 1536703140, 'second_train_section': 23852, 'second_section': 22423, 'second_departure_time': 1536712980, 'second_arrival_time': 1536724080}
1853	{'task_type': 'regular', 'locomotive': 22620, 'train_section': 23852, 'section': 22423, 'departure_time': 1536712980, 'arrival_time': 1536724080}
1854	{'task_type': 'deadhead', 'locomotive': 22620, 'first_train_section': 23852, 'first_section': 22423, 'first_departure_time': 1536712980, 'first_arrival_time': 1536724080, 'second_train_section': 24567, 'second_section': 22497, 'second_departure_time': 1536731760, 'second_arrival_time': 1536733140}
1855	{'task_type': 'regular', 'locomotive': 22620, 'train_section': 24567, 'section': 22497, 'departure_time': 1536731760, 'arrival_time': 1536733140}
1856	{'task_type': 'deadhead', 'locomotive': 22620, 'first_train_section': 24567, 'first_section': 22497, 'first_departure_time': 1536731760, 'first_arrival_time': 1536733140, 'second_train_section': 25936, 'second_section': 22279, 'second_departure_time': 1536749400, 'second_arrival_time': 1536754980}
1857	{'task_type': 'regular', 'locomotive': 22620, 'train_section': 25936, 'section': 22279, 'departure_time': 1536749400, 'arrival_time': 1536754980}
1858	{'task_type': 'deadhead', 'locomotive': 22620, 'first_train_section': 25936, 'first_section': 22279, 'first_departure_time': 1536749400, 'first_arrival_time': 1536754980, 'second_train_section': 26292, 'second_section': 22329, 'second_departure_time': 1536764280, 'second_arrival_time': 1536765720}
1859	{'task_type': 'regular', 'locomotive': 22620, 'train_section': 26292, 'section': 22329, 'departure_time': 1536764280, 'arrival_time': 1536765720}
1860	{'task_type': 'deadhead', 'locomotive': 22620, 'first_train_section': 26292, 'first_section': 22329, 'first_departure_time': 1536764280, 'first_arrival_time': 1536765720, 'second_train_section': 23924, 'second_section': 22256, 'second_departure_time': 1536772200, 'second_arrival_time': 1536774480}
1861	{'task_type': 'regular', 'locomotive': 22620, 'train_section': 23924, 'section': 22256, 'departure_time': 1536772200, 'arrival_time': 1536774480}
1862	{'task_type': 'deadhead', 'locomotive': 22620, 'first_train_section': 23924, 'first_section': 22256, 'first_departure_time': 1536772200, 'first_arrival_time': 1536774480, 'second_train_section': 23470, 'second_section': 22332, 'second_departure_time': 1536784200, 'second_arrival_time': 1536788340}
1863	{'task_type': 'regular', 'locomotive': 22620, 'train_section': 23470, 'section': 22332, 'departure_time': 1536784200, 'arrival_time': 1536788340}
1864	{'task_type': 'deadhead', 'locomotive': 22620, 'first_train_section': 23470, 'first_section': 22332, 'first_departure_time': 1536784200, 'first_arrival_time': 1536788340, 'second_train_section': 27206, 'second_section': 22404, 'second_departure_time': 1536805260, 'second_arrival_time': 1536814500}
1865	{'task_type': 'regular', 'locomotive': 22620, 'train_section': 27206, 'section': 22404, 'departure_time': 1536805260, 'arrival_time': 1536814500}
1866	{'task_type': 'regular', 'locomotive': 22620, 'train_section': 27208, 'section': 22245, 'departure_time': 1536814680, 'arrival_time': 1536820140}
1867	{'task_type': 'deadhead', 'locomotive': 22620, 'first_train_section': 27208, 'first_section': 22245, 'first_departure_time': 1536814680, 'first_arrival_time': 1536820140, 'second_train_section': 27147, 'second_section': 22356, 'second_departure_time': 1536830880, 'second_arrival_time': 1536838140}
1868	{'task_type': 'regular', 'locomotive': 22620, 'train_section': 27147, 'section': 22356, 'departure_time': 1536830880, 'arrival_time': 1536838140}
1869	{'task_type': 'deadhead', 'locomotive': 22620, 'first_train_section': 27147, 'first_section': 22356, 'first_departure_time': 1536830880, 'first_arrival_time': 1536838140, 'second_train_section': 25179, 'second_section': 22263, 'second_departure_time': 1536845880, 'second_arrival_time': 1536847680}
1870	{'task_type': 'regular', 'locomotive': 22620, 'train_section': 25179, 'section': 22263, 'departure_time': 1536845880, 'arrival_time': 1536847680}
1871	{'task_type': 'regular', 'locomotive': 22620, 'train_section': 25181, 'section': 22247, 'departure_time': 1536847920, 'arrival_time': 1536859020}
1872	{'task_type': 'deadhead', 'locomotive': 22620, 'first_train_section': 26063, 'first_section': 22302, 'first_departure_time': 1536876060, 'first_arrival_time': 1536893040, 'second_train_section': 26698, 'second_section': 22508, 'second_departure_time': 1536903180, 'second_arrival_time': 1536906120}
1873	{'task_type': 'regular', 'locomotive': 22620, 'train_section': 26698, 'section': 22508, 'departure_time': 1536903180, 'arrival_time': 1536906120}
1874	{'task_type': 'deadhead', 'locomotive': 22620, 'first_train_section': 26698, 'first_section': 22508, 'first_departure_time': 1536903180, 'first_arrival_time': 1536906120, 'second_train_section': 26712, 'second_section': 22392, 'second_departure_time': 1536920700, 'second_arrival_time': 1536922080}
1875	{'task_type': 'regular', 'locomotive': 22620, 'train_section': 26712, 'section': 22392, 'departure_time': 1536920700, 'arrival_time': 1536922080}
1876	{'task_type': 'deadhead', 'locomotive': 22620, 'first_train_section': 26712, 'first_section': 22392, 'first_departure_time': 1536920700, 'first_arrival_time': 1536922080, 'second_train_section': 27539, 'second_section': 22383, 'second_departure_time': 1536934320, 'second_arrival_time': 1536937740}
1877	{'task_type': 'regular', 'locomotive': 22620, 'train_section': 27539, 'section': 22383, 'departure_time': 1536934320, 'arrival_time': 1536937740}
1878	{'task_type': 'deadhead', 'locomotive': 22620, 'first_train_section': 27539, 'first_section': 22383, 'first_departure_time': 1536934320, 'first_arrival_time': 1536937740, 'second_train_section': 27197, 'second_section': 22242, 'second_departure_time': 1536949560, 'second_arrival_time': 1536952680}
1879	{'task_type': 'regular', 'locomotive': 22620, 'train_section': 27197, 'section': 22242, 'departure_time': 1536949560, 'arrival_time': 1536952680}
1880	{'task_type': 'deadhead', 'locomotive': 22620, 'first_train_section': 27197, 'first_section': 22242, 'first_departure_time': 1536949560, 'first_arrival_time': 1536952680, 'second_train_section': 22806, 'second_section': 22398, 'second_departure_time': 1536960000, 'second_arrival_time': 1536965880}
1881	{'task_type': 'regular', 'locomotive': 22620, 'train_section': 22806, 'section': 22398, 'departure_time': 1536960000, 'arrival_time': 1536965880}
1882	{'task_type': 'regular', 'locomotive': 22620, 'train_section': 25897, 'section': 22334, 'departure_time': 1536979560, 'arrival_time': 1536982800}
1883	{'task_type': 'regular', 'locomotive': 22620, 'train_section': 25899, 'section': 22322, 'departure_time': 1536983820, 'arrival_time': 1536993480}
1884	{'task_type': 'deadhead', 'locomotive': 22620, 'first_train_section': 25899, 'first_section': 22322, 'first_departure_time': 1536983820, 'first_arrival_time': 1536993480, 'second_train_section': 22762, 'second_section': 22416, 'second_departure_time': 1537005240, 'second_arrival_time': 1537008900}
1885	{'task_type': 'regular', 'locomotive': 22620, 'train_section': 22762, 'section': 22416, 'departure_time': 1537005240, 'arrival_time': 1537008900}
1886	{'task_type': 'deadhead', 'locomotive': 22620, 'first_train_section': 22762, 'first_section': 22416, 'first_departure_time': 1537005240, 'first_arrival_time': 1537008900, 'second_train_section': 27049, 'second_section': 22407, 'second_departure_time': 1537035480, 'second_arrival_time': 1537042140}
1887	{'task_type': 'regular', 'locomotive': 22620, 'train_section': 27049, 'section': 22407, 'departure_time': 1537035480, 'arrival_time': 1537042140}
1888	{'task_type': 'regular', 'locomotive': 22622, 'train_section': 26983, 'section': 22266, 'departure_time': 1536701100, 'arrival_time': 1536707640}
1889	{'task_type': 'deadhead', 'locomotive': 22622, 'first_train_section': 26983, 'first_section': 22266, 'first_departure_time': 1536701100, 'first_arrival_time': 1536707640, 'second_train_section': 22677, 'second_section': 22248, 'second_departure_time': 1536724200, 'second_arrival_time': 1536726960}
1890	{'task_type': 'regular', 'locomotive': 22622, 'train_section': 22677, 'section': 22248, 'departure_time': 1536724200, 'arrival_time': 1536726960}
1891	{'task_type': 'deadhead', 'locomotive': 22622, 'first_train_section': 22677, 'first_section': 22248, 'first_departure_time': 1536724200, 'first_arrival_time': 1536726960, 'second_train_section': 24320, 'second_section': 22438, 'second_departure_time': 1536760320, 'second_arrival_time': 1536771060}
1892	{'task_type': 'regular', 'locomotive': 22622, 'train_section': 24320, 'section': 22438, 'departure_time': 1536760320, 'arrival_time': 1536771060}
1893	{'task_type': 'deadhead', 'locomotive': 22622, 'first_train_section': 24320, 'first_section': 22438, 'first_departure_time': 1536760320, 'first_arrival_time': 1536771060, 'second_train_section': 25507, 'second_section': 22277, 'second_departure_time': 1536780900, 'second_arrival_time': 1536784380}
1894	{'task_type': 'regular', 'locomotive': 22622, 'train_section': 25507, 'section': 22277, 'departure_time': 1536780900, 'arrival_time': 1536784380}
1895	{'task_type': 'deadhead', 'locomotive': 22622, 'first_train_section': 25507, 'first_section': 22277, 'first_departure_time': 1536780900, 'first_arrival_time': 1536784380, 'second_train_section': 26638, 'second_section': 22496, 'second_departure_time': 1536798840, 'second_arrival_time': 1536802560}
1896	{'task_type': 'regular', 'locomotive': 22622, 'train_section': 26638, 'section': 22496, 'departure_time': 1536798840, 'arrival_time': 1536802560}
1897	{'task_type': 'deadhead', 'locomotive': 22622, 'first_train_section': 26638, 'first_section': 22496, 'first_departure_time': 1536798840, 'first_arrival_time': 1536802560, 'second_train_section': 25432, 'second_section': 22431, 'second_departure_time': 1536803640, 'second_arrival_time': 1536807780}
1898	{'task_type': 'regular', 'locomotive': 22622, 'train_section': 25432, 'section': 22431, 'departure_time': 1536803640, 'arrival_time': 1536807780}
1899	{'task_type': 'deadhead', 'locomotive': 22622, 'first_train_section': 25432, 'first_section': 22431, 'first_departure_time': 1536803640, 'first_arrival_time': 1536807780, 'second_train_section': 24422, 'second_section': 22304, 'second_departure_time': 1536816900, 'second_arrival_time': 1536821940}
1900	{'task_type': 'regular', 'locomotive': 22622, 'train_section': 24422, 'section': 22304, 'departure_time': 1536816900, 'arrival_time': 1536821940}
1901	{'task_type': 'deadhead', 'locomotive': 22622, 'first_train_section': 24422, 'first_section': 22304, 'first_departure_time': 1536816900, 'first_arrival_time': 1536821940, 'second_train_section': 22690, 'second_section': 22351, 'second_departure_time': 1536828480, 'second_arrival_time': 1536833640}
1902	{'task_type': 'regular', 'locomotive': 22622, 'train_section': 22690, 'section': 22351, 'departure_time': 1536828480, 'arrival_time': 1536833640}
1903	{'task_type': 'deadhead', 'locomotive': 22622, 'first_train_section': 22690, 'first_section': 22351, 'first_departure_time': 1536828480, 'first_arrival_time': 1536833640, 'second_train_section': 25002, 'second_section': 22416, 'second_departure_time': 1536845040, 'second_arrival_time': 1536848700}
1904	{'task_type': 'regular', 'locomotive': 22622, 'train_section': 25002, 'section': 22416, 'departure_time': 1536845040, 'arrival_time': 1536848700}
1905	{'task_type': 'regular', 'locomotive': 22622, 'train_section': 25822, 'section': 22378, 'departure_time': 1536849300, 'arrival_time': 1536852960}
1906	{'task_type': 'deadhead', 'locomotive': 22622, 'first_train_section': 25822, 'first_section': 22378, 'first_departure_time': 1536849300, 'first_arrival_time': 1536852960, 'second_train_section': 26808, 'second_section': 22432, 'second_departure_time': 1536859680, 'second_arrival_time': 1536861300}
1907	{'task_type': 'regular', 'locomotive': 22622, 'train_section': 26808, 'section': 22432, 'departure_time': 1536859680, 'arrival_time': 1536861300}
1908	{'task_type': 'regular', 'locomotive': 22622, 'train_section': 23180, 'section': 22460, 'departure_time': 1536862860, 'arrival_time': 1536865200}
1909	{'task_type': 'deadhead', 'locomotive': 22622, 'first_train_section': 23180, 'first_section': 22460, 'first_departure_time': 1536862860, 'first_arrival_time': 1536865200, 'second_train_section': 27544, 'second_section': 22431, 'second_departure_time': 1536865440, 'second_arrival_time': 1536869280}
1910	{'task_type': 'regular', 'locomotive': 22622, 'train_section': 27544, 'section': 22431, 'departure_time': 1536865440, 'arrival_time': 1536869280}
1911	{'task_type': 'regular', 'locomotive': 22622, 'train_section': 27546, 'section': 22495, 'departure_time': 1536870420, 'arrival_time': 1536873180}
1912	{'task_type': 'regular', 'locomotive': 22622, 'train_section': 27548, 'section': 22306, 'departure_time': 1536874740, 'arrival_time': 1536878280}
1913	{'task_type': 'deadhead', 'locomotive': 22622, 'first_train_section': 27548, 'first_section': 22306, 'first_departure_time': 1536874740, 'first_arrival_time': 1536878280, 'second_train_section': 27005, 'second_section': 22308, 'second_departure_time': 1536885960, 'second_arrival_time': 1536888720}
1914	{'task_type': 'regular', 'locomotive': 22622, 'train_section': 27005, 'section': 22308, 'departure_time': 1536885960, 'arrival_time': 1536888720}
1915	{'task_type': 'deadhead', 'locomotive': 22622, 'first_train_section': 27005, 'first_section': 22308, 'first_departure_time': 1536885960, 'first_arrival_time': 1536888720, 'second_train_section': 26454, 'second_section': 22427, 'second_departure_time': 1536893820, 'second_arrival_time': 1536896820}
1916	{'task_type': 'regular', 'locomotive': 22622, 'train_section': 26454, 'section': 22427, 'departure_time': 1536893820, 'arrival_time': 1536896820}
1917	{'task_type': 'deadhead', 'locomotive': 22622, 'first_train_section': 26454, 'first_section': 22427, 'first_departure_time': 1536893820, 'first_arrival_time': 1536896820, 'second_train_section': 25193, 'second_section': 22496, 'second_departure_time': 1536900780, 'second_arrival_time': 1536904980}
1918	{'task_type': 'regular', 'locomotive': 22622, 'train_section': 25193, 'section': 22496, 'departure_time': 1536900780, 'arrival_time': 1536904980}
1919	{'task_type': 'deadhead', 'locomotive': 22622, 'first_train_section': 25193, 'first_section': 22496, 'first_departure_time': 1536900780, 'first_arrival_time': 1536904980, 'second_train_section': 22903, 'second_section': 22304, 'second_departure_time': 1536914100, 'second_arrival_time': 1536919020}
1920	{'task_type': 'regular', 'locomotive': 22622, 'train_section': 22903, 'section': 22304, 'departure_time': 1536914100, 'arrival_time': 1536919020}
1921	{'task_type': 'deadhead', 'locomotive': 22622, 'first_train_section': 22903, 'first_section': 22304, 'first_departure_time': 1536914100, 'first_arrival_time': 1536919020, 'second_train_section': 23170, 'second_section': 22413, 'second_departure_time': 1536935520, 'second_arrival_time': 1536939360}
1922	{'task_type': 'regular', 'locomotive': 22622, 'train_section': 23170, 'section': 22413, 'departure_time': 1536935520, 'arrival_time': 1536939360}
1923	{'task_type': 'deadhead', 'locomotive': 22622, 'first_train_section': 23170, 'first_section': 22413, 'first_departure_time': 1536935520, 'first_arrival_time': 1536939360, 'second_train_section': 27453, 'second_section': 22378, 'second_departure_time': 1536944700, 'second_arrival_time': 1536948360}
1924	{'task_type': 'regular', 'locomotive': 22622, 'train_section': 27453, 'section': 22378, 'departure_time': 1536944700, 'arrival_time': 1536948360}
1925	{'task_type': 'deadhead', 'locomotive': 22622, 'first_train_section': 27453, 'first_section': 22378, 'first_departure_time': 1536944700, 'first_arrival_time': 1536948360, 'second_train_section': 24558, 'second_section': 22460, 'second_departure_time': 1536949260, 'second_arrival_time': 1536951600}
1926	{'task_type': 'regular', 'locomotive': 22622, 'train_section': 24558, 'section': 22460, 'departure_time': 1536949260, 'arrival_time': 1536951600}
1927	{'task_type': 'deadhead', 'locomotive': 22622, 'first_train_section': 24221, 'first_section': 22377, 'first_departure_time': 1536962100, 'first_arrival_time': 1536962340, 'second_train_section': 24518, 'second_section': 22427, 'second_departure_time': 1536975960, 'second_arrival_time': 1536978900}
1928	{'task_type': 'regular', 'locomotive': 22622, 'train_section': 24518, 'section': 22427, 'departure_time': 1536975960, 'arrival_time': 1536978900}
1929	{'task_type': 'deadhead', 'locomotive': 22622, 'first_train_section': 24518, 'first_section': 22427, 'first_departure_time': 1536975960, 'first_arrival_time': 1536978900, 'second_train_section': 26388, 'second_section': 22496, 'second_departure_time': 1536983400, 'second_arrival_time': 1536989580}
1930	{'task_type': 'regular', 'locomotive': 22622, 'train_section': 26388, 'section': 22496, 'departure_time': 1536983400, 'arrival_time': 1536989580}
1931	{'task_type': 'deadhead', 'locomotive': 22622, 'first_train_section': 26388, 'first_section': 22496, 'first_departure_time': 1536983400, 'first_arrival_time': 1536989580, 'second_train_section': 22846, 'second_section': 22431, 'second_departure_time': 1536991800, 'second_arrival_time': 1536996420}
1932	{'task_type': 'regular', 'locomotive': 22622, 'train_section': 22846, 'section': 22431, 'departure_time': 1536991800, 'arrival_time': 1536996420}
1933	{'task_type': 'regular', 'locomotive': 22622, 'train_section': 25202, 'section': 22496, 'departure_time': 1536997260, 'arrival_time': 1537002060}
1934	{'task_type': 'deadhead', 'locomotive': 22622, 'first_train_section': 25202, 'first_section': 22496, 'first_departure_time': 1536997260, 'first_arrival_time': 1537002060, 'second_train_section': 25425, 'second_section': 22288, 'second_departure_time': 1537016340, 'second_arrival_time': 1537025100}
1935	{'task_type': 'regular', 'locomotive': 22622, 'train_section': 25425, 'section': 22288, 'departure_time': 1537016340, 'arrival_time': 1537025100}
1936	{'task_type': 'regular', 'locomotive': 22623, 'train_section': 25237, 'section': 22247, 'departure_time': 1536696960, 'arrival_time': 1536705660}
1937	{'task_type': 'deadhead', 'locomotive': 22623, 'first_train_section': 25237, 'first_section': 22247, 'first_departure_time': 1536696960, 'first_arrival_time': 1536705660, 'second_train_section': 25761, 'second_section': 22407, 'second_departure_time': 1536712320, 'second_arrival_time': 1536719760}
1938	{'task_type': 'regular', 'locomotive': 22623, 'train_section': 25761, 'section': 22407, 'departure_time': 1536712320, 'arrival_time': 1536719760}
1939	{'task_type': 'regular', 'locomotive': 22623, 'train_section': 25763, 'section': 22334, 'departure_time': 1536720360, 'arrival_time': 1536723600}
1940	{'task_type': 'regular', 'locomotive': 22623, 'train_section': 25765, 'section': 22322, 'departure_time': 1536724620, 'arrival_time': 1536734280}
1941	{'task_type': 'deadhead', 'locomotive': 22623, 'first_train_section': 25765, 'first_section': 22322, 'first_departure_time': 1536724620, 'first_arrival_time': 1536734280, 'second_train_section': 25214, 'second_section': 22281, 'second_departure_time': 1536736440, 'second_arrival_time': 1536741600}
1942	{'task_type': 'regular', 'locomotive': 22623, 'train_section': 25214, 'section': 22281, 'departure_time': 1536736440, 'arrival_time': 1536741600}
1943	{'task_type': 'deadhead', 'locomotive': 22623, 'first_train_section': 25214, 'first_section': 22281, 'first_departure_time': 1536736440, 'first_arrival_time': 1536741600, 'second_train_section': 26117, 'second_section': 22396, 'second_departure_time': 1536756960, 'second_arrival_time': 1536758820}
1944	{'task_type': 'regular', 'locomotive': 22623, 'train_section': 26117, 'section': 22396, 'departure_time': 1536756960, 'arrival_time': 1536758820}
1945	{'task_type': 'deadhead', 'locomotive': 22623, 'first_train_section': 26117, 'first_section': 22396, 'first_departure_time': 1536756960, 'first_arrival_time': 1536758820, 'second_train_section': 22694, 'second_section': 22404, 'second_departure_time': 1536760560, 'second_arrival_time': 1536770100}
1946	{'task_type': 'regular', 'locomotive': 22623, 'train_section': 22694, 'section': 22404, 'departure_time': 1536760560, 'arrival_time': 1536770100}
1947	{'task_type': 'deadhead', 'locomotive': 22623, 'first_train_section': 22694, 'first_section': 22404, 'first_departure_time': 1536760560, 'first_arrival_time': 1536770100, 'second_train_section': 26328, 'second_section': 22259, 'second_departure_time': 1536773040, 'second_arrival_time': 1536773340}
1948	{'task_type': 'regular', 'locomotive': 22623, 'train_section': 26328, 'section': 22259, 'departure_time': 1536773040, 'arrival_time': 1536773340}
1949	{'task_type': 'deadhead', 'locomotive': 22623, 'first_train_section': 26328, 'first_section': 22259, 'first_departure_time': 1536773040, 'first_arrival_time': 1536773340, 'second_train_section': 23757, 'second_section': 22261, 'second_departure_time': 1536781500, 'second_arrival_time': 1536783060}
1950	{'task_type': 'regular', 'locomotive': 22623, 'train_section': 23757, 'section': 22261, 'departure_time': 1536781500, 'arrival_time': 1536783060}
1951	{'task_type': 'deadhead', 'locomotive': 22623, 'first_train_section': 23757, 'first_section': 22261, 'first_departure_time': 1536781500, 'first_arrival_time': 1536783060, 'second_train_section': 22757, 'second_section': 22259, 'second_departure_time': 1536786420, 'second_arrival_time': 1536786840}
1952	{'task_type': 'regular', 'locomotive': 22623, 'train_section': 22757, 'section': 22259, 'departure_time': 1536786420, 'arrival_time': 1536786840}
1953	{'task_type': 'deadhead', 'locomotive': 22623, 'first_train_section': 22757, 'first_section': 22259, 'first_departure_time': 1536786420, 'first_arrival_time': 1536786840, 'second_train_section': 25381, 'second_section': 22247, 'second_departure_time': 1536793140, 'second_arrival_time': 1536801960}
1954	{'task_type': 'regular', 'locomotive': 22623, 'train_section': 25381, 'section': 22247, 'departure_time': 1536793140, 'arrival_time': 1536801960}
1955	{'task_type': 'deadhead', 'locomotive': 22623, 'first_train_section': 25381, 'first_section': 22247, 'first_departure_time': 1536793140, 'first_arrival_time': 1536801960, 'second_train_section': 23473, 'second_section': 22273, 'second_departure_time': 1536809040, 'second_arrival_time': 1536814560}
1956	{'task_type': 'regular', 'locomotive': 22623, 'train_section': 23473, 'section': 22273, 'departure_time': 1536809040, 'arrival_time': 1536814560}
1957	{'task_type': 'regular', 'locomotive': 22623, 'train_section': 23475, 'section': 22393, 'departure_time': 1536814740, 'arrival_time': 1536816480}
1958	{'task_type': 'deadhead', 'locomotive': 22623, 'first_train_section': 23475, 'first_section': 22393, 'first_departure_time': 1536814740, 'first_arrival_time': 1536816480, 'second_train_section': 25353, 'second_section': 22392, 'second_departure_time': 1536834300, 'second_arrival_time': 1536835680}
1959	{'task_type': 'regular', 'locomotive': 22623, 'train_section': 25353, 'section': 22392, 'departure_time': 1536834300, 'arrival_time': 1536835680}
1960	{'task_type': 'deadhead', 'locomotive': 22623, 'first_train_section': 25353, 'first_section': 22392, 'first_departure_time': 1536834300, 'first_arrival_time': 1536835680, 'second_train_section': 26449, 'second_section': 22367, 'second_departure_time': 1536853980, 'second_arrival_time': 1536855240}
1961	{'task_type': 'regular', 'locomotive': 22623, 'train_section': 26449, 'section': 22367, 'departure_time': 1536853980, 'arrival_time': 1536855240}
1962	{'task_type': 'deadhead', 'locomotive': 22623, 'first_train_section': 26449, 'first_section': 22367, 'first_departure_time': 1536853980, 'first_arrival_time': 1536855240, 'second_train_section': 23966, 'second_section': 22496, 'second_departure_time': 1536866940, 'second_arrival_time': 1536871260}
1963	{'task_type': 'regular', 'locomotive': 22623, 'train_section': 23966, 'section': 22496, 'departure_time': 1536866940, 'arrival_time': 1536871260}
1964	{'task_type': 'deadhead', 'locomotive': 22623, 'first_train_section': 23966, 'first_section': 22496, 'first_departure_time': 1536866940, 'first_arrival_time': 1536871260, 'second_train_section': 24715, 'second_section': 22429, 'second_departure_time': 1536872040, 'second_arrival_time': 1536874680}
1965	{'task_type': 'regular', 'locomotive': 22623, 'train_section': 24715, 'section': 22429, 'departure_time': 1536872040, 'arrival_time': 1536874680}
1966	{'task_type': 'deadhead', 'locomotive': 22623, 'first_train_section': 24715, 'first_section': 22429, 'first_departure_time': 1536872040, 'first_arrival_time': 1536874680, 'second_train_section': 27563, 'second_section': 22431, 'second_departure_time': 1536877140, 'second_arrival_time': 1536881340}
1967	{'task_type': 'regular', 'locomotive': 22623, 'train_section': 27563, 'section': 22431, 'departure_time': 1536877140, 'arrival_time': 1536881340}
1968	{'task_type': 'deadhead', 'locomotive': 22623, 'first_train_section': 27563, 'first_section': 22431, 'first_departure_time': 1536877140, 'first_arrival_time': 1536881340, 'second_train_section': 27393, 'second_section': 22354, 'second_departure_time': 1536896340, 'second_arrival_time': 1536900960}
1969	{'task_type': 'regular', 'locomotive': 22623, 'train_section': 27393, 'section': 22354, 'departure_time': 1536896340, 'arrival_time': 1536900960}
1970	{'task_type': 'deadhead', 'locomotive': 22623, 'first_train_section': 27393, 'first_section': 22354, 'first_departure_time': 1536896340, 'first_arrival_time': 1536900960, 'second_train_section': 22905, 'second_section': 22247, 'second_departure_time': 1536919200, 'second_arrival_time': 1536928620}
1971	{'task_type': 'regular', 'locomotive': 22623, 'train_section': 22905, 'section': 22247, 'departure_time': 1536919200, 'arrival_time': 1536928620}
1972	{'task_type': 'deadhead', 'locomotive': 22623, 'first_train_section': 22905, 'first_section': 22247, 'first_departure_time': 1536919200, 'first_arrival_time': 1536928620, 'second_train_section': 24866, 'second_section': 22472, 'second_departure_time': 1536937980, 'second_arrival_time': 1536943140}
1973	{'task_type': 'regular', 'locomotive': 22623, 'train_section': 24866, 'section': 22472, 'departure_time': 1536937980, 'arrival_time': 1536943140}
1974	{'task_type': 'deadhead', 'locomotive': 22623, 'first_train_section': 24866, 'first_section': 22472, 'first_departure_time': 1536937980, 'first_arrival_time': 1536943140, 'second_train_section': 27102, 'second_section': 22508, 'second_departure_time': 1536953820, 'second_arrival_time': 1536957360}
1975	{'task_type': 'regular', 'locomotive': 22623, 'train_section': 27102, 'section': 22508, 'departure_time': 1536953820, 'arrival_time': 1536957360}
1976	{'task_type': 'regular', 'locomotive': 22623, 'train_section': 27104, 'section': 22481, 'departure_time': 1536961080, 'arrival_time': 1536966000}
1977	{'task_type': 'deadhead', 'locomotive': 22623, 'first_train_section': 27104, 'first_section': 22481, 'first_departure_time': 1536961080, 'first_arrival_time': 1536966000, 'second_train_section': 24101, 'second_section': 22320, 'second_departure_time': 1536980280, 'second_arrival_time': 1536986700}
1978	{'task_type': 'regular', 'locomotive': 22623, 'train_section': 24101, 'section': 22320, 'departure_time': 1536980280, 'arrival_time': 1536986700}
1979	{'task_type': 'deadhead', 'locomotive': 22623, 'first_train_section': 24101, 'first_section': 22320, 'first_departure_time': 1536980280, 'first_arrival_time': 1536986700, 'second_train_section': 26723, 'second_section': 22447, 'second_departure_time': 1536994380, 'second_arrival_time': 1536997440}
1980	{'task_type': 'regular', 'locomotive': 22623, 'train_section': 26723, 'section': 22447, 'departure_time': 1536994380, 'arrival_time': 1536997440}
1981	{'task_type': 'deadhead', 'locomotive': 22623, 'first_train_section': 26723, 'first_section': 22447, 'first_departure_time': 1536994380, 'first_arrival_time': 1536997440, 'second_train_section': 27665, 'second_section': 22434, 'second_departure_time': 1537119360, 'second_arrival_time': 1537124640}
1982	{'task_type': 'regular', 'locomotive': 22623, 'train_section': 27665, 'section': 22434, 'departure_time': 1537119360, 'arrival_time': 1537124640}
1983	{'task_type': 'regular', 'locomotive': 22624, 'train_section': 26181, 'section': 22375, 'departure_time': 1536698760, 'arrival_time': 1536707340}
1984	{'task_type': 'deadhead', 'locomotive': 22624, 'first_train_section': 26181, 'first_section': 22375, 'first_departure_time': 1536698760, 'first_arrival_time': 1536707340, 'second_train_section': 27226, 'second_section': 22325, 'second_departure_time': 1536719700, 'second_arrival_time': 1536733980}
1985	{'task_type': 'regular', 'locomotive': 22624, 'train_section': 27226, 'section': 22325, 'departure_time': 1536719700, 'arrival_time': 1536733980}
1986	{'task_type': 'regular', 'locomotive': 22624, 'train_section': 24777, 'section': 22234, 'departure_time': 1536735000, 'arrival_time': 1536737760}
1987	{'task_type': 'regular', 'locomotive': 22624, 'train_section': 26289, 'section': 22438, 'departure_time': 1536738720, 'arrival_time': 1536749460}
1988	{'task_type': 'deadhead', 'locomotive': 22624, 'first_train_section': 26289, 'first_section': 22438, 'first_departure_time': 1536738720, 'first_arrival_time': 1536749460, 'second_train_section': 24115, 'second_section': 22438, 'second_departure_time': 1536767520, 'second_arrival_time': 1536778260}
1989	{'task_type': 'regular', 'locomotive': 22624, 'train_section': 24115, 'section': 22438, 'departure_time': 1536767520, 'arrival_time': 1536778260}
1990	{'task_type': 'deadhead', 'locomotive': 22624, 'first_train_section': 24115, 'first_section': 22438, 'first_departure_time': 1536767520, 'first_arrival_time': 1536778260, 'second_train_section': 24098, 'second_section': 22322, 'second_departure_time': 1536786780, 'second_arrival_time': 1536795000}
1991	{'task_type': 'regular', 'locomotive': 22624, 'train_section': 24098, 'section': 22322, 'departure_time': 1536786780, 'arrival_time': 1536795000}
1992	{'task_type': 'deadhead', 'locomotive': 22624, 'first_train_section': 24098, 'first_section': 22322, 'first_departure_time': 1536786780, 'first_arrival_time': 1536795000, 'second_train_section': 27351, 'second_section': 22463, 'second_departure_time': 1536811980, 'second_arrival_time': 1536820860}
1993	{'task_type': 'regular', 'locomotive': 22624, 'train_section': 27351, 'section': 22463, 'departure_time': 1536811980, 'arrival_time': 1536820860}
1994	{'task_type': 'regular', 'locomotive': 22624, 'train_section': 23269, 'section': 22314, 'departure_time': 1536824040, 'arrival_time': 1536826740}
1995	{'task_type': 'deadhead', 'locomotive': 22624, 'first_train_section': 23269, 'first_section': 22314, 'first_departure_time': 1536824040, 'first_arrival_time': 1536826740, 'second_train_section': 25153, 'second_section': 22338, 'second_departure_time': 1536848640, 'second_arrival_time': 1536860760}
1996	{'task_type': 'regular', 'locomotive': 22624, 'train_section': 25153, 'section': 22338, 'departure_time': 1536848640, 'arrival_time': 1536860760}
1997	{'task_type': 'deadhead', 'locomotive': 22624, 'first_train_section': 25153, 'first_section': 22338, 'first_departure_time': 1536848640, 'first_arrival_time': 1536860760, 'second_train_section': 24127, 'second_section': 22376, 'second_departure_time': 1536867900, 'second_arrival_time': 1536873600}
1998	{'task_type': 'regular', 'locomotive': 22624, 'train_section': 24127, 'section': 22376, 'departure_time': 1536867900, 'arrival_time': 1536873600}
1999	{'task_type': 'deadhead', 'locomotive': 22624, 'first_train_section': 24127, 'first_section': 22376, 'first_departure_time': 1536867900, 'first_arrival_time': 1536873600, 'second_train_section': 25571, 'second_section': 22383, 'second_departure_time': 1536897480, 'second_arrival_time': 1536901680}
2000	{'task_type': 'regular', 'locomotive': 22624, 'train_section': 25571, 'section': 22383, 'departure_time': 1536897480, 'arrival_time': 1536901680}
2001	{'task_type': 'deadhead', 'locomotive': 22624, 'first_train_section': 25571, 'first_section': 22383, 'first_departure_time': 1536897480, 'first_arrival_time': 1536901680, 'second_train_section': 23249, 'second_section': 22409, 'second_departure_time': 1536904740, 'second_arrival_time': 1536912240}
2002	{'task_type': 'regular', 'locomotive': 22624, 'train_section': 23249, 'section': 22409, 'departure_time': 1536904740, 'arrival_time': 1536912240}
2003	{'task_type': 'deadhead', 'locomotive': 22624, 'first_train_section': 23249, 'first_section': 22409, 'first_departure_time': 1536904740, 'first_arrival_time': 1536912240, 'second_train_section': 26201, 'second_section': 22404, 'second_departure_time': 1536920400, 'second_arrival_time': 1536929160}
2004	{'task_type': 'regular', 'locomotive': 22624, 'train_section': 26201, 'section': 22404, 'departure_time': 1536920400, 'arrival_time': 1536929160}
2005	{'task_type': 'deadhead', 'locomotive': 22624, 'first_train_section': 26201, 'first_section': 22404, 'first_departure_time': 1536920400, 'first_arrival_time': 1536929160, 'second_train_section': 25526, 'second_section': 22360, 'second_departure_time': 1536943680, 'second_arrival_time': 1536955320}
2006	{'task_type': 'regular', 'locomotive': 22624, 'train_section': 25526, 'section': 22360, 'departure_time': 1536943680, 'arrival_time': 1536955320}
2007	{'task_type': 'regular', 'locomotive': 22625, 'train_section': 23664, 'section': 22383, 'departure_time': 1536724680, 'arrival_time': 1536728880}
2008	{'task_type': 'deadhead', 'locomotive': 22625, 'first_train_section': 23664, 'first_section': 22383, 'first_departure_time': 1536724680, 'first_arrival_time': 1536728880, 'second_train_section': 25670, 'second_section': 22409, 'second_departure_time': 1536731940, 'second_arrival_time': 1536739440}
2009	{'task_type': 'regular', 'locomotive': 22625, 'train_section': 25670, 'section': 22409, 'departure_time': 1536731940, 'arrival_time': 1536739440}
2010	{'task_type': 'deadhead', 'locomotive': 22625, 'first_train_section': 25670, 'first_section': 22409, 'first_departure_time': 1536731940, 'first_arrival_time': 1536739440, 'second_train_section': 25255, 'second_section': 22404, 'second_departure_time': 1536749040, 'second_arrival_time': 1536758880}
2011	{'task_type': 'regular', 'locomotive': 22625, 'train_section': 25255, 'section': 22404, 'departure_time': 1536749040, 'arrival_time': 1536758880}
2012	{'task_type': 'deadhead', 'locomotive': 22625, 'first_train_section': 25255, 'first_section': 22404, 'first_departure_time': 1536749040, 'first_arrival_time': 1536758880, 'second_train_section': 24957, 'second_section': 22308, 'second_departure_time': 1536770880, 'second_arrival_time': 1536773820}
2013	{'task_type': 'regular', 'locomotive': 22625, 'train_section': 24957, 'section': 22308, 'departure_time': 1536770880, 'arrival_time': 1536773820}
2014	{'task_type': 'regular', 'locomotive': 22625, 'train_section': 22700, 'section': 22496, 'departure_time': 1536780540, 'arrival_time': 1536784860}
2015	{'task_type': 'deadhead', 'locomotive': 22625, 'first_train_section': 23751, 'first_section': 22377, 'first_departure_time': 1536789660, 'first_arrival_time': 1536808140, 'second_train_section': 27381, 'second_section': 22342, 'second_departure_time': 1536823140, 'second_arrival_time': 1536828420}
2016	{'task_type': 'regular', 'locomotive': 22625, 'train_section': 27381, 'section': 22342, 'departure_time': 1536823140, 'arrival_time': 1536828420}
2017	{'task_type': 'deadhead', 'locomotive': 22625, 'first_train_section': 27381, 'first_section': 22342, 'first_departure_time': 1536823140, 'first_arrival_time': 1536828420, 'second_train_section': 24183, 'second_section': 22479, 'second_departure_time': 1536844560, 'second_arrival_time': 1536846180}
2018	{'task_type': 'regular', 'locomotive': 22625, 'train_section': 24183, 'section': 22479, 'departure_time': 1536844560, 'arrival_time': 1536846180}
2019	{'task_type': 'deadhead', 'locomotive': 22625, 'first_train_section': 24183, 'first_section': 22479, 'first_departure_time': 1536844560, 'first_arrival_time': 1536846180, 'second_train_section': 26451, 'second_section': 22247, 'second_departure_time': 1536856260, 'second_arrival_time': 1536865260}
2020	{'task_type': 'regular', 'locomotive': 22625, 'train_section': 26451, 'section': 22247, 'departure_time': 1536856260, 'arrival_time': 1536865260}
2021	{'task_type': 'deadhead', 'locomotive': 22625, 'first_train_section': 26451, 'first_section': 22247, 'first_departure_time': 1536856260, 'first_arrival_time': 1536865260, 'second_train_section': 23619, 'second_section': 22404, 'second_departure_time': 1536874380, 'second_arrival_time': 1536883320}
2022	{'task_type': 'regular', 'locomotive': 22625, 'train_section': 23619, 'section': 22404, 'departure_time': 1536874380, 'arrival_time': 1536883320}
2023	{'task_type': 'deadhead', 'locomotive': 22625, 'first_train_section': 23619, 'first_section': 22404, 'first_departure_time': 1536874380, 'first_arrival_time': 1536883320, 'second_train_section': 25648, 'second_section': 22416, 'second_departure_time': 1536897240, 'second_arrival_time': 1536900900}
2024	{'task_type': 'regular', 'locomotive': 22625, 'train_section': 25648, 'section': 22416, 'departure_time': 1536897240, 'arrival_time': 1536900900}
2025	{'task_type': 'deadhead', 'locomotive': 22625, 'first_train_section': 25648, 'first_section': 22416, 'first_departure_time': 1536897240, 'first_arrival_time': 1536900900, 'second_train_section': 24370, 'second_section': 22495, 'second_departure_time': 1536922440, 'second_arrival_time': 1536925440}
2026	{'task_type': 'regular', 'locomotive': 22625, 'train_section': 24370, 'section': 22495, 'departure_time': 1536922440, 'arrival_time': 1536925440}
2027	{'task_type': 'deadhead', 'locomotive': 22625, 'first_train_section': 24370, 'first_section': 22495, 'first_departure_time': 1536922440, 'first_arrival_time': 1536925440, 'second_train_section': 26278, 'second_section': 22499, 'second_departure_time': 1536932700, 'second_arrival_time': 1536937860}
2028	{'task_type': 'regular', 'locomotive': 22625, 'train_section': 26278, 'section': 22499, 'departure_time': 1536932700, 'arrival_time': 1536937860}
2029	{'task_type': 'deadhead', 'locomotive': 22625, 'first_train_section': 26278, 'first_section': 22499, 'first_departure_time': 1536932700, 'first_arrival_time': 1536937860, 'second_train_section': 24712, 'second_section': 22483, 'second_departure_time': 1536945240, 'second_arrival_time': 1536948360}
2030	{'task_type': 'regular', 'locomotive': 22625, 'train_section': 24712, 'section': 22483, 'departure_time': 1536945240, 'arrival_time': 1536948360}
2031	{'task_type': 'deadhead', 'locomotive': 22625, 'first_train_section': 24712, 'first_section': 22483, 'first_departure_time': 1536945240, 'first_arrival_time': 1536948360, 'second_train_section': 24427, 'second_section': 22501, 'second_departure_time': 1536956640, 'second_arrival_time': 1536958860}
2032	{'task_type': 'regular', 'locomotive': 22625, 'train_section': 24427, 'section': 22501, 'departure_time': 1536956640, 'arrival_time': 1536958860}
2033	{'task_type': 'deadhead', 'locomotive': 22625, 'first_train_section': 24427, 'first_section': 22501, 'first_departure_time': 1536956640, 'first_arrival_time': 1536958860, 'second_train_section': 23730, 'second_section': 22308, 'second_departure_time': 1536963720, 'second_arrival_time': 1536966420}
2034	{'task_type': 'regular', 'locomotive': 22625, 'train_section': 23730, 'section': 22308, 'departure_time': 1536963720, 'arrival_time': 1536966420}
2035	{'task_type': 'deadhead', 'locomotive': 22625, 'first_train_section': 23730, 'first_section': 22308, 'first_departure_time': 1536963720, 'first_arrival_time': 1536966420, 'second_train_section': 27144, 'second_section': 22280, 'second_departure_time': 1536983640, 'second_arrival_time': 1536990240}
2036	{'task_type': 'regular', 'locomotive': 22625, 'train_section': 27144, 'section': 22280, 'departure_time': 1536983640, 'arrival_time': 1536990240}
2037	{'task_type': 'deadhead', 'locomotive': 22625, 'first_train_section': 27144, 'first_section': 22280, 'first_departure_time': 1536983640, 'first_arrival_time': 1536990240, 'second_train_section': 27435, 'second_section': 22416, 'second_departure_time': 1537120440, 'second_arrival_time': 1537124100}
2038	{'task_type': 'regular', 'locomotive': 22625, 'train_section': 27435, 'section': 22416, 'departure_time': 1537120440, 'arrival_time': 1537124100}
