1	{'task_type': 'regular', 'locomotive': 22550, 'train_section': 24800, 'section': 22389, 'departure_time': 1536672600, 'arrival_time': 1536679320}
2	{'task_type': 'deadhead', 'locomotive': 22550, 'first_train_section': 24800, 'first_section': 22389, 'first_departure_time': 1536672600, 'first_arrival_time': 1536679320, 'second_train_section': 25040, 'second_section': 22449, 'second_departure_time': 1536689580, 'second_arrival_time': 1536691740}
3	{'task_type': 'regular', 'locomotive': 22550, 'train_section': 25040, 'section': 22449, 'departure_time': 1536689580, 'arrival_time': 1536691740}
4	{'task_type': 'deadhead', 'locomotive': 22550, 'first_train_section': 22939, 'first_section': 22377, 'first_departure_time': 1536702900, 'first_arrival_time': 1536703140, 'second_train_section': 26730, 'second_section': 22423, 'second_departure_time': 1536712980, 'second_arrival_time': 1536724080}
5	{'task_type': 'regular', 'locomotive': 22550, 'train_section': 26730, 'section': 22423, 'departure_time': 1536712980, 'arrival_time': 1536724080}
6	{'task_type': 'deadhead', 'locomotive': 22550, 'first_train_section': 26730, 'first_section': 22423, 'first_departure_time': 1536712980, 'first_arrival_time': 1536724080, 'second_train_section': 23856, 'second_section': 22497, 'second_departure_time': 1536731760, 'second_arrival_time': 1536733140}
7	{'task_type': 'regular', 'locomotive': 22550, 'train_section': 23856, 'section': 22497, 'departure_time': 1536731760, 'arrival_time': 1536733140}
8	{'task_type': 'regular', 'locomotive': 22555, 'train_section': 23575, 'section': 22482, 'departure_time': 1536662880, 'arrival_time': 1536664500}
9	{'task_type': 'deadhead', 'locomotive': 22555, 'first_train_section': 23575, 'first_section': 22482, 'first_departure_time': 1536662880, 'first_arrival_time': 1536664500, 'second_train_section': 28579, 'second_section': 22508, 'second_departure_time': 1536670140, 'second_arrival_time': 1536673500}
10	{'task_type': 'regular', 'locomotive': 22555, 'train_section': 28579, 'section': 22508, 'departure_time': 1536670140, 'arrival_time': 1536673500}
11	{'task_type': 'deadhead', 'locomotive': 22555, 'first_train_section': 28579, 'first_section': 22508, 'first_departure_time': 1536670140, 'first_arrival_time': 1536673500, 'second_train_section': 23713, 'second_section': 22351, 'second_departure_time': 1536684480, 'second_arrival_time': 1536689640}
12	{'task_type': 'regular', 'locomotive': 22555, 'train_section': 23713, 'section': 22351, 'departure_time': 1536684480, 'arrival_time': 1536689640}
13	{'task_type': 'deadhead', 'locomotive': 22555, 'first_train_section': 23713, 'first_section': 22351, 'first_departure_time': 1536684480, 'first_arrival_time': 1536689640, 'second_train_section': 28720, 'second_section': 22504, 'second_departure_time': 1536695220, 'second_arrival_time': 1536700260}
14	{'task_type': 'regular', 'locomotive': 22555, 'train_section': 28720, 'section': 22504, 'departure_time': 1536695220, 'arrival_time': 1536700260}
15	{'task_type': 'deadhead', 'locomotive': 22555, 'first_train_section': 28720, 'first_section': 22504, 'first_departure_time': 1536695220, 'first_arrival_time': 1536700260, 'second_train_section': 23382, 'second_section': 22352, 'second_departure_time': 1536706320, 'second_arrival_time': 1536713040}
16	{'task_type': 'regular', 'locomotive': 22555, 'train_section': 23382, 'section': 22352, 'departure_time': 1536706320, 'arrival_time': 1536713040}
17	{'task_type': 'deadhead', 'locomotive': 22555, 'first_train_section': 23382, 'first_section': 22352, 'first_departure_time': 1536706320, 'first_arrival_time': 1536713040, 'second_train_section': 24918, 'second_section': 22304, 'second_departure_time': 1536722040, 'second_arrival_time': 1536726420}
18	{'task_type': 'regular', 'locomotive': 22555, 'train_section': 24918, 'section': 22304, 'departure_time': 1536722040, 'arrival_time': 1536726420}
19	{'task_type': 'regular', 'locomotive': 22555, 'train_section': 26265, 'section': 22245, 'departure_time': 1536728280, 'arrival_time': 1536733740}
20	{'task_type': 'deadhead', 'locomotive': 22555, 'first_train_section': 26265, 'first_section': 22245, 'first_departure_time': 1536728280, 'first_arrival_time': 1536733740, 'second_train_section': 26839, 'second_section': 22495, 'second_departure_time': 1536736380, 'second_arrival_time': 1536739320}
21	{'task_type': 'regular', 'locomotive': 22555, 'train_section': 26839, 'section': 22495, 'departure_time': 1536736380, 'arrival_time': 1536739320}
22	{'task_type': 'regular', 'locomotive': 22555, 'train_section': 28618, 'section': 22308, 'departure_time': 1536743040, 'arrival_time': 1536745680}
23	{'task_type': 'deadhead', 'locomotive': 22555, 'first_train_section': 28618, 'first_section': 22308, 'first_departure_time': 1536743040, 'first_arrival_time': 1536745680, 'second_train_section': 24193, 'second_section': 22304, 'second_departure_time': 1536750120, 'second_arrival_time': 1536755280}
24	{'task_type': 'regular', 'locomotive': 22555, 'train_section': 24193, 'section': 22304, 'departure_time': 1536750120, 'arrival_time': 1536755280}
25	{'task_type': 'regular', 'locomotive': 22555, 'train_section': 24195, 'section': 22247, 'departure_time': 1536755520, 'arrival_time': 1536766620}
26	{'task_type': 'deadhead', 'locomotive': 22555, 'first_train_section': 24195, 'first_section': 22247, 'first_departure_time': 1536755520, 'first_arrival_time': 1536766620, 'second_train_section': 23542, 'second_section': 22407, 'second_departure_time': 1536776280, 'second_arrival_time': 1536782940}
27	{'task_type': 'regular', 'locomotive': 22555, 'train_section': 23542, 'section': 22407, 'departure_time': 1536776280, 'arrival_time': 1536782940}
28	{'task_type': 'regular', 'locomotive': 22555, 'train_section': 23544, 'section': 22334, 'departure_time': 1536783420, 'arrival_time': 1536786600}
29	{'task_type': 'regular', 'locomotive': 22555, 'train_section': 24204, 'section': 22322, 'departure_time': 1536794160, 'arrival_time': 1536801660}
30	{'task_type': 'deadhead', 'locomotive': 22555, 'first_train_section': 24204, 'first_section': 22322, 'first_departure_time': 1536794160, 'first_arrival_time': 1536801660, 'second_train_section': 24266, 'second_section': 22280, 'second_departure_time': 1536810840, 'second_arrival_time': 1536817440}
31	{'task_type': 'regular', 'locomotive': 22555, 'train_section': 24266, 'section': 22280, 'departure_time': 1536810840, 'arrival_time': 1536817440}
32	{'task_type': 'regular', 'locomotive': 22555, 'train_section': 25858, 'section': 22333, 'departure_time': 1536819300, 'arrival_time': 1536822120}
33	{'task_type': 'deadhead', 'locomotive': 22555, 'first_train_section': 25858, 'first_section': 22333, 'first_departure_time': 1536819300, 'first_arrival_time': 1536822120, 'second_train_section': 25862, 'second_section': 22351, 'second_departure_time': 1536828480, 'second_arrival_time': 1536833640}
34	{'task_type': 'regular', 'locomotive': 22555, 'train_section': 25862, 'section': 22351, 'departure_time': 1536828480, 'arrival_time': 1536833640}
35	{'task_type': 'deadhead', 'locomotive': 22555, 'first_train_section': 25862, 'first_section': 22351, 'first_departure_time': 1536828480, 'first_arrival_time': 1536833640, 'second_train_section': 23281, 'second_section': 22341, 'second_departure_time': 1536843420, 'second_arrival_time': 1536847320}
36	{'task_type': 'regular', 'locomotive': 22555, 'train_section': 23281, 'section': 22341, 'departure_time': 1536843420, 'arrival_time': 1536847320}
37	{'task_type': 'deadhead', 'locomotive': 22555, 'first_train_section': 23281, 'first_section': 22341, 'first_departure_time': 1536843420, 'first_arrival_time': 1536847320, 'second_train_section': 27001, 'second_section': 22342, 'second_departure_time': 1536851940, 'second_arrival_time': 1536857220}
38	{'task_type': 'regular', 'locomotive': 22555, 'train_section': 27001, 'section': 22342, 'departure_time': 1536851940, 'arrival_time': 1536857220}
39	{'task_type': 'regular', 'locomotive': 22555, 'train_section': 28513, 'section': 22284, 'departure_time': 1536857520, 'arrival_time': 1536861180}
40	{'task_type': 'deadhead', 'locomotive': 22555, 'first_train_section': 28513, 'first_section': 22284, 'first_departure_time': 1536857520, 'first_arrival_time': 1536861180, 'second_train_section': 23539, 'second_section': 22378, 'second_departure_time': 1536865500, 'second_arrival_time': 1536869160}
41	{'task_type': 'regular', 'locomotive': 22555, 'train_section': 23539, 'section': 22378, 'departure_time': 1536865500, 'arrival_time': 1536869160}
42	{'task_type': 'deadhead', 'locomotive': 22555, 'first_train_section': 23062, 'first_section': 22417, 'first_departure_time': 1536869160, 'first_arrival_time': 1536875940, 'second_train_section': 26775, 'second_section': 22431, 'second_departure_time': 1536890040, 'second_arrival_time': 1536894180}
43	{'task_type': 'regular', 'locomotive': 22555, 'train_section': 26775, 'section': 22431, 'departure_time': 1536890040, 'arrival_time': 1536894180}
44	{'task_type': 'regular', 'locomotive': 22555, 'train_section': 25082, 'section': 22495, 'departure_time': 1536899640, 'arrival_time': 1536902460}
45	{'task_type': 'deadhead', 'locomotive': 22555, 'first_train_section': 25082, 'first_section': 22495, 'first_departure_time': 1536899640, 'first_arrival_time': 1536902460, 'second_train_section': 25277, 'second_section': 22245, 'second_departure_time': 1536910380, 'second_arrival_time': 1536915360}
46	{'task_type': 'regular', 'locomotive': 22555, 'train_section': 25277, 'section': 22245, 'departure_time': 1536910380, 'arrival_time': 1536915360}
47	{'task_type': 'regular', 'locomotive': 22555, 'train_section': 27075, 'section': 22304, 'departure_time': 1536926520, 'arrival_time': 1536931380}
48	{'task_type': 'regular', 'locomotive': 22555, 'train_section': 27077, 'section': 22247, 'departure_time': 1536931620, 'arrival_time': 1536943020}
49	{'task_type': 'deadhead', 'locomotive': 22555, 'first_train_section': 27077, 'first_section': 22247, 'first_departure_time': 1536931620, 'first_arrival_time': 1536943020, 'second_train_section': 27651, 'second_section': 22365, 'second_departure_time': 1536950220, 'second_arrival_time': 1536953760}
50	{'task_type': 'regular', 'locomotive': 22555, 'train_section': 27651, 'section': 22365, 'departure_time': 1536950220, 'arrival_time': 1536953760}
51	{'task_type': 'deadhead', 'locomotive': 22555, 'first_train_section': 27651, 'first_section': 22365, 'first_departure_time': 1536950220, 'first_arrival_time': 1536953760, 'second_train_section': 26036, 'second_section': 22345, 'second_departure_time': 1536973560, 'second_arrival_time': 1536976500}
52	{'task_type': 'regular', 'locomotive': 22555, 'train_section': 26036, 'section': 22345, 'departure_time': 1536973560, 'arrival_time': 1536976500}
53	{'task_type': 'regular', 'locomotive': 22555, 'train_section': 26609, 'section': 22369, 'departure_time': 1536978240, 'arrival_time': 1536981120}
54	{'task_type': 'regular', 'locomotive': 22555, 'train_section': 26558, 'section': 22348, 'departure_time': 1536981180, 'arrival_time': 1536984720}
55	{'task_type': 'deadhead', 'locomotive': 22555, 'first_train_section': 26558, 'first_section': 22348, 'first_departure_time': 1536981180, 'first_arrival_time': 1536984720, 'second_train_section': 27516, 'second_section': 22308, 'second_departure_time': 1536993660, 'second_arrival_time': 1536996360}
56	{'task_type': 'regular', 'locomotive': 22555, 'train_section': 27516, 'section': 22308, 'departure_time': 1536993660, 'arrival_time': 1536996360}
57	{'task_type': 'deadhead', 'locomotive': 22555, 'first_train_section': 27516, 'first_section': 22308, 'first_departure_time': 1536993660, 'first_arrival_time': 1536996360, 'second_train_section': 25380, 'second_section': 22304, 'second_departure_time': 1537009320, 'second_arrival_time': 1537014480}
58	{'task_type': 'regular', 'locomotive': 22555, 'train_section': 25380, 'section': 22304, 'departure_time': 1537009320, 'arrival_time': 1537014480}
59	{'task_type': 'regular', 'locomotive': 22556, 'train_section': 29031, 'section': 22331, 'departure_time': 1536664080, 'arrival_time': 1536674880}
60	{'task_type': 'deadhead', 'locomotive': 22556, 'first_train_section': 29031, 'first_section': 22331, 'first_departure_time': 1536664080, 'first_arrival_time': 1536674880, 'second_train_section': 28767, 'second_section': 22329, 'second_departure_time': 1536685080, 'second_arrival_time': 1536686520}
61	{'task_type': 'regular', 'locomotive': 22556, 'train_section': 28767, 'section': 22329, 'departure_time': 1536685080, 'arrival_time': 1536686520}
62	{'task_type': 'deadhead', 'locomotive': 22556, 'first_train_section': 28767, 'first_section': 22329, 'first_departure_time': 1536685080, 'first_arrival_time': 1536686520, 'second_train_section': 23464, 'second_section': 22343, 'second_departure_time': 1536697200, 'second_arrival_time': 1536707940}
63	{'task_type': 'regular', 'locomotive': 22556, 'train_section': 23464, 'section': 22343, 'departure_time': 1536697200, 'arrival_time': 1536707940}
64	{'task_type': 'deadhead', 'locomotive': 22556, 'first_train_section': 23464, 'first_section': 22343, 'first_departure_time': 1536697200, 'first_arrival_time': 1536707940, 'second_train_section': 27884, 'second_section': 22334, 'second_departure_time': 1536720360, 'second_arrival_time': 1536723600}
65	{'task_type': 'regular', 'locomotive': 22556, 'train_section': 27884, 'section': 22334, 'departure_time': 1536720360, 'arrival_time': 1536723600}
66	{'task_type': 'deadhead', 'locomotive': 22556, 'first_train_section': 27884, 'first_section': 22334, 'first_departure_time': 1536720360, 'first_arrival_time': 1536723600, 'second_train_section': 28084, 'second_section': 22331, 'second_departure_time': 1536728880, 'second_arrival_time': 1536739680}
67	{'task_type': 'regular', 'locomotive': 22556, 'train_section': 28084, 'section': 22331, 'departure_time': 1536728880, 'arrival_time': 1536739680}
68	{'task_type': 'deadhead', 'locomotive': 22556, 'first_train_section': 28084, 'first_section': 22331, 'first_departure_time': 1536728880, 'first_arrival_time': 1536739680, 'second_train_section': 28180, 'second_section': 22337, 'second_departure_time': 1536753480, 'second_arrival_time': 1536760200}
69	{'task_type': 'regular', 'locomotive': 22556, 'train_section': 28180, 'section': 22337, 'departure_time': 1536753480, 'arrival_time': 1536760200}
70	{'task_type': 'deadhead', 'locomotive': 22556, 'first_train_section': 28180, 'first_section': 22337, 'first_departure_time': 1536753480, 'first_arrival_time': 1536760200, 'second_train_section': 25815, 'second_section': 22331, 'second_departure_time': 1536772080, 'second_arrival_time': 1536783000}
71	{'task_type': 'regular', 'locomotive': 22556, 'train_section': 25815, 'section': 22331, 'departure_time': 1536772080, 'arrival_time': 1536783000}
72	{'task_type': 'regular', 'locomotive': 22556, 'train_section': 23354, 'section': 22331, 'departure_time': 1536851280, 'arrival_time': 1536862140}
73	{'task_type': 'regular', 'locomotive': 22556, 'train_section': 23342, 'section': 22439, 'departure_time': 1536864720, 'arrival_time': 1536871800}
74	{'task_type': 'regular', 'locomotive': 22556, 'train_section': 28259, 'section': 22320, 'departure_time': 1536893880, 'arrival_time': 1536900300}
75	{'task_type': 'regular', 'locomotive': 22556, 'train_section': 24777, 'section': 22329, 'departure_time': 1536901080, 'arrival_time': 1536902520}
76	{'task_type': 'regular', 'locomotive': 22556, 'train_section': 23643, 'section': 22388, 'departure_time': 1536903480, 'arrival_time': 1536905580}
77	{'task_type': 'deadhead', 'locomotive': 22556, 'first_train_section': 23643, 'first_section': 22388, 'first_departure_time': 1536903480, 'first_arrival_time': 1536905580, 'second_train_section': 23386, 'second_section': 22331, 'second_departure_time': 1536908880, 'second_arrival_time': 1536919680}
78	{'task_type': 'regular', 'locomotive': 22556, 'train_section': 23386, 'section': 22331, 'departure_time': 1536908880, 'arrival_time': 1536919680}
79	{'task_type': 'regular', 'locomotive': 22556, 'train_section': 25473, 'section': 22438, 'departure_time': 1536933120, 'arrival_time': 1536943860}
80	{'task_type': 'deadhead', 'locomotive': 22556, 'first_train_section': 25473, 'first_section': 22438, 'first_departure_time': 1536933120, 'first_arrival_time': 1536943860, 'second_train_section': 27044, 'second_section': 22289, 'second_departure_time': 1536953100, 'second_arrival_time': 1536960720}
81	{'task_type': 'regular', 'locomotive': 22556, 'train_section': 27044, 'section': 22289, 'departure_time': 1536953100, 'arrival_time': 1536960720}
82	{'task_type': 'deadhead', 'locomotive': 22556, 'first_train_section': 27044, 'first_section': 22289, 'first_departure_time': 1536953100, 'first_arrival_time': 1536960720, 'second_train_section': 23176, 'second_section': 22247, 'second_departure_time': 1536976200, 'second_arrival_time': 1536986760}
83	{'task_type': 'regular', 'locomotive': 22556, 'train_section': 23176, 'section': 22247, 'departure_time': 1536976200, 'arrival_time': 1536986760}
84	{'task_type': 'regular', 'locomotive': 22559, 'train_section': 26135, 'section': 22251, 'departure_time': 1536640140, 'arrival_time': 1536643860}
85	{'task_type': 'deadhead', 'locomotive': 22559, 'first_train_section': 26135, 'first_section': 22251, 'first_departure_time': 1536640140, 'first_arrival_time': 1536643860, 'second_train_section': 28158, 'second_section': 22455, 'second_departure_time': 1536645480, 'second_arrival_time': 1536656880}
86	{'task_type': 'regular', 'locomotive': 22559, 'train_section': 28158, 'section': 22455, 'departure_time': 1536645480, 'arrival_time': 1536656880}
87	{'task_type': 'deadhead', 'locomotive': 22559, 'first_train_section': 28158, 'first_section': 22455, 'first_departure_time': 1536645480, 'first_arrival_time': 1536656880, 'second_train_section': 23711, 'second_section': 22472, 'second_departure_time': 1536678780, 'second_arrival_time': 1536683940}
88	{'task_type': 'regular', 'locomotive': 22559, 'train_section': 23711, 'section': 22472, 'departure_time': 1536678780, 'arrival_time': 1536683940}
89	{'task_type': 'regular', 'locomotive': 22561, 'train_section': 25015, 'section': 22447, 'departure_time': 1536648780, 'arrival_time': 1536651840}
90	{'task_type': 'deadhead', 'locomotive': 22561, 'first_train_section': 25015, 'first_section': 22447, 'first_departure_time': 1536648780, 'first_arrival_time': 1536651840, 'second_train_section': 24072, 'second_section': 22313, 'second_departure_time': 1536670080, 'second_arrival_time': 1536675000}
91	{'task_type': 'regular', 'locomotive': 22561, 'train_section': 24072, 'section': 22313, 'departure_time': 1536670080, 'arrival_time': 1536675000}
92	{'task_type': 'regular', 'locomotive': 22561, 'train_section': 28871, 'section': 22277, 'departure_time': 1536687300, 'arrival_time': 1536690780}
93	{'task_type': 'deadhead', 'locomotive': 22561, 'first_train_section': 28871, 'first_section': 22277, 'first_departure_time': 1536687300, 'first_arrival_time': 1536690780, 'second_train_section': 28700, 'second_section': 22294, 'second_departure_time': 1536696480, 'second_arrival_time': 1536699720}
94	{'task_type': 'regular', 'locomotive': 22561, 'train_section': 28700, 'section': 22294, 'departure_time': 1536696480, 'arrival_time': 1536699720}
95	{'task_type': 'deadhead', 'locomotive': 22561, 'first_train_section': 28700, 'first_section': 22294, 'first_departure_time': 1536696480, 'first_arrival_time': 1536699720, 'second_train_section': 25317, 'second_section': 22450, 'second_departure_time': 1536705240, 'second_arrival_time': 1536710460}
96	{'task_type': 'regular', 'locomotive': 22561, 'train_section': 25317, 'section': 22450, 'departure_time': 1536705240, 'arrival_time': 1536710460}
97	{'task_type': 'deadhead', 'locomotive': 22561, 'first_train_section': 25317, 'first_section': 22450, 'first_departure_time': 1536705240, 'first_arrival_time': 1536710460, 'second_train_section': 25500, 'second_section': 22293, 'second_departure_time': 1536718680, 'second_arrival_time': 1536727140}
98	{'task_type': 'regular', 'locomotive': 22561, 'train_section': 25500, 'section': 22293, 'departure_time': 1536718680, 'arrival_time': 1536727140}
99	{'task_type': 'deadhead', 'locomotive': 22561, 'first_train_section': 25500, 'first_section': 22293, 'first_departure_time': 1536718680, 'first_arrival_time': 1536727140, 'second_train_section': 28363, 'second_section': 22447, 'second_departure_time': 1536735180, 'second_arrival_time': 1536738240}
100	{'task_type': 'regular', 'locomotive': 22561, 'train_section': 28363, 'section': 22447, 'departure_time': 1536735180, 'arrival_time': 1536738240}
101	{'task_type': 'regular', 'locomotive': 22561, 'train_section': 23922, 'section': 22256, 'departure_time': 1536743880, 'arrival_time': 1536746580}
102	{'task_type': 'deadhead', 'locomotive': 22561, 'first_train_section': 23922, 'first_section': 22256, 'first_departure_time': 1536743880, 'first_arrival_time': 1536746580, 'second_train_section': 28336, 'second_section': 22285, 'second_departure_time': 1536753720, 'second_arrival_time': 1536762840}
103	{'task_type': 'regular', 'locomotive': 22561, 'train_section': 28336, 'section': 22285, 'departure_time': 1536753720, 'arrival_time': 1536762840}
104	{'task_type': 'deadhead', 'locomotive': 22561, 'first_train_section': 28336, 'first_section': 22285, 'first_departure_time': 1536753720, 'first_arrival_time': 1536762840, 'second_train_section': 27047, 'second_section': 22327, 'second_departure_time': 1536766980, 'second_arrival_time': 1536774060}
105	{'task_type': 'regular', 'locomotive': 22561, 'train_section': 27047, 'section': 22327, 'departure_time': 1536766980, 'arrival_time': 1536774060}
106	{'task_type': 'deadhead', 'locomotive': 22561, 'first_train_section': 27047, 'first_section': 22327, 'first_departure_time': 1536766980, 'first_arrival_time': 1536774060, 'second_train_section': 23112, 'second_section': 22332, 'second_departure_time': 1536784200, 'second_arrival_time': 1536788340}
107	{'task_type': 'regular', 'locomotive': 22561, 'train_section': 23112, 'section': 22332, 'departure_time': 1536784200, 'arrival_time': 1536788340}
108	{'task_type': 'deadhead', 'locomotive': 22561, 'first_train_section': 22746, 'first_section': 22470, 'first_departure_time': 1536788400, 'first_arrival_time': 1536789540, 'second_train_section': 25844, 'second_section': 22372, 'second_departure_time': 1536804540, 'second_arrival_time': 1536808500}
109	{'task_type': 'regular', 'locomotive': 22561, 'train_section': 25844, 'section': 22372, 'departure_time': 1536804540, 'arrival_time': 1536808500}
110	{'task_type': 'deadhead', 'locomotive': 22561, 'first_train_section': 25844, 'first_section': 22372, 'first_departure_time': 1536804540, 'first_arrival_time': 1536808500, 'second_train_section': 26123, 'second_section': 22361, 'second_departure_time': 1536814080, 'second_arrival_time': 1536816540}
111	{'task_type': 'regular', 'locomotive': 22561, 'train_section': 26123, 'section': 22361, 'departure_time': 1536814080, 'arrival_time': 1536816540}
112	{'task_type': 'deadhead', 'locomotive': 22561, 'first_train_section': 26123, 'first_section': 22361, 'first_departure_time': 1536814080, 'first_arrival_time': 1536816540, 'second_train_section': 26504, 'second_section': 22481, 'second_departure_time': 1536822960, 'second_arrival_time': 1536827880}
113	{'task_type': 'regular', 'locomotive': 22561, 'train_section': 26504, 'section': 22481, 'departure_time': 1536822960, 'arrival_time': 1536827880}
114	{'task_type': 'deadhead', 'locomotive': 22561, 'first_train_section': 26504, 'first_section': 22481, 'first_departure_time': 1536822960, 'first_arrival_time': 1536827880, 'second_train_section': 24848, 'second_section': 22381, 'second_departure_time': 1536838320, 'second_arrival_time': 1536840240}
115	{'task_type': 'regular', 'locomotive': 22561, 'train_section': 24848, 'section': 22381, 'departure_time': 1536838320, 'arrival_time': 1536840240}
116	{'task_type': 'regular', 'locomotive': 22561, 'train_section': 28688, 'section': 22287, 'departure_time': 1536840480, 'arrival_time': 1536841860}
117	{'task_type': 'deadhead', 'locomotive': 22561, 'first_train_section': 28688, 'first_section': 22287, 'first_departure_time': 1536840480, 'first_arrival_time': 1536841860, 'second_train_section': 26520, 'second_section': 22294, 'second_departure_time': 1536844980, 'second_arrival_time': 1536847140}
118	{'task_type': 'regular', 'locomotive': 22561, 'train_section': 26520, 'section': 22294, 'departure_time': 1536844980, 'arrival_time': 1536847140}
119	{'task_type': 'deadhead', 'locomotive': 22561, 'first_train_section': 26520, 'first_section': 22294, 'first_departure_time': 1536844980, 'first_arrival_time': 1536847140, 'second_train_section': 26458, 'second_section': 22310, 'second_departure_time': 1536851700, 'second_arrival_time': 1536853140}
120	{'task_type': 'regular', 'locomotive': 22561, 'train_section': 26458, 'section': 22310, 'departure_time': 1536851700, 'arrival_time': 1536853140}
121	{'task_type': 'deadhead', 'locomotive': 22561, 'first_train_section': 26458, 'first_section': 22310, 'first_departure_time': 1536851700, 'first_arrival_time': 1536853140, 'second_train_section': 25308, 'second_section': 22277, 'second_departure_time': 1536860100, 'second_arrival_time': 1536863580}
122	{'task_type': 'regular', 'locomotive': 22561, 'train_section': 25308, 'section': 22277, 'departure_time': 1536860100, 'arrival_time': 1536863580}
123	{'task_type': 'deadhead', 'locomotive': 22561, 'first_train_section': 27521, 'first_section': 22237, 'first_departure_time': 1536876000, 'first_arrival_time': 1536899100, 'second_train_section': 27998, 'second_section': 22387, 'second_departure_time': 1536907920, 'second_arrival_time': 1536909720}
124	{'task_type': 'regular', 'locomotive': 22561, 'train_section': 27998, 'section': 22387, 'departure_time': 1536907920, 'arrival_time': 1536909720}
125	{'task_type': 'deadhead', 'locomotive': 22561, 'first_train_section': 27998, 'first_section': 22387, 'first_departure_time': 1536907920, 'first_arrival_time': 1536909720, 'second_train_section': 22912, 'second_section': 22438, 'second_departure_time': 1536918720, 'second_arrival_time': 1536929460}
126	{'task_type': 'regular', 'locomotive': 22561, 'train_section': 22912, 'section': 22438, 'departure_time': 1536918720, 'arrival_time': 1536929460}
127	{'task_type': 'regular', 'locomotive': 22561, 'train_section': 27333, 'section': 22333, 'departure_time': 1536934500, 'arrival_time': 1536937320}
128	{'task_type': 'deadhead', 'locomotive': 22561, 'first_train_section': 27333, 'first_section': 22333, 'first_departure_time': 1536934500, 'first_arrival_time': 1536937320, 'second_train_section': 25749, 'second_section': 22331, 'second_departure_time': 1536944880, 'second_arrival_time': 1536955800}
129	{'task_type': 'regular', 'locomotive': 22561, 'train_section': 25749, 'section': 22331, 'departure_time': 1536944880, 'arrival_time': 1536955800}
130	{'task_type': 'deadhead', 'locomotive': 22561, 'first_train_section': 26615, 'first_section': 22319, 'first_departure_time': 1536962400, 'first_arrival_time': 1536985500, 'second_train_section': 26577, 'second_section': 22273, 'second_departure_time': 1536997980, 'second_arrival_time': 1537002540}
131	{'task_type': 'regular', 'locomotive': 22561, 'train_section': 26577, 'section': 22273, 'departure_time': 1536997980, 'arrival_time': 1537002540}
132	{'task_type': 'deadhead', 'locomotive': 22561, 'first_train_section': 26577, 'first_section': 22273, 'first_departure_time': 1536997980, 'first_arrival_time': 1537002540, 'second_train_section': 23952, 'second_section': 22404, 'second_departure_time': 1537014180, 'second_arrival_time': 1537022700}
133	{'task_type': 'regular', 'locomotive': 22561, 'train_section': 23952, 'section': 22404, 'departure_time': 1537014180, 'arrival_time': 1537022700}
134	{'task_type': 'regular', 'locomotive': 22561, 'train_section': 24535, 'section': 22247, 'departure_time': 1537027380, 'arrival_time': 1537036620}
135	{'task_type': 'deadhead', 'locomotive': 22561, 'first_train_section': 24535, 'first_section': 22247, 'first_departure_time': 1537027380, 'first_arrival_time': 1537036620, 'second_train_section': 26873, 'second_section': 22397, 'second_departure_time': 1537055400, 'second_arrival_time': 1537063440}
136	{'task_type': 'regular', 'locomotive': 22561, 'train_section': 26873, 'section': 22397, 'departure_time': 1537055400, 'arrival_time': 1537063440}
137	{'task_type': 'deadhead', 'locomotive': 22561, 'first_train_section': 26873, 'first_section': 22397, 'first_departure_time': 1537055400, 'first_arrival_time': 1537063440, 'second_train_section': 26296, 'second_section': 22279, 'second_departure_time': 1537076160, 'second_arrival_time': 1537081620}
138	{'task_type': 'regular', 'locomotive': 22561, 'train_section': 26296, 'section': 22279, 'departure_time': 1537076160, 'arrival_time': 1537081620}
139	{'task_type': 'regular', 'locomotive': 22561, 'train_section': 24596, 'section': 22313, 'departure_time': 1537087680, 'arrival_time': 1537092600}
140	{'task_type': 'regular', 'locomotive': 22561, 'train_section': 24698, 'section': 22279, 'departure_time': 1537095000, 'arrival_time': 1537100580}
141	{'task_type': 'deadhead', 'locomotive': 22561, 'first_train_section': 24698, 'first_section': 22279, 'first_departure_time': 1537095000, 'first_arrival_time': 1537100580, 'second_train_section': 28568, 'second_section': 22471, 'second_departure_time': 1537117020, 'second_arrival_time': 1537119840}
142	{'task_type': 'regular', 'locomotive': 22561, 'train_section': 28568, 'section': 22471, 'departure_time': 1537117020, 'arrival_time': 1537119840}
143	{'task_type': 'regular', 'locomotive': 22562, 'train_section': 26257, 'section': 22472, 'departure_time': 1536649980, 'arrival_time': 1536655140}
144	{'task_type': 'deadhead', 'locomotive': 22562, 'first_train_section': 26257, 'first_section': 22472, 'first_departure_time': 1536649980, 'first_arrival_time': 1536655140, 'second_train_section': 25761, 'second_section': 22505, 'second_departure_time': 1536668340, 'second_arrival_time': 1536674220}
145	{'task_type': 'regular', 'locomotive': 22562, 'train_section': 25761, 'section': 22505, 'departure_time': 1536668340, 'arrival_time': 1536674220}
146	{'task_type': 'regular', 'locomotive': 22562, 'train_section': 25763, 'section': 22308, 'departure_time': 1536675600, 'arrival_time': 1536678420}
147	{'task_type': 'deadhead', 'locomotive': 22562, 'first_train_section': 25763, 'first_section': 22308, 'first_departure_time': 1536675600, 'first_arrival_time': 1536678420, 'second_train_section': 27541, 'second_section': 22443, 'second_departure_time': 1536685200, 'second_arrival_time': 1536687000}
148	{'task_type': 'regular', 'locomotive': 22562, 'train_section': 27541, 'section': 22443, 'departure_time': 1536685200, 'arrival_time': 1536687000}
149	{'task_type': 'regular', 'locomotive': 22562, 'train_section': 24899, 'section': 22495, 'departure_time': 1536692640, 'arrival_time': 1536695460}
150	{'task_type': 'regular', 'locomotive': 22562, 'train_section': 24901, 'section': 22309, 'departure_time': 1536696540, 'arrival_time': 1536701280}
151	{'task_type': 'deadhead', 'locomotive': 22562, 'first_train_section': 24901, 'first_section': 22309, 'first_departure_time': 1536696540, 'first_arrival_time': 1536701280, 'second_train_section': 25804, 'second_section': 22308, 'second_departure_time': 1536708960, 'second_arrival_time': 1536711660}
152	{'task_type': 'regular', 'locomotive': 22562, 'train_section': 25804, 'section': 22308, 'departure_time': 1536708960, 'arrival_time': 1536711660}
153	{'task_type': 'deadhead', 'locomotive': 22562, 'first_train_section': 25804, 'first_section': 22308, 'first_departure_time': 1536708960, 'first_arrival_time': 1536711660, 'second_train_section': 24914, 'second_section': 22443, 'second_departure_time': 1536715500, 'second_arrival_time': 1536717180}
154	{'task_type': 'regular', 'locomotive': 22562, 'train_section': 24914, 'section': 22443, 'departure_time': 1536715500, 'arrival_time': 1536717180}
155	{'task_type': 'regular', 'locomotive': 22562, 'train_section': 27090, 'section': 22496, 'departure_time': 1536717600, 'arrival_time': 1536722400}
156	{'task_type': 'deadhead', 'locomotive': 22562, 'first_train_section': 27090, 'first_section': 22496, 'first_departure_time': 1536717600, 'first_arrival_time': 1536722400, 'second_train_section': 22982, 'second_section': 22378, 'second_departure_time': 1536726900, 'second_arrival_time': 1536730560}
157	{'task_type': 'regular', 'locomotive': 22562, 'train_section': 22982, 'section': 22378, 'departure_time': 1536726900, 'arrival_time': 1536730560}
158	{'task_type': 'deadhead', 'locomotive': 22562, 'first_train_section': 22982, 'first_section': 22378, 'first_departure_time': 1536726900, 'first_arrival_time': 1536730560, 'second_train_section': 24322, 'second_section': 22378, 'second_departure_time': 1536735900, 'second_arrival_time': 1536739560}
159	{'task_type': 'regular', 'locomotive': 22562, 'train_section': 24322, 'section': 22378, 'departure_time': 1536735900, 'arrival_time': 1536739560}
160	{'task_type': 'deadhead', 'locomotive': 22562, 'first_train_section': 24322, 'first_section': 22378, 'first_departure_time': 1536735900, 'first_arrival_time': 1536739560, 'second_train_section': 28149, 'second_section': 22431, 'second_departure_time': 1536743820, 'second_arrival_time': 1536748200}
161	{'task_type': 'regular', 'locomotive': 22562, 'train_section': 28149, 'section': 22431, 'departure_time': 1536743820, 'arrival_time': 1536748200}
162	{'task_type': 'deadhead', 'locomotive': 22562, 'first_train_section': 28149, 'first_section': 22431, 'first_departure_time': 1536743820, 'first_arrival_time': 1536748200, 'second_train_section': 23525, 'second_section': 22416, 'second_departure_time': 1536756840, 'second_arrival_time': 1536760500}
163	{'task_type': 'regular', 'locomotive': 22562, 'train_section': 23525, 'section': 22416, 'departure_time': 1536756840, 'arrival_time': 1536760500}
164	{'task_type': 'deadhead', 'locomotive': 22562, 'first_train_section': 27032, 'first_section': 22473, 'first_departure_time': 1536768300, 'first_arrival_time': 1536789540, 'second_train_section': 25916, 'second_section': 22423, 'second_departure_time': 1536799380, 'second_arrival_time': 1536810480}
165	{'task_type': 'regular', 'locomotive': 22562, 'train_section': 25916, 'section': 22423, 'departure_time': 1536799380, 'arrival_time': 1536810480}
166	{'task_type': 'regular', 'locomotive': 22562, 'train_section': 27080, 'section': 22339, 'departure_time': 1536812040, 'arrival_time': 1536813600}
167	{'task_type': 'regular', 'locomotive': 22562, 'train_section': 26970, 'section': 22497, 'departure_time': 1536818160, 'arrival_time': 1536819540}
168	{'task_type': 'deadhead', 'locomotive': 22562, 'first_train_section': 26970, 'first_section': 22497, 'first_departure_time': 1536818160, 'first_arrival_time': 1536819540, 'second_train_section': 28896, 'second_section': 22424, 'second_departure_time': 1536839280, 'second_arrival_time': 1536844140}
169	{'task_type': 'regular', 'locomotive': 22562, 'train_section': 28896, 'section': 22424, 'departure_time': 1536839280, 'arrival_time': 1536844140}
170	{'task_type': 'deadhead', 'locomotive': 22562, 'first_train_section': 28896, 'first_section': 22424, 'first_departure_time': 1536839280, 'first_arrival_time': 1536844140, 'second_train_section': 26586, 'second_section': 22378, 'second_departure_time': 1536851100, 'second_arrival_time': 1536854760}
171	{'task_type': 'regular', 'locomotive': 22562, 'train_section': 26586, 'section': 22378, 'departure_time': 1536851100, 'arrival_time': 1536854760}
172	{'task_type': 'deadhead', 'locomotive': 22562, 'first_train_section': 26586, 'first_section': 22378, 'first_departure_time': 1536851100, 'first_arrival_time': 1536854760, 'second_train_section': 26078, 'second_section': 22495, 'second_departure_time': 1536861180, 'second_arrival_time': 1536864060}
173	{'task_type': 'regular', 'locomotive': 22562, 'train_section': 26078, 'section': 22495, 'departure_time': 1536861180, 'arrival_time': 1536864060}
174	{'task_type': 'deadhead', 'locomotive': 22562, 'first_train_section': 26078, 'first_section': 22495, 'first_departure_time': 1536861180, 'first_arrival_time': 1536864060, 'second_train_section': 25938, 'second_section': 22495, 'second_departure_time': 1536866880, 'second_arrival_time': 1536869820}
175	{'task_type': 'regular', 'locomotive': 22562, 'train_section': 25938, 'section': 22495, 'departure_time': 1536866880, 'arrival_time': 1536869820}
176	{'task_type': 'deadhead', 'locomotive': 22562, 'first_train_section': 25938, 'first_section': 22495, 'first_departure_time': 1536866880, 'first_arrival_time': 1536869820, 'second_train_section': 22972, 'second_section': 22481, 'second_departure_time': 1536874680, 'second_arrival_time': 1536879600}
177	{'task_type': 'regular', 'locomotive': 22562, 'train_section': 22972, 'section': 22481, 'departure_time': 1536874680, 'arrival_time': 1536879600}
178	{'task_type': 'deadhead', 'locomotive': 22562, 'first_train_section': 22972, 'first_section': 22481, 'first_departure_time': 1536874680, 'first_arrival_time': 1536879600, 'second_train_section': 22668, 'second_section': 22292, 'second_departure_time': 1536886500, 'second_arrival_time': 1536888780}
179	{'task_type': 'regular', 'locomotive': 22562, 'train_section': 22668, 'section': 22292, 'departure_time': 1536886500, 'arrival_time': 1536888780}
180	{'task_type': 'deadhead', 'locomotive': 22562, 'first_train_section': 22668, 'first_section': 22292, 'first_departure_time': 1536886500, 'first_arrival_time': 1536888780, 'second_train_section': 26220, 'second_section': 22287, 'second_departure_time': 1536894360, 'second_arrival_time': 1536895800}
181	{'task_type': 'regular', 'locomotive': 22562, 'train_section': 26220, 'section': 22287, 'departure_time': 1536894360, 'arrival_time': 1536895800}
182	{'task_type': 'deadhead', 'locomotive': 22562, 'first_train_section': 26220, 'first_section': 22287, 'first_departure_time': 1536894360, 'first_arrival_time': 1536895800, 'second_train_section': 27781, 'second_section': 22494, 'second_departure_time': 1536903900, 'second_arrival_time': 1536906120}
183	{'task_type': 'regular', 'locomotive': 22562, 'train_section': 27781, 'section': 22494, 'departure_time': 1536903900, 'arrival_time': 1536906120}
184	{'task_type': 'deadhead', 'locomotive': 22562, 'first_train_section': 27781, 'first_section': 22494, 'first_departure_time': 1536903900, 'first_arrival_time': 1536906120, 'second_train_section': 28744, 'second_section': 22256, 'second_departure_time': 1536916680, 'second_arrival_time': 1536919380}
185	{'task_type': 'regular', 'locomotive': 22562, 'train_section': 28744, 'section': 22256, 'departure_time': 1536916680, 'arrival_time': 1536919380}
186	{'task_type': 'deadhead', 'locomotive': 22562, 'first_train_section': 28744, 'first_section': 22256, 'first_departure_time': 1536916680, 'first_arrival_time': 1536919380, 'second_train_section': 27861, 'second_section': 22314, 'second_departure_time': 1536924840, 'second_arrival_time': 1536927540}
187	{'task_type': 'regular', 'locomotive': 22562, 'train_section': 27861, 'section': 22314, 'departure_time': 1536924840, 'arrival_time': 1536927540}
188	{'task_type': 'deadhead', 'locomotive': 22562, 'first_train_section': 27861, 'first_section': 22314, 'first_departure_time': 1536924840, 'first_arrival_time': 1536927540, 'second_train_section': 24345, 'second_section': 22279, 'second_departure_time': 1536933000, 'second_arrival_time': 1536937920}
189	{'task_type': 'regular', 'locomotive': 22562, 'train_section': 24345, 'section': 22279, 'departure_time': 1536933000, 'arrival_time': 1536937920}
190	{'task_type': 'deadhead', 'locomotive': 22562, 'first_train_section': 24345, 'first_section': 22279, 'first_departure_time': 1536933000, 'first_arrival_time': 1536937920, 'second_train_section': 25566, 'second_section': 22452, 'second_departure_time': 1536948960, 'second_arrival_time': 1536950760}
191	{'task_type': 'regular', 'locomotive': 22562, 'train_section': 25566, 'section': 22452, 'departure_time': 1536948960, 'arrival_time': 1536950760}
192	{'task_type': 'deadhead', 'locomotive': 22562, 'first_train_section': 26983, 'first_section': 22470, 'first_departure_time': 1536962400, 'first_arrival_time': 1536979200, 'second_train_section': 25884, 'second_section': 22472, 'second_departure_time': 1536988380, 'second_arrival_time': 1536993540}
193	{'task_type': 'regular', 'locomotive': 22562, 'train_section': 25884, 'section': 22472, 'departure_time': 1536988380, 'arrival_time': 1536993540}
194	{'task_type': 'regular', 'locomotive': 22562, 'train_section': 26574, 'section': 22350, 'departure_time': 1536999900, 'arrival_time': 1537003920}
195	{'task_type': 'deadhead', 'locomotive': 22562, 'first_train_section': 26574, 'first_section': 22350, 'first_departure_time': 1536999900, 'first_arrival_time': 1537003920, 'second_train_section': 27792, 'second_section': 22351, 'second_departure_time': 1537008480, 'second_arrival_time': 1537013640}
196	{'task_type': 'regular', 'locomotive': 22562, 'train_section': 27792, 'section': 22351, 'departure_time': 1537008480, 'arrival_time': 1537013640}
197	{'task_type': 'deadhead', 'locomotive': 22562, 'first_train_section': 27792, 'first_section': 22351, 'first_departure_time': 1537008480, 'first_arrival_time': 1537013640, 'second_train_section': 28075, 'second_section': 22351, 'second_departure_time': 1537022880, 'second_arrival_time': 1537028040}
198	{'task_type': 'regular', 'locomotive': 22562, 'train_section': 28075, 'section': 22351, 'departure_time': 1537022880, 'arrival_time': 1537028040}
199	{'task_type': 'deadhead', 'locomotive': 22562, 'first_train_section': 27412, 'first_section': 22491, 'first_departure_time': 1537040400, 'first_arrival_time': 1537048740, 'second_train_section': 28625, 'second_section': 22472, 'second_departure_time': 1537081980, 'second_arrival_time': 1537087140}
200	{'task_type': 'regular', 'locomotive': 22562, 'train_section': 28625, 'section': 22472, 'departure_time': 1537081980, 'arrival_time': 1537087140}
201	{'task_type': 'regular', 'locomotive': 22565, 'train_section': 24894, 'section': 22472, 'departure_time': 1536642780, 'arrival_time': 1536647940}
202	{'task_type': 'deadhead', 'locomotive': 22565, 'first_train_section': 24894, 'first_section': 22472, 'first_departure_time': 1536642780, 'first_arrival_time': 1536647940, 'second_train_section': 24558, 'second_section': 22485, 'second_departure_time': 1536652440, 'second_arrival_time': 1536659880}
203	{'task_type': 'regular', 'locomotive': 22565, 'train_section': 24558, 'section': 22485, 'departure_time': 1536652440, 'arrival_time': 1536659880}
204	{'task_type': 'deadhead', 'locomotive': 22565, 'first_train_section': 24558, 'first_section': 22485, 'first_departure_time': 1536652440, 'first_arrival_time': 1536659880, 'second_train_section': 27993, 'second_section': 22259, 'second_departure_time': 1536664200, 'second_arrival_time': 1536664560}
205	{'task_type': 'regular', 'locomotive': 22565, 'train_section': 27993, 'section': 22259, 'departure_time': 1536664200, 'arrival_time': 1536664560}
206	{'task_type': 'regular', 'locomotive': 22565, 'train_section': 27995, 'section': 22268, 'departure_time': 1536664740, 'arrival_time': 1536671820}
207	{'task_type': 'deadhead', 'locomotive': 22565, 'first_train_section': 27995, 'first_section': 22268, 'first_departure_time': 1536664740, 'first_arrival_time': 1536671820, 'second_train_section': 25765, 'second_section': 22496, 'second_departure_time': 1536680280, 'second_arrival_time': 1536685200}
208	{'task_type': 'regular', 'locomotive': 22565, 'train_section': 25765, 'section': 22496, 'departure_time': 1536680280, 'arrival_time': 1536685200}
209	{'task_type': 'deadhead', 'locomotive': 22565, 'first_train_section': 25765, 'first_section': 22496, 'first_departure_time': 1536680280, 'first_arrival_time': 1536685200, 'second_train_section': 28792, 'second_section': 22431, 'second_departure_time': 1536688980, 'second_arrival_time': 1536692940}
210	{'task_type': 'regular', 'locomotive': 22565, 'train_section': 28792, 'section': 22431, 'departure_time': 1536688980, 'arrival_time': 1536692940}
211	{'task_type': 'regular', 'locomotive': 22565, 'train_section': 28794, 'section': 22495, 'departure_time': 1536694080, 'arrival_time': 1536697020}
212	{'task_type': 'regular', 'locomotive': 22565, 'train_section': 28796, 'section': 22307, 'departure_time': 1536697860, 'arrival_time': 1536699900}
213	{'task_type': 'deadhead', 'locomotive': 22565, 'first_train_section': 28796, 'first_section': 22307, 'first_departure_time': 1536697860, 'first_arrival_time': 1536699900, 'second_train_section': 28913, 'second_section': 22476, 'second_departure_time': 1536700620, 'second_arrival_time': 1536704220}
214	{'task_type': 'regular', 'locomotive': 22565, 'train_section': 28913, 'section': 22476, 'departure_time': 1536700620, 'arrival_time': 1536704220}
215	{'task_type': 'deadhead', 'locomotive': 22565, 'first_train_section': 28913, 'first_section': 22476, 'first_departure_time': 1536700620, 'first_arrival_time': 1536704220, 'second_train_section': 27086, 'second_section': 22368, 'second_departure_time': 1536709680, 'second_arrival_time': 1536713400}
216	{'task_type': 'regular', 'locomotive': 22565, 'train_section': 27086, 'section': 22368, 'departure_time': 1536709680, 'arrival_time': 1536713400}
217	{'task_type': 'deadhead', 'locomotive': 22565, 'first_train_section': 27086, 'first_section': 22368, 'first_departure_time': 1536709680, 'first_arrival_time': 1536713400, 'second_train_section': 27296, 'second_section': 22416, 'second_departure_time': 1536722640, 'second_arrival_time': 1536726300}
218	{'task_type': 'regular', 'locomotive': 22565, 'train_section': 27296, 'section': 22416, 'departure_time': 1536722640, 'arrival_time': 1536726300}
219	{'task_type': 'regular', 'locomotive': 22565, 'train_section': 27892, 'section': 22378, 'departure_time': 1536728700, 'arrival_time': 1536732360}
220	{'task_type': 'deadhead', 'locomotive': 22565, 'first_train_section': 27892, 'first_section': 22378, 'first_departure_time': 1536728700, 'first_arrival_time': 1536732360, 'second_train_section': 26269, 'second_section': 22496, 'second_departure_time': 1536738060, 'second_arrival_time': 1536742860}
221	{'task_type': 'regular', 'locomotive': 22565, 'train_section': 26269, 'section': 22496, 'departure_time': 1536738060, 'arrival_time': 1536742860}
222	{'task_type': 'deadhead', 'locomotive': 22565, 'first_train_section': 26269, 'first_section': 22496, 'first_departure_time': 1536738060, 'first_arrival_time': 1536742860, 'second_train_section': 27608, 'second_section': 22416, 'second_departure_time': 1536744240, 'second_arrival_time': 1536747900}
223	{'task_type': 'regular', 'locomotive': 22565, 'train_section': 27608, 'section': 22416, 'departure_time': 1536744240, 'arrival_time': 1536747900}
224	{'task_type': 'deadhead', 'locomotive': 22565, 'first_train_section': 27608, 'first_section': 22416, 'first_departure_time': 1536744240, 'first_arrival_time': 1536747900, 'second_train_section': 28529, 'second_section': 22416, 'second_departure_time': 1536753240, 'second_arrival_time': 1536756900}
225	{'task_type': 'regular', 'locomotive': 22565, 'train_section': 28529, 'section': 22416, 'departure_time': 1536753240, 'arrival_time': 1536756900}
226	{'task_type': 'regular', 'locomotive': 22565, 'train_section': 24974, 'section': 22378, 'departure_time': 1536766500, 'arrival_time': 1536770160}
227	{'task_type': 'deadhead', 'locomotive': 22565, 'first_train_section': 24974, 'first_section': 22378, 'first_departure_time': 1536766500, 'first_arrival_time': 1536770160, 'second_train_section': 28759, 'second_section': 22378, 'second_departure_time': 1536775500, 'second_arrival_time': 1536779160}
228	{'task_type': 'regular', 'locomotive': 22565, 'train_section': 28759, 'section': 22378, 'departure_time': 1536775500, 'arrival_time': 1536779160}
229	{'task_type': 'deadhead', 'locomotive': 22565, 'first_train_section': 23971, 'first_section': 22473, 'first_departure_time': 1536789660, 'first_arrival_time': 1536808800, 'second_train_section': 25322, 'second_section': 22245, 'second_departure_time': 1536823980, 'second_arrival_time': 1536828960}
230	{'task_type': 'regular', 'locomotive': 22565, 'train_section': 25322, 'section': 22245, 'departure_time': 1536823980, 'arrival_time': 1536828960}
231	{'task_type': 'deadhead', 'locomotive': 22565, 'first_train_section': 25322, 'first_section': 22245, 'first_departure_time': 1536823980, 'first_arrival_time': 1536828960, 'second_train_section': 24350, 'second_section': 22384, 'second_departure_time': 1536841500, 'second_arrival_time': 1536846900}
232	{'task_type': 'regular', 'locomotive': 22565, 'train_section': 24350, 'section': 22384, 'departure_time': 1536841500, 'arrival_time': 1536846900}
233	{'task_type': 'deadhead', 'locomotive': 22565, 'first_train_section': 24350, 'first_section': 22384, 'first_departure_time': 1536841500, 'first_arrival_time': 1536846900, 'second_train_section': 22780, 'second_section': 22240, 'second_departure_time': 1536851820, 'second_arrival_time': 1536854100}
234	{'task_type': 'regular', 'locomotive': 22565, 'train_section': 22780, 'section': 22240, 'departure_time': 1536851820, 'arrival_time': 1536854100}
235	{'task_type': 'deadhead', 'locomotive': 22565, 'first_train_section': 22780, 'first_section': 22240, 'first_departure_time': 1536851820, 'first_arrival_time': 1536854100, 'second_train_section': 26242, 'second_section': 22404, 'second_departure_time': 1536863880, 'second_arrival_time': 1536872700}
236	{'task_type': 'regular', 'locomotive': 22565, 'train_section': 26242, 'section': 22404, 'departure_time': 1536863880, 'arrival_time': 1536872700}
237	{'task_type': 'deadhead', 'locomotive': 22565, 'first_train_section': 26242, 'first_section': 22404, 'first_departure_time': 1536863880, 'first_arrival_time': 1536872700, 'second_train_section': 25335, 'second_section': 22369, 'second_departure_time': 1536880320, 'second_arrival_time': 1536883140}
238	{'task_type': 'regular', 'locomotive': 22565, 'train_section': 25335, 'section': 22369, 'departure_time': 1536880320, 'arrival_time': 1536883140}
239	{'task_type': 'deadhead', 'locomotive': 22565, 'first_train_section': 25335, 'first_section': 22369, 'first_departure_time': 1536880320, 'first_arrival_time': 1536883140, 'second_train_section': 27505, 'second_section': 22245, 'second_departure_time': 1536892200, 'second_arrival_time': 1536896580}
240	{'task_type': 'regular', 'locomotive': 22565, 'train_section': 27505, 'section': 22245, 'departure_time': 1536892200, 'arrival_time': 1536896580}
241	{'task_type': 'regular', 'locomotive': 22565, 'train_section': 27507, 'section': 22308, 'departure_time': 1536897300, 'arrival_time': 1536900000}
242	{'task_type': 'deadhead', 'locomotive': 22565, 'first_train_section': 27507, 'first_section': 22308, 'first_departure_time': 1536897300, 'first_arrival_time': 1536900000, 'second_train_section': 26223, 'second_section': 22431, 'second_departure_time': 1536905400, 'second_arrival_time': 1536910020}
243	{'task_type': 'regular', 'locomotive': 22565, 'train_section': 26223, 'section': 22431, 'departure_time': 1536905400, 'arrival_time': 1536910020}
244	{'task_type': 'regular', 'locomotive': 22565, 'train_section': 26317, 'section': 22496, 'departure_time': 1536910860, 'arrival_time': 1536915660}
245	{'task_type': 'deadhead', 'locomotive': 22565, 'first_train_section': 26317, 'first_section': 22496, 'first_departure_time': 1536910860, 'first_arrival_time': 1536915660, 'second_train_section': 27071, 'second_section': 22431, 'second_departure_time': 1536916620, 'second_arrival_time': 1536921000}
246	{'task_type': 'regular', 'locomotive': 22565, 'train_section': 27071, 'section': 22431, 'departure_time': 1536916620, 'arrival_time': 1536921000}
247	{'task_type': 'regular', 'locomotive': 22565, 'train_section': 27073, 'section': 22495, 'departure_time': 1536922440, 'arrival_time': 1536925440}
248	{'task_type': 'deadhead', 'locomotive': 22565, 'first_train_section': 27073, 'first_section': 22495, 'first_departure_time': 1536922440, 'first_arrival_time': 1536925440, 'second_train_section': 25505, 'second_section': 22245, 'second_departure_time': 1536931860, 'second_arrival_time': 1536937020}
249	{'task_type': 'regular', 'locomotive': 22565, 'train_section': 25505, 'section': 22245, 'departure_time': 1536931860, 'arrival_time': 1536937020}
250	{'task_type': 'deadhead', 'locomotive': 22565, 'first_train_section': 25505, 'first_section': 22245, 'first_departure_time': 1536931860, 'first_arrival_time': 1536937020, 'second_train_section': 23044, 'second_section': 22245, 'second_departure_time': 1536943140, 'second_arrival_time': 1536948180}
251	{'task_type': 'regular', 'locomotive': 22565, 'train_section': 23044, 'section': 22245, 'departure_time': 1536943140, 'arrival_time': 1536948180}
252	{'task_type': 'regular', 'locomotive': 22565, 'train_section': 23046, 'section': 22308, 'departure_time': 1536949200, 'arrival_time': 1536951960}
253	{'task_type': 'deadhead', 'locomotive': 22565, 'first_train_section': 23046, 'first_section': 22308, 'first_departure_time': 1536949200, 'first_arrival_time': 1536951960, 'second_train_section': 24615, 'second_section': 22307, 'second_departure_time': 1536957060, 'second_arrival_time': 1536959100}
254	{'task_type': 'regular', 'locomotive': 22565, 'train_section': 24615, 'section': 22307, 'departure_time': 1536957060, 'arrival_time': 1536959100}
255	{'task_type': 'deadhead', 'locomotive': 22565, 'first_train_section': 24615, 'first_section': 22307, 'first_departure_time': 1536957060, 'first_arrival_time': 1536959100, 'second_train_section': 27116, 'second_section': 22476, 'second_departure_time': 1536959820, 'second_arrival_time': 1536963420}
256	{'task_type': 'regular', 'locomotive': 22565, 'train_section': 27116, 'section': 22476, 'departure_time': 1536959820, 'arrival_time': 1536963420}
257	{'task_type': 'regular', 'locomotive': 22565, 'train_section': 25266, 'section': 22352, 'departure_time': 1536965520, 'arrival_time': 1536972240}
258	{'task_type': 'deadhead', 'locomotive': 22565, 'first_train_section': 23962, 'first_section': 22417, 'first_departure_time': 1536991560, 'first_arrival_time': 1537005240, 'second_train_section': 25311, 'second_section': 22327, 'second_departure_time': 1537088880, 'second_arrival_time': 1537095240}
259	{'task_type': 'regular', 'locomotive': 22565, 'train_section': 25311, 'section': 22327, 'departure_time': 1537088880, 'arrival_time': 1537095240}
260	{'task_type': 'regular', 'locomotive': 22566, 'train_section': 24230, 'section': 22348, 'departure_time': 1536635580, 'arrival_time': 1536639120}
261	{'task_type': 'regular', 'locomotive': 22566, 'train_section': 24232, 'section': 22477, 'departure_time': 1536639600, 'arrival_time': 1536642000}
262	{'task_type': 'deadhead', 'locomotive': 22566, 'first_train_section': 24232, 'first_section': 22477, 'first_departure_time': 1536639600, 'first_arrival_time': 1536642000, 'second_train_section': 26000, 'second_section': 22309, 'second_departure_time': 1536655560, 'second_arrival_time': 1536660120}
263	{'task_type': 'regular', 'locomotive': 22566, 'train_section': 26000, 'section': 22309, 'departure_time': 1536655560, 'arrival_time': 1536660120}
264	{'task_type': 'deadhead', 'locomotive': 22566, 'first_train_section': 26000, 'first_section': 22309, 'first_departure_time': 1536655560, 'first_arrival_time': 1536660120, 'second_train_section': 27242, 'second_section': 22247, 'second_departure_time': 1536669120, 'second_arrival_time': 1536680220}
265	{'task_type': 'regular', 'locomotive': 22566, 'train_section': 27242, 'section': 22247, 'departure_time': 1536669120, 'arrival_time': 1536680220}
266	{'task_type': 'deadhead', 'locomotive': 22566, 'first_train_section': 27242, 'first_section': 22247, 'first_departure_time': 1536669120, 'first_arrival_time': 1536680220, 'second_train_section': 23902, 'second_section': 22400, 'second_departure_time': 1536684600, 'second_arrival_time': 1536688020}
267	{'task_type': 'regular', 'locomotive': 22566, 'train_section': 23902, 'section': 22400, 'departure_time': 1536684600, 'arrival_time': 1536688020}
268	{'task_type': 'deadhead', 'locomotive': 22566, 'first_train_section': 23902, 'first_section': 22400, 'first_departure_time': 1536684600, 'first_arrival_time': 1536688020, 'second_train_section': 27547, 'second_section': 22247, 'second_departure_time': 1536696960, 'second_arrival_time': 1536705660}
269	{'task_type': 'regular', 'locomotive': 22566, 'train_section': 27547, 'section': 22247, 'departure_time': 1536696960, 'arrival_time': 1536705660}
270	{'task_type': 'deadhead', 'locomotive': 22566, 'first_train_section': 27547, 'first_section': 22247, 'first_departure_time': 1536696960, 'first_arrival_time': 1536705660, 'second_train_section': 27882, 'second_section': 22407, 'second_departure_time': 1536712320, 'second_arrival_time': 1536719760}
271	{'task_type': 'regular', 'locomotive': 22566, 'train_section': 27882, 'section': 22407, 'departure_time': 1536712320, 'arrival_time': 1536719760}
272	{'task_type': 'deadhead', 'locomotive': 22566, 'first_train_section': 27882, 'first_section': 22407, 'first_departure_time': 1536712320, 'first_arrival_time': 1536719760, 'second_train_section': 27886, 'second_section': 22322, 'second_departure_time': 1536724620, 'second_arrival_time': 1536734280}
273	{'task_type': 'regular', 'locomotive': 22566, 'train_section': 27886, 'section': 22322, 'departure_time': 1536724620, 'arrival_time': 1536734280}
274	{'task_type': 'deadhead', 'locomotive': 22566, 'first_train_section': 27886, 'first_section': 22322, 'first_departure_time': 1536724620, 'first_arrival_time': 1536734280, 'second_train_section': 23838, 'second_section': 22313, 'second_departure_time': 1536742080, 'second_arrival_time': 1536747000}
275	{'task_type': 'regular', 'locomotive': 22566, 'train_section': 23838, 'section': 22313, 'departure_time': 1536742080, 'arrival_time': 1536747000}
276	{'task_type': 'deadhead', 'locomotive': 22566, 'first_train_section': 23838, 'first_section': 22313, 'first_departure_time': 1536742080, 'first_arrival_time': 1536747000, 'second_train_section': 25881, 'second_section': 22447, 'second_departure_time': 1536750720, 'second_arrival_time': 1536753600}
277	{'task_type': 'regular', 'locomotive': 22566, 'train_section': 25881, 'section': 22447, 'departure_time': 1536750720, 'arrival_time': 1536753600}
278	{'task_type': 'deadhead', 'locomotive': 22566, 'first_train_section': 25881, 'first_section': 22447, 'first_departure_time': 1536750720, 'first_arrival_time': 1536753600, 'second_train_section': 27164, 'second_section': 22313, 'second_departure_time': 1536759420, 'second_arrival_time': 1536764880}
279	{'task_type': 'regular', 'locomotive': 22566, 'train_section': 27164, 'section': 22313, 'departure_time': 1536759420, 'arrival_time': 1536764880}
280	{'task_type': 'deadhead', 'locomotive': 22566, 'first_train_section': 27164, 'first_section': 22313, 'first_departure_time': 1536759420, 'first_arrival_time': 1536764880, 'second_train_section': 25497, 'second_section': 22297, 'second_departure_time': 1536766200, 'second_arrival_time': 1536767220}
281	{'task_type': 'regular', 'locomotive': 22566, 'train_section': 25497, 'section': 22297, 'departure_time': 1536766200, 'arrival_time': 1536767220}
282	{'task_type': 'deadhead', 'locomotive': 22566, 'first_train_section': 25497, 'first_section': 22297, 'first_departure_time': 1536766200, 'first_arrival_time': 1536767220, 'second_train_section': 24216, 'second_section': 22254, 'second_departure_time': 1536770880, 'second_arrival_time': 1536771540}
283	{'task_type': 'regular', 'locomotive': 22566, 'train_section': 24216, 'section': 22254, 'departure_time': 1536770880, 'arrival_time': 1536771540}
284	{'task_type': 'regular', 'locomotive': 22566, 'train_section': 26995, 'section': 22378, 'departure_time': 1536811500, 'arrival_time': 1536815160}
285	{'task_type': 'deadhead', 'locomotive': 22566, 'first_train_section': 26995, 'first_section': 22378, 'first_departure_time': 1536811500, 'first_arrival_time': 1536815160, 'second_train_section': 28960, 'second_section': 22323, 'second_departure_time': 1536835080, 'second_arrival_time': 1536838980}
286	{'task_type': 'regular', 'locomotive': 22566, 'train_section': 28960, 'section': 22323, 'departure_time': 1536835080, 'arrival_time': 1536838980}
287	{'task_type': 'deadhead', 'locomotive': 22566, 'first_train_section': 28960, 'first_section': 22323, 'first_departure_time': 1536835080, 'first_arrival_time': 1536838980, 'second_train_section': 27455, 'second_section': 22394, 'second_departure_time': 1536850320, 'second_arrival_time': 1536854760}
288	{'task_type': 'regular', 'locomotive': 22566, 'train_section': 27455, 'section': 22394, 'departure_time': 1536850320, 'arrival_time': 1536854760}
289	{'task_type': 'deadhead', 'locomotive': 22566, 'first_train_section': 27455, 'first_section': 22394, 'first_departure_time': 1536850320, 'first_arrival_time': 1536854760, 'second_train_section': 24618, 'second_section': 22365, 'second_departure_time': 1536863820, 'second_arrival_time': 1536867360}
290	{'task_type': 'regular', 'locomotive': 22566, 'train_section': 24618, 'section': 22365, 'departure_time': 1536863820, 'arrival_time': 1536867360}
291	{'task_type': 'deadhead', 'locomotive': 22566, 'first_train_section': 24618, 'first_section': 22365, 'first_departure_time': 1536863820, 'first_arrival_time': 1536867360, 'second_train_section': 23191, 'second_section': 22404, 'second_departure_time': 1536874380, 'second_arrival_time': 1536883320}
292	{'task_type': 'regular', 'locomotive': 22566, 'train_section': 23191, 'section': 22404, 'departure_time': 1536874380, 'arrival_time': 1536883320}
293	{'task_type': 'regular', 'locomotive': 22566, 'train_section': 23193, 'section': 22245, 'departure_time': 1536883560, 'arrival_time': 1536888240}
294	{'task_type': 'deadhead', 'locomotive': 22566, 'first_train_section': 23193, 'first_section': 22245, 'first_departure_time': 1536883560, 'first_arrival_time': 1536888240, 'second_train_section': 27847, 'second_section': 22512, 'second_departure_time': 1536899340, 'second_arrival_time': 1536902700}
295	{'task_type': 'regular', 'locomotive': 22566, 'train_section': 27847, 'section': 22512, 'departure_time': 1536899340, 'arrival_time': 1536902700}
296	{'task_type': 'deadhead', 'locomotive': 22566, 'first_train_section': 27847, 'first_section': 22512, 'first_departure_time': 1536899340, 'first_arrival_time': 1536902700, 'second_train_section': 26537, 'second_section': 22416, 'second_departure_time': 1536917040, 'second_arrival_time': 1536920700}
297	{'task_type': 'regular', 'locomotive': 22566, 'train_section': 26537, 'section': 22416, 'departure_time': 1536917040, 'arrival_time': 1536920700}
298	{'task_type': 'deadhead', 'locomotive': 22566, 'first_train_section': 26537, 'first_section': 22416, 'first_departure_time': 1536917040, 'first_arrival_time': 1536920700, 'second_train_section': 23522, 'second_section': 22257, 'second_departure_time': 1536933600, 'second_arrival_time': 1536934320}
299	{'task_type': 'regular', 'locomotive': 22566, 'train_section': 23522, 'section': 22257, 'departure_time': 1536933600, 'arrival_time': 1536934320}
300	{'task_type': 'deadhead', 'locomotive': 22566, 'first_train_section': 23522, 'first_section': 22257, 'first_departure_time': 1536933600, 'first_arrival_time': 1536934320, 'second_train_section': 24081, 'second_section': 22310, 'second_departure_time': 1536938100, 'second_arrival_time': 1536939540}
301	{'task_type': 'regular', 'locomotive': 22566, 'train_section': 24081, 'section': 22310, 'departure_time': 1536938100, 'arrival_time': 1536939540}
302	{'task_type': 'deadhead', 'locomotive': 22566, 'first_train_section': 24081, 'first_section': 22310, 'first_departure_time': 1536938100, 'first_arrival_time': 1536939540, 'second_train_section': 27381, 'second_section': 22256, 'second_departure_time': 1536945000, 'second_arrival_time': 1536947280}
303	{'task_type': 'regular', 'locomotive': 22566, 'train_section': 27381, 'section': 22256, 'departure_time': 1536945000, 'arrival_time': 1536947280}
304	{'task_type': 'deadhead', 'locomotive': 22566, 'first_train_section': 27381, 'first_section': 22256, 'first_departure_time': 1536945000, 'first_arrival_time': 1536947280, 'second_train_section': 25974, 'second_section': 22343, 'second_departure_time': 1536956400, 'second_arrival_time': 1536967140}
305	{'task_type': 'regular', 'locomotive': 22566, 'train_section': 25974, 'section': 22343, 'departure_time': 1536956400, 'arrival_time': 1536967140}
306	{'task_type': 'deadhead', 'locomotive': 22566, 'first_train_section': 25974, 'first_section': 22343, 'first_departure_time': 1536956400, 'first_arrival_time': 1536967140, 'second_train_section': 23257, 'second_section': 22419, 'second_departure_time': 1536979560, 'second_arrival_time': 1536986940}
307	{'task_type': 'regular', 'locomotive': 22566, 'train_section': 23257, 'section': 22419, 'departure_time': 1536979560, 'arrival_time': 1536986940}
308	{'task_type': 'regular', 'locomotive': 22567, 'train_section': 28905, 'section': 22378, 'departure_time': 1536638700, 'arrival_time': 1536642360}
309	{'task_type': 'deadhead', 'locomotive': 22567, 'first_train_section': 28905, 'first_section': 22378, 'first_departure_time': 1536638700, 'first_arrival_time': 1536642360, 'second_train_section': 24837, 'second_section': 22304, 'second_departure_time': 1536654900, 'second_arrival_time': 1536659820}
310	{'task_type': 'regular', 'locomotive': 22567, 'train_section': 24837, 'section': 22304, 'departure_time': 1536654900, 'arrival_time': 1536659820}
311	{'task_type': 'deadhead', 'locomotive': 22567, 'first_train_section': 24837, 'first_section': 22304, 'first_departure_time': 1536654900, 'first_arrival_time': 1536659820, 'second_train_section': 28652, 'second_section': 22416, 'second_departure_time': 1536675840, 'second_arrival_time': 1536679500}
312	{'task_type': 'regular', 'locomotive': 22567, 'train_section': 28652, 'section': 22416, 'departure_time': 1536675840, 'arrival_time': 1536679500}
313	{'task_type': 'regular', 'locomotive': 22567, 'train_section': 22994, 'section': 22378, 'departure_time': 1536683700, 'arrival_time': 1536687360}
314	{'task_type': 'deadhead', 'locomotive': 22567, 'first_train_section': 22994, 'first_section': 22378, 'first_departure_time': 1536683700, 'first_arrival_time': 1536687360, 'second_train_section': 25946, 'second_section': 22378, 'second_departure_time': 1536692700, 'second_arrival_time': 1536696360}
315	{'task_type': 'regular', 'locomotive': 22567, 'train_section': 25946, 'section': 22378, 'departure_time': 1536692700, 'arrival_time': 1536696360}
316	{'task_type': 'regular', 'locomotive': 22567, 'train_section': 27286, 'section': 22251, 'departure_time': 1536724260, 'arrival_time': 1536728400}
317	{'task_type': 'deadhead', 'locomotive': 22567, 'first_train_section': 27286, 'first_section': 22251, 'first_departure_time': 1536724260, 'first_arrival_time': 1536728400, 'second_train_section': 23767, 'second_section': 22455, 'second_departure_time': 1536731880, 'second_arrival_time': 1536743280}
318	{'task_type': 'regular', 'locomotive': 22567, 'train_section': 23767, 'section': 22455, 'departure_time': 1536731880, 'arrival_time': 1536743280}
319	{'task_type': 'regular', 'locomotive': 22567, 'train_section': 25611, 'section': 22362, 'departure_time': 1536750060, 'arrival_time': 1536752700}
320	{'task_type': 'deadhead', 'locomotive': 22567, 'first_train_section': 25611, 'first_section': 22362, 'first_departure_time': 1536750060, 'first_arrival_time': 1536752700, 'second_train_section': 27291, 'second_section': 22263, 'second_departure_time': 1536759480, 'second_arrival_time': 1536761280}
321	{'task_type': 'regular', 'locomotive': 22567, 'train_section': 27291, 'section': 22263, 'departure_time': 1536759480, 'arrival_time': 1536761280}
322	{'task_type': 'regular', 'locomotive': 22567, 'train_section': 27293, 'section': 22247, 'departure_time': 1536761520, 'arrival_time': 1536772620}
323	{'task_type': 'deadhead', 'locomotive': 22567, 'first_train_section': 27293, 'first_section': 22247, 'first_departure_time': 1536761520, 'first_arrival_time': 1536772620, 'second_train_section': 28762, 'second_section': 22259, 'second_departure_time': 1536786900, 'second_arrival_time': 1536787320}
324	{'task_type': 'regular', 'locomotive': 22567, 'train_section': 28762, 'section': 22259, 'departure_time': 1536786900, 'arrival_time': 1536787320}
325	{'task_type': 'regular', 'locomotive': 22567, 'train_section': 28764, 'section': 22266, 'departure_time': 1536787500, 'arrival_time': 1536794040}
326	{'task_type': 'deadhead', 'locomotive': 22567, 'first_train_section': 28764, 'first_section': 22266, 'first_departure_time': 1536787500, 'first_arrival_time': 1536794040, 'second_train_section': 27102, 'second_section': 22427, 'second_departure_time': 1536807420, 'second_arrival_time': 1536810420}
327	{'task_type': 'regular', 'locomotive': 22567, 'train_section': 27102, 'section': 22427, 'departure_time': 1536807420, 'arrival_time': 1536810420}
328	{'task_type': 'deadhead', 'locomotive': 22567, 'first_train_section': 27102, 'first_section': 22427, 'first_departure_time': 1536807420, 'first_arrival_time': 1536810420, 'second_train_section': 27041, 'second_section': 22383, 'second_departure_time': 1536832560, 'second_arrival_time': 1536836700}
329	{'task_type': 'regular', 'locomotive': 22567, 'train_section': 27041, 'section': 22383, 'departure_time': 1536832560, 'arrival_time': 1536836700}
330	{'task_type': 'regular', 'locomotive': 22567, 'train_section': 28477, 'section': 22401, 'departure_time': 1536838500, 'arrival_time': 1536839880}
331	{'task_type': 'deadhead', 'locomotive': 22567, 'first_train_section': 28477, 'first_section': 22401, 'first_departure_time': 1536838500, 'first_arrival_time': 1536839880, 'second_train_section': 24599, 'second_section': 22242, 'second_departure_time': 1536844860, 'second_arrival_time': 1536847620}
332	{'task_type': 'regular', 'locomotive': 22567, 'train_section': 24599, 'section': 22242, 'departure_time': 1536844860, 'arrival_time': 1536847620}
333	{'task_type': 'deadhead', 'locomotive': 22567, 'first_train_section': 24599, 'first_section': 22242, 'first_departure_time': 1536844860, 'first_arrival_time': 1536847620, 'second_train_section': 26769, 'second_section': 22242, 'second_departure_time': 1536859440, 'second_arrival_time': 1536862620}
334	{'task_type': 'regular', 'locomotive': 22567, 'train_section': 26769, 'section': 22242, 'departure_time': 1536859440, 'arrival_time': 1536862620}
335	{'task_type': 'deadhead', 'locomotive': 22567, 'first_train_section': 26769, 'first_section': 22242, 'first_departure_time': 1536859440, 'first_arrival_time': 1536862620, 'second_train_section': 26244, 'second_section': 22246, 'second_departure_time': 1536873120, 'second_arrival_time': 1536874380}
336	{'task_type': 'regular', 'locomotive': 22567, 'train_section': 26244, 'section': 22246, 'departure_time': 1536873120, 'arrival_time': 1536874380}
337	{'task_type': 'deadhead', 'locomotive': 22567, 'first_train_section': 26244, 'first_section': 22246, 'first_departure_time': 1536873120, 'first_arrival_time': 1536874380, 'second_train_section': 24025, 'second_section': 22264, 'second_departure_time': 1536878220, 'second_arrival_time': 1536878640}
338	{'task_type': 'regular', 'locomotive': 22567, 'train_section': 24025, 'section': 22264, 'departure_time': 1536878220, 'arrival_time': 1536878640}
339	{'task_type': 'deadhead', 'locomotive': 22567, 'first_train_section': 24025, 'first_section': 22264, 'first_departure_time': 1536878220, 'first_arrival_time': 1536878640, 'second_train_section': 25572, 'second_section': 22430, 'second_departure_time': 1536890580, 'second_arrival_time': 1536892680}
340	{'task_type': 'regular', 'locomotive': 22567, 'train_section': 25572, 'section': 22430, 'departure_time': 1536890580, 'arrival_time': 1536892680}
341	{'task_type': 'deadhead', 'locomotive': 22567, 'first_train_section': 25572, 'first_section': 22430, 'first_departure_time': 1536890580, 'first_arrival_time': 1536892680, 'second_train_section': 25078, 'second_section': 22427, 'second_departure_time': 1536893820, 'second_arrival_time': 1536896820}
342	{'task_type': 'regular', 'locomotive': 22567, 'train_section': 25078, 'section': 22427, 'departure_time': 1536893820, 'arrival_time': 1536896820}
343	{'task_type': 'regular', 'locomotive': 22567, 'train_section': 25080, 'section': 22443, 'departure_time': 1536897420, 'arrival_time': 1536899040}
344	{'task_type': 'deadhead', 'locomotive': 22567, 'first_train_section': 25080, 'first_section': 22443, 'first_departure_time': 1536897420, 'first_arrival_time': 1536899040, 'second_train_section': 26062, 'second_section': 22292, 'second_departure_time': 1536916800, 'second_arrival_time': 1536920880}
345	{'task_type': 'regular', 'locomotive': 22567, 'train_section': 26062, 'section': 22292, 'departure_time': 1536916800, 'arrival_time': 1536920880}
346	{'task_type': 'deadhead', 'locomotive': 22567, 'first_train_section': 26062, 'first_section': 22292, 'first_departure_time': 1536916800, 'first_arrival_time': 1536920880, 'second_train_section': 28899, 'second_section': 22278, 'second_departure_time': 1536922680, 'second_arrival_time': 1536929460}
347	{'task_type': 'regular', 'locomotive': 22567, 'train_section': 28899, 'section': 22278, 'departure_time': 1536922680, 'arrival_time': 1536929460}
348	{'task_type': 'deadhead', 'locomotive': 22567, 'first_train_section': 28899, 'first_section': 22278, 'first_departure_time': 1536922680, 'first_arrival_time': 1536929460, 'second_train_section': 27335, 'second_section': 22472, 'second_departure_time': 1536937980, 'second_arrival_time': 1536943140}
349	{'task_type': 'regular', 'locomotive': 22567, 'train_section': 27335, 'section': 22472, 'departure_time': 1536937980, 'arrival_time': 1536943140}
350	{'task_type': 'deadhead', 'locomotive': 22567, 'first_train_section': 27335, 'first_section': 22472, 'first_departure_time': 1536937980, 'first_arrival_time': 1536943140, 'second_train_section': 28821, 'second_section': 22462, 'second_departure_time': 1536955680, 'second_arrival_time': 1536958380}
351	{'task_type': 'regular', 'locomotive': 22567, 'train_section': 28821, 'section': 22462, 'departure_time': 1536955680, 'arrival_time': 1536958380}
352	{'task_type': 'deadhead', 'locomotive': 22567, 'first_train_section': 23320, 'first_section': 22237, 'first_departure_time': 1536962400, 'first_arrival_time': 1536985500, 'second_train_section': 24246, 'second_section': 22485, 'second_departure_time': 1536998040, 'second_arrival_time': 1537005480}
353	{'task_type': 'regular', 'locomotive': 22567, 'train_section': 24246, 'section': 22485, 'departure_time': 1536998040, 'arrival_time': 1537005480}
354	{'task_type': 'regular', 'locomotive': 22568, 'train_section': 28505, 'section': 22308, 'departure_time': 1536638100, 'arrival_time': 1536640800}
355	{'task_type': 'deadhead', 'locomotive': 22568, 'first_train_section': 28505, 'first_section': 22308, 'first_departure_time': 1536638100, 'first_arrival_time': 1536640800, 'second_train_section': 24833, 'second_section': 22443, 'second_departure_time': 1536646260, 'second_arrival_time': 1536648060}
356	{'task_type': 'regular', 'locomotive': 22568, 'train_section': 24833, 'section': 22443, 'departure_time': 1536646260, 'arrival_time': 1536648060}
357	{'task_type': 'deadhead', 'locomotive': 22568, 'first_train_section': 24833, 'first_section': 22443, 'first_departure_time': 1536646260, 'first_arrival_time': 1536648060, 'second_train_section': 26680, 'second_section': 22483, 'second_departure_time': 1536686040, 'second_arrival_time': 1536689160}
358	{'task_type': 'regular', 'locomotive': 22568, 'train_section': 26680, 'section': 22483, 'departure_time': 1536686040, 'arrival_time': 1536689160}
359	{'task_type': 'deadhead', 'locomotive': 22568, 'first_train_section': 26680, 'first_section': 22483, 'first_departure_time': 1536686040, 'first_arrival_time': 1536689160, 'second_train_section': 26552, 'second_section': 22261, 'second_departure_time': 1536695100, 'second_arrival_time': 1536696660}
360	{'task_type': 'regular', 'locomotive': 22568, 'train_section': 26552, 'section': 22261, 'departure_time': 1536695100, 'arrival_time': 1536696660}
361	{'task_type': 'deadhead', 'locomotive': 22568, 'first_train_section': 26552, 'first_section': 22261, 'first_departure_time': 1536695100, 'first_arrival_time': 1536696660, 'second_train_section': 26349, 'second_section': 22246, 'second_departure_time': 1536700320, 'second_arrival_time': 1536701580}
362	{'task_type': 'regular', 'locomotive': 22568, 'train_section': 26349, 'section': 22246, 'departure_time': 1536700320, 'arrival_time': 1536701580}
363	{'task_type': 'deadhead', 'locomotive': 22568, 'first_train_section': 26349, 'first_section': 22246, 'first_departure_time': 1536700320, 'first_arrival_time': 1536701580, 'second_train_section': 26717, 'second_section': 22478, 'second_departure_time': 1536704460, 'second_arrival_time': 1536706980}
364	{'task_type': 'regular', 'locomotive': 22568, 'train_section': 26717, 'section': 22478, 'departure_time': 1536704460, 'arrival_time': 1536706980}
365	{'task_type': 'regular', 'locomotive': 22568, 'train_section': 24339, 'section': 22247, 'departure_time': 1536708660, 'arrival_time': 1536717540}
366	{'task_type': 'deadhead', 'locomotive': 22568, 'first_train_section': 24339, 'first_section': 22247, 'first_departure_time': 1536708660, 'first_arrival_time': 1536717540, 'second_train_section': 26263, 'second_section': 22404, 'second_departure_time': 1536718860, 'second_arrival_time': 1536728100}
367	{'task_type': 'regular', 'locomotive': 22568, 'train_section': 26263, 'section': 22404, 'departure_time': 1536718860, 'arrival_time': 1536728100}
368	{'task_type': 'deadhead', 'locomotive': 22568, 'first_train_section': 26263, 'first_section': 22404, 'first_departure_time': 1536718860, 'first_arrival_time': 1536728100, 'second_train_section': 25049, 'second_section': 22499, 'second_departure_time': 1536738300, 'second_arrival_time': 1536743460}
369	{'task_type': 'regular', 'locomotive': 22568, 'train_section': 25049, 'section': 22499, 'departure_time': 1536738300, 'arrival_time': 1536743460}
370	{'task_type': 'deadhead', 'locomotive': 22568, 'first_train_section': 25049, 'first_section': 22499, 'first_departure_time': 1536738300, 'first_arrival_time': 1536743460, 'second_train_section': 26484, 'second_section': 22261, 'second_departure_time': 1536752280, 'second_arrival_time': 1536754020}
371	{'task_type': 'regular', 'locomotive': 22568, 'train_section': 26484, 'section': 22261, 'departure_time': 1536752280, 'arrival_time': 1536754020}
372	{'task_type': 'deadhead', 'locomotive': 22568, 'first_train_section': 26484, 'first_section': 22261, 'first_departure_time': 1536752280, 'first_arrival_time': 1536754020, 'second_train_section': 28863, 'second_section': 22499, 'second_departure_time': 1536759900, 'second_arrival_time': 1536765060}
373	{'task_type': 'regular', 'locomotive': 22568, 'train_section': 28863, 'section': 22499, 'departure_time': 1536759900, 'arrival_time': 1536765060}
374	{'task_type': 'regular', 'locomotive': 22568, 'train_section': 28866, 'section': 22347, 'departure_time': 1536765540, 'arrival_time': 1536770880}
375	{'task_type': 'regular', 'locomotive': 22568, 'train_section': 28868, 'section': 22471, 'departure_time': 1536771420, 'arrival_time': 1536774240}
376	{'task_type': 'deadhead', 'locomotive': 22568, 'first_train_section': 28868, 'first_section': 22471, 'first_departure_time': 1536771420, 'first_arrival_time': 1536774240, 'second_train_section': 26908, 'second_section': 22398, 'second_departure_time': 1536787200, 'second_arrival_time': 1536793080}
377	{'task_type': 'regular', 'locomotive': 22568, 'train_section': 26908, 'section': 22398, 'departure_time': 1536787200, 'arrival_time': 1536793080}
378	{'task_type': 'deadhead', 'locomotive': 22568, 'first_train_section': 26908, 'first_section': 22398, 'first_departure_time': 1536787200, 'first_arrival_time': 1536793080, 'second_train_section': 23823, 'second_section': 22467, 'second_departure_time': 1536806400, 'second_arrival_time': 1536809100}
379	{'task_type': 'regular', 'locomotive': 22568, 'train_section': 23823, 'section': 22467, 'departure_time': 1536806400, 'arrival_time': 1536809100}
380	{'task_type': 'deadhead', 'locomotive': 22568, 'first_train_section': 23823, 'first_section': 22467, 'first_departure_time': 1536806400, 'first_arrival_time': 1536809100, 'second_train_section': 25913, 'second_section': 22342, 'second_departure_time': 1536816060, 'second_arrival_time': 1536822180}
381	{'task_type': 'regular', 'locomotive': 22568, 'train_section': 25913, 'section': 22342, 'departure_time': 1536816060, 'arrival_time': 1536822180}
382	{'task_type': 'deadhead', 'locomotive': 22568, 'first_train_section': 25913, 'first_section': 22342, 'first_departure_time': 1536816060, 'first_arrival_time': 1536822180, 'second_train_section': 23279, 'second_section': 22486, 'second_departure_time': 1536839520, 'second_arrival_time': 1536843120}
383	{'task_type': 'regular', 'locomotive': 22568, 'train_section': 23279, 'section': 22486, 'departure_time': 1536839520, 'arrival_time': 1536843120}
384	{'task_type': 'deadhead', 'locomotive': 22568, 'first_train_section': 23279, 'first_section': 22486, 'first_departure_time': 1536839520, 'first_arrival_time': 1536843120, 'second_train_section': 28127, 'second_section': 22481, 'second_departure_time': 1536849240, 'second_arrival_time': 1536854340}
385	{'task_type': 'regular', 'locomotive': 22568, 'train_section': 28127, 'section': 22481, 'departure_time': 1536849240, 'arrival_time': 1536854340}
386	{'task_type': 'deadhead', 'locomotive': 22568, 'first_train_section': 28127, 'first_section': 22481, 'first_departure_time': 1536849240, 'first_arrival_time': 1536854340, 'second_train_section': 27213, 'second_section': 22259, 'second_departure_time': 1536859440, 'second_arrival_time': 1536859740}
387	{'task_type': 'regular', 'locomotive': 22568, 'train_section': 27213, 'section': 22259, 'departure_time': 1536859440, 'arrival_time': 1536859740}
388	{'task_type': 'deadhead', 'locomotive': 22568, 'first_train_section': 27213, 'first_section': 22259, 'first_departure_time': 1536859440, 'first_arrival_time': 1536859740, 'second_train_section': 28446, 'second_section': 22344, 'second_departure_time': 1536865080, 'second_arrival_time': 1536866100}
389	{'task_type': 'regular', 'locomotive': 22568, 'train_section': 28446, 'section': 22344, 'departure_time': 1536865080, 'arrival_time': 1536866100}
390	{'task_type': 'deadhead', 'locomotive': 22568, 'first_train_section': 28446, 'first_section': 22344, 'first_departure_time': 1536865080, 'first_arrival_time': 1536866100, 'second_train_section': 26161, 'second_section': 22343, 'second_departure_time': 1536870000, 'second_arrival_time': 1536880740}
391	{'task_type': 'regular', 'locomotive': 22568, 'train_section': 26161, 'section': 22343, 'departure_time': 1536870000, 'arrival_time': 1536880740}
392	{'task_type': 'deadhead', 'locomotive': 22568, 'first_train_section': 26161, 'first_section': 22343, 'first_departure_time': 1536870000, 'first_arrival_time': 1536880740, 'second_train_section': 26733, 'second_section': 22288, 'second_departure_time': 1536887220, 'second_arrival_time': 1536893760}
393	{'task_type': 'regular', 'locomotive': 22568, 'train_section': 26733, 'section': 22288, 'departure_time': 1536887220, 'arrival_time': 1536893760}
394	{'task_type': 'deadhead', 'locomotive': 22568, 'first_train_section': 26733, 'first_section': 22288, 'first_departure_time': 1536887220, 'first_arrival_time': 1536893760, 'second_train_section': 29034, 'second_section': 22326, 'second_departure_time': 1536894960, 'second_arrival_time': 1536901020}
395	{'task_type': 'regular', 'locomotive': 22568, 'train_section': 29034, 'section': 22326, 'departure_time': 1536894960, 'arrival_time': 1536901020}
396	{'task_type': 'deadhead', 'locomotive': 22568, 'first_train_section': 29034, 'first_section': 22326, 'first_departure_time': 1536894960, 'first_arrival_time': 1536901020, 'second_train_section': 28360, 'second_section': 22310, 'second_departure_time': 1536906360, 'second_arrival_time': 1536908100}
397	{'task_type': 'regular', 'locomotive': 22568, 'train_section': 28360, 'section': 22310, 'departure_time': 1536906360, 'arrival_time': 1536908100}
398	{'task_type': 'deadhead', 'locomotive': 22568, 'first_train_section': 28360, 'first_section': 22310, 'first_departure_time': 1536906360, 'first_arrival_time': 1536908100, 'second_train_section': 22805, 'second_section': 22323, 'second_departure_time': 1536921480, 'second_arrival_time': 1536925380}
399	{'task_type': 'regular', 'locomotive': 22568, 'train_section': 22805, 'section': 22323, 'departure_time': 1536921480, 'arrival_time': 1536925380}
400	{'task_type': 'regular', 'locomotive': 22568, 'train_section': 22807, 'section': 22337, 'departure_time': 1536926280, 'arrival_time': 1536933000}
401	{'task_type': 'deadhead', 'locomotive': 22568, 'first_train_section': 22807, 'first_section': 22337, 'first_departure_time': 1536926280, 'first_arrival_time': 1536933000, 'second_train_section': 23115, 'second_section': 22259, 'second_departure_time': 1536945840, 'second_arrival_time': 1536946140}
402	{'task_type': 'regular', 'locomotive': 22568, 'train_section': 23115, 'section': 22259, 'departure_time': 1536945840, 'arrival_time': 1536946140}
403	{'task_type': 'deadhead', 'locomotive': 22568, 'first_train_section': 23115, 'first_section': 22259, 'first_departure_time': 1536945840, 'first_arrival_time': 1536946140, 'second_train_section': 24613, 'second_section': 22495, 'second_departure_time': 1536953280, 'second_arrival_time': 1536956220}
404	{'task_type': 'regular', 'locomotive': 22568, 'train_section': 24613, 'section': 22495, 'departure_time': 1536953280, 'arrival_time': 1536956220}
405	{'task_type': 'deadhead', 'locomotive': 22568, 'first_train_section': 27787, 'first_section': 22502, 'first_departure_time': 1536962460, 'first_arrival_time': 1536988500, 'second_train_section': 23719, 'second_section': 22245, 'second_departure_time': 1536996780, 'second_arrival_time': 1537001760}
406	{'task_type': 'regular', 'locomotive': 22568, 'train_section': 23719, 'section': 22245, 'departure_time': 1536996780, 'arrival_time': 1537001760}
407	{'task_type': 'deadhead', 'locomotive': 22568, 'first_train_section': 23719, 'first_section': 22245, 'first_departure_time': 1536996780, 'first_arrival_time': 1537001760, 'second_train_section': 24378, 'second_section': 22323, 'second_departure_time': 1537025940, 'second_arrival_time': 1537029840}
408	{'task_type': 'regular', 'locomotive': 22568, 'train_section': 24378, 'section': 22323, 'departure_time': 1537025940, 'arrival_time': 1537029840}
409	{'task_type': 'deadhead', 'locomotive': 22568, 'first_train_section': 24378, 'first_section': 22323, 'first_departure_time': 1537025940, 'first_arrival_time': 1537029840, 'second_train_section': 26249, 'second_section': 22351, 'second_departure_time': 1537094880, 'second_arrival_time': 1537100040}
410	{'task_type': 'regular', 'locomotive': 22568, 'train_section': 26249, 'section': 22351, 'departure_time': 1537094880, 'arrival_time': 1537100040}
411	{'task_type': 'deadhead', 'locomotive': 22568, 'first_train_section': 26249, 'first_section': 22351, 'first_departure_time': 1537094880, 'first_arrival_time': 1537100040, 'second_train_section': 24263, 'second_section': 22332, 'second_departure_time': 1537129800, 'second_arrival_time': 1537133940}
412	{'task_type': 'regular', 'locomotive': 22568, 'train_section': 24263, 'section': 22332, 'departure_time': 1537129800, 'arrival_time': 1537133940}
413	{'task_type': 'regular', 'locomotive': 22569, 'train_section': 27277, 'section': 22238, 'departure_time': 1536726300, 'arrival_time': 1536729900}
414	{'task_type': 'deadhead', 'locomotive': 22569, 'first_train_section': 27277, 'first_section': 22238, 'first_departure_time': 1536726300, 'first_arrival_time': 1536729900, 'second_train_section': 25371, 'second_section': 22347, 'second_departure_time': 1536736740, 'second_arrival_time': 1536742080}
415	{'task_type': 'regular', 'locomotive': 22569, 'train_section': 25371, 'section': 22347, 'departure_time': 1536736740, 'arrival_time': 1536742080}
416	{'task_type': 'deadhead', 'locomotive': 22569, 'first_train_section': 25371, 'first_section': 22347, 'first_departure_time': 1536736740, 'first_arrival_time': 1536742080, 'second_train_section': 28178, 'second_section': 22323, 'second_departure_time': 1536748680, 'second_arrival_time': 1536752580}
417	{'task_type': 'regular', 'locomotive': 22569, 'train_section': 28178, 'section': 22323, 'departure_time': 1536748680, 'arrival_time': 1536752580}
418	{'task_type': 'deadhead', 'locomotive': 22569, 'first_train_section': 28178, 'first_section': 22323, 'first_departure_time': 1536748680, 'first_arrival_time': 1536752580, 'second_train_section': 26091, 'second_section': 22257, 'second_departure_time': 1536760800, 'second_arrival_time': 1536761520}
419	{'task_type': 'regular', 'locomotive': 22569, 'train_section': 26091, 'section': 22257, 'departure_time': 1536760800, 'arrival_time': 1536761520}
420	{'task_type': 'deadhead', 'locomotive': 22569, 'first_train_section': 28811, 'first_section': 22470, 'first_departure_time': 1536761520, 'first_arrival_time': 1536765420, 'second_train_section': 28396, 'second_section': 22446, 'second_departure_time': 1536896640, 'second_arrival_time': 1536897780}
421	{'task_type': 'regular', 'locomotive': 22569, 'train_section': 28396, 'section': 22446, 'departure_time': 1536896640, 'arrival_time': 1536897780}
422	{'task_type': 'deadhead', 'locomotive': 22569, 'first_train_section': 28396, 'first_section': 22446, 'first_departure_time': 1536896640, 'first_arrival_time': 1536897780, 'second_train_section': 25329, 'second_section': 22286, 'second_departure_time': 1536904920, 'second_arrival_time': 1536908880}
423	{'task_type': 'regular', 'locomotive': 22569, 'train_section': 25329, 'section': 22286, 'departure_time': 1536904920, 'arrival_time': 1536908880}
424	{'task_type': 'deadhead', 'locomotive': 22569, 'first_train_section': 25329, 'first_section': 22286, 'first_departure_time': 1536904920, 'first_arrival_time': 1536908880, 'second_train_section': 24957, 'second_section': 22351, 'second_departure_time': 1536922080, 'second_arrival_time': 1536927240}
425	{'task_type': 'regular', 'locomotive': 22569, 'train_section': 24957, 'section': 22351, 'departure_time': 1536922080, 'arrival_time': 1536927240}
426	{'task_type': 'regular', 'locomotive': 22569, 'train_section': 24960, 'section': 22499, 'departure_time': 1536932700, 'arrival_time': 1536937860}
427	{'task_type': 'regular', 'locomotive': 22569, 'train_section': 24963, 'section': 22347, 'departure_time': 1536938340, 'arrival_time': 1536943680}
428	{'task_type': 'deadhead', 'locomotive': 22569, 'first_train_section': 24963, 'first_section': 22347, 'first_departure_time': 1536938340, 'first_arrival_time': 1536943680, 'second_train_section': 25332, 'second_section': 22469, 'second_departure_time': 1536952800, 'second_arrival_time': 1536954960}
429	{'task_type': 'regular', 'locomotive': 22569, 'train_section': 25332, 'section': 22469, 'departure_time': 1536952800, 'arrival_time': 1536954960}
430	{'task_type': 'deadhead', 'locomotive': 22569, 'first_train_section': 25332, 'first_section': 22469, 'first_departure_time': 1536952800, 'first_arrival_time': 1536954960, 'second_train_section': 24420, 'second_section': 22291, 'second_departure_time': 1536960360, 'second_arrival_time': 1536966240}
431	{'task_type': 'regular', 'locomotive': 22569, 'train_section': 24420, 'section': 22291, 'departure_time': 1536960360, 'arrival_time': 1536966240}
432	{'task_type': 'regular', 'locomotive': 22569, 'train_section': 28213, 'section': 22374, 'departure_time': 1536973080, 'arrival_time': 1536974820}
433	{'task_type': 'deadhead', 'locomotive': 22569, 'first_train_section': 22758, 'first_section': 22300, 'first_departure_time': 1536980760, 'first_arrival_time': 1536982500, 'second_train_section': 25977, 'second_section': 22431, 'second_departure_time': 1536991800, 'second_arrival_time': 1536996420}
434	{'task_type': 'regular', 'locomotive': 22569, 'train_section': 25977, 'section': 22431, 'departure_time': 1536991800, 'arrival_time': 1536996420}
435	{'task_type': 'deadhead', 'locomotive': 22569, 'first_train_section': 25977, 'first_section': 22431, 'first_departure_time': 1536991800, 'first_arrival_time': 1536996420, 'second_train_section': 25981, 'second_section': 22309, 'second_departure_time': 1537001160, 'second_arrival_time': 1537005720}
436	{'task_type': 'regular', 'locomotive': 22569, 'train_section': 25981, 'section': 22309, 'departure_time': 1537001160, 'arrival_time': 1537005720}
437	{'task_type': 'deadhead', 'locomotive': 22569, 'first_train_section': 25981, 'first_section': 22309, 'first_departure_time': 1537001160, 'first_arrival_time': 1537005720, 'second_train_section': 28510, 'second_section': 22342, 'second_departure_time': 1537024740, 'second_arrival_time': 1537030020}
438	{'task_type': 'regular', 'locomotive': 22569, 'train_section': 28510, 'section': 22342, 'departure_time': 1537024740, 'arrival_time': 1537030020}
439	{'task_type': 'deadhead', 'locomotive': 22569, 'first_train_section': 28510, 'first_section': 22342, 'first_departure_time': 1537024740, 'first_arrival_time': 1537030020, 'second_train_section': 25447, 'second_section': 22324, 'second_departure_time': 1537045980, 'second_arrival_time': 1537051500}
440	{'task_type': 'regular', 'locomotive': 22569, 'train_section': 25447, 'section': 22324, 'departure_time': 1537045980, 'arrival_time': 1537051500}
441	{'task_type': 'deadhead', 'locomotive': 22569, 'first_train_section': 25447, 'first_section': 22324, 'first_departure_time': 1537045980, 'first_arrival_time': 1537051500, 'second_train_section': 28789, 'second_section': 22477, 'second_departure_time': 1537071600, 'second_arrival_time': 1537074000}
442	{'task_type': 'regular', 'locomotive': 22569, 'train_section': 28789, 'section': 22477, 'departure_time': 1537071600, 'arrival_time': 1537074000}
443	{'task_type': 'deadhead', 'locomotive': 22569, 'first_train_section': 28789, 'first_section': 22477, 'first_departure_time': 1537071600, 'first_arrival_time': 1537074000, 'second_train_section': 28627, 'second_section': 22351, 'second_departure_time': 1537087680, 'second_arrival_time': 1537092840}
444	{'task_type': 'regular', 'locomotive': 22569, 'train_section': 28627, 'section': 22351, 'departure_time': 1537087680, 'arrival_time': 1537092840}
445	{'task_type': 'regular', 'locomotive': 22569, 'train_section': 25270, 'section': 22499, 'departure_time': 1537098300, 'arrival_time': 1537103460}
446	{'task_type': 'deadhead', 'locomotive': 22569, 'first_train_section': 25270, 'first_section': 22499, 'first_departure_time': 1537098300, 'first_arrival_time': 1537103460, 'second_train_section': 28443, 'second_section': 22295, 'second_departure_time': 1537119180, 'second_arrival_time': 1537120620}
447	{'task_type': 'regular', 'locomotive': 22569, 'train_section': 28443, 'section': 22295, 'departure_time': 1537119180, 'arrival_time': 1537120620}
448	{'task_type': 'regular', 'locomotive': 22570, 'train_section': 26708, 'section': 22438, 'departure_time': 1536681120, 'arrival_time': 1536691860}
449	{'task_type': 'deadhead', 'locomotive': 22570, 'first_train_section': 26708, 'first_section': 22438, 'first_departure_time': 1536681120, 'first_arrival_time': 1536691860, 'second_train_section': 27426, 'second_section': 22334, 'second_departure_time': 1536697020, 'second_arrival_time': 1536700200}
450	{'task_type': 'regular', 'locomotive': 22570, 'train_section': 27426, 'section': 22334, 'departure_time': 1536697020, 'arrival_time': 1536700200}
451	{'task_type': 'deadhead', 'locomotive': 22570, 'first_train_section': 27426, 'first_section': 22334, 'first_departure_time': 1536697020, 'first_arrival_time': 1536700200, 'second_train_section': 22875, 'second_section': 22336, 'second_departure_time': 1536718980, 'second_arrival_time': 1536725100}
452	{'task_type': 'regular', 'locomotive': 22570, 'train_section': 22875, 'section': 22336, 'departure_time': 1536718980, 'arrival_time': 1536725100}
453	{'task_type': 'deadhead', 'locomotive': 22570, 'first_train_section': 22875, 'first_section': 22336, 'first_departure_time': 1536718980, 'first_arrival_time': 1536725100, 'second_train_section': 28614, 'second_section': 22404, 'second_departure_time': 1536727020, 'second_arrival_time': 1536737220}
454	{'task_type': 'regular', 'locomotive': 22570, 'train_section': 28614, 'section': 22404, 'departure_time': 1536727020, 'arrival_time': 1536737220}
455	{'task_type': 'regular', 'locomotive': 22570, 'train_section': 28616, 'section': 22245, 'departure_time': 1536737580, 'arrival_time': 1536742560}
456	{'task_type': 'deadhead', 'locomotive': 22570, 'first_train_section': 28616, 'first_section': 22245, 'first_departure_time': 1536737580, 'first_arrival_time': 1536742560, 'second_train_section': 24191, 'second_section': 22495, 'second_departure_time': 1536745800, 'second_arrival_time': 1536748620}
457	{'task_type': 'regular', 'locomotive': 22570, 'train_section': 24191, 'section': 22495, 'departure_time': 1536745800, 'arrival_time': 1536748620}
458	{'task_type': 'deadhead', 'locomotive': 22570, 'first_train_section': 24191, 'first_section': 22495, 'first_departure_time': 1536745800, 'first_arrival_time': 1536748620, 'second_train_section': 24301, 'second_section': 22245, 'second_departure_time': 1536759060, 'second_arrival_time': 1536764220}
459	{'task_type': 'regular', 'locomotive': 22570, 'train_section': 24301, 'section': 22245, 'departure_time': 1536759060, 'arrival_time': 1536764220}
460	{'task_type': 'regular', 'locomotive': 22570, 'train_section': 24303, 'section': 22308, 'departure_time': 1536764640, 'arrival_time': 1536767160}
461	{'task_type': 'deadhead', 'locomotive': 22570, 'first_train_section': 23345, 'first_section': 22302, 'first_departure_time': 1536774300, 'first_arrival_time': 1536789540, 'second_train_section': 28645, 'second_section': 22309, 'second_departure_time': 1536790140, 'second_arrival_time': 1536795000}
462	{'task_type': 'regular', 'locomotive': 22570, 'train_section': 28645, 'section': 22309, 'departure_time': 1536790140, 'arrival_time': 1536795000}
463	{'task_type': 'deadhead', 'locomotive': 22570, 'first_train_section': 28645, 'first_section': 22309, 'first_departure_time': 1536790140, 'first_arrival_time': 1536795000, 'second_train_section': 26392, 'second_section': 22245, 'second_departure_time': 1536805800, 'second_arrival_time': 1536810180}
464	{'task_type': 'regular', 'locomotive': 22570, 'train_section': 26392, 'section': 22245, 'departure_time': 1536805800, 'arrival_time': 1536810180}
465	{'task_type': 'regular', 'locomotive': 22570, 'train_section': 27109, 'section': 22304, 'departure_time': 1536816900, 'arrival_time': 1536821940}
466	{'task_type': 'regular', 'locomotive': 22570, 'train_section': 27111, 'section': 22247, 'departure_time': 1536822120, 'arrival_time': 1536831360}
467	{'task_type': 'deadhead', 'locomotive': 22570, 'first_train_section': 27111, 'first_section': 22247, 'first_departure_time': 1536822120, 'first_arrival_time': 1536831360, 'second_train_section': 24742, 'second_section': 22466, 'second_departure_time': 1536840300, 'second_arrival_time': 1536841440}
468	{'task_type': 'regular', 'locomotive': 22570, 'train_section': 24742, 'section': 22466, 'departure_time': 1536840300, 'arrival_time': 1536841440}
469	{'task_type': 'deadhead', 'locomotive': 22570, 'first_train_section': 24742, 'first_section': 22466, 'first_departure_time': 1536840300, 'first_arrival_time': 1536841440, 'second_train_section': 23437, 'second_section': 22404, 'second_departure_time': 1536846960, 'second_arrival_time': 1536856500}
470	{'task_type': 'regular', 'locomotive': 22570, 'train_section': 23437, 'section': 22404, 'departure_time': 1536846960, 'arrival_time': 1536856500}
471	{'task_type': 'deadhead', 'locomotive': 22570, 'first_train_section': 23437, 'first_section': 22404, 'first_departure_time': 1536846960, 'first_arrival_time': 1536856500, 'second_train_section': 28882, 'second_section': 22495, 'second_departure_time': 1536866100, 'second_arrival_time': 1536869100}
472	{'task_type': 'regular', 'locomotive': 22570, 'train_section': 28882, 'section': 22495, 'departure_time': 1536866100, 'arrival_time': 1536869100}
473	{'task_type': 'regular', 'locomotive': 22570, 'train_section': 28884, 'section': 22305, 'departure_time': 1536869700, 'arrival_time': 1536874740}
474	{'task_type': 'deadhead', 'locomotive': 22570, 'first_train_section': 28884, 'first_section': 22305, 'first_departure_time': 1536869700, 'first_arrival_time': 1536874740, 'second_train_section': 28998, 'second_section': 22495, 'second_departure_time': 1536882240, 'second_arrival_time': 1536885120}
475	{'task_type': 'regular', 'locomotive': 22570, 'train_section': 28998, 'section': 22495, 'departure_time': 1536882240, 'arrival_time': 1536885120}
476	{'task_type': 'regular', 'locomotive': 22570, 'train_section': 25523, 'section': 22308, 'departure_time': 1536886800, 'arrival_time': 1536889560}
477	{'task_type': 'regular', 'locomotive': 22570, 'train_section': 28592, 'section': 22496, 'departure_time': 1536890700, 'arrival_time': 1536895500}
478	{'task_type': 'deadhead', 'locomotive': 22570, 'first_train_section': 28592, 'first_section': 22496, 'first_departure_time': 1536890700, 'first_arrival_time': 1536895500, 'second_train_section': 24417, 'second_section': 22429, 'second_departure_time': 1536901320, 'second_arrival_time': 1536903480}
479	{'task_type': 'regular', 'locomotive': 22570, 'train_section': 24417, 'section': 22429, 'departure_time': 1536901320, 'arrival_time': 1536903480}
480	{'task_type': 'deadhead', 'locomotive': 22570, 'first_train_section': 24417, 'first_section': 22429, 'first_departure_time': 1536901320, 'first_arrival_time': 1536903480, 'second_train_section': 22796, 'second_section': 22495, 'second_departure_time': 1536909180, 'second_arrival_time': 1536912120}
481	{'task_type': 'regular', 'locomotive': 22570, 'train_section': 22796, 'section': 22495, 'departure_time': 1536909180, 'arrival_time': 1536912120}
482	{'task_type': 'deadhead', 'locomotive': 22570, 'first_train_section': 22796, 'first_section': 22495, 'first_departure_time': 1536909180, 'first_arrival_time': 1536912120, 'second_train_section': 22662, 'second_section': 22496, 'second_departure_time': 1536915420, 'second_arrival_time': 1536920100}
483	{'task_type': 'regular', 'locomotive': 22570, 'train_section': 22662, 'section': 22496, 'departure_time': 1536915420, 'arrival_time': 1536920100}
484	{'task_type': 'deadhead', 'locomotive': 22570, 'first_train_section': 22662, 'first_section': 22496, 'first_departure_time': 1536915420, 'first_arrival_time': 1536920100, 'second_train_section': 27550, 'second_section': 22457, 'second_departure_time': 1536922320, 'second_arrival_time': 1536924300}
485	{'task_type': 'regular', 'locomotive': 22570, 'train_section': 27550, 'section': 22457, 'departure_time': 1536922320, 'arrival_time': 1536924300}
486	{'task_type': 'regular', 'locomotive': 22570, 'train_section': 24035, 'section': 22436, 'departure_time': 1536926640, 'arrival_time': 1536928620}
487	{'task_type': 'regular', 'locomotive': 22570, 'train_section': 24334, 'section': 22457, 'departure_time': 1536929520, 'arrival_time': 1536931620}
488	{'task_type': 'deadhead', 'locomotive': 22570, 'first_train_section': 24334, 'first_section': 22457, 'first_departure_time': 1536929520, 'first_arrival_time': 1536931620, 'second_train_section': 28351, 'second_section': 22459, 'second_departure_time': 1536934680, 'second_arrival_time': 1536938160}
489	{'task_type': 'regular', 'locomotive': 22570, 'train_section': 28351, 'section': 22459, 'departure_time': 1536934680, 'arrival_time': 1536938160}
490	{'task_type': 'deadhead', 'locomotive': 22570, 'first_train_section': 26663, 'first_section': 22473, 'first_departure_time': 1536941100, 'first_arrival_time': 1536962340, 'second_train_section': 23871, 'second_section': 22293, 'second_departure_time': 1536977880, 'second_arrival_time': 1536986340}
491	{'task_type': 'regular', 'locomotive': 22570, 'train_section': 23871, 'section': 22293, 'departure_time': 1536977880, 'arrival_time': 1536986340}
492	{'task_type': 'deadhead', 'locomotive': 22570, 'first_train_section': 23871, 'first_section': 22293, 'first_departure_time': 1536977880, 'first_arrival_time': 1536986340, 'second_train_section': 26320, 'second_section': 22279, 'second_departure_time': 1536994200, 'second_arrival_time': 1536999780}
493	{'task_type': 'regular', 'locomotive': 22570, 'train_section': 26320, 'section': 22279, 'departure_time': 1536994200, 'arrival_time': 1536999780}
494	{'task_type': 'regular', 'locomotive': 22570, 'train_section': 24888, 'section': 22313, 'departure_time': 1537008480, 'arrival_time': 1537013400}
495	{'task_type': 'deadhead', 'locomotive': 22570, 'first_train_section': 24888, 'first_section': 22313, 'first_departure_time': 1537008480, 'first_arrival_time': 1537013400, 'second_train_section': 27225, 'second_section': 22378, 'second_departure_time': 1537023900, 'second_arrival_time': 1537027560}
496	{'task_type': 'regular', 'locomotive': 22570, 'train_section': 27225, 'section': 22378, 'departure_time': 1537023900, 'arrival_time': 1537027560}
497	{'task_type': 'deadhead', 'locomotive': 22570, 'first_train_section': 28100, 'first_section': 22502, 'first_departure_time': 1537038300, 'first_arrival_time': 1537048740, 'second_train_section': 28304, 'second_section': 22342, 'second_departure_time': 1537082340, 'second_arrival_time': 1537087620}
498	{'task_type': 'regular', 'locomotive': 22570, 'train_section': 28304, 'section': 22342, 'departure_time': 1537082340, 'arrival_time': 1537087620}
499	{'task_type': 'deadhead', 'locomotive': 22570, 'first_train_section': 28304, 'first_section': 22342, 'first_departure_time': 1537082340, 'first_arrival_time': 1537087620, 'second_train_section': 27390, 'second_section': 22313, 'second_departure_time': 1537094880, 'second_arrival_time': 1537099800}
500	{'task_type': 'regular', 'locomotive': 22570, 'train_section': 27390, 'section': 22313, 'departure_time': 1537094880, 'arrival_time': 1537099800}
501	{'task_type': 'deadhead', 'locomotive': 22570, 'first_train_section': 27390, 'first_section': 22313, 'first_departure_time': 1537094880, 'first_arrival_time': 1537099800, 'second_train_section': 26772, 'second_section': 22342, 'second_departure_time': 1537111140, 'second_arrival_time': 1537116420}
502	{'task_type': 'regular', 'locomotive': 22570, 'train_section': 26772, 'section': 22342, 'departure_time': 1537111140, 'arrival_time': 1537116420}
503	{'task_type': 'regular', 'locomotive': 22570, 'train_section': 26957, 'section': 22284, 'departure_time': 1537123920, 'arrival_time': 1537127580}
504	{'task_type': 'regular', 'locomotive': 22571, 'train_section': 26105, 'section': 22430, 'departure_time': 1536631380, 'arrival_time': 1536633480}
505	{'task_type': 'deadhead', 'locomotive': 22571, 'first_train_section': 26105, 'first_section': 22430, 'first_departure_time': 1536631380, 'first_arrival_time': 1536633480, 'second_train_section': 28507, 'second_section': 22496, 'second_departure_time': 1536641580, 'second_arrival_time': 1536645780}
506	{'task_type': 'regular', 'locomotive': 22571, 'train_section': 28507, 'section': 22496, 'departure_time': 1536641580, 'arrival_time': 1536645780}
507	{'task_type': 'deadhead', 'locomotive': 22571, 'first_train_section': 28507, 'first_section': 22496, 'first_departure_time': 1536641580, 'first_arrival_time': 1536645780, 'second_train_section': 25065, 'second_section': 22306, 'second_departure_time': 1536656040, 'second_arrival_time': 1536659700}
508	{'task_type': 'regular', 'locomotive': 22571, 'train_section': 25065, 'section': 22306, 'departure_time': 1536656040, 'arrival_time': 1536659700}
509	{'task_type': 'deadhead', 'locomotive': 22571, 'first_train_section': 25065, 'first_section': 22306, 'first_departure_time': 1536656040, 'first_arrival_time': 1536659700, 'second_train_section': 28523, 'second_section': 22248, 'second_departure_time': 1536670560, 'second_arrival_time': 1536673200}
510	{'task_type': 'regular', 'locomotive': 22571, 'train_section': 28523, 'section': 22248, 'departure_time': 1536670560, 'arrival_time': 1536673200}
511	{'task_type': 'regular', 'locomotive': 22571, 'train_section': 28581, 'section': 22481, 'departure_time': 1536676440, 'arrival_time': 1536681540}
512	{'task_type': 'deadhead', 'locomotive': 22571, 'first_train_section': 28581, 'first_section': 22481, 'first_departure_time': 1536676440, 'first_arrival_time': 1536681540, 'second_train_section': 24445, 'second_section': 22487, 'second_departure_time': 1536690420, 'second_arrival_time': 1536692820}
513	{'task_type': 'regular', 'locomotive': 22571, 'train_section': 24445, 'section': 22487, 'departure_time': 1536690420, 'arrival_time': 1536692820}
514	{'task_type': 'deadhead', 'locomotive': 22571, 'first_train_section': 24386, 'first_section': 22464, 'first_departure_time': 1536703200, 'first_arrival_time': 1536725580, 'second_train_section': 24284, 'second_section': 22281, 'second_departure_time': 1536736440, 'second_arrival_time': 1536741600}
515	{'task_type': 'regular', 'locomotive': 22571, 'train_section': 24284, 'section': 22281, 'departure_time': 1536736440, 'arrival_time': 1536741600}
516	{'task_type': 'regular', 'locomotive': 22571, 'train_section': 24870, 'section': 22351, 'departure_time': 1536742080, 'arrival_time': 1536747240}
517	{'task_type': 'deadhead', 'locomotive': 22571, 'first_train_section': 24870, 'first_section': 22351, 'first_departure_time': 1536742080, 'first_arrival_time': 1536747240, 'second_train_section': 22691, 'second_section': 22369, 'second_departure_time': 1536753660, 'second_arrival_time': 1536757380}
518	{'task_type': 'regular', 'locomotive': 22571, 'train_section': 22691, 'section': 22369, 'departure_time': 1536753660, 'arrival_time': 1536757380}
519	{'task_type': 'deadhead', 'locomotive': 22571, 'first_train_section': 22691, 'first_section': 22369, 'first_departure_time': 1536753660, 'first_arrival_time': 1536757380, 'second_train_section': 24145, 'second_section': 22310, 'second_departure_time': 1536765300, 'second_arrival_time': 1536766740}
520	{'task_type': 'regular', 'locomotive': 22571, 'train_section': 24145, 'section': 22310, 'departure_time': 1536765300, 'arrival_time': 1536766740}
521	{'task_type': 'deadhead', 'locomotive': 22571, 'first_train_section': 24145, 'first_section': 22310, 'first_departure_time': 1536765300, 'first_arrival_time': 1536766740, 'second_train_section': 22895, 'second_section': 22284, 'second_departure_time': 1536778320, 'second_arrival_time': 1536781980}
522	{'task_type': 'regular', 'locomotive': 22571, 'train_section': 22895, 'section': 22284, 'departure_time': 1536778320, 'arrival_time': 1536781980}
523	{'task_type': 'regular', 'locomotive': 22571, 'train_section': 22645, 'section': 22251, 'departure_time': 1536810660, 'arrival_time': 1536814800}
524	{'task_type': 'deadhead', 'locomotive': 22571, 'first_train_section': 22645, 'first_section': 22251, 'first_departure_time': 1536810660, 'first_arrival_time': 1536814800, 'second_train_section': 26507, 'second_section': 22343, 'second_departure_time': 1536835200, 'second_arrival_time': 1536843720}
525	{'task_type': 'regular', 'locomotive': 22571, 'train_section': 26507, 'section': 22343, 'departure_time': 1536835200, 'arrival_time': 1536843720}
526	{'task_type': 'deadhead', 'locomotive': 22571, 'first_train_section': 26507, 'first_section': 22343, 'first_departure_time': 1536835200, 'first_arrival_time': 1536843720, 'second_train_section': 23012, 'second_section': 22315, 'second_departure_time': 1536857280, 'second_arrival_time': 1536861780}
527	{'task_type': 'regular', 'locomotive': 22571, 'train_section': 23012, 'section': 22315, 'departure_time': 1536857280, 'arrival_time': 1536861780}
528	{'task_type': 'deadhead', 'locomotive': 22571, 'first_train_section': 23012, 'first_section': 22315, 'first_departure_time': 1536857280, 'first_arrival_time': 1536861780, 'second_train_section': 28164, 'second_section': 22289, 'second_departure_time': 1536867360, 'second_arrival_time': 1536875100}
529	{'task_type': 'regular', 'locomotive': 22571, 'train_section': 28164, 'section': 22289, 'departure_time': 1536867360, 'arrival_time': 1536875100}
530	{'task_type': 'deadhead', 'locomotive': 22571, 'first_train_section': 28164, 'first_section': 22289, 'first_departure_time': 1536867360, 'first_arrival_time': 1536875100, 'second_train_section': 23913, 'second_section': 22452, 'second_departure_time': 1536886320, 'second_arrival_time': 1536889020}
531	{'task_type': 'regular', 'locomotive': 22571, 'train_section': 23913, 'section': 22452, 'departure_time': 1536886320, 'arrival_time': 1536889020}
532	{'task_type': 'deadhead', 'locomotive': 22571, 'first_train_section': 23913, 'first_section': 22452, 'first_departure_time': 1536886320, 'first_arrival_time': 1536889020, 'second_train_section': 26735, 'second_section': 22323, 'second_departure_time': 1536894420, 'second_arrival_time': 1536897780}
533	{'task_type': 'regular', 'locomotive': 22571, 'train_section': 26735, 'section': 22323, 'departure_time': 1536894420, 'arrival_time': 1536897780}
534	{'task_type': 'regular', 'locomotive': 22571, 'train_section': 23672, 'section': 22335, 'departure_time': 1536898320, 'arrival_time': 1536902100}
535	{'task_type': 'regular', 'locomotive': 22571, 'train_section': 23312, 'section': 22333, 'departure_time': 1536905700, 'arrival_time': 1536908520}
536	{'task_type': 'regular', 'locomotive': 22571, 'train_section': 23314, 'section': 22472, 'departure_time': 1536909180, 'arrival_time': 1536914340}
537	{'task_type': 'deadhead', 'locomotive': 22571, 'first_train_section': 23314, 'first_section': 22472, 'first_departure_time': 1536909180, 'first_arrival_time': 1536914340, 'second_train_section': 24269, 'second_section': 22313, 'second_departure_time': 1536929280, 'second_arrival_time': 1536934200}
538	{'task_type': 'regular', 'locomotive': 22571, 'train_section': 24269, 'section': 22313, 'departure_time': 1536929280, 'arrival_time': 1536934200}
539	{'task_type': 'deadhead', 'locomotive': 22571, 'first_train_section': 24269, 'first_section': 22313, 'first_departure_time': 1536929280, 'first_arrival_time': 1536934200, 'second_train_section': 26452, 'second_section': 22297, 'second_departure_time': 1536939000, 'second_arrival_time': 1536940020}
540	{'task_type': 'regular', 'locomotive': 22571, 'train_section': 26452, 'section': 22297, 'departure_time': 1536939000, 'arrival_time': 1536940020}
541	{'task_type': 'deadhead', 'locomotive': 22571, 'first_train_section': 27971, 'first_section': 22464, 'first_departure_time': 1536947580, 'first_arrival_time': 1536962340, 'second_train_section': 27572, 'second_section': 22448, 'second_departure_time': 1536969360, 'second_arrival_time': 1536970620}
542	{'task_type': 'regular', 'locomotive': 22571, 'train_section': 27572, 'section': 22448, 'departure_time': 1536969360, 'arrival_time': 1536970620}
543	{'task_type': 'deadhead', 'locomotive': 22571, 'first_train_section': 27572, 'first_section': 22448, 'first_departure_time': 1536969360, 'first_arrival_time': 1536970620, 'second_train_section': 28310, 'second_section': 22467, 'second_departure_time': 1536979200, 'second_arrival_time': 1536981900}
544	{'task_type': 'regular', 'locomotive': 22571, 'train_section': 28310, 'section': 22467, 'departure_time': 1536979200, 'arrival_time': 1536981900}
545	{'task_type': 'regular', 'locomotive': 22571, 'train_section': 23663, 'section': 22279, 'departure_time': 1536989760, 'arrival_time': 1536995220}
546	{'task_type': 'deadhead', 'locomotive': 22571, 'first_train_section': 27611, 'first_section': 22328, 'first_departure_time': 1537006740, 'first_arrival_time': 1537020900, 'second_train_section': 24380, 'second_section': 22337, 'second_departure_time': 1537030980, 'second_arrival_time': 1537040820}
547	{'task_type': 'regular', 'locomotive': 22571, 'train_section': 24380, 'section': 22337, 'departure_time': 1537030980, 'arrival_time': 1537040820}
548	{'task_type': 'deadhead', 'locomotive': 22571, 'first_train_section': 24380, 'first_section': 22337, 'first_departure_time': 1537030980, 'first_arrival_time': 1537040820, 'second_train_section': 26247, 'second_section': 22233, 'second_departure_time': 1537078860, 'second_arrival_time': 1537094340}
549	{'task_type': 'regular', 'locomotive': 22571, 'train_section': 26247, 'section': 22233, 'departure_time': 1537078860, 'arrival_time': 1537094340}
550	{'task_type': 'regular', 'locomotive': 22573, 'train_section': 24219, 'section': 22499, 'departure_time': 1536644700, 'arrival_time': 1536649860}
551	{'task_type': 'deadhead', 'locomotive': 22573, 'first_train_section': 24219, 'first_section': 22499, 'first_departure_time': 1536644700, 'first_arrival_time': 1536649860, 'second_train_section': 27198, 'second_section': 22424, 'second_departure_time': 1536666480, 'second_arrival_time': 1536671340}
552	{'task_type': 'regular', 'locomotive': 22573, 'train_section': 27198, 'section': 22424, 'departure_time': 1536666480, 'arrival_time': 1536671340}
553	{'task_type': 'deadhead', 'locomotive': 22573, 'first_train_section': 27198, 'first_section': 22424, 'first_departure_time': 1536666480, 'first_arrival_time': 1536671340, 'second_train_section': 28048, 'second_section': 22413, 'second_departure_time': 1536679920, 'second_arrival_time': 1536683760}
554	{'task_type': 'regular', 'locomotive': 22573, 'train_section': 28048, 'section': 22413, 'departure_time': 1536679920, 'arrival_time': 1536683760}
555	{'task_type': 'deadhead', 'locomotive': 22573, 'first_train_section': 23998, 'first_section': 22250, 'first_departure_time': 1536683760, 'first_arrival_time': 1536703140, 'second_train_section': 27987, 'second_section': 22292, 'second_departure_time': 1536713700, 'second_arrival_time': 1536715980}
556	{'task_type': 'regular', 'locomotive': 22573, 'train_section': 27987, 'section': 22292, 'departure_time': 1536713700, 'arrival_time': 1536715980}
557	{'task_type': 'deadhead', 'locomotive': 22573, 'first_train_section': 27987, 'first_section': 22292, 'first_departure_time': 1536713700, 'first_arrival_time': 1536715980, 'second_train_section': 26846, 'second_section': 22412, 'second_departure_time': 1536722820, 'second_arrival_time': 1536730080}
558	{'task_type': 'regular', 'locomotive': 22573, 'train_section': 26846, 'section': 22412, 'departure_time': 1536722820, 'arrival_time': 1536730080}
559	{'task_type': 'regular', 'locomotive': 22573, 'train_section': 23685, 'section': 22492, 'departure_time': 1536733440, 'arrival_time': 1536742680}
560	{'task_type': 'deadhead', 'locomotive': 22573, 'first_train_section': 23685, 'first_section': 22492, 'first_departure_time': 1536733440, 'first_arrival_time': 1536742680, 'second_train_section': 28573, 'second_section': 22351, 'second_departure_time': 1536749280, 'second_arrival_time': 1536754440}
561	{'task_type': 'regular', 'locomotive': 22573, 'train_section': 28573, 'section': 22351, 'departure_time': 1536749280, 'arrival_time': 1536754440}
562	{'task_type': 'deadhead', 'locomotive': 22573, 'first_train_section': 28573, 'first_section': 22351, 'first_departure_time': 1536749280, 'first_arrival_time': 1536754440, 'second_train_section': 22831, 'second_section': 22361, 'second_departure_time': 1536763140, 'second_arrival_time': 1536766140}
563	{'task_type': 'regular', 'locomotive': 22573, 'train_section': 22831, 'section': 22361, 'departure_time': 1536763140, 'arrival_time': 1536766140}
564	{'task_type': 'deadhead', 'locomotive': 22573, 'first_train_section': 22831, 'first_section': 22361, 'first_departure_time': 1536763140, 'first_arrival_time': 1536766140, 'second_train_section': 27393, 'second_section': 22505, 'second_departure_time': 1536774240, 'second_arrival_time': 1536779340}
565	{'task_type': 'regular', 'locomotive': 22573, 'train_section': 27393, 'section': 22505, 'departure_time': 1536774240, 'arrival_time': 1536779340}
566	{'task_type': 'deadhead', 'locomotive': 22573, 'first_train_section': 27393, 'first_section': 22505, 'first_departure_time': 1536774240, 'first_arrival_time': 1536779340, 'second_train_section': 22848, 'second_section': 22443, 'second_departure_time': 1536787860, 'second_arrival_time': 1536789660}
567	{'task_type': 'regular', 'locomotive': 22573, 'train_section': 22848, 'section': 22443, 'departure_time': 1536787860, 'arrival_time': 1536789660}
568	{'task_type': 'deadhead', 'locomotive': 22573, 'first_train_section': 22848, 'first_section': 22443, 'first_departure_time': 1536787860, 'first_arrival_time': 1536789660, 'second_train_section': 25195, 'second_section': 22308, 'second_departure_time': 1536795360, 'second_arrival_time': 1536798060}
569	{'task_type': 'regular', 'locomotive': 22573, 'train_section': 25195, 'section': 22308, 'departure_time': 1536795360, 'arrival_time': 1536798060}
570	{'task_type': 'deadhead', 'locomotive': 22573, 'first_train_section': 25195, 'first_section': 22308, 'first_departure_time': 1536795360, 'first_arrival_time': 1536798060, 'second_train_section': 27440, 'second_section': 22378, 'second_departure_time': 1536808140, 'second_arrival_time': 1536811800}
571	{'task_type': 'regular', 'locomotive': 22573, 'train_section': 27440, 'section': 22378, 'departure_time': 1536808140, 'arrival_time': 1536811800}
572	{'task_type': 'deadhead', 'locomotive': 22573, 'first_train_section': 27440, 'first_section': 22378, 'first_departure_time': 1536808140, 'first_arrival_time': 1536811800, 'second_train_section': 26097, 'second_section': 22256, 'second_departure_time': 1536830280, 'second_arrival_time': 1536832980}
573	{'task_type': 'regular', 'locomotive': 22573, 'train_section': 26097, 'section': 22256, 'departure_time': 1536830280, 'arrival_time': 1536832980}
574	{'task_type': 'deadhead', 'locomotive': 22573, 'first_train_section': 26097, 'first_section': 22256, 'first_departure_time': 1536830280, 'first_arrival_time': 1536832980, 'second_train_section': 28965, 'second_section': 22313, 'second_departure_time': 1536842880, 'second_arrival_time': 1536847800}
575	{'task_type': 'regular', 'locomotive': 22573, 'train_section': 28965, 'section': 22313, 'departure_time': 1536842880, 'arrival_time': 1536847800}
576	{'task_type': 'deadhead', 'locomotive': 22573, 'first_train_section': 28965, 'first_section': 22313, 'first_departure_time': 1536842880, 'first_arrival_time': 1536847800, 'second_train_section': 27775, 'second_section': 22329, 'second_departure_time': 1536857880, 'second_arrival_time': 1536859320}
577	{'task_type': 'regular', 'locomotive': 22573, 'train_section': 27775, 'section': 22329, 'departure_time': 1536857880, 'arrival_time': 1536859320}
578	{'task_type': 'deadhead', 'locomotive': 22573, 'first_train_section': 27775, 'first_section': 22329, 'first_departure_time': 1536857880, 'first_arrival_time': 1536859320, 'second_train_section': 28016, 'second_section': 22277, 'second_departure_time': 1536867300, 'second_arrival_time': 1536870780}
579	{'task_type': 'regular', 'locomotive': 22573, 'train_section': 28016, 'section': 22277, 'departure_time': 1536867300, 'arrival_time': 1536870780}
580	{'task_type': 'deadhead', 'locomotive': 22573, 'first_train_section': 28016, 'first_section': 22277, 'first_departure_time': 1536867300, 'first_arrival_time': 1536870780, 'second_train_section': 29025, 'second_section': 22345, 'second_departure_time': 1536887160, 'second_arrival_time': 1536890100}
581	{'task_type': 'regular', 'locomotive': 22573, 'train_section': 29025, 'section': 22345, 'departure_time': 1536887160, 'arrival_time': 1536890100}
582	{'task_type': 'deadhead', 'locomotive': 22573, 'first_train_section': 29025, 'first_section': 22345, 'first_departure_time': 1536887160, 'first_arrival_time': 1536890100, 'second_train_section': 22857, 'second_section': 22472, 'second_departure_time': 1536901980, 'second_arrival_time': 1536907140}
583	{'task_type': 'regular', 'locomotive': 22573, 'train_section': 22857, 'section': 22472, 'departure_time': 1536901980, 'arrival_time': 1536907140}
584	{'task_type': 'deadhead', 'locomotive': 22573, 'first_train_section': 22857, 'first_section': 22472, 'first_departure_time': 1536901980, 'first_arrival_time': 1536907140, 'second_train_section': 24541, 'second_section': 22485, 'second_departure_time': 1536911640, 'second_arrival_time': 1536919080}
585	{'task_type': 'regular', 'locomotive': 22573, 'train_section': 24541, 'section': 22485, 'departure_time': 1536911640, 'arrival_time': 1536919080}
586	{'task_type': 'deadhead', 'locomotive': 22573, 'first_train_section': 24541, 'first_section': 22485, 'first_departure_time': 1536911640, 'first_arrival_time': 1536919080, 'second_train_section': 27128, 'second_section': 22485, 'second_departure_time': 1536929940, 'second_arrival_time': 1536938580}
587	{'task_type': 'regular', 'locomotive': 22573, 'train_section': 27128, 'section': 22485, 'departure_time': 1536929940, 'arrival_time': 1536938580}
588	{'task_type': 'regular', 'locomotive': 22573, 'train_section': 27130, 'section': 22264, 'departure_time': 1536940380, 'arrival_time': 1536940800}
589	{'task_type': 'deadhead', 'locomotive': 22573, 'first_train_section': 27130, 'first_section': 22264, 'first_departure_time': 1536940380, 'first_arrival_time': 1536940800, 'second_train_section': 23959, 'second_section': 22483, 'second_departure_time': 1536945240, 'second_arrival_time': 1536948360}
590	{'task_type': 'regular', 'locomotive': 22573, 'train_section': 23959, 'section': 22483, 'departure_time': 1536945240, 'arrival_time': 1536948360}
591	{'task_type': 'deadhead', 'locomotive': 22573, 'first_train_section': 23959, 'first_section': 22483, 'first_departure_time': 1536945240, 'first_arrival_time': 1536948360, 'second_train_section': 24724, 'second_section': 22247, 'second_departure_time': 1536956160, 'second_arrival_time': 1536964860}
592	{'task_type': 'regular', 'locomotive': 22573, 'train_section': 24724, 'section': 22247, 'departure_time': 1536956160, 'arrival_time': 1536964860}
593	{'task_type': 'deadhead', 'locomotive': 22573, 'first_train_section': 24724, 'first_section': 22247, 'first_departure_time': 1536956160, 'first_arrival_time': 1536964860, 'second_train_section': 24851, 'second_section': 22314, 'second_departure_time': 1536996840, 'second_arrival_time': 1536999540}
594	{'task_type': 'regular', 'locomotive': 22573, 'train_section': 24851, 'section': 22314, 'departure_time': 1536996840, 'arrival_time': 1536999540}
595	{'task_type': 'regular', 'locomotive': 22576, 'train_section': 23379, 'section': 22290, 'departure_time': 1536699060, 'arrival_time': 1536705900}
596	{'task_type': 'regular', 'locomotive': 22576, 'train_section': 28488, 'section': 22343, 'departure_time': 1536710460, 'arrival_time': 1536718860}
597	{'task_type': 'deadhead', 'locomotive': 22576, 'first_train_section': 28488, 'first_section': 22343, 'first_departure_time': 1536710460, 'first_arrival_time': 1536718860, 'second_train_section': 27743, 'second_section': 22280, 'second_departure_time': 1536724440, 'second_arrival_time': 1536731040}
598	{'task_type': 'regular', 'locomotive': 22576, 'train_section': 27743, 'section': 22280, 'departure_time': 1536724440, 'arrival_time': 1536731040}
599	{'task_type': 'regular', 'locomotive': 22576, 'train_section': 24866, 'section': 22333, 'departure_time': 1536732900, 'arrival_time': 1536735720}
600	{'task_type': 'deadhead', 'locomotive': 22576, 'first_train_section': 24866, 'first_section': 22333, 'first_departure_time': 1536732900, 'first_arrival_time': 1536735720, 'second_train_section': 26449, 'second_section': 22489, 'second_departure_time': 1536745620, 'second_arrival_time': 1536748620}
601	{'task_type': 'regular', 'locomotive': 22576, 'train_section': 26449, 'section': 22489, 'departure_time': 1536745620, 'arrival_time': 1536748620}
602	{'task_type': 'deadhead', 'locomotive': 22576, 'first_train_section': 26449, 'first_section': 22489, 'first_departure_time': 1536745620, 'first_arrival_time': 1536748620, 'second_train_section': 25345, 'second_section': 22333, 'second_departure_time': 1536761700, 'second_arrival_time': 1536764520}
603	{'task_type': 'regular', 'locomotive': 22576, 'train_section': 25345, 'section': 22333, 'departure_time': 1536761700, 'arrival_time': 1536764520}
604	{'task_type': 'deadhead', 'locomotive': 22576, 'first_train_section': 25345, 'first_section': 22333, 'first_departure_time': 1536761700, 'first_arrival_time': 1536764520, 'second_train_section': 22863, 'second_section': 22329, 'second_departure_time': 1536771480, 'second_arrival_time': 1536772920}
605	{'task_type': 'regular', 'locomotive': 22576, 'train_section': 22863, 'section': 22329, 'departure_time': 1536771480, 'arrival_time': 1536772920}
606	{'task_type': 'regular', 'locomotive': 22576, 'train_section': 24480, 'section': 22387, 'departure_time': 1536773880, 'arrival_time': 1536775320}
607	{'task_type': 'deadhead', 'locomotive': 22576, 'first_train_section': 24480, 'first_section': 22387, 'first_departure_time': 1536773880, 'first_arrival_time': 1536775320, 'second_train_section': 25115, 'second_section': 22290, 'second_departure_time': 1536785460, 'second_arrival_time': 1536792300}
608	{'task_type': 'regular', 'locomotive': 22576, 'train_section': 25115, 'section': 22290, 'departure_time': 1536785460, 'arrival_time': 1536792300}
609	{'task_type': 'regular', 'locomotive': 22576, 'train_section': 23156, 'section': 22344, 'departure_time': 1536796500, 'arrival_time': 1536797520}
610	{'task_type': 'deadhead', 'locomotive': 22576, 'first_train_section': 23156, 'first_section': 22344, 'first_departure_time': 1536796500, 'first_arrival_time': 1536797520, 'second_train_section': 25841, 'second_section': 22345, 'second_departure_time': 1536800760, 'second_arrival_time': 1536803700}
611	{'task_type': 'regular', 'locomotive': 22576, 'train_section': 25841, 'section': 22345, 'departure_time': 1536800760, 'arrival_time': 1536803700}
612	{'task_type': 'deadhead', 'locomotive': 22576, 'first_train_section': 25841, 'first_section': 22345, 'first_departure_time': 1536800760, 'first_arrival_time': 1536803700, 'second_train_section': 27668, 'second_section': 22307, 'second_departure_time': 1536813600, 'second_arrival_time': 1536815940}
613	{'task_type': 'regular', 'locomotive': 22576, 'train_section': 27668, 'section': 22307, 'departure_time': 1536813600, 'arrival_time': 1536815940}
614	{'task_type': 'deadhead', 'locomotive': 22576, 'first_train_section': 27668, 'first_section': 22307, 'first_departure_time': 1536813600, 'first_arrival_time': 1536815940, 'second_train_section': 28754, 'second_section': 22308, 'second_departure_time': 1536820860, 'second_arrival_time': 1536823560}
615	{'task_type': 'regular', 'locomotive': 22576, 'train_section': 28754, 'section': 22308, 'departure_time': 1536820860, 'arrival_time': 1536823560}
616	{'task_type': 'deadhead', 'locomotive': 22576, 'first_train_section': 28754, 'first_section': 22308, 'first_departure_time': 1536820860, 'first_arrival_time': 1536823560, 'second_train_section': 23552, 'second_section': 22416, 'second_departure_time': 1536830640, 'second_arrival_time': 1536834300}
617	{'task_type': 'regular', 'locomotive': 22576, 'train_section': 23552, 'section': 22416, 'departure_time': 1536830640, 'arrival_time': 1536834300}
618	{'task_type': 'regular', 'locomotive': 22576, 'train_section': 26514, 'section': 22378, 'departure_time': 1536840300, 'arrival_time': 1536843960}
619	{'task_type': 'regular', 'locomotive': 22576, 'train_section': 24148, 'section': 22416, 'departure_time': 1536845040, 'arrival_time': 1536848700}
620	{'task_type': 'regular', 'locomotive': 22576, 'train_section': 27928, 'section': 22378, 'departure_time': 1536849300, 'arrival_time': 1536852960}
621	{'task_type': 'deadhead', 'locomotive': 22576, 'first_train_section': 27928, 'first_section': 22378, 'first_departure_time': 1536849300, 'first_arrival_time': 1536852960, 'second_train_section': 26076, 'second_section': 22443, 'second_departure_time': 1536858000, 'second_arrival_time': 1536859800}
622	{'task_type': 'regular', 'locomotive': 22576, 'train_section': 26076, 'section': 22443, 'departure_time': 1536858000, 'arrival_time': 1536859800}
623	{'task_type': 'deadhead', 'locomotive': 22576, 'first_train_section': 26076, 'first_section': 22443, 'first_departure_time': 1536858000, 'first_arrival_time': 1536859800, 'second_train_section': 23441, 'second_section': 22308, 'second_departure_time': 1536862800, 'second_arrival_time': 1536865560}
624	{'task_type': 'regular', 'locomotive': 22576, 'train_section': 23441, 'section': 22308, 'departure_time': 1536862800, 'arrival_time': 1536865560}
625	{'task_type': 'deadhead', 'locomotive': 22576, 'first_train_section': 23441, 'first_section': 22308, 'first_departure_time': 1536862800, 'first_arrival_time': 1536865560, 'second_train_section': 28319, 'second_section': 22427, 'second_departure_time': 1536870300, 'second_arrival_time': 1536873180}
626	{'task_type': 'regular', 'locomotive': 22576, 'train_section': 28319, 'section': 22427, 'departure_time': 1536870300, 'arrival_time': 1536873180}
627	{'task_type': 'deadhead', 'locomotive': 22576, 'first_train_section': 28319, 'first_section': 22427, 'first_departure_time': 1536870300, 'first_arrival_time': 1536873180, 'second_train_section': 28377, 'second_section': 22425, 'second_departure_time': 1536876300, 'second_arrival_time': 1536877860}
628	{'task_type': 'regular', 'locomotive': 22576, 'train_section': 28377, 'section': 22425, 'departure_time': 1536876300, 'arrival_time': 1536877860}
629	{'task_type': 'deadhead', 'locomotive': 22576, 'first_train_section': 28377, 'first_section': 22425, 'first_departure_time': 1536876300, 'first_arrival_time': 1536877860, 'second_train_section': 26048, 'second_section': 22419, 'second_departure_time': 1536886020, 'second_arrival_time': 1536892380}
630	{'task_type': 'regular', 'locomotive': 22576, 'train_section': 26048, 'section': 22419, 'departure_time': 1536886020, 'arrival_time': 1536892380}
631	{'task_type': 'deadhead', 'locomotive': 22576, 'first_train_section': 26048, 'first_section': 22419, 'first_departure_time': 1536886020, 'first_arrival_time': 1536892380, 'second_train_section': 25018, 'second_section': 22338, 'second_departure_time': 1536908700, 'second_arrival_time': 1536920640}
632	{'task_type': 'regular', 'locomotive': 22576, 'train_section': 25018, 'section': 22338, 'departure_time': 1536908700, 'arrival_time': 1536920640}
633	{'task_type': 'deadhead', 'locomotive': 22576, 'first_train_section': 25018, 'first_section': 22338, 'first_departure_time': 1536908700, 'first_arrival_time': 1536920640, 'second_train_section': 26555, 'second_section': 22378, 'second_departure_time': 1536930300, 'second_arrival_time': 1536933960}
634	{'task_type': 'regular', 'locomotive': 22576, 'train_section': 26555, 'section': 22378, 'departure_time': 1536930300, 'arrival_time': 1536933960}
635	{'task_type': 'deadhead', 'locomotive': 22576, 'first_train_section': 26555, 'first_section': 22378, 'first_departure_time': 1536930300, 'first_arrival_time': 1536933960, 'second_train_section': 28738, 'second_section': 22413, 'second_departure_time': 1536939120, 'second_arrival_time': 1536942960}
636	{'task_type': 'regular', 'locomotive': 22576, 'train_section': 28738, 'section': 22413, 'departure_time': 1536939120, 'arrival_time': 1536942960}
637	{'task_type': 'deadhead', 'locomotive': 22576, 'first_train_section': 28738, 'first_section': 22413, 'first_departure_time': 1536939120, 'first_arrival_time': 1536942960, 'second_train_section': 26596, 'second_section': 22378, 'second_departure_time': 1536946500, 'second_arrival_time': 1536950160}
638	{'task_type': 'regular', 'locomotive': 22576, 'train_section': 26596, 'section': 22378, 'departure_time': 1536946500, 'arrival_time': 1536950160}
639	{'task_type': 'deadhead', 'locomotive': 22576, 'first_train_section': 26596, 'first_section': 22378, 'first_departure_time': 1536946500, 'first_arrival_time': 1536950160, 'second_train_section': 24111, 'second_section': 22443, 'second_departure_time': 1536960660, 'second_arrival_time': 1536962460}
640	{'task_type': 'regular', 'locomotive': 22576, 'train_section': 24111, 'section': 22443, 'departure_time': 1536960660, 'arrival_time': 1536962460}
641	{'task_type': 'deadhead', 'locomotive': 22576, 'first_train_section': 24111, 'first_section': 22443, 'first_departure_time': 1536960660, 'first_arrival_time': 1536962460, 'second_train_section': 23170, 'second_section': 22443, 'second_departure_time': 1536965700, 'second_arrival_time': 1536967380}
642	{'task_type': 'regular', 'locomotive': 22576, 'train_section': 23170, 'section': 22443, 'departure_time': 1536965700, 'arrival_time': 1536967380}
643	{'task_type': 'deadhead', 'locomotive': 22576, 'first_train_section': 23170, 'first_section': 22443, 'first_departure_time': 1536965700, 'first_arrival_time': 1536967380, 'second_train_section': 26444, 'second_section': 22308, 'second_departure_time': 1536973200, 'second_arrival_time': 1536975960}
644	{'task_type': 'regular', 'locomotive': 22576, 'train_section': 26444, 'section': 22308, 'departure_time': 1536973200, 'arrival_time': 1536975960}
645	{'task_type': 'deadhead', 'locomotive': 22576, 'first_train_section': 26444, 'first_section': 22308, 'first_departure_time': 1536973200, 'first_arrival_time': 1536975960, 'second_train_section': 27151, 'second_section': 22443, 'second_departure_time': 1536980040, 'second_arrival_time': 1536981840}
646	{'task_type': 'regular', 'locomotive': 22576, 'train_section': 27151, 'section': 22443, 'departure_time': 1536980040, 'arrival_time': 1536981840}
647	{'task_type': 'deadhead', 'locomotive': 22576, 'first_train_section': 27151, 'first_section': 22443, 'first_departure_time': 1536980040, 'first_arrival_time': 1536981840, 'second_train_section': 23649, 'second_section': 22431, 'second_departure_time': 1536991380, 'second_arrival_time': 1536996060}
648	{'task_type': 'regular', 'locomotive': 22576, 'train_section': 23649, 'section': 22431, 'departure_time': 1536991380, 'arrival_time': 1536996060}
649	{'task_type': 'deadhead', 'locomotive': 22576, 'first_train_section': 23691, 'first_section': 22417, 'first_departure_time': 1537002360, 'first_arrival_time': 1537019640, 'second_train_section': 28284, 'second_section': 22378, 'second_departure_time': 1537034700, 'second_arrival_time': 1537038360}
650	{'task_type': 'regular', 'locomotive': 22576, 'train_section': 28284, 'section': 22378, 'departure_time': 1537034700, 'arrival_time': 1537038360}
651	{'task_type': 'deadhead', 'locomotive': 22576, 'first_train_section': 28284, 'first_section': 22378, 'first_departure_time': 1537034700, 'first_arrival_time': 1537038360, 'second_train_section': 24475, 'second_section': 22304, 'second_departure_time': 1537046160, 'second_arrival_time': 1537050600}
652	{'task_type': 'regular', 'locomotive': 22576, 'train_section': 24475, 'section': 22304, 'departure_time': 1537046160, 'arrival_time': 1537050600}
653	{'task_type': 'deadhead', 'locomotive': 22576, 'first_train_section': 24475, 'first_section': 22304, 'first_departure_time': 1537046160, 'first_arrival_time': 1537050600, 'second_train_section': 26899, 'second_section': 22378, 'second_departure_time': 1537074300, 'second_arrival_time': 1537077960}
654	{'task_type': 'regular', 'locomotive': 22576, 'train_section': 26899, 'section': 22378, 'departure_time': 1537074300, 'arrival_time': 1537077960}
655	{'task_type': 'deadhead', 'locomotive': 22576, 'first_train_section': 26899, 'first_section': 22378, 'first_departure_time': 1537074300, 'first_arrival_time': 1537077960, 'second_train_section': 26695, 'second_section': 22452, 'second_departure_time': 1537121760, 'second_arrival_time': 1537123560}
656	{'task_type': 'regular', 'locomotive': 22576, 'train_section': 26695, 'section': 22452, 'departure_time': 1537121760, 'arrival_time': 1537123560}
657	{'task_type': 'regular', 'locomotive': 22577, 'train_section': 25905, 'section': 22259, 'departure_time': 1536786420, 'arrival_time': 1536786840}
658	{'task_type': 'deadhead', 'locomotive': 22577, 'first_train_section': 25905, 'first_section': 22259, 'first_departure_time': 1536786420, 'first_arrival_time': 1536786840, 'second_train_section': 22960, 'second_section': 22308, 'second_departure_time': 1536790920, 'second_arrival_time': 1536793620}
659	{'task_type': 'regular', 'locomotive': 22577, 'train_section': 22960, 'section': 22308, 'departure_time': 1536790920, 'arrival_time': 1536793620}
660	{'task_type': 'regular', 'locomotive': 22577, 'train_section': 22962, 'section': 22496, 'departure_time': 1536794460, 'arrival_time': 1536798360}
661	{'task_type': 'deadhead', 'locomotive': 22577, 'first_train_section': 22962, 'first_section': 22496, 'first_departure_time': 1536794460, 'first_arrival_time': 1536798360, 'second_train_section': 28434, 'second_section': 22496, 'second_departure_time': 1536804300, 'second_arrival_time': 1536809100}
662	{'task_type': 'regular', 'locomotive': 22577, 'train_section': 28434, 'section': 22496, 'departure_time': 1536804300, 'arrival_time': 1536809100}
663	{'task_type': 'deadhead', 'locomotive': 22577, 'first_train_section': 28434, 'first_section': 22496, 'first_departure_time': 1536804300, 'first_arrival_time': 1536809100, 'second_train_section': 26396, 'second_section': 22496, 'second_departure_time': 1536814380, 'second_arrival_time': 1536818580}
664	{'task_type': 'regular', 'locomotive': 22577, 'train_section': 26396, 'section': 22496, 'departure_time': 1536814380, 'arrival_time': 1536818580}
665	{'task_type': 'deadhead', 'locomotive': 22577, 'first_train_section': 26396, 'first_section': 22496, 'first_departure_time': 1536814380, 'first_arrival_time': 1536818580, 'second_train_section': 28818, 'second_section': 22306, 'second_departure_time': 1536828840, 'second_arrival_time': 1536832500}
666	{'task_type': 'regular', 'locomotive': 22577, 'train_section': 28818, 'section': 22306, 'departure_time': 1536828840, 'arrival_time': 1536832500}
667	{'task_type': 'deadhead', 'locomotive': 22577, 'first_train_section': 28818, 'first_section': 22306, 'first_departure_time': 1536828840, 'first_arrival_time': 1536832500, 'second_train_section': 22860, 'second_section': 22261, 'second_departure_time': 1536838680, 'second_arrival_time': 1536840420}
668	{'task_type': 'regular', 'locomotive': 22577, 'train_section': 22860, 'section': 22261, 'departure_time': 1536838680, 'arrival_time': 1536840420}
669	{'task_type': 'deadhead', 'locomotive': 22577, 'first_train_section': 22860, 'first_section': 22261, 'first_departure_time': 1536838680, 'first_arrival_time': 1536840420, 'second_train_section': 27493, 'second_section': 22262, 'second_departure_time': 1536844080, 'second_arrival_time': 1536844380}
670	{'task_type': 'regular', 'locomotive': 22577, 'train_section': 27493, 'section': 22262, 'departure_time': 1536844080, 'arrival_time': 1536844380}
671	{'task_type': 'regular', 'locomotive': 22577, 'train_section': 27495, 'section': 22263, 'departure_time': 1536845880, 'arrival_time': 1536847680}
672	{'task_type': 'regular', 'locomotive': 22577, 'train_section': 27497, 'section': 22247, 'departure_time': 1536847920, 'arrival_time': 1536859020}
673	{'task_type': 'deadhead', 'locomotive': 22577, 'first_train_section': 27497, 'first_section': 22247, 'first_departure_time': 1536847920, 'first_arrival_time': 1536859020, 'second_train_section': 27139, 'second_section': 22247, 'second_departure_time': 1536873240, 'second_arrival_time': 1536884100}
674	{'task_type': 'regular', 'locomotive': 22577, 'train_section': 27139, 'section': 22247, 'departure_time': 1536873240, 'arrival_time': 1536884100}
675	{'task_type': 'deadhead', 'locomotive': 22577, 'first_train_section': 27139, 'first_section': 22247, 'first_departure_time': 1536873240, 'first_arrival_time': 1536884100, 'second_train_section': 26785, 'second_section': 22404, 'second_departure_time': 1536886860, 'second_arrival_time': 1536895860}
676	{'task_type': 'regular', 'locomotive': 22577, 'train_section': 26785, 'section': 22404, 'departure_time': 1536886860, 'arrival_time': 1536895860}
677	{'task_type': 'regular', 'locomotive': 22577, 'train_section': 25691, 'section': 22247, 'departure_time': 1536899400, 'arrival_time': 1536909540}
678	{'task_type': 'deadhead', 'locomotive': 22577, 'first_train_section': 25691, 'first_section': 22247, 'first_departure_time': 1536899400, 'first_arrival_time': 1536909540, 'second_train_section': 26170, 'second_section': 22400, 'second_departure_time': 1536918600, 'second_arrival_time': 1536922020}
679	{'task_type': 'regular', 'locomotive': 22577, 'train_section': 26170, 'section': 22400, 'departure_time': 1536918600, 'arrival_time': 1536922020}
680	{'task_type': 'deadhead', 'locomotive': 22577, 'first_train_section': 26170, 'first_section': 22400, 'first_departure_time': 1536918600, 'first_arrival_time': 1536922020, 'second_train_section': 26126, 'second_section': 22466, 'second_departure_time': 1536926700, 'second_arrival_time': 1536927840}
681	{'task_type': 'regular', 'locomotive': 22577, 'train_section': 26126, 'section': 22466, 'departure_time': 1536926700, 'arrival_time': 1536927840}
682	{'task_type': 'deadhead', 'locomotive': 22577, 'first_train_section': 26126, 'first_section': 22466, 'first_departure_time': 1536926700, 'first_arrival_time': 1536927840, 'second_train_section': 22810, 'second_section': 22242, 'second_departure_time': 1536931260, 'second_arrival_time': 1536934020}
683	{'task_type': 'regular', 'locomotive': 22577, 'train_section': 22810, 'section': 22242, 'departure_time': 1536931260, 'arrival_time': 1536934020}
684	{'task_type': 'deadhead', 'locomotive': 22577, 'first_train_section': 22810, 'first_section': 22242, 'first_departure_time': 1536931260, 'first_arrival_time': 1536934020, 'second_train_section': 25726, 'second_section': 22399, 'second_departure_time': 1536937800, 'second_arrival_time': 1536939240}
685	{'task_type': 'regular', 'locomotive': 22577, 'train_section': 25726, 'section': 22399, 'departure_time': 1536937800, 'arrival_time': 1536939240}
686	{'task_type': 'deadhead', 'locomotive': 22577, 'first_train_section': 25726, 'first_section': 22399, 'first_departure_time': 1536937800, 'first_arrival_time': 1536939240, 'second_train_section': 28928, 'second_section': 22472, 'second_departure_time': 1536945180, 'second_arrival_time': 1536950340}
687	{'task_type': 'regular', 'locomotive': 22577, 'train_section': 28928, 'section': 22472, 'departure_time': 1536945180, 'arrival_time': 1536950340}
688	{'task_type': 'deadhead', 'locomotive': 22577, 'first_train_section': 28928, 'first_section': 22472, 'first_departure_time': 1536945180, 'first_arrival_time': 1536950340, 'second_train_section': 23206, 'second_section': 22259, 'second_departure_time': 1536959700, 'second_arrival_time': 1536960120}
689	{'task_type': 'regular', 'locomotive': 22577, 'train_section': 23206, 'section': 22259, 'departure_time': 1536959700, 'arrival_time': 1536960120}
690	{'task_type': 'deadhead', 'locomotive': 22577, 'first_train_section': 23206, 'first_section': 22259, 'first_departure_time': 1536959700, 'first_arrival_time': 1536960120, 'second_train_section': 28417, 'second_section': 22478, 'second_departure_time': 1536963660, 'second_arrival_time': 1536966180}
691	{'task_type': 'regular', 'locomotive': 22577, 'train_section': 28417, 'section': 22478, 'departure_time': 1536963660, 'arrival_time': 1536966180}
692	{'task_type': 'regular', 'locomotive': 22577, 'train_section': 28420, 'section': 22247, 'departure_time': 1536966780, 'arrival_time': 1536976140}
693	{'task_type': 'deadhead', 'locomotive': 22577, 'first_train_section': 28420, 'first_section': 22247, 'first_departure_time': 1536966780, 'first_arrival_time': 1536976140, 'second_train_section': 26989, 'second_section': 22403, 'second_departure_time': 1536982860, 'second_arrival_time': 1536985260}
694	{'task_type': 'regular', 'locomotive': 22577, 'train_section': 26989, 'section': 22403, 'departure_time': 1536982860, 'arrival_time': 1536985260}
695	{'task_type': 'deadhead', 'locomotive': 22577, 'first_train_section': 26989, 'first_section': 22403, 'first_departure_time': 1536982860, 'first_arrival_time': 1536985260, 'second_train_section': 24636, 'second_section': 22407, 'second_departure_time': 1536999960, 'second_arrival_time': 1537006800}
696	{'task_type': 'regular', 'locomotive': 22577, 'train_section': 24636, 'section': 22407, 'departure_time': 1536999960, 'arrival_time': 1537006800}
697	{'task_type': 'deadhead', 'locomotive': 22577, 'first_train_section': 24636, 'first_section': 22407, 'first_departure_time': 1536999960, 'first_arrival_time': 1537006800, 'second_train_section': 27524, 'second_section': 22329, 'second_departure_time': 1537016280, 'second_arrival_time': 1537017720}
698	{'task_type': 'regular', 'locomotive': 22577, 'train_section': 27524, 'section': 22329, 'departure_time': 1537016280, 'arrival_time': 1537017720}
699	{'task_type': 'deadhead', 'locomotive': 22577, 'first_train_section': 27524, 'first_section': 22329, 'first_departure_time': 1537016280, 'first_arrival_time': 1537017720, 'second_train_section': 22887, 'second_section': 22327, 'second_departure_time': 1537024080, 'second_arrival_time': 1537030500}
700	{'task_type': 'regular', 'locomotive': 22577, 'train_section': 22887, 'section': 22327, 'departure_time': 1537024080, 'arrival_time': 1537030500}
701	{'task_type': 'regular', 'locomotive': 22577, 'train_section': 24296, 'section': 22320, 'departure_time': 1537031100, 'arrival_time': 1537037460}
702	{'task_type': 'regular', 'locomotive': 22578, 'train_section': 27443, 'section': 22378, 'departure_time': 1536633300, 'arrival_time': 1536636960}
703	{'task_type': 'regular', 'locomotive': 22578, 'train_section': 27957, 'section': 22416, 'departure_time': 1536639840, 'arrival_time': 1536643500}
704	{'task_type': 'deadhead', 'locomotive': 22578, 'first_train_section': 27957, 'first_section': 22416, 'first_departure_time': 1536639840, 'first_arrival_time': 1536643500, 'second_train_section': 27234, 'second_section': 22427, 'second_departure_time': 1536652980, 'second_arrival_time': 1536655800}
705	{'task_type': 'regular', 'locomotive': 22578, 'train_section': 27234, 'section': 22427, 'departure_time': 1536652980, 'arrival_time': 1536655800}
706	{'task_type': 'regular', 'locomotive': 22578, 'train_section': 27236, 'section': 22443, 'departure_time': 1536656940, 'arrival_time': 1536658620}
707	{'task_type': 'regular', 'locomotive': 22578, 'train_section': 27238, 'section': 22495, 'departure_time': 1536659400, 'arrival_time': 1536662220}
708	{'task_type': 'deadhead', 'locomotive': 22578, 'first_train_section': 27238, 'first_section': 22495, 'first_departure_time': 1536659400, 'first_arrival_time': 1536662220, 'second_train_section': 26141, 'second_section': 22369, 'second_departure_time': 1536667260, 'second_arrival_time': 1536670980}
709	{'task_type': 'regular', 'locomotive': 22578, 'train_section': 26141, 'section': 22369, 'departure_time': 1536667260, 'arrival_time': 1536670980}
710	{'task_type': 'deadhead', 'locomotive': 22578, 'first_train_section': 26141, 'first_section': 22369, 'first_departure_time': 1536667260, 'first_arrival_time': 1536670980, 'second_train_section': 24175, 'second_section': 22363, 'second_departure_time': 1536676980, 'second_arrival_time': 1536683040}
711	{'task_type': 'regular', 'locomotive': 22578, 'train_section': 24175, 'section': 22363, 'departure_time': 1536676980, 'arrival_time': 1536683040}
712	{'task_type': 'deadhead', 'locomotive': 22578, 'first_train_section': 27473, 'first_section': 22464, 'first_departure_time': 1536688380, 'first_arrival_time': 1536703140, 'second_train_section': 22665, 'second_section': 22452, 'second_departure_time': 1536713520, 'second_arrival_time': 1536716220}
713	{'task_type': 'regular', 'locomotive': 22578, 'train_section': 22665, 'section': 22452, 'departure_time': 1536713520, 'arrival_time': 1536716220}
714	{'task_type': 'deadhead', 'locomotive': 22578, 'first_train_section': 22665, 'first_section': 22452, 'first_departure_time': 1536713520, 'first_arrival_time': 1536716220, 'second_train_section': 22761, 'second_section': 22287, 'second_departure_time': 1536721560, 'second_arrival_time': 1536723000}
715	{'task_type': 'regular', 'locomotive': 22578, 'train_section': 22761, 'section': 22287, 'departure_time': 1536721560, 'arrival_time': 1536723000}
716	{'task_type': 'deadhead', 'locomotive': 22578, 'first_train_section': 22761, 'first_section': 22287, 'first_departure_time': 1536721560, 'first_arrival_time': 1536723000, 'second_train_section': 26798, 'second_section': 22494, 'second_departure_time': 1536731100, 'second_arrival_time': 1536733320}
717	{'task_type': 'regular', 'locomotive': 22578, 'train_section': 26798, 'section': 22494, 'departure_time': 1536731100, 'arrival_time': 1536733320}
718	{'task_type': 'deadhead', 'locomotive': 22578, 'first_train_section': 26798, 'first_section': 22494, 'first_departure_time': 1536731100, 'first_arrival_time': 1536733320, 'second_train_section': 24713, 'second_section': 22311, 'second_departure_time': 1536745200, 'second_arrival_time': 1536747960}
719	{'task_type': 'regular', 'locomotive': 22578, 'train_section': 24713, 'section': 22311, 'departure_time': 1536745200, 'arrival_time': 1536747960}
720	{'task_type': 'regular', 'locomotive': 22578, 'train_section': 26305, 'section': 22313, 'departure_time': 1536756480, 'arrival_time': 1536761400}
721	{'task_type': 'deadhead', 'locomotive': 22578, 'first_train_section': 26305, 'first_section': 22313, 'first_departure_time': 1536756480, 'first_arrival_time': 1536761400, 'second_train_section': 25245, 'second_section': 22343, 'second_departure_time': 1536768300, 'second_arrival_time': 1536778440}
722	{'task_type': 'regular', 'locomotive': 22578, 'train_section': 25245, 'section': 22343, 'departure_time': 1536768300, 'arrival_time': 1536778440}
723	{'task_type': 'deadhead', 'locomotive': 22578, 'first_train_section': 25245, 'first_section': 22343, 'first_departure_time': 1536768300, 'first_arrival_time': 1536778440, 'second_train_section': 25608, 'second_section': 22294, 'second_departure_time': 1536782880, 'second_arrival_time': 1536786120}
724	{'task_type': 'regular', 'locomotive': 22578, 'train_section': 25608, 'section': 22294, 'departure_time': 1536782880, 'arrival_time': 1536786120}
725	{'task_type': 'deadhead', 'locomotive': 22578, 'first_train_section': 25608, 'first_section': 22294, 'first_departure_time': 1536782880, 'first_arrival_time': 1536786120, 'second_train_section': 28857, 'second_section': 22450, 'second_departure_time': 1536791640, 'second_arrival_time': 1536796860}
726	{'task_type': 'regular', 'locomotive': 22578, 'train_section': 28857, 'section': 22450, 'departure_time': 1536791640, 'arrival_time': 1536796860}
727	{'task_type': 'deadhead', 'locomotive': 22578, 'first_train_section': 28857, 'first_section': 22450, 'first_departure_time': 1536791640, 'first_arrival_time': 1536796860, 'second_train_section': 28974, 'second_section': 22325, 'second_departure_time': 1536806100, 'second_arrival_time': 1536820380}
728	{'task_type': 'regular', 'locomotive': 22578, 'train_section': 28974, 'section': 22325, 'departure_time': 1536806100, 'arrival_time': 1536820380}
729	{'task_type': 'regular', 'locomotive': 22578, 'train_section': 22786, 'section': 22234, 'departure_time': 1536821400, 'arrival_time': 1536824160}
730	{'task_type': 'deadhead', 'locomotive': 22578, 'first_train_section': 22786, 'first_section': 22234, 'first_departure_time': 1536821400, 'first_arrival_time': 1536824160, 'second_train_section': 24759, 'second_section': 22334, 'second_departure_time': 1536835080, 'second_arrival_time': 1536839280}
731	{'task_type': 'regular', 'locomotive': 22578, 'train_section': 24759, 'section': 22334, 'departure_time': 1536835080, 'arrival_time': 1536839280}
732	{'task_type': 'deadhead', 'locomotive': 22578, 'first_train_section': 24759, 'first_section': 22334, 'first_departure_time': 1536835080, 'first_arrival_time': 1536839280, 'second_train_section': 25778, 'second_section': 22333, 'second_departure_time': 1536848100, 'second_arrival_time': 1536850920}
733	{'task_type': 'regular', 'locomotive': 22578, 'train_section': 25778, 'section': 22333, 'departure_time': 1536848100, 'arrival_time': 1536850920}
734	{'task_type': 'deadhead', 'locomotive': 22578, 'first_train_section': 25778, 'first_section': 22333, 'first_departure_time': 1536848100, 'first_arrival_time': 1536850920, 'second_train_section': 25417, 'second_section': 22449, 'second_departure_time': 1536862380, 'second_arrival_time': 1536864540}
735	{'task_type': 'regular', 'locomotive': 22578, 'train_section': 25417, 'section': 22449, 'departure_time': 1536862380, 'arrival_time': 1536864540}
736	{'task_type': 'deadhead', 'locomotive': 22578, 'first_train_section': 25417, 'first_section': 22449, 'first_departure_time': 1536862380, 'first_arrival_time': 1536864540, 'second_train_section': 25090, 'second_section': 22280, 'second_departure_time': 1536865320, 'second_arrival_time': 1536873720}
737	{'task_type': 'regular', 'locomotive': 22578, 'train_section': 25090, 'section': 22280, 'departure_time': 1536865320, 'arrival_time': 1536873720}
738	{'task_type': 'deadhead', 'locomotive': 22578, 'first_train_section': 25090, 'first_section': 22280, 'first_departure_time': 1536865320, 'first_arrival_time': 1536873720, 'second_train_section': 24411, 'second_section': 22322, 'second_departure_time': 1536880560, 'second_arrival_time': 1536888060}
739	{'task_type': 'regular', 'locomotive': 22578, 'train_section': 24411, 'section': 22322, 'departure_time': 1536880560, 'arrival_time': 1536888060}
740	{'task_type': 'deadhead', 'locomotive': 22578, 'first_train_section': 24411, 'first_section': 22322, 'first_departure_time': 1536880560, 'first_arrival_time': 1536888060, 'second_train_section': 23628, 'second_section': 22239, 'second_departure_time': 1536896220, 'second_arrival_time': 1536896460}
741	{'task_type': 'regular', 'locomotive': 22578, 'train_section': 23628, 'section': 22239, 'departure_time': 1536896220, 'arrival_time': 1536896460}
742	{'task_type': 'deadhead', 'locomotive': 22578, 'first_train_section': 23628, 'first_section': 22239, 'first_departure_time': 1536896220, 'first_arrival_time': 1536896460, 'second_train_section': 25087, 'second_section': 22247, 'second_departure_time': 1536908520, 'second_arrival_time': 1536917760}
743	{'task_type': 'regular', 'locomotive': 22578, 'train_section': 25087, 'section': 22247, 'departure_time': 1536908520, 'arrival_time': 1536917760}
744	{'task_type': 'deadhead', 'locomotive': 22578, 'first_train_section': 25087, 'first_section': 22247, 'first_departure_time': 1536908520, 'first_arrival_time': 1536917760, 'second_train_section': 24883, 'second_section': 22404, 'second_departure_time': 1536920400, 'second_arrival_time': 1536929160}
745	{'task_type': 'regular', 'locomotive': 22578, 'train_section': 24883, 'section': 22404, 'departure_time': 1536920400, 'arrival_time': 1536929160}
746	{'task_type': 'regular', 'locomotive': 22578, 'train_section': 26017, 'section': 22247, 'departure_time': 1536934320, 'arrival_time': 1536945420}
747	{'task_type': 'deadhead', 'locomotive': 22578, 'first_train_section': 26017, 'first_section': 22247, 'first_departure_time': 1536934320, 'first_arrival_time': 1536945420, 'second_train_section': 25338, 'second_section': 22407, 'second_departure_time': 1536949080, 'second_arrival_time': 1536955740}
748	{'task_type': 'regular', 'locomotive': 22578, 'train_section': 25338, 'section': 22407, 'departure_time': 1536949080, 'arrival_time': 1536955740}
749	{'task_type': 'regular', 'locomotive': 22578, 'train_section': 25340, 'section': 22334, 'departure_time': 1536956220, 'arrival_time': 1536959400}
750	{'task_type': 'deadhead', 'locomotive': 22578, 'first_train_section': 25340, 'first_section': 22334, 'first_departure_time': 1536956220, 'first_arrival_time': 1536959400, 'second_train_section': 24664, 'second_section': 22407, 'second_departure_time': 1536971520, 'second_arrival_time': 1536978960}
751	{'task_type': 'regular', 'locomotive': 22578, 'train_section': 24664, 'section': 22407, 'departure_time': 1536971520, 'arrival_time': 1536978960}
752	{'task_type': 'regular', 'locomotive': 22578, 'train_section': 27569, 'section': 22337, 'departure_time': 1536985920, 'arrival_time': 1536992760}
753	{'task_type': 'deadhead', 'locomotive': 22578, 'first_train_section': 27569, 'first_section': 22337, 'first_departure_time': 1536985920, 'first_arrival_time': 1536992760, 'second_train_section': 27900, 'second_section': 22471, 'second_departure_time': 1537001820, 'second_arrival_time': 1537004640}
754	{'task_type': 'regular', 'locomotive': 22578, 'train_section': 27900, 'section': 22471, 'departure_time': 1537001820, 'arrival_time': 1537004640}
755	{'task_type': 'regular', 'locomotive': 22578, 'train_section': 25420, 'section': 22329, 'departure_time': 1537009080, 'arrival_time': 1537010520}
756	{'task_type': 'regular', 'locomotive': 22578, 'train_section': 25476, 'section': 22387, 'departure_time': 1537011480, 'arrival_time': 1537012920}
757	{'task_type': 'regular', 'locomotive': 22580, 'train_section': 23775, 'section': 22427, 'departure_time': 1536634620, 'arrival_time': 1536637620}
758	{'task_type': 'regular', 'locomotive': 22580, 'train_section': 23777, 'section': 22443, 'departure_time': 1536638220, 'arrival_time': 1536639840}
759	{'task_type': 'regular', 'locomotive': 22580, 'train_section': 23779, 'section': 22495, 'departure_time': 1536640440, 'arrival_time': 1536643260}
760	{'task_type': 'deadhead', 'locomotive': 22580, 'first_train_section': 23779, 'first_section': 22495, 'first_departure_time': 1536640440, 'first_arrival_time': 1536643260, 'second_train_section': 26849, 'second_section': 22258, 'second_departure_time': 1536648660, 'second_arrival_time': 1536651060}
761	{'task_type': 'regular', 'locomotive': 22580, 'train_section': 26849, 'section': 22258, 'departure_time': 1536648660, 'arrival_time': 1536651060}
762	{'task_type': 'deadhead', 'locomotive': 22580, 'first_train_section': 26849, 'first_section': 22258, 'first_departure_time': 1536648660, 'first_arrival_time': 1536651060, 'second_train_section': 29058, 'second_section': 22249, 'second_departure_time': 1536658560, 'second_arrival_time': 1536666000}
763	{'task_type': 'regular', 'locomotive': 22580, 'train_section': 29058, 'section': 22249, 'departure_time': 1536658560, 'arrival_time': 1536666000}
764	{'task_type': 'deadhead', 'locomotive': 22580, 'first_train_section': 29058, 'first_section': 22249, 'first_departure_time': 1536658560, 'first_arrival_time': 1536666000, 'second_train_section': 25491, 'second_section': 22475, 'second_departure_time': 1536676260, 'second_arrival_time': 1536680280}
765	{'task_type': 'regular', 'locomotive': 22580, 'train_section': 25491, 'section': 22475, 'departure_time': 1536676260, 'arrival_time': 1536680280}
766	{'task_type': 'deadhead', 'locomotive': 22580, 'first_train_section': 25491, 'first_section': 22475, 'first_departure_time': 1536676260, 'first_arrival_time': 1536680280, 'second_train_section': 28004, 'second_section': 22416, 'second_departure_time': 1536683040, 'second_arrival_time': 1536686700}
767	{'task_type': 'regular', 'locomotive': 22580, 'train_section': 28004, 'section': 22416, 'departure_time': 1536683040, 'arrival_time': 1536686700}
768	{'task_type': 'regular', 'locomotive': 22580, 'train_section': 24235, 'section': 22378, 'departure_time': 1536687300, 'arrival_time': 1536690960}
769	{'task_type': 'regular', 'locomotive': 22580, 'train_section': 27764, 'section': 22416, 'departure_time': 1536724440, 'arrival_time': 1536728100}
770	{'task_type': 'deadhead', 'locomotive': 22580, 'first_train_section': 27764, 'first_section': 22416, 'first_departure_time': 1536724440, 'first_arrival_time': 1536728100, 'second_train_section': 23599, 'second_section': 22423, 'second_departure_time': 1536737580, 'second_arrival_time': 1536750120}
771	{'task_type': 'regular', 'locomotive': 22580, 'train_section': 23599, 'section': 22423, 'departure_time': 1536737580, 'arrival_time': 1536750120}
772	{'task_type': 'deadhead', 'locomotive': 22580, 'first_train_section': 23599, 'first_section': 22423, 'first_departure_time': 1536737580, 'first_arrival_time': 1536750120, 'second_train_section': 28189, 'second_section': 22378, 'second_departure_time': 1536764700, 'second_arrival_time': 1536768360}
773	{'task_type': 'regular', 'locomotive': 22580, 'train_section': 28189, 'section': 22378, 'departure_time': 1536764700, 'arrival_time': 1536768360}
774	{'task_type': 'deadhead', 'locomotive': 22580, 'first_train_section': 28189, 'first_section': 22378, 'first_departure_time': 1536764700, 'first_arrival_time': 1536768360, 'second_train_section': 24373, 'second_section': 22385, 'second_departure_time': 1536778020, 'second_arrival_time': 1536778800}
775	{'task_type': 'regular', 'locomotive': 22580, 'train_section': 24373, 'section': 22385, 'departure_time': 1536778020, 'arrival_time': 1536778800}
776	{'task_type': 'deadhead', 'locomotive': 22580, 'first_train_section': 24373, 'first_section': 22385, 'first_departure_time': 1536778020, 'first_arrival_time': 1536778800, 'second_train_section': 27628, 'second_section': 22443, 'second_departure_time': 1536782040, 'second_arrival_time': 1536783720}
777	{'task_type': 'regular', 'locomotive': 22580, 'train_section': 27628, 'section': 22443, 'departure_time': 1536782040, 'arrival_time': 1536783720}
778	{'task_type': 'deadhead', 'locomotive': 22580, 'first_train_section': 28802, 'first_section': 22302, 'first_departure_time': 1536789660, 'first_arrival_time': 1536806640, 'second_train_section': 27104, 'second_section': 22443, 'second_departure_time': 1536811020, 'second_arrival_time': 1536812640}
779	{'task_type': 'regular', 'locomotive': 22580, 'train_section': 27104, 'section': 22443, 'departure_time': 1536811020, 'arrival_time': 1536812640}
780	{'task_type': 'regular', 'locomotive': 22580, 'train_section': 27106, 'section': 22495, 'departure_time': 1536813240, 'arrival_time': 1536816060}
781	{'task_type': 'deadhead', 'locomotive': 22580, 'first_train_section': 27106, 'first_section': 22495, 'first_departure_time': 1536813240, 'first_arrival_time': 1536816060, 'second_train_section': 23410, 'second_section': 22499, 'second_departure_time': 1536824700, 'second_arrival_time': 1536829860}
782	{'task_type': 'regular', 'locomotive': 22580, 'train_section': 23410, 'section': 22499, 'departure_time': 1536824700, 'arrival_time': 1536829860}
783	{'task_type': 'deadhead', 'locomotive': 22580, 'first_train_section': 23410, 'first_section': 22499, 'first_departure_time': 1536824700, 'first_arrival_time': 1536829860, 'second_train_section': 23675, 'second_section': 22447, 'second_departure_time': 1536837120, 'second_arrival_time': 1536840000}
784	{'task_type': 'regular', 'locomotive': 22580, 'train_section': 23675, 'section': 22447, 'departure_time': 1536837120, 'arrival_time': 1536840000}
785	{'task_type': 'deadhead', 'locomotive': 22580, 'first_train_section': 23675, 'first_section': 22447, 'first_departure_time': 1536837120, 'first_arrival_time': 1536840000, 'second_train_section': 27686, 'second_section': 22351, 'second_departure_time': 1536850080, 'second_arrival_time': 1536855240}
786	{'task_type': 'regular', 'locomotive': 22580, 'train_section': 27686, 'section': 22351, 'departure_time': 1536850080, 'arrival_time': 1536855240}
787	{'task_type': 'deadhead', 'locomotive': 22580, 'first_train_section': 27686, 'first_section': 22351, 'first_departure_time': 1536850080, 'first_arrival_time': 1536855240, 'second_train_section': 28112, 'second_section': 22441, 'second_departure_time': 1536863460, 'second_arrival_time': 1536866580}
788	{'task_type': 'regular', 'locomotive': 22580, 'train_section': 28112, 'section': 22441, 'departure_time': 1536863460, 'arrival_time': 1536866580}
789	{'task_type': 'deadhead', 'locomotive': 22580, 'first_train_section': 28112, 'first_section': 22441, 'first_departure_time': 1536863460, 'first_arrival_time': 1536866580, 'second_train_section': 26963, 'second_section': 22431, 'second_departure_time': 1536867660, 'second_arrival_time': 1536871860}
790	{'task_type': 'regular', 'locomotive': 22580, 'train_section': 26963, 'section': 22431, 'departure_time': 1536867660, 'arrival_time': 1536871860}
791	{'task_type': 'regular', 'locomotive': 22580, 'train_section': 23289, 'section': 22495, 'departure_time': 1536873120, 'arrival_time': 1536876060}
792	{'task_type': 'regular', 'locomotive': 22580, 'train_section': 23292, 'section': 22309, 'departure_time': 1536876540, 'arrival_time': 1536881400}
793	{'task_type': 'deadhead', 'locomotive': 22580, 'first_train_section': 23292, 'first_section': 22309, 'first_departure_time': 1536876540, 'first_arrival_time': 1536881400, 'second_train_section': 23473, 'second_section': 22474, 'second_departure_time': 1536895200, 'second_arrival_time': 1536896880}
794	{'task_type': 'regular', 'locomotive': 22580, 'train_section': 23473, 'section': 22474, 'departure_time': 1536895200, 'arrival_time': 1536896880}
795	{'task_type': 'deadhead', 'locomotive': 22580, 'first_train_section': 23473, 'first_section': 22474, 'first_departure_time': 1536895200, 'first_arrival_time': 1536896880, 'second_train_section': 22792, 'second_section': 22427, 'second_departure_time': 1536901080, 'second_arrival_time': 1536904740}
796	{'task_type': 'regular', 'locomotive': 22580, 'train_section': 22792, 'section': 22427, 'departure_time': 1536901080, 'arrival_time': 1536904740}
797	{'task_type': 'regular', 'locomotive': 22580, 'train_section': 22794, 'section': 22443, 'departure_time': 1536905460, 'arrival_time': 1536907260}
798	{'task_type': 'deadhead', 'locomotive': 22580, 'first_train_section': 22794, 'first_section': 22443, 'first_departure_time': 1536905460, 'first_arrival_time': 1536907260, 'second_train_section': 26829, 'second_section': 22306, 'second_departure_time': 1536915240, 'second_arrival_time': 1536918900}
799	{'task_type': 'regular', 'locomotive': 22580, 'train_section': 26829, 'section': 22306, 'departure_time': 1536915240, 'arrival_time': 1536918900}
800	{'task_type': 'deadhead', 'locomotive': 22580, 'first_train_section': 26829, 'first_section': 22306, 'first_departure_time': 1536915240, 'first_arrival_time': 1536918900, 'second_train_section': 24133, 'second_section': 22278, 'second_departure_time': 1536929880, 'second_arrival_time': 1536936480}
801	{'task_type': 'regular', 'locomotive': 22580, 'train_section': 24133, 'section': 22278, 'departure_time': 1536929880, 'arrival_time': 1536936480}
802	{'task_type': 'deadhead', 'locomotive': 22580, 'first_train_section': 24133, 'first_section': 22278, 'first_departure_time': 1536929880, 'first_arrival_time': 1536936480, 'second_train_section': 24965, 'second_section': 22471, 'second_departure_time': 1536944220, 'second_arrival_time': 1536947040}
803	{'task_type': 'regular', 'locomotive': 22580, 'train_section': 24965, 'section': 22471, 'departure_time': 1536944220, 'arrival_time': 1536947040}
804	{'task_type': 'deadhead', 'locomotive': 22580, 'first_train_section': 24965, 'first_section': 22471, 'first_departure_time': 1536944220, 'first_arrival_time': 1536947040, 'second_train_section': 25136, 'second_section': 22323, 'second_departure_time': 1536954540, 'second_arrival_time': 1536957780}
805	{'task_type': 'regular', 'locomotive': 22580, 'train_section': 25136, 'section': 22323, 'departure_time': 1536954540, 'arrival_time': 1536957780}
806	{'task_type': 'deadhead', 'locomotive': 22580, 'first_train_section': 25136, 'first_section': 22323, 'first_departure_time': 1536954540, 'first_arrival_time': 1536957780, 'second_train_section': 22898, 'second_section': 22323, 'second_departure_time': 1536963120, 'second_arrival_time': 1536966600}
807	{'task_type': 'regular', 'locomotive': 22580, 'train_section': 22898, 'section': 22323, 'departure_time': 1536963120, 'arrival_time': 1536966600}
808	{'task_type': 'regular', 'locomotive': 22580, 'train_section': 24666, 'section': 22334, 'departure_time': 1536979560, 'arrival_time': 1536982800}
809	{'task_type': 'deadhead', 'locomotive': 22580, 'first_train_section': 24666, 'first_section': 22334, 'first_departure_time': 1536979560, 'first_arrival_time': 1536982800, 'second_train_section': 28007, 'second_section': 22327, 'second_departure_time': 1536995280, 'second_arrival_time': 1537001640}
810	{'task_type': 'regular', 'locomotive': 22580, 'train_section': 28007, 'section': 22327, 'departure_time': 1536995280, 'arrival_time': 1537001640}
811	{'task_type': 'deadhead', 'locomotive': 22580, 'first_train_section': 28007, 'first_section': 22327, 'first_departure_time': 1536995280, 'first_arrival_time': 1537001640, 'second_train_section': 26740, 'second_section': 22281, 'second_departure_time': 1537095480, 'second_arrival_time': 1537101540}
812	{'task_type': 'regular', 'locomotive': 22580, 'train_section': 26740, 'section': 22281, 'departure_time': 1537095480, 'arrival_time': 1537101540}
813	{'task_type': 'deadhead', 'locomotive': 22580, 'first_train_section': 26740, 'first_section': 22281, 'first_departure_time': 1537095480, 'first_arrival_time': 1537101540, 'second_train_section': 23094, 'second_section': 22398, 'second_departure_time': 1537132800, 'second_arrival_time': 1537135199}
814	{'task_type': 'regular', 'locomotive': 22580, 'train_section': 23094, 'section': 22398, 'departure_time': 1537132800, 'arrival_time': 1537135199}
815	{'task_type': 'regular', 'locomotive': 22581, 'train_section': 23425, 'section': 22354, 'departure_time': 1536637140, 'arrival_time': 1536641760}
816	{'task_type': 'deadhead', 'locomotive': 22581, 'first_train_section': 23425, 'first_section': 22354, 'first_departure_time': 1536637140, 'first_arrival_time': 1536641760, 'second_train_section': 28492, 'second_section': 22416, 'second_departure_time': 1536645240, 'second_arrival_time': 1536648900}
817	{'task_type': 'regular', 'locomotive': 22581, 'train_section': 28492, 'section': 22416, 'departure_time': 1536645240, 'arrival_time': 1536648900}
818	{'task_type': 'regular', 'locomotive': 22581, 'train_section': 23949, 'section': 22378, 'departure_time': 1536649500, 'arrival_time': 1536653160}
819	{'task_type': 'regular', 'locomotive': 22581, 'train_section': 23211, 'section': 22416, 'departure_time': 1536674040, 'arrival_time': 1536677700}
820	{'task_type': 'regular', 'locomotive': 22581, 'train_section': 24257, 'section': 22378, 'departure_time': 1536680100, 'arrival_time': 1536683760}
821	{'task_type': 'regular', 'locomotive': 22581, 'train_section': 27689, 'section': 22416, 'departure_time': 1536684840, 'arrival_time': 1536688500}
822	{'task_type': 'regular', 'locomotive': 22581, 'train_section': 28036, 'section': 22378, 'departure_time': 1536689100, 'arrival_time': 1536692760}
823	{'task_type': 'deadhead', 'locomotive': 22581, 'first_train_section': 22737, 'first_section': 22417, 'first_departure_time': 1536692820, 'first_arrival_time': 1536697680, 'second_train_section': 24462, 'second_section': 22429, 'second_departure_time': 1536699240, 'second_arrival_time': 1536701880}
824	{'task_type': 'regular', 'locomotive': 22581, 'train_section': 24462, 'section': 22429, 'departure_time': 1536699240, 'arrival_time': 1536701880}
825	{'task_type': 'deadhead', 'locomotive': 22581, 'first_train_section': 24462, 'first_section': 22429, 'first_departure_time': 1536699240, 'first_arrival_time': 1536701880, 'second_train_section': 25623, 'second_section': 22431, 'second_departure_time': 1536704340, 'second_arrival_time': 1536708540}
826	{'task_type': 'regular', 'locomotive': 22581, 'train_section': 25623, 'section': 22431, 'departure_time': 1536704340, 'arrival_time': 1536708540}
827	{'task_type': 'regular', 'locomotive': 22581, 'train_section': 25625, 'section': 22495, 'departure_time': 1536709440, 'arrival_time': 1536712320}
828	{'task_type': 'deadhead', 'locomotive': 22581, 'first_train_section': 25625, 'first_section': 22495, 'first_departure_time': 1536709440, 'first_arrival_time': 1536712320, 'second_train_section': 28068, 'second_section': 22245, 'second_departure_time': 1536719400, 'second_arrival_time': 1536723780}
829	{'task_type': 'regular', 'locomotive': 22581, 'train_section': 28068, 'section': 22245, 'departure_time': 1536719400, 'arrival_time': 1536723780}
830	{'task_type': 'deadhead', 'locomotive': 22581, 'first_train_section': 28068, 'first_section': 22245, 'first_departure_time': 1536719400, 'first_arrival_time': 1536723780, 'second_train_section': 23585, 'second_section': 22495, 'second_departure_time': 1536726840, 'second_arrival_time': 1536729660}
831	{'task_type': 'regular', 'locomotive': 22581, 'train_section': 23585, 'section': 22495, 'departure_time': 1536726840, 'arrival_time': 1536729660}
832	{'task_type': 'deadhead', 'locomotive': 22581, 'first_train_section': 23585, 'first_section': 22495, 'first_departure_time': 1536726840, 'first_arrival_time': 1536729660, 'second_train_section': 26487, 'second_section': 22312, 'second_departure_time': 1536733800, 'second_arrival_time': 1536734880}
833	{'task_type': 'regular', 'locomotive': 22581, 'train_section': 26487, 'section': 22312, 'departure_time': 1536733800, 'arrival_time': 1536734880}
834	{'task_type': 'regular', 'locomotive': 22581, 'train_section': 22770, 'section': 22481, 'departure_time': 1536736560, 'arrival_time': 1536741480}
835	{'task_type': 'deadhead', 'locomotive': 22581, 'first_train_section': 22770, 'first_section': 22481, 'first_departure_time': 1536736560, 'first_arrival_time': 1536741480, 'second_train_section': 28679, 'second_section': 22472, 'second_departure_time': 1536750780, 'second_arrival_time': 1536755940}
836	{'task_type': 'regular', 'locomotive': 22581, 'train_section': 28679, 'section': 22472, 'departure_time': 1536750780, 'arrival_time': 1536755940}
837	{'task_type': 'regular', 'locomotive': 22581, 'train_section': 26795, 'section': 22340, 'departure_time': 1536758340, 'arrival_time': 1536774000}
838	{'task_type': 'regular', 'locomotive': 22581, 'train_section': 25602, 'section': 22438, 'departure_time': 1536810120, 'arrival_time': 1536821460}
839	{'task_type': 'deadhead', 'locomotive': 22581, 'first_train_section': 25602, 'first_section': 22438, 'first_departure_time': 1536810120, 'first_arrival_time': 1536821460, 'second_train_section': 25109, 'second_section': 22311, 'second_departure_time': 1536831600, 'second_arrival_time': 1536834360}
840	{'task_type': 'regular', 'locomotive': 22581, 'train_section': 25109, 'section': 22311, 'departure_time': 1536831600, 'arrival_time': 1536834360}
841	{'task_type': 'deadhead', 'locomotive': 22581, 'first_train_section': 25109, 'first_section': 22311, 'first_departure_time': 1536831600, 'first_arrival_time': 1536834360, 'second_train_section': 26179, 'second_section': 22279, 'second_departure_time': 1536846600, 'second_arrival_time': 1536851520}
842	{'task_type': 'regular', 'locomotive': 22581, 'train_section': 26179, 'section': 22279, 'departure_time': 1536846600, 'arrival_time': 1536851520}
843	{'task_type': 'deadhead', 'locomotive': 22581, 'first_train_section': 26179, 'first_section': 22279, 'first_departure_time': 1536846600, 'first_arrival_time': 1536851520, 'second_train_section': 25898, 'second_section': 22446, 'second_departure_time': 1536859260, 'second_arrival_time': 1536860340}
844	{'task_type': 'regular', 'locomotive': 22581, 'train_section': 25898, 'section': 22446, 'departure_time': 1536859260, 'arrival_time': 1536860340}
845	{'task_type': 'deadhead', 'locomotive': 22581, 'first_train_section': 25898, 'first_section': 22446, 'first_departure_time': 1536859260, 'first_arrival_time': 1536860340, 'second_train_section': 26528, 'second_section': 22375, 'second_departure_time': 1536871560, 'second_arrival_time': 1536880140}
846	{'task_type': 'regular', 'locomotive': 22581, 'train_section': 26528, 'section': 22375, 'departure_time': 1536871560, 'arrival_time': 1536880140}
847	{'task_type': 'deadhead', 'locomotive': 22581, 'first_train_section': 26528, 'first_section': 22375, 'first_departure_time': 1536871560, 'first_arrival_time': 1536880140, 'second_train_section': 26816, 'second_section': 22325, 'second_departure_time': 1536892500, 'second_arrival_time': 1536906780}
848	{'task_type': 'regular', 'locomotive': 22581, 'train_section': 26816, 'section': 22325, 'departure_time': 1536892500, 'arrival_time': 1536906780}
849	{'task_type': 'deadhead', 'locomotive': 22581, 'first_train_section': 26816, 'first_section': 22325, 'first_departure_time': 1536892500, 'first_arrival_time': 1536906780, 'second_train_section': 28033, 'second_section': 22438, 'second_departure_time': 1536911520, 'second_arrival_time': 1536922260}
850	{'task_type': 'regular', 'locomotive': 22581, 'train_section': 28033, 'section': 22438, 'departure_time': 1536911520, 'arrival_time': 1536922260}
851	{'task_type': 'regular', 'locomotive': 22581, 'train_section': 28140, 'section': 22331, 'departure_time': 1536930480, 'arrival_time': 1536941280}
852	{'task_type': 'regular', 'locomotive': 22581, 'train_section': 28468, 'section': 22439, 'departure_time': 1536951120, 'arrival_time': 1536958200}
853	{'task_type': 'deadhead', 'locomotive': 22581, 'first_train_section': 28468, 'first_section': 22439, 'first_departure_time': 1536951120, 'first_arrival_time': 1536958200, 'second_train_section': 25154, 'second_section': 22330, 'second_departure_time': 1536968400, 'second_arrival_time': 1536976620}
854	{'task_type': 'regular', 'locomotive': 22581, 'train_section': 25154, 'section': 22330, 'departure_time': 1536968400, 'arrival_time': 1536976620}
855	{'task_type': 'deadhead', 'locomotive': 22581, 'first_train_section': 25154, 'first_section': 22330, 'first_departure_time': 1536968400, 'first_arrival_time': 1536976620, 'second_train_section': 24727, 'second_section': 22260, 'second_departure_time': 1536992820, 'second_arrival_time': 1537001220}
856	{'task_type': 'regular', 'locomotive': 22581, 'train_section': 24727, 'section': 22260, 'departure_time': 1536992820, 'arrival_time': 1537001220}
857	{'task_type': 'deadhead', 'locomotive': 22581, 'first_train_section': 24727, 'first_section': 22260, 'first_departure_time': 1536992820, 'first_arrival_time': 1537001220, 'second_train_section': 24477, 'second_section': 22247, 'second_departure_time': 1537050780, 'second_arrival_time': 1537059480}
858	{'task_type': 'regular', 'locomotive': 22581, 'train_section': 24477, 'section': 22247, 'departure_time': 1537050780, 'arrival_time': 1537059480}
859	{'task_type': 'regular', 'locomotive': 22583, 'train_section': 23403, 'section': 22431, 'departure_time': 1536630840, 'arrival_time': 1536634980}
860	{'task_type': 'regular', 'locomotive': 22583, 'train_section': 23405, 'section': 22495, 'departure_time': 1536636120, 'arrival_time': 1536639060}
861	{'task_type': 'regular', 'locomotive': 22583, 'train_section': 27308, 'section': 22309, 'departure_time': 1536641760, 'arrival_time': 1536647280}
862	{'task_type': 'deadhead', 'locomotive': 22583, 'first_train_section': 27308, 'first_section': 22309, 'first_departure_time': 1536641760, 'first_arrival_time': 1536647280, 'second_train_section': 27937, 'second_section': 22479, 'second_departure_time': 1536671760, 'second_arrival_time': 1536673380}
863	{'task_type': 'regular', 'locomotive': 22583, 'train_section': 27937, 'section': 22479, 'departure_time': 1536671760, 'arrival_time': 1536673380}
864	{'task_type': 'deadhead', 'locomotive': 22583, 'first_train_section': 27937, 'first_section': 22479, 'first_departure_time': 1536671760, 'first_arrival_time': 1536673380, 'second_train_section': 24241, 'second_section': 22347, 'second_departure_time': 1536679140, 'second_arrival_time': 1536684480}
865	{'task_type': 'regular', 'locomotive': 22583, 'train_section': 24241, 'section': 22347, 'departure_time': 1536679140, 'arrival_time': 1536684480}
866	{'task_type': 'deadhead', 'locomotive': 22583, 'first_train_section': 24241, 'first_section': 22347, 'first_departure_time': 1536679140, 'first_arrival_time': 1536684480, 'second_train_section': 28122, 'second_section': 22468, 'second_departure_time': 1536693060, 'second_arrival_time': 1536697200}
867	{'task_type': 'regular', 'locomotive': 22583, 'train_section': 28122, 'section': 22468, 'departure_time': 1536693060, 'arrival_time': 1536697200}
868	{'task_type': 'deadhead', 'locomotive': 22583, 'first_train_section': 26511, 'first_section': 22470, 'first_departure_time': 1536702000, 'first_arrival_time': 1536703140, 'second_train_section': 28210, 'second_section': 22322, 'second_departure_time': 1536707760, 'second_arrival_time': 1536715260}
869	{'task_type': 'regular', 'locomotive': 22583, 'train_section': 28210, 'section': 22322, 'departure_time': 1536707760, 'arrival_time': 1536715260}
870	{'task_type': 'deadhead', 'locomotive': 22583, 'first_train_section': 28210, 'first_section': 22322, 'first_departure_time': 1536707760, 'first_arrival_time': 1536715260, 'second_train_section': 24745, 'second_section': 22446, 'second_departure_time': 1536723840, 'second_arrival_time': 1536724980}
871	{'task_type': 'regular', 'locomotive': 22583, 'train_section': 24745, 'section': 22446, 'departure_time': 1536723840, 'arrival_time': 1536724980}
872	{'task_type': 'deadhead', 'locomotive': 22583, 'first_train_section': 24745, 'first_section': 22446, 'first_departure_time': 1536723840, 'first_arrival_time': 1536724980, 'second_train_section': 24868, 'second_section': 22472, 'second_departure_time': 1536736380, 'second_arrival_time': 1536741540}
873	{'task_type': 'regular', 'locomotive': 22583, 'train_section': 24868, 'section': 22472, 'departure_time': 1536736380, 'arrival_time': 1536741540}
874	{'task_type': 'deadhead', 'locomotive': 22583, 'first_train_section': 24868, 'first_section': 22472, 'first_departure_time': 1536736380, 'first_arrival_time': 1536741540, 'second_train_section': 24695, 'second_section': 22279, 'second_departure_time': 1536749400, 'second_arrival_time': 1536754980}
875	{'task_type': 'regular', 'locomotive': 22583, 'train_section': 24695, 'section': 22279, 'departure_time': 1536749400, 'arrival_time': 1536754980}
876	{'task_type': 'deadhead', 'locomotive': 22583, 'first_train_section': 24695, 'first_section': 22279, 'first_departure_time': 1536749400, 'first_arrival_time': 1536754980, 'second_train_section': 28183, 'second_section': 22329, 'second_departure_time': 1536764280, 'second_arrival_time': 1536765720}
877	{'task_type': 'regular', 'locomotive': 22583, 'train_section': 28183, 'section': 22329, 'departure_time': 1536764280, 'arrival_time': 1536765720}
878	{'task_type': 'deadhead', 'locomotive': 22583, 'first_train_section': 28183, 'first_section': 22329, 'first_departure_time': 1536764280, 'first_arrival_time': 1536765720, 'second_train_section': 25191, 'second_section': 22404, 'second_departure_time': 1536781440, 'second_arrival_time': 1536789960}
879	{'task_type': 'regular', 'locomotive': 22583, 'train_section': 25191, 'section': 22404, 'departure_time': 1536781440, 'arrival_time': 1536789960}
880	{'task_type': 'deadhead', 'locomotive': 22583, 'first_train_section': 25191, 'first_section': 22404, 'first_departure_time': 1536781440, 'first_arrival_time': 1536789960, 'second_train_section': 24028, 'second_section': 22368, 'second_departure_time': 1536796080, 'second_arrival_time': 1536799800}
881	{'task_type': 'regular', 'locomotive': 22583, 'train_section': 24028, 'section': 22368, 'departure_time': 1536796080, 'arrival_time': 1536799800}
882	{'task_type': 'deadhead', 'locomotive': 22583, 'first_train_section': 24028, 'first_section': 22368, 'first_departure_time': 1536796080, 'first_arrival_time': 1536799800, 'second_train_section': 25482, 'second_section': 22373, 'second_departure_time': 1536810840, 'second_arrival_time': 1536816120}
883	{'task_type': 'regular', 'locomotive': 22583, 'train_section': 25482, 'section': 22373, 'departure_time': 1536810840, 'arrival_time': 1536816120}
884	{'task_type': 'deadhead', 'locomotive': 22583, 'first_train_section': 25482, 'first_section': 22373, 'first_departure_time': 1536810840, 'first_arrival_time': 1536816120, 'second_train_section': 24761, 'second_section': 22324, 'second_departure_time': 1536841380, 'second_arrival_time': 1536846780}
885	{'task_type': 'regular', 'locomotive': 22583, 'train_section': 24761, 'section': 22324, 'departure_time': 1536841380, 'arrival_time': 1536846780}
886	{'task_type': 'deadhead', 'locomotive': 22583, 'first_train_section': 24761, 'first_section': 22324, 'first_departure_time': 1536841380, 'first_arrival_time': 1536846780, 'second_train_section': 28993, 'second_section': 22378, 'second_departure_time': 1536858300, 'second_arrival_time': 1536861960}
887	{'task_type': 'regular', 'locomotive': 22583, 'train_section': 28993, 'section': 22378, 'departure_time': 1536858300, 'arrival_time': 1536861960}
888	{'task_type': 'regular', 'locomotive': 22583, 'train_section': 26921, 'section': 22416, 'departure_time': 1536864840, 'arrival_time': 1536868500}
889	{'task_type': 'regular', 'locomotive': 22583, 'train_section': 28902, 'section': 22354, 'departure_time': 1536896340, 'arrival_time': 1536900960}
890	{'task_type': 'deadhead', 'locomotive': 22583, 'first_train_section': 28902, 'first_section': 22354, 'first_departure_time': 1536896340, 'first_arrival_time': 1536900960, 'second_train_section': 27010, 'second_section': 22416, 'second_departure_time': 1536920640, 'second_arrival_time': 1536924300}
891	{'task_type': 'regular', 'locomotive': 22583, 'train_section': 27010, 'section': 22416, 'departure_time': 1536920640, 'arrival_time': 1536924300}
892	{'task_type': 'deadhead', 'locomotive': 22583, 'first_train_section': 27010, 'first_section': 22416, 'first_departure_time': 1536920640, 'first_arrival_time': 1536924300, 'second_train_section': 26813, 'second_section': 22351, 'second_departure_time': 1536936480, 'second_arrival_time': 1536941640}
893	{'task_type': 'regular', 'locomotive': 22583, 'train_section': 26813, 'section': 22351, 'departure_time': 1536936480, 'arrival_time': 1536941640}
894	{'task_type': 'deadhead', 'locomotive': 22583, 'first_train_section': 26813, 'first_section': 22351, 'first_departure_time': 1536936480, 'first_arrival_time': 1536941640, 'second_train_section': 27875, 'second_section': 22505, 'second_departure_time': 1536947040, 'second_arrival_time': 1536952140}
895	{'task_type': 'regular', 'locomotive': 22583, 'train_section': 27875, 'section': 22505, 'departure_time': 1536947040, 'arrival_time': 1536952140}
896	{'task_type': 'deadhead', 'locomotive': 22583, 'first_train_section': 27875, 'first_section': 22505, 'first_departure_time': 1536947040, 'first_arrival_time': 1536952140, 'second_train_section': 26760, 'second_section': 22421, 'second_departure_time': 1536974280, 'second_arrival_time': 1536980400}
897	{'task_type': 'regular', 'locomotive': 22583, 'train_section': 26760, 'section': 22421, 'departure_time': 1536974280, 'arrival_time': 1536980400}
898	{'task_type': 'deadhead', 'locomotive': 22583, 'first_train_section': 26760, 'first_section': 22421, 'first_departure_time': 1536974280, 'first_arrival_time': 1536980400, 'second_train_section': 25257, 'second_section': 22447, 'second_departure_time': 1536994380, 'second_arrival_time': 1536997440}
899	{'task_type': 'regular', 'locomotive': 22583, 'train_section': 25257, 'section': 22447, 'departure_time': 1536994380, 'arrival_time': 1536997440}
900	{'task_type': 'deadhead', 'locomotive': 22583, 'first_train_section': 25257, 'first_section': 22447, 'first_departure_time': 1536994380, 'first_arrival_time': 1536997440, 'second_train_section': 27271, 'second_section': 22277, 'second_departure_time': 1537126500, 'second_arrival_time': 1537129980}
901	{'task_type': 'regular', 'locomotive': 22583, 'train_section': 27271, 'section': 22277, 'departure_time': 1537126500, 'arrival_time': 1537129980}
902	{'task_type': 'regular', 'locomotive': 22584, 'train_section': 28406, 'section': 22239, 'departure_time': 1536723420, 'arrival_time': 1536723660}
903	{'task_type': 'deadhead', 'locomotive': 22584, 'first_train_section': 28406, 'first_section': 22239, 'first_departure_time': 1536723420, 'first_arrival_time': 1536723660, 'second_train_section': 26352, 'second_section': 22387, 'second_departure_time': 1536735120, 'second_arrival_time': 1536736920}
904	{'task_type': 'regular', 'locomotive': 22584, 'train_section': 26352, 'section': 22387, 'departure_time': 1536735120, 'arrival_time': 1536736920}
905	{'task_type': 'deadhead', 'locomotive': 22584, 'first_train_section': 26352, 'first_section': 22387, 'first_departure_time': 1536735120, 'first_arrival_time': 1536736920, 'second_train_section': 27421, 'second_section': 22293, 'second_departure_time': 1536746640, 'second_arrival_time': 1536752100}
906	{'task_type': 'regular', 'locomotive': 22584, 'train_section': 27421, 'section': 22293, 'departure_time': 1536746640, 'arrival_time': 1536752100}
907	{'task_type': 'regular', 'locomotive': 22584, 'train_section': 27695, 'section': 22389, 'departure_time': 1536759000, 'arrival_time': 1536765720}
908	{'task_type': 'deadhead', 'locomotive': 22584, 'first_train_section': 27695, 'first_section': 22389, 'first_departure_time': 1536759000, 'first_arrival_time': 1536765720, 'second_train_section': 23416, 'second_section': 22256, 'second_departure_time': 1536772200, 'second_arrival_time': 1536774480}
909	{'task_type': 'regular', 'locomotive': 22584, 'train_section': 23416, 'section': 22256, 'departure_time': 1536772200, 'arrival_time': 1536774480}
910	{'task_type': 'deadhead', 'locomotive': 22584, 'first_train_section': 23416, 'first_section': 22256, 'first_departure_time': 1536772200, 'first_arrival_time': 1536774480, 'second_train_section': 26599, 'second_section': 22280, 'second_departure_time': 1536778920, 'second_arrival_time': 1536787320}
911	{'task_type': 'regular', 'locomotive': 22584, 'train_section': 26599, 'section': 22280, 'departure_time': 1536778920, 'arrival_time': 1536787320}
912	{'task_type': 'deadhead', 'locomotive': 22584, 'first_train_section': 26599, 'first_section': 22280, 'first_departure_time': 1536778920, 'first_arrival_time': 1536787320, 'second_train_section': 24251, 'second_section': 22324, 'second_departure_time': 1536788760, 'second_arrival_time': 1536794100}
913	{'task_type': 'regular', 'locomotive': 22584, 'train_section': 24251, 'section': 22324, 'departure_time': 1536788760, 'arrival_time': 1536794100}
914	{'task_type': 'deadhead', 'locomotive': 22584, 'first_train_section': 24251, 'first_section': 22324, 'first_departure_time': 1536788760, 'first_arrival_time': 1536794100, 'second_train_section': 22642, 'second_section': 22336, 'second_departure_time': 1536805380, 'second_arrival_time': 1536811500}
915	{'task_type': 'regular', 'locomotive': 22584, 'train_section': 22642, 'section': 22336, 'departure_time': 1536805380, 'arrival_time': 1536811500}
916	{'task_type': 'regular', 'locomotive': 22584, 'train_section': 24201, 'section': 22400, 'departure_time': 1536813780, 'arrival_time': 1536817680}
917	{'task_type': 'deadhead', 'locomotive': 22584, 'first_train_section': 24201, 'first_section': 22400, 'first_departure_time': 1536813780, 'first_arrival_time': 1536817680, 'second_train_section': 27755, 'second_section': 22410, 'second_departure_time': 1536822060, 'second_arrival_time': 1536824880}
918	{'task_type': 'regular', 'locomotive': 22584, 'train_section': 27755, 'section': 22410, 'departure_time': 1536822060, 'arrival_time': 1536824880}
919	{'task_type': 'deadhead', 'locomotive': 22584, 'first_train_section': 27755, 'first_section': 22410, 'first_departure_time': 1536822060, 'first_arrival_time': 1536824880, 'second_train_section': 24757, 'second_section': 22407, 'second_departure_time': 1536827160, 'second_arrival_time': 1536834000}
920	{'task_type': 'regular', 'locomotive': 22584, 'train_section': 24757, 'section': 22407, 'departure_time': 1536827160, 'arrival_time': 1536834000}
921	{'task_type': 'deadhead', 'locomotive': 22584, 'first_train_section': 24757, 'first_section': 22407, 'first_departure_time': 1536827160, 'first_arrival_time': 1536834000, 'second_train_section': 23413, 'second_section': 22318, 'second_departure_time': 1536845700, 'second_arrival_time': 1536850200}
922	{'task_type': 'regular', 'locomotive': 22584, 'train_section': 23413, 'section': 22318, 'departure_time': 1536845700, 'arrival_time': 1536850200}
923	{'task_type': 'deadhead', 'locomotive': 22584, 'first_train_section': 23413, 'first_section': 22318, 'first_departure_time': 1536845700, 'first_arrival_time': 1536850200, 'second_train_section': 23333, 'second_section': 22400, 'second_departure_time': 1536857400, 'second_arrival_time': 1536860820}
924	{'task_type': 'regular', 'locomotive': 22584, 'train_section': 23333, 'section': 22400, 'departure_time': 1536857400, 'arrival_time': 1536860820}
925	{'task_type': 'deadhead', 'locomotive': 22584, 'first_train_section': 23333, 'first_section': 22400, 'first_departure_time': 1536857400, 'first_arrival_time': 1536860820, 'second_train_section': 28987, 'second_section': 22306, 'second_departure_time': 1536874740, 'second_arrival_time': 1536878280}
926	{'task_type': 'regular', 'locomotive': 22584, 'train_section': 28987, 'section': 22306, 'departure_time': 1536874740, 'arrival_time': 1536878280}
927	{'task_type': 'deadhead', 'locomotive': 22584, 'first_train_section': 28987, 'first_section': 22306, 'first_departure_time': 1536874740, 'first_arrival_time': 1536878280, 'second_train_section': 25037, 'second_section': 22483, 'second_departure_time': 1536886320, 'second_arrival_time': 1536889380}
928	{'task_type': 'regular', 'locomotive': 22584, 'train_section': 25037, 'section': 22483, 'departure_time': 1536886320, 'arrival_time': 1536889380}
929	{'task_type': 'deadhead', 'locomotive': 22584, 'first_train_section': 25037, 'first_section': 22483, 'first_departure_time': 1536886320, 'first_arrival_time': 1536889380, 'second_train_section': 24084, 'second_section': 22361, 'second_departure_time': 1536900480, 'second_arrival_time': 1536902940}
930	{'task_type': 'regular', 'locomotive': 22584, 'train_section': 24084, 'section': 22361, 'departure_time': 1536900480, 'arrival_time': 1536902940}
931	{'task_type': 'regular', 'locomotive': 22584, 'train_section': 28025, 'section': 22499, 'departure_time': 1536903900, 'arrival_time': 1536909060}
932	{'task_type': 'regular', 'locomotive': 22584, 'train_section': 26239, 'section': 22342, 'departure_time': 1536909540, 'arrival_time': 1536914820}
933	{'task_type': 'deadhead', 'locomotive': 22584, 'first_train_section': 26239, 'first_section': 22342, 'first_departure_time': 1536909540, 'first_arrival_time': 1536914820, 'second_train_section': 27784, 'second_section': 22350, 'second_departure_time': 1536922140, 'second_arrival_time': 1536925800}
934	{'task_type': 'regular', 'locomotive': 22584, 'train_section': 27784, 'section': 22350, 'departure_time': 1536922140, 'arrival_time': 1536925800}
935	{'task_type': 'regular', 'locomotive': 22584, 'train_section': 24942, 'section': 22486, 'departure_time': 1536925920, 'arrival_time': 1536929520}
936	{'task_type': 'regular', 'locomotive': 22584, 'train_section': 24944, 'section': 22341, 'departure_time': 1536929820, 'arrival_time': 1536933720}
937	{'task_type': 'deadhead', 'locomotive': 22584, 'first_train_section': 24944, 'first_section': 22341, 'first_departure_time': 1536929820, 'first_arrival_time': 1536933720, 'second_train_section': 25012, 'second_section': 22500, 'second_departure_time': 1536938820, 'second_arrival_time': 1536941220}
938	{'task_type': 'regular', 'locomotive': 22584, 'train_section': 25012, 'section': 22500, 'departure_time': 1536938820, 'arrival_time': 1536941220}
939	{'task_type': 'regular', 'locomotive': 22584, 'train_section': 27728, 'section': 22360, 'departure_time': 1536943680, 'arrival_time': 1536955320}
940	{'task_type': 'deadhead', 'locomotive': 22584, 'first_train_section': 27728, 'first_section': 22360, 'first_departure_time': 1536943680, 'first_arrival_time': 1536955320, 'second_train_section': 24109, 'second_section': 22427, 'second_departure_time': 1536956700, 'second_arrival_time': 1536959580}
941	{'task_type': 'regular', 'locomotive': 22584, 'train_section': 24109, 'section': 22427, 'departure_time': 1536956700, 'arrival_time': 1536959580}
942	{'task_type': 'deadhead', 'locomotive': 22584, 'first_train_section': 24109, 'first_section': 22427, 'first_departure_time': 1536956700, 'first_arrival_time': 1536959580, 'second_train_section': 24858, 'second_section': 22309, 'second_departure_time': 1536963960, 'second_arrival_time': 1536968820}
943	{'task_type': 'regular', 'locomotive': 22584, 'train_section': 24858, 'section': 22309, 'departure_time': 1536963960, 'arrival_time': 1536968820}
944	{'task_type': 'deadhead', 'locomotive': 22584, 'first_train_section': 24858, 'first_section': 22309, 'first_departure_time': 1536963960, 'first_arrival_time': 1536968820, 'second_train_section': 26233, 'second_section': 22483, 'second_departure_time': 1536972720, 'second_arrival_time': 1536975780}
945	{'task_type': 'regular', 'locomotive': 22584, 'train_section': 26233, 'section': 22483, 'departure_time': 1536972720, 'arrival_time': 1536975780}
946	{'task_type': 'deadhead', 'locomotive': 22584, 'first_train_section': 26233, 'first_section': 22483, 'first_departure_time': 1536972720, 'first_arrival_time': 1536975780, 'second_train_section': 27476, 'second_section': 22378, 'second_departure_time': 1536989700, 'second_arrival_time': 1536993360}
947	{'task_type': 'regular', 'locomotive': 22584, 'train_section': 27476, 'section': 22378, 'departure_time': 1536989700, 'arrival_time': 1536993360}
948	{'task_type': 'deadhead', 'locomotive': 22584, 'first_train_section': 27476, 'first_section': 22378, 'first_departure_time': 1536989700, 'first_arrival_time': 1536993360, 'second_train_section': 26214, 'second_section': 22253, 'second_departure_time': 1537000440, 'second_arrival_time': 1537005420}
949	{'task_type': 'regular', 'locomotive': 22584, 'train_section': 26214, 'section': 22253, 'departure_time': 1537000440, 'arrival_time': 1537005420}
950	{'task_type': 'deadhead', 'locomotive': 22584, 'first_train_section': 26214, 'first_section': 22253, 'first_departure_time': 1537000440, 'first_arrival_time': 1537005420, 'second_train_section': 23772, 'second_section': 22500, 'second_departure_time': 1537029540, 'second_arrival_time': 1537031280}
951	{'task_type': 'regular', 'locomotive': 22584, 'train_section': 23772, 'section': 22500, 'departure_time': 1537029540, 'arrival_time': 1537031280}
952	{'task_type': 'regular', 'locomotive': 22584, 'train_section': 24932, 'section': 22356, 'departure_time': 1537090080, 'arrival_time': 1537097340}
953	{'task_type': 'deadhead', 'locomotive': 22584, 'first_train_section': 24932, 'first_section': 22356, 'first_departure_time': 1537090080, 'first_arrival_time': 1537097340, 'second_train_section': 26856, 'second_section': 22394, 'second_departure_time': 1537109520, 'second_arrival_time': 1537113960}
954	{'task_type': 'regular', 'locomotive': 22584, 'train_section': 26856, 'section': 22394, 'departure_time': 1537109520, 'arrival_time': 1537113960}
955	{'task_type': 'deadhead', 'locomotive': 22584, 'first_train_section': 26856, 'first_section': 22394, 'first_departure_time': 1537109520, 'first_arrival_time': 1537113960, 'second_train_section': 25737, 'second_section': 22249, 'second_departure_time': 1537132980, 'second_arrival_time': 1537135199}
956	{'task_type': 'regular', 'locomotive': 22584, 'train_section': 25737, 'section': 22249, 'departure_time': 1537132980, 'arrival_time': 1537135199}
957	{'task_type': 'regular', 'locomotive': 22586, 'train_section': 25933, 'section': 22400, 'departure_time': 1536670200, 'arrival_time': 1536673620}
958	{'task_type': 'deadhead', 'locomotive': 22586, 'first_train_section': 25933, 'first_section': 22400, 'first_departure_time': 1536670200, 'first_arrival_time': 1536673620, 'second_train_section': 24316, 'second_section': 22399, 'second_departure_time': 1536678600, 'second_arrival_time': 1536680040}
959	{'task_type': 'regular', 'locomotive': 22586, 'train_section': 24316, 'section': 22399, 'departure_time': 1536678600, 'arrival_time': 1536680040}
960	{'task_type': 'deadhead', 'locomotive': 22586, 'first_train_section': 24316, 'first_section': 22399, 'first_departure_time': 1536678600, 'first_arrival_time': 1536680040, 'second_train_section': 25993, 'second_section': 22236, 'second_departure_time': 1536687300, 'second_arrival_time': 1536690540}
961	{'task_type': 'regular', 'locomotive': 22586, 'train_section': 25993, 'section': 22236, 'departure_time': 1536687300, 'arrival_time': 1536690540}
962	{'task_type': 'deadhead', 'locomotive': 22586, 'first_train_section': 25993, 'first_section': 22236, 'first_departure_time': 1536687300, 'first_arrival_time': 1536690540, 'second_train_section': 23395, 'second_section': 22404, 'second_departure_time': 1536691620, 'second_arrival_time': 1536700560}
963	{'task_type': 'regular', 'locomotive': 22586, 'train_section': 23395, 'section': 22404, 'departure_time': 1536691620, 'arrival_time': 1536700560}
964	{'task_type': 'regular', 'locomotive': 22586, 'train_section': 25802, 'section': 22245, 'departure_time': 1536703740, 'arrival_time': 1536708240}
965	{'task_type': 'regular', 'locomotive': 22586, 'train_section': 26675, 'section': 22304, 'departure_time': 1536708300, 'arrival_time': 1536712680}
966	{'task_type': 'regular', 'locomotive': 22586, 'train_section': 26677, 'section': 22247, 'departure_time': 1536714780, 'arrival_time': 1536724260}
967	{'task_type': 'deadhead', 'locomotive': 22586, 'first_train_section': 26677, 'first_section': 22247, 'first_departure_time': 1536714780, 'first_arrival_time': 1536724260, 'second_train_section': 27143, 'second_section': 22400, 'second_departure_time': 1536727380, 'second_arrival_time': 1536731280}
968	{'task_type': 'regular', 'locomotive': 22586, 'train_section': 27143, 'section': 22400, 'departure_time': 1536727380, 'arrival_time': 1536731280}
969	{'task_type': 'deadhead', 'locomotive': 22586, 'first_train_section': 27068, 'first_section': 22382, 'first_departure_time': 1536731280, 'first_arrival_time': 1536746160, 'second_train_section': 27376, 'second_section': 22392, 'second_departure_time': 1536747900, 'second_arrival_time': 1536749280}
970	{'task_type': 'regular', 'locomotive': 22586, 'train_section': 27376, 'section': 22392, 'departure_time': 1536747900, 'arrival_time': 1536749280}
971	{'task_type': 'deadhead', 'locomotive': 22586, 'first_train_section': 27376, 'first_section': 22392, 'first_departure_time': 1536747900, 'first_arrival_time': 1536749280, 'second_train_section': 25605, 'second_section': 22383, 'second_departure_time': 1536750720, 'second_arrival_time': 1536754140}
972	{'task_type': 'regular', 'locomotive': 22586, 'train_section': 25605, 'section': 22383, 'departure_time': 1536750720, 'arrival_time': 1536754140}
973	{'task_type': 'deadhead', 'locomotive': 22586, 'first_train_section': 25605, 'first_section': 22383, 'first_departure_time': 1536750720, 'first_arrival_time': 1536754140, 'second_train_section': 28330, 'second_section': 22318, 'second_departure_time': 1536759300, 'second_arrival_time': 1536763800}
974	{'task_type': 'regular', 'locomotive': 22586, 'train_section': 28330, 'section': 22318, 'departure_time': 1536759300, 'arrival_time': 1536763800}
975	{'task_type': 'regular', 'locomotive': 22586, 'train_section': 23449, 'section': 22488, 'departure_time': 1536765240, 'arrival_time': 1536769620}
976	{'task_type': 'regular', 'locomotive': 22586, 'train_section': 27370, 'section': 22317, 'departure_time': 1536769920, 'arrival_time': 1536771660}
977	{'task_type': 'deadhead', 'locomotive': 22586, 'first_train_section': 27370, 'first_section': 22317, 'first_departure_time': 1536769920, 'first_arrival_time': 1536771660, 'second_train_section': 28039, 'second_section': 22404, 'second_departure_time': 1536772740, 'second_arrival_time': 1536781620}
978	{'task_type': 'regular', 'locomotive': 22586, 'train_section': 28039, 'section': 22404, 'departure_time': 1536772740, 'arrival_time': 1536781620}
979	{'task_type': 'regular', 'locomotive': 22586, 'train_section': 28041, 'section': 22245, 'departure_time': 1536782220, 'arrival_time': 1536786900}
980	{'task_type': 'deadhead', 'locomotive': 22586, 'first_train_section': 28041, 'first_section': 22245, 'first_departure_time': 1536782220, 'first_arrival_time': 1536786900, 'second_train_section': 28045, 'second_section': 22496, 'second_departure_time': 1536790980, 'second_arrival_time': 1536795000}
981	{'task_type': 'regular', 'locomotive': 22586, 'train_section': 28045, 'section': 22496, 'departure_time': 1536790980, 'arrival_time': 1536795000}
982	{'task_type': 'deadhead', 'locomotive': 22586, 'first_train_section': 28045, 'first_section': 22496, 'first_departure_time': 1536790980, 'first_arrival_time': 1536795000, 'second_train_section': 25620, 'second_section': 22446, 'second_departure_time': 1536810240, 'second_arrival_time': 1536811380}
983	{'task_type': 'regular', 'locomotive': 22586, 'train_section': 25620, 'section': 22446, 'departure_time': 1536810240, 'arrival_time': 1536811380}
984	{'task_type': 'deadhead', 'locomotive': 22586, 'first_train_section': 25620, 'first_section': 22446, 'first_departure_time': 1536810240, 'first_arrival_time': 1536811380, 'second_train_section': 26423, 'second_section': 22494, 'second_departure_time': 1536817500, 'second_arrival_time': 1536819720}
985	{'task_type': 'regular', 'locomotive': 22586, 'train_section': 26423, 'section': 22494, 'departure_time': 1536817500, 'arrival_time': 1536819720}
986	{'task_type': 'deadhead', 'locomotive': 22586, 'first_train_section': 26423, 'first_section': 22494, 'first_departure_time': 1536817500, 'first_arrival_time': 1536819720, 'second_train_section': 27825, 'second_section': 22331, 'second_departure_time': 1536822480, 'second_arrival_time': 1536833280}
987	{'task_type': 'regular', 'locomotive': 22586, 'train_section': 27825, 'section': 22331, 'departure_time': 1536822480, 'arrival_time': 1536833280}
988	{'task_type': 'regular', 'locomotive': 22586, 'train_section': 28877, 'section': 22438, 'departure_time': 1536846720, 'arrival_time': 1536857460}
989	{'task_type': 'deadhead', 'locomotive': 22586, 'first_train_section': 28877, 'first_section': 22438, 'first_departure_time': 1536846720, 'first_arrival_time': 1536857460, 'second_train_section': 28222, 'second_section': 22387, 'second_departure_time': 1536860280, 'second_arrival_time': 1536861720}
990	{'task_type': 'regular', 'locomotive': 22586, 'train_section': 28222, 'section': 22387, 'departure_time': 1536860280, 'arrival_time': 1536861720}
991	{'task_type': 'deadhead', 'locomotive': 22586, 'first_train_section': 28222, 'first_section': 22387, 'first_departure_time': 1536860280, 'first_arrival_time': 1536861720, 'second_train_section': 23015, 'second_section': 22398, 'second_departure_time': 1536873600, 'second_arrival_time': 1536879480}
992	{'task_type': 'regular', 'locomotive': 22586, 'train_section': 23015, 'section': 22398, 'departure_time': 1536873600, 'arrival_time': 1536879480}
993	{'task_type': 'regular', 'locomotive': 22586, 'train_section': 22921, 'section': 22336, 'departure_time': 1536891780, 'arrival_time': 1536897900}
994	{'task_type': 'deadhead', 'locomotive': 22586, 'first_train_section': 22921, 'first_section': 22336, 'first_departure_time': 1536891780, 'first_arrival_time': 1536897900, 'second_train_section': 25275, 'second_section': 22404, 'second_departure_time': 1536899820, 'second_arrival_time': 1536910020}
995	{'task_type': 'regular', 'locomotive': 22586, 'train_section': 25275, 'section': 22404, 'departure_time': 1536899820, 'arrival_time': 1536910020}
996	{'task_type': 'deadhead', 'locomotive': 22586, 'first_train_section': 25275, 'first_section': 22404, 'first_departure_time': 1536899820, 'first_arrival_time': 1536910020, 'second_train_section': 23276, 'second_section': 22383, 'second_departure_time': 1536923520, 'second_arrival_time': 1536926940}
997	{'task_type': 'regular', 'locomotive': 22586, 'train_section': 23276, 'section': 22383, 'departure_time': 1536923520, 'arrival_time': 1536926940}
998	{'task_type': 'deadhead', 'locomotive': 22586, 'first_train_section': 23276, 'first_section': 22383, 'first_departure_time': 1536923520, 'first_arrival_time': 1536926940, 'second_train_section': 23042, 'second_section': 22404, 'second_departure_time': 1536933360, 'second_arrival_time': 1536942900}
999	{'task_type': 'regular', 'locomotive': 22586, 'train_section': 23042, 'section': 22404, 'departure_time': 1536933360, 'arrival_time': 1536942900}
1000	{'task_type': 'deadhead', 'locomotive': 22586, 'first_train_section': 23042, 'first_section': 22404, 'first_departure_time': 1536933360, 'first_arrival_time': 1536942900, 'second_train_section': 26054, 'second_section': 22294, 'second_departure_time': 1536955680, 'second_arrival_time': 1536958920}
1001	{'task_type': 'regular', 'locomotive': 22586, 'train_section': 26054, 'section': 22294, 'departure_time': 1536955680, 'arrival_time': 1536958920}
1002	{'task_type': 'deadhead', 'locomotive': 22586, 'first_train_section': 26054, 'first_section': 22294, 'first_departure_time': 1536955680, 'first_arrival_time': 1536958920, 'second_train_section': 25531, 'second_section': 22438, 'second_departure_time': 1536990600, 'second_arrival_time': 1537001460}
1003	{'task_type': 'regular', 'locomotive': 22586, 'train_section': 25531, 'section': 22438, 'departure_time': 1536990600, 'arrival_time': 1537001460}
1004	{'task_type': 'regular', 'locomotive': 22587, 'train_section': 28245, 'section': 22496, 'departure_time': 1536637800, 'arrival_time': 1536643980}
1005	{'task_type': 'deadhead', 'locomotive': 22587, 'first_train_section': 28245, 'first_section': 22496, 'first_departure_time': 1536637800, 'first_arrival_time': 1536643980, 'second_train_section': 25996, 'second_section': 22431, 'second_departure_time': 1536646200, 'second_arrival_time': 1536650820}
1006	{'task_type': 'regular', 'locomotive': 22587, 'train_section': 25996, 'section': 22431, 'departure_time': 1536646200, 'arrival_time': 1536650820}
1007	{'task_type': 'deadhead', 'locomotive': 22587, 'first_train_section': 25996, 'first_section': 22431, 'first_departure_time': 1536646200, 'first_arrival_time': 1536650820, 'second_train_section': 28237, 'second_section': 22361, 'second_departure_time': 1536676740, 'second_arrival_time': 1536679740}
1008	{'task_type': 'regular', 'locomotive': 22587, 'train_section': 28237, 'section': 22361, 'departure_time': 1536676740, 'arrival_time': 1536679740}
1009	{'task_type': 'deadhead', 'locomotive': 22587, 'first_train_section': 28237, 'first_section': 22361, 'first_departure_time': 1536676740, 'first_arrival_time': 1536679740, 'second_train_section': 28483, 'second_section': 22508, 'second_departure_time': 1536694620, 'second_arrival_time': 1536698160}
1010	{'task_type': 'regular', 'locomotive': 22587, 'train_section': 28483, 'section': 22508, 'departure_time': 1536694620, 'arrival_time': 1536698160}
1011	{'task_type': 'regular', 'locomotive': 22587, 'train_section': 28485, 'section': 22481, 'departure_time': 1536701880, 'arrival_time': 1536706800}
1012	{'task_type': 'deadhead', 'locomotive': 22587, 'first_train_section': 28485, 'first_section': 22481, 'first_departure_time': 1536701880, 'first_arrival_time': 1536706800, 'second_train_section': 24090, 'second_section': 22288, 'second_departure_time': 1536714420, 'second_arrival_time': 1536720960}
1013	{'task_type': 'regular', 'locomotive': 22587, 'train_section': 24090, 'section': 22288, 'departure_time': 1536714420, 'arrival_time': 1536720960}
1014	{'task_type': 'regular', 'locomotive': 22587, 'train_section': 24092, 'section': 22323, 'departure_time': 1536721620, 'arrival_time': 1536724980}
1015	{'task_type': 'regular', 'locomotive': 22587, 'train_section': 24812, 'section': 22335, 'departure_time': 1536725520, 'arrival_time': 1536729300}
1016	{'task_type': 'deadhead', 'locomotive': 22587, 'first_train_section': 24812, 'first_section': 22335, 'first_departure_time': 1536725520, 'first_arrival_time': 1536729300, 'second_train_section': 24971, 'second_section': 22438, 'second_departure_time': 1536738720, 'second_arrival_time': 1536749460}
1017	{'task_type': 'regular', 'locomotive': 22587, 'train_section': 24971, 'section': 22438, 'departure_time': 1536738720, 'arrival_time': 1536749460}
1018	{'task_type': 'deadhead', 'locomotive': 22587, 'first_train_section': 24971, 'first_section': 22438, 'first_departure_time': 1536738720, 'first_arrival_time': 1536749460, 'second_train_section': 28471, 'second_section': 22447, 'second_departure_time': 1536759600, 'second_arrival_time': 1536762480}
1019	{'task_type': 'regular', 'locomotive': 22587, 'train_section': 28471, 'section': 22447, 'departure_time': 1536759600, 'arrival_time': 1536762480}
1020	{'task_type': 'deadhead', 'locomotive': 22587, 'first_train_section': 28471, 'first_section': 22447, 'first_departure_time': 1536759600, 'first_arrival_time': 1536762480, 'second_train_section': 25952, 'second_section': 22315, 'second_departure_time': 1536770880, 'second_arrival_time': 1536775380}
1021	{'task_type': 'regular', 'locomotive': 22587, 'train_section': 25952, 'section': 22315, 'departure_time': 1536770880, 'arrival_time': 1536775380}
1022	{'task_type': 'deadhead', 'locomotive': 22587, 'first_train_section': 25952, 'first_section': 22315, 'first_departure_time': 1536770880, 'first_arrival_time': 1536775380, 'second_train_section': 23121, 'second_section': 22449, 'second_departure_time': 1536775980, 'second_arrival_time': 1536778140}
1023	{'task_type': 'regular', 'locomotive': 22587, 'train_section': 23121, 'section': 22449, 'departure_time': 1536775980, 'arrival_time': 1536778140}
1024	{'task_type': 'deadhead', 'locomotive': 22587, 'first_train_section': 23121, 'first_section': 22449, 'first_departure_time': 1536775980, 'first_arrival_time': 1536778140, 'second_train_section': 24414, 'second_section': 22277, 'second_departure_time': 1536780900, 'second_arrival_time': 1536784380}
1025	{'task_type': 'regular', 'locomotive': 22587, 'train_section': 24414, 'section': 22277, 'departure_time': 1536780900, 'arrival_time': 1536784380}
1026	{'task_type': 'deadhead', 'locomotive': 22587, 'first_train_section': 24414, 'first_section': 22277, 'first_departure_time': 1536780900, 'first_arrival_time': 1536784380, 'second_train_section': 25838, 'second_section': 22451, 'second_departure_time': 1536793020, 'second_arrival_time': 1536799920}
1027	{'task_type': 'regular', 'locomotive': 22587, 'train_section': 25838, 'section': 22451, 'departure_time': 1536793020, 'arrival_time': 1536799920}
1028	{'task_type': 'deadhead', 'locomotive': 22587, 'first_train_section': 25838, 'first_section': 22451, 'first_departure_time': 1536793020, 'first_arrival_time': 1536799920, 'second_train_section': 23357, 'second_section': 22326, 'second_departure_time': 1536809820, 'second_arrival_time': 1536818760}
1029	{'task_type': 'regular', 'locomotive': 22587, 'train_section': 23357, 'section': 22326, 'departure_time': 1536809820, 'arrival_time': 1536818760}
1030	{'task_type': 'regular', 'locomotive': 22587, 'train_section': 27387, 'section': 22279, 'departure_time': 1536821400, 'arrival_time': 1536826980}
1031	{'task_type': 'regular', 'locomotive': 22587, 'train_section': 26896, 'section': 22313, 'departure_time': 1536835680, 'arrival_time': 1536840600}
1032	{'task_type': 'deadhead', 'locomotive': 22587, 'first_train_section': 26896, 'first_section': 22313, 'first_departure_time': 1536835680, 'first_arrival_time': 1536840600, 'second_train_section': 25780, 'second_section': 22472, 'second_departure_time': 1536851580, 'second_arrival_time': 1536856740}
1033	{'task_type': 'regular', 'locomotive': 22587, 'train_section': 25780, 'section': 22472, 'departure_time': 1536851580, 'arrival_time': 1536856740}
1034	{'task_type': 'deadhead', 'locomotive': 22587, 'first_train_section': 25780, 'first_section': 22472, 'first_departure_time': 1536851580, 'first_arrival_time': 1536856740, 'second_train_section': 26080, 'second_section': 22304, 'second_departure_time': 1536865140, 'second_arrival_time': 1536869580}
1035	{'task_type': 'regular', 'locomotive': 22587, 'train_section': 26080, 'section': 22304, 'departure_time': 1536865140, 'arrival_time': 1536869580}
1036	{'task_type': 'regular', 'locomotive': 22587, 'train_section': 25458, 'section': 22249, 'departure_time': 1536873780, 'arrival_time': 1536878580}
1037	{'task_type': 'deadhead', 'locomotive': 22587, 'first_train_section': 25458, 'first_section': 22249, 'first_departure_time': 1536873780, 'first_arrival_time': 1536878580, 'second_train_section': 25485, 'second_section': 22378, 'second_departure_time': 1536894540, 'second_arrival_time': 1536898200}
1038	{'task_type': 'regular', 'locomotive': 22587, 'train_section': 25485, 'section': 22378, 'departure_time': 1536894540, 'arrival_time': 1536898200}
1039	{'task_type': 'regular', 'locomotive': 22587, 'train_section': 28262, 'section': 22416, 'departure_time': 1536899040, 'arrival_time': 1536902700}
1040	{'task_type': 'deadhead', 'locomotive': 22587, 'first_train_section': 28262, 'first_section': 22416, 'first_departure_time': 1536899040, 'first_arrival_time': 1536902700, 'second_train_section': 25279, 'second_section': 22308, 'second_departure_time': 1536915840, 'second_arrival_time': 1536918480}
1041	{'task_type': 'regular', 'locomotive': 22587, 'train_section': 25279, 'section': 22308, 'departure_time': 1536915840, 'arrival_time': 1536918480}
1042	{'task_type': 'regular', 'locomotive': 22587, 'train_section': 25281, 'section': 22496, 'departure_time': 1536919080, 'arrival_time': 1536924060}
1043	{'task_type': 'deadhead', 'locomotive': 22587, 'first_train_section': 25281, 'first_section': 22496, 'first_departure_time': 1536919080, 'first_arrival_time': 1536924060, 'second_train_section': 23847, 'second_section': 22416, 'second_departure_time': 1536935040, 'second_arrival_time': 1536938700}
1044	{'task_type': 'regular', 'locomotive': 22587, 'train_section': 23847, 'section': 22416, 'departure_time': 1536935040, 'arrival_time': 1536938700}
1045	{'task_type': 'regular', 'locomotive': 22587, 'train_section': 27251, 'section': 22378, 'departure_time': 1536942900, 'arrival_time': 1536946560}
1046	{'task_type': 'deadhead', 'locomotive': 22587, 'first_train_section': 27251, 'first_section': 22378, 'first_departure_time': 1536942900, 'first_arrival_time': 1536946560, 'second_train_section': 23747, 'second_section': 22495, 'second_departure_time': 1536951840, 'second_arrival_time': 1536954660}
1047	{'task_type': 'regular', 'locomotive': 22587, 'train_section': 23747, 'section': 22495, 'departure_time': 1536951840, 'arrival_time': 1536954660}
1048	{'task_type': 'regular', 'locomotive': 22587, 'train_section': 27208, 'section': 22308, 'departure_time': 1536968160, 'arrival_time': 1536970860}
1049	{'task_type': 'deadhead', 'locomotive': 22587, 'first_train_section': 27208, 'first_section': 22308, 'first_departure_time': 1536968160, 'first_arrival_time': 1536970860, 'second_train_section': 27149, 'second_section': 22427, 'second_departure_time': 1536975960, 'second_arrival_time': 1536978900}
1050	{'task_type': 'regular', 'locomotive': 22587, 'train_section': 27149, 'section': 22427, 'departure_time': 1536975960, 'arrival_time': 1536978900}
1051	{'task_type': 'deadhead', 'locomotive': 22587, 'first_train_section': 27149, 'first_section': 22427, 'first_departure_time': 1536975960, 'first_arrival_time': 1536978900, 'second_train_section': 26948, 'second_section': 22378, 'second_departure_time': 1536987900, 'second_arrival_time': 1536991560}
1052	{'task_type': 'regular', 'locomotive': 22587, 'train_section': 26948, 'section': 22378, 'departure_time': 1536987900, 'arrival_time': 1536991560}
1053	{'task_type': 'deadhead', 'locomotive': 22587, 'first_train_section': 26948, 'first_section': 22378, 'first_departure_time': 1536987900, 'first_arrival_time': 1536991560, 'second_train_section': 27758, 'second_section': 22378, 'second_departure_time': 1536998700, 'second_arrival_time': 1537002360}
1054	{'task_type': 'regular', 'locomotive': 22587, 'train_section': 27758, 'section': 22378, 'departure_time': 1536998700, 'arrival_time': 1537002360}
1055	{'task_type': 'deadhead', 'locomotive': 22587, 'first_train_section': 27758, 'first_section': 22378, 'first_departure_time': 1536998700, 'first_arrival_time': 1537002360, 'second_train_section': 24794, 'second_section': 22340, 'second_departure_time': 1537017540, 'second_arrival_time': 1537033200}
1056	{'task_type': 'regular', 'locomotive': 22587, 'train_section': 24794, 'section': 22340, 'departure_time': 1537017540, 'arrival_time': 1537033200}
1057	{'task_type': 'regular', 'locomotive': 22588, 'train_section': 26331, 'section': 22245, 'departure_time': 1536641880, 'arrival_time': 1536647340}
1058	{'task_type': 'regular', 'locomotive': 22588, 'train_section': 26333, 'section': 22308, 'departure_time': 1536648060, 'arrival_time': 1536650760}
1059	{'task_type': 'deadhead', 'locomotive': 22588, 'first_train_section': 26333, 'first_section': 22308, 'first_departure_time': 1536648060, 'first_arrival_time': 1536650760, 'second_train_section': 24560, 'second_section': 22264, 'second_departure_time': 1536661200, 'second_arrival_time': 1536661620}
1060	{'task_type': 'regular', 'locomotive': 22588, 'train_section': 24560, 'section': 22264, 'departure_time': 1536661200, 'arrival_time': 1536661620}
1061	{'task_type': 'regular', 'locomotive': 22588, 'train_section': 24569, 'section': 22261, 'departure_time': 1536665880, 'arrival_time': 1536667620}
1062	{'task_type': 'deadhead', 'locomotive': 22588, 'first_train_section': 24569, 'first_section': 22261, 'first_departure_time': 1536665880, 'first_arrival_time': 1536667620, 'second_train_section': 28051, 'second_section': 22342, 'second_departure_time': 1536679140, 'second_arrival_time': 1536684420}
1063	{'task_type': 'regular', 'locomotive': 22588, 'train_section': 28051, 'section': 22342, 'departure_time': 1536679140, 'arrival_time': 1536684420}
1064	{'task_type': 'deadhead', 'locomotive': 22588, 'first_train_section': 28051, 'first_section': 22342, 'first_departure_time': 1536679140, 'first_arrival_time': 1536684420, 'second_train_section': 28118, 'second_section': 22446, 'second_departure_time': 1536686460, 'second_arrival_time': 1536687540}
1065	{'task_type': 'regular', 'locomotive': 22588, 'train_section': 28118, 'section': 22446, 'departure_time': 1536686460, 'arrival_time': 1536687540}
1066	{'task_type': 'deadhead', 'locomotive': 22588, 'first_train_section': 28118, 'first_section': 22446, 'first_departure_time': 1536686460, 'first_arrival_time': 1536687540, 'second_train_section': 24136, 'second_section': 22332, 'second_departure_time': 1536697800, 'second_arrival_time': 1536701940}
1067	{'task_type': 'regular', 'locomotive': 22588, 'train_section': 24136, 'section': 22332, 'departure_time': 1536697800, 'arrival_time': 1536701940}
1068	{'task_type': 'deadhead', 'locomotive': 22588, 'first_train_section': 24136, 'first_section': 22332, 'first_departure_time': 1536697800, 'first_arrival_time': 1536701940, 'second_train_section': 25752, 'second_section': 22451, 'second_departure_time': 1536706620, 'second_arrival_time': 1536713520}
1069	{'task_type': 'regular', 'locomotive': 22588, 'train_section': 25752, 'section': 22451, 'departure_time': 1536706620, 'arrival_time': 1536713520}
1070	{'task_type': 'deadhead', 'locomotive': 22588, 'first_train_section': 25752, 'first_section': 22451, 'first_departure_time': 1536706620, 'first_arrival_time': 1536713520, 'second_train_section': 25636, 'second_section': 22281, 'second_departure_time': 1536721560, 'second_arrival_time': 1536728520}
1071	{'task_type': 'regular', 'locomotive': 22588, 'train_section': 25636, 'section': 22281, 'departure_time': 1536721560, 'arrival_time': 1536728520}
1072	{'task_type': 'regular', 'locomotive': 22588, 'train_section': 25403, 'section': 22342, 'departure_time': 1536729660, 'arrival_time': 1536735780}
1073	{'task_type': 'deadhead', 'locomotive': 22588, 'first_train_section': 25403, 'first_section': 22342, 'first_departure_time': 1536729660, 'first_arrival_time': 1536735780, 'second_train_section': 26100, 'second_section': 22296, 'second_departure_time': 1536739200, 'second_arrival_time': 1536740100}
1074	{'task_type': 'regular', 'locomotive': 22588, 'train_section': 26100, 'section': 22296, 'departure_time': 1536739200, 'arrival_time': 1536740100}
1075	{'task_type': 'deadhead', 'locomotive': 22588, 'first_train_section': 26100, 'first_section': 22296, 'first_departure_time': 1536739200, 'first_arrival_time': 1536740100, 'second_train_section': 23301, 'second_section': 22378, 'second_departure_time': 1536752100, 'second_arrival_time': 1536755760}
1076	{'task_type': 'regular', 'locomotive': 22588, 'train_section': 23301, 'section': 22378, 'departure_time': 1536752100, 'arrival_time': 1536755760}
1077	{'task_type': 'deadhead', 'locomotive': 22588, 'first_train_section': 23301, 'first_section': 22378, 'first_departure_time': 1536752100, 'first_arrival_time': 1536755760, 'second_train_section': 23637, 'second_section': 22475, 'second_departure_time': 1536762660, 'second_arrival_time': 1536766680}
1078	{'task_type': 'regular', 'locomotive': 22588, 'train_section': 23637, 'section': 22475, 'departure_time': 1536762660, 'arrival_time': 1536766680}
1079	{'task_type': 'deadhead', 'locomotive': 22588, 'first_train_section': 23637, 'first_section': 22475, 'first_departure_time': 1536762660, 'first_arrival_time': 1536766680, 'second_train_section': 24593, 'second_section': 22414, 'second_departure_time': 1536767820, 'second_arrival_time': 1536772260}
1080	{'task_type': 'regular', 'locomotive': 22588, 'train_section': 24593, 'section': 22414, 'departure_time': 1536767820, 'arrival_time': 1536772260}
1081	{'task_type': 'deadhead', 'locomotive': 22588, 'first_train_section': 25461, 'first_section': 22353, 'first_departure_time': 1536772260, 'first_arrival_time': 1536789540, 'second_train_section': 27648, 'second_section': 22428, 'second_departure_time': 1536797460, 'second_arrival_time': 1536803220}
1082	{'task_type': 'regular', 'locomotive': 22588, 'train_section': 27648, 'section': 22428, 'departure_time': 1536797460, 'arrival_time': 1536803220}
1083	{'task_type': 'deadhead', 'locomotive': 22588, 'first_train_section': 27648, 'first_section': 22428, 'first_departure_time': 1536797460, 'first_arrival_time': 1536803220, 'second_train_section': 28115, 'second_section': 22354, 'second_departure_time': 1536809940, 'second_arrival_time': 1536814560}
1084	{'task_type': 'regular', 'locomotive': 22588, 'train_section': 28115, 'section': 22354, 'departure_time': 1536809940, 'arrival_time': 1536814560}
1085	{'task_type': 'deadhead', 'locomotive': 22588, 'first_train_section': 28115, 'first_section': 22354, 'first_departure_time': 1536809940, 'first_arrival_time': 1536814560, 'second_train_section': 24348, 'second_section': 22392, 'second_departure_time': 1536834300, 'second_arrival_time': 1536835680}
1086	{'task_type': 'regular', 'locomotive': 22588, 'train_section': 24348, 'section': 22392, 'departure_time': 1536834300, 'arrival_time': 1536835680}
1087	{'task_type': 'deadhead', 'locomotive': 22588, 'first_train_section': 24348, 'first_section': 22392, 'first_departure_time': 1536834300, 'first_arrival_time': 1536835680, 'second_train_section': 24824, 'second_section': 22404, 'second_departure_time': 1536841380, 'second_arrival_time': 1536849900}
1088	{'task_type': 'regular', 'locomotive': 22588, 'train_section': 24824, 'section': 22404, 'departure_time': 1536841380, 'arrival_time': 1536849900}
1089	{'task_type': 'regular', 'locomotive': 22588, 'train_section': 24827, 'section': 22249, 'departure_time': 1536850080, 'arrival_time': 1536856080}
1090	{'task_type': 'deadhead', 'locomotive': 22588, 'first_train_section': 23139, 'first_section': 22359, 'first_departure_time': 1536872400, 'first_arrival_time': 1536895800, 'second_train_section': 23185, 'second_section': 22499, 'second_departure_time': 1536911100, 'second_arrival_time': 1536916260}
1091	{'task_type': 'regular', 'locomotive': 22588, 'train_section': 23185, 'section': 22499, 'departure_time': 1536911100, 'arrival_time': 1536916260}
1092	{'task_type': 'deadhead', 'locomotive': 22588, 'first_train_section': 23185, 'first_section': 22499, 'first_departure_time': 1536911100, 'first_arrival_time': 1536916260, 'second_train_section': 24281, 'second_section': 22472, 'second_departure_time': 1536923580, 'second_arrival_time': 1536928740}
1093	{'task_type': 'regular', 'locomotive': 22588, 'train_section': 24281, 'section': 22472, 'departure_time': 1536923580, 'arrival_time': 1536928740}
1094	{'task_type': 'deadhead', 'locomotive': 22588, 'first_train_section': 24281, 'first_section': 22472, 'first_departure_time': 1536923580, 'first_arrival_time': 1536928740, 'second_train_section': 23829, 'second_section': 22275, 'second_departure_time': 1536930300, 'second_arrival_time': 1536937380}
1095	{'task_type': 'regular', 'locomotive': 22588, 'train_section': 23829, 'section': 22275, 'departure_time': 1536930300, 'arrival_time': 1536937380}
1096	{'task_type': 'regular', 'locomotive': 22588, 'train_section': 26478, 'section': 22281, 'departure_time': 1536938040, 'arrival_time': 1536943200}
1097	{'task_type': 'regular', 'locomotive': 22588, 'train_section': 27337, 'section': 22351, 'departure_time': 1536943680, 'arrival_time': 1536948840}
1098	{'task_type': 'deadhead', 'locomotive': 22588, 'first_train_section': 27337, 'first_section': 22351, 'first_departure_time': 1536943680, 'first_arrival_time': 1536948840, 'second_train_section': 26407, 'second_section': 22356, 'second_departure_time': 1536956160, 'second_arrival_time': 1536964200}
1099	{'task_type': 'regular', 'locomotive': 22588, 'train_section': 26407, 'section': 22356, 'departure_time': 1536956160, 'arrival_time': 1536964200}
1100	{'task_type': 'deadhead', 'locomotive': 22588, 'first_train_section': 26407, 'first_section': 22356, 'first_departure_time': 1536956160, 'first_arrival_time': 1536964200, 'second_train_section': 28228, 'second_section': 22505, 'second_departure_time': 1536973500, 'second_arrival_time': 1536978420}
1101	{'task_type': 'regular', 'locomotive': 22588, 'train_section': 28228, 'section': 22505, 'departure_time': 1536973500, 'arrival_time': 1536978420}
1102	{'task_type': 'deadhead', 'locomotive': 22588, 'first_train_section': 28228, 'first_section': 22505, 'first_departure_time': 1536973500, 'first_arrival_time': 1536978420, 'second_train_section': 24677, 'second_section': 22350, 'second_departure_time': 1536987840, 'second_arrival_time': 1536991500}
1103	{'task_type': 'regular', 'locomotive': 22588, 'train_section': 24677, 'section': 22350, 'departure_time': 1536987840, 'arrival_time': 1536991500}
1104	{'task_type': 'deadhead', 'locomotive': 22588, 'first_train_section': 24677, 'first_section': 22350, 'first_departure_time': 1536987840, 'first_arrival_time': 1536991500, 'second_train_section': 23925, 'second_section': 22327, 'second_departure_time': 1537009680, 'second_arrival_time': 1537016040}
1105	{'task_type': 'regular', 'locomotive': 22588, 'train_section': 23925, 'section': 22327, 'departure_time': 1537009680, 'arrival_time': 1537016040}
1106	{'task_type': 'deadhead', 'locomotive': 22588, 'first_train_section': 23925, 'first_section': 22327, 'first_departure_time': 1537009680, 'first_arrival_time': 1537016040, 'second_train_section': 28265, 'second_section': 22344, 'second_departure_time': 1537120980, 'second_arrival_time': 1537122000}
1107	{'task_type': 'regular', 'locomotive': 22588, 'train_section': 28265, 'section': 22344, 'departure_time': 1537120980, 'arrival_time': 1537122000}
1108	{'task_type': 'regular', 'locomotive': 22589, 'train_section': 28925, 'section': 22338, 'departure_time': 1536675840, 'arrival_time': 1536687960}
1109	{'task_type': 'deadhead', 'locomotive': 22589, 'first_train_section': 28925, 'first_section': 22338, 'first_departure_time': 1536675840, 'first_arrival_time': 1536687960, 'second_train_section': 23877, 'second_section': 22431, 'second_departure_time': 1536692640, 'second_arrival_time': 1536696480}
1110	{'task_type': 'regular', 'locomotive': 22589, 'train_section': 23877, 'section': 22431, 'departure_time': 1536692640, 'arrival_time': 1536696480}
1111	{'task_type': 'regular', 'locomotive': 22589, 'train_section': 23516, 'section': 22496, 'departure_time': 1536697620, 'arrival_time': 1536702720}
1112	{'task_type': 'deadhead', 'locomotive': 22589, 'first_train_section': 23516, 'first_section': 22496, 'first_departure_time': 1536697620, 'first_arrival_time': 1536702720, 'second_train_section': 24587, 'second_section': 22425, 'second_departure_time': 1536703500, 'second_arrival_time': 1536705060}
1113	{'task_type': 'regular', 'locomotive': 22589, 'train_section': 24587, 'section': 22425, 'departure_time': 1536703500, 'arrival_time': 1536705060}
1114	{'task_type': 'deadhead', 'locomotive': 22589, 'first_train_section': 24587, 'first_section': 22425, 'first_departure_time': 1536703500, 'first_arrival_time': 1536705060, 'second_train_section': 27088, 'second_section': 22308, 'second_departure_time': 1536714000, 'second_arrival_time': 1536716760}
1115	{'task_type': 'regular', 'locomotive': 22589, 'train_section': 27088, 'section': 22308, 'departure_time': 1536714000, 'arrival_time': 1536716760}
1116	{'task_type': 'regular', 'locomotive': 22589, 'train_section': 24916, 'section': 22495, 'departure_time': 1536718080, 'arrival_time': 1536721020}
1117	{'task_type': 'deadhead', 'locomotive': 22589, 'first_train_section': 24916, 'first_section': 22495, 'first_departure_time': 1536718080, 'first_arrival_time': 1536721020, 'second_train_section': 24408, 'second_section': 22429, 'second_departure_time': 1536728520, 'second_arrival_time': 1536730680}
1118	{'task_type': 'regular', 'locomotive': 22589, 'train_section': 24408, 'section': 22429, 'departure_time': 1536728520, 'arrival_time': 1536730680}
1119	{'task_type': 'deadhead', 'locomotive': 22589, 'first_train_section': 24408, 'first_section': 22429, 'first_departure_time': 1536728520, 'first_arrival_time': 1536730680, 'second_train_section': 24187, 'second_section': 22427, 'second_departure_time': 1536739380, 'second_arrival_time': 1536742200}
1120	{'task_type': 'regular', 'locomotive': 22589, 'train_section': 24187, 'section': 22427, 'departure_time': 1536739380, 'arrival_time': 1536742200}
1121	{'task_type': 'deadhead', 'locomotive': 22589, 'first_train_section': 24187, 'first_section': 22427, 'first_departure_time': 1536739380, 'first_arrival_time': 1536742200, 'second_train_section': 26793, 'second_section': 22499, 'second_departure_time': 1536752700, 'second_arrival_time': 1536757860}
1122	{'task_type': 'regular', 'locomotive': 22589, 'train_section': 26793, 'section': 22499, 'departure_time': 1536752700, 'arrival_time': 1536757860}
1123	{'task_type': 'deadhead', 'locomotive': 22589, 'first_train_section': 26793, 'first_section': 22499, 'first_departure_time': 1536752700, 'first_arrival_time': 1536757860, 'second_train_section': 25347, 'second_section': 22472, 'second_departure_time': 1536765180, 'second_arrival_time': 1536770340}
1124	{'task_type': 'regular', 'locomotive': 22589, 'train_section': 25347, 'section': 22472, 'departure_time': 1536765180, 'arrival_time': 1536770340}
1125	{'task_type': 'deadhead', 'locomotive': 22589, 'first_train_section': 25347, 'first_section': 22472, 'first_departure_time': 1536765180, 'first_arrival_time': 1536770340, 'second_train_section': 24513, 'second_section': 22289, 'second_departure_time': 1536780960, 'second_arrival_time': 1536788700}
1126	{'task_type': 'regular', 'locomotive': 22589, 'train_section': 24513, 'section': 22289, 'departure_time': 1536780960, 'arrival_time': 1536788700}
1127	{'task_type': 'deadhead', 'locomotive': 22589, 'first_train_section': 24513, 'first_section': 22289, 'first_departure_time': 1536780960, 'first_arrival_time': 1536788700, 'second_train_section': 24646, 'second_section': 22330, 'second_departure_time': 1536795600, 'second_arrival_time': 1536803820}
1128	{'task_type': 'regular', 'locomotive': 22589, 'train_section': 24646, 'section': 22330, 'departure_time': 1536795600, 'arrival_time': 1536803820}
1129	{'task_type': 'deadhead', 'locomotive': 22589, 'first_train_section': 24646, 'first_section': 22330, 'first_departure_time': 1536795600, 'first_arrival_time': 1536803820, 'second_train_section': 24624, 'second_section': 22403, 'second_departure_time': 1536810060, 'second_arrival_time': 1536812460}
1130	{'task_type': 'regular', 'locomotive': 22589, 'train_section': 24624, 'section': 22403, 'departure_time': 1536810060, 'arrival_time': 1536812460}
1131	{'task_type': 'deadhead', 'locomotive': 22589, 'first_train_section': 24624, 'first_section': 22403, 'first_departure_time': 1536810060, 'first_arrival_time': 1536812460, 'second_train_section': 28298, 'second_section': 22401, 'second_departure_time': 1536815340, 'second_arrival_time': 1536816660}
1132	{'task_type': 'regular', 'locomotive': 22589, 'train_section': 28298, 'section': 22401, 'departure_time': 1536815340, 'arrival_time': 1536816660}
1133	{'task_type': 'regular', 'locomotive': 22589, 'train_section': 26326, 'section': 22465, 'departure_time': 1536817260, 'arrival_time': 1536818460}
1134	{'task_type': 'deadhead', 'locomotive': 22589, 'first_train_section': 26326, 'first_section': 22465, 'first_departure_time': 1536817260, 'first_arrival_time': 1536818460, 'second_train_section': 23899, 'second_section': 22249, 'second_departure_time': 1536831360, 'second_arrival_time': 1536838800}
1135	{'task_type': 'regular', 'locomotive': 22589, 'train_section': 23899, 'section': 22249, 'departure_time': 1536831360, 'arrival_time': 1536838800}
1136	{'task_type': 'regular', 'locomotive': 22589, 'train_section': 28125, 'section': 22508, 'departure_time': 1536842940, 'arrival_time': 1536846300}
1137	{'task_type': 'deadhead', 'locomotive': 22589, 'first_train_section': 28125, 'first_section': 22508, 'first_departure_time': 1536842940, 'first_arrival_time': 1536846300, 'second_train_section': 23974, 'second_section': 22500, 'second_departure_time': 1536853080, 'second_arrival_time': 1536856200}
1138	{'task_type': 'regular', 'locomotive': 22589, 'train_section': 23974, 'section': 22500, 'departure_time': 1536853080, 'arrival_time': 1536856200}
1139	{'task_type': 'regular', 'locomotive': 22589, 'train_section': 26801, 'section': 22360, 'departure_time': 1536857280, 'arrival_time': 1536868920}
1140	{'task_type': 'deadhead', 'locomotive': 22589, 'first_train_section': 26801, 'first_section': 22360, 'first_departure_time': 1536857280, 'first_arrival_time': 1536868920, 'second_train_section': 26965, 'second_section': 22495, 'second_departure_time': 1536873780, 'second_arrival_time': 1536876720}
1141	{'task_type': 'regular', 'locomotive': 22589, 'train_section': 26965, 'section': 22495, 'departure_time': 1536873780, 'arrival_time': 1536876720}
1142	{'task_type': 'regular', 'locomotive': 22589, 'train_section': 24498, 'section': 22308, 'departure_time': 1536877320, 'arrival_time': 1536880020}
1143	{'task_type': 'deadhead', 'locomotive': 22589, 'first_train_section': 24498, 'first_section': 22308, 'first_departure_time': 1536877320, 'first_arrival_time': 1536880020, 'second_train_section': 26182, 'second_section': 22361, 'second_departure_time': 1536892260, 'second_arrival_time': 1536895260}
1144	{'task_type': 'regular', 'locomotive': 22589, 'train_section': 26182, 'section': 22361, 'departure_time': 1536892260, 'arrival_time': 1536895260}
1145	{'task_type': 'deadhead', 'locomotive': 22589, 'first_train_section': 26182, 'first_section': 22361, 'first_departure_time': 1536892260, 'first_arrival_time': 1536895260, 'second_train_section': 28449, 'second_section': 22312, 'second_departure_time': 1536906600, 'second_arrival_time': 1536907680}
1146	{'task_type': 'regular', 'locomotive': 22589, 'train_section': 28449, 'section': 22312, 'departure_time': 1536906600, 'arrival_time': 1536907680}
1147	{'task_type': 'deadhead', 'locomotive': 22589, 'first_train_section': 28449, 'first_section': 22312, 'first_departure_time': 1536906600, 'first_arrival_time': 1536907680, 'second_train_section': 23659, 'second_section': 22349, 'second_departure_time': 1536913920, 'second_arrival_time': 1536919500}
1148	{'task_type': 'regular', 'locomotive': 22589, 'train_section': 23659, 'section': 22349, 'departure_time': 1536913920, 'arrival_time': 1536919500}
1149	{'task_type': 'deadhead', 'locomotive': 22589, 'first_train_section': 23659, 'first_section': 22349, 'first_departure_time': 1536913920, 'first_arrival_time': 1536919500, 'second_train_section': 26745, 'second_section': 22308, 'second_departure_time': 1536934800, 'second_arrival_time': 1536937620}
1150	{'task_type': 'regular', 'locomotive': 22589, 'train_section': 26745, 'section': 22308, 'departure_time': 1536934800, 'arrival_time': 1536937620}
1151	{'task_type': 'regular', 'locomotive': 22589, 'train_section': 26747, 'section': 22496, 'departure_time': 1536939480, 'arrival_time': 1536944400}
1152	{'task_type': 'deadhead', 'locomotive': 22589, 'first_train_section': 26747, 'first_section': 22496, 'first_departure_time': 1536939480, 'first_arrival_time': 1536944400, 'second_train_section': 24275, 'second_section': 22416, 'second_departure_time': 1536947640, 'second_arrival_time': 1536951300}
1153	{'task_type': 'regular', 'locomotive': 22589, 'train_section': 24275, 'section': 22416, 'departure_time': 1536947640, 'arrival_time': 1536951300}
1154	{'task_type': 'regular', 'locomotive': 22589, 'train_section': 25144, 'section': 22378, 'departure_time': 1536951900, 'arrival_time': 1536955560}
1155	{'task_type': 'deadhead', 'locomotive': 22589, 'first_train_section': 25144, 'first_section': 22378, 'first_departure_time': 1536951900, 'first_arrival_time': 1536955560, 'second_train_section': 23168, 'second_section': 22427, 'second_departure_time': 1536961740, 'second_arrival_time': 1536964680}
1156	{'task_type': 'regular', 'locomotive': 22589, 'train_section': 23168, 'section': 22427, 'departure_time': 1536961740, 'arrival_time': 1536964680}
1157	{'task_type': 'deadhead', 'locomotive': 22589, 'first_train_section': 23168, 'first_section': 22427, 'first_departure_time': 1536961740, 'first_arrival_time': 1536964680, 'second_train_section': 25290, 'second_section': 22416, 'second_departure_time': 1536981840, 'second_arrival_time': 1536985500}
1158	{'task_type': 'regular', 'locomotive': 22589, 'train_section': 25290, 'section': 22416, 'departure_time': 1536981840, 'arrival_time': 1536985500}
1159	{'task_type': 'deadhead', 'locomotive': 22589, 'first_train_section': 25290, 'first_section': 22416, 'first_departure_time': 1536981840, 'first_arrival_time': 1536985500, 'second_train_section': 26439, 'second_section': 22455, 'second_departure_time': 1536991080, 'second_arrival_time': 1537002480}
1160	{'task_type': 'regular', 'locomotive': 22589, 'train_section': 26439, 'section': 22455, 'departure_time': 1536991080, 'arrival_time': 1537002480}
1161	{'task_type': 'regular', 'locomotive': 22589, 'train_section': 24486, 'section': 22356, 'departure_time': 1537003680, 'arrival_time': 1537010940}
1162	{'task_type': 'regular', 'locomotive': 22590, 'train_section': 24831, 'section': 22427, 'departure_time': 1536641880, 'arrival_time': 1536645540}
1163	{'task_type': 'deadhead', 'locomotive': 22590, 'first_train_section': 24831, 'first_section': 22427, 'first_departure_time': 1536641880, 'first_arrival_time': 1536645540, 'second_train_section': 26335, 'second_section': 22496, 'second_departure_time': 1536651660, 'second_arrival_time': 1536656460}
1164	{'task_type': 'regular', 'locomotive': 22590, 'train_section': 26335, 'section': 22496, 'departure_time': 1536651660, 'arrival_time': 1536656460}
1165	{'task_type': 'deadhead', 'locomotive': 22590, 'first_train_section': 26335, 'first_section': 22496, 'first_departure_time': 1536651660, 'first_arrival_time': 1536656460, 'second_train_section': 25434, 'second_section': 22416, 'second_departure_time': 1536665040, 'second_arrival_time': 1536668700}
1166	{'task_type': 'regular', 'locomotive': 22590, 'train_section': 25434, 'section': 22416, 'departure_time': 1536665040, 'arrival_time': 1536668700}
1167	{'task_type': 'deadhead', 'locomotive': 22590, 'first_train_section': 25434, 'first_section': 22416, 'first_departure_time': 1536665040, 'first_arrival_time': 1536668700, 'second_train_section': 26111, 'second_section': 22454, 'second_departure_time': 1536679500, 'second_arrival_time': 1536685320}
1168	{'task_type': 'regular', 'locomotive': 22590, 'train_section': 26111, 'section': 22454, 'departure_time': 1536679500, 'arrival_time': 1536685320}
1169	{'task_type': 'deadhead', 'locomotive': 22590, 'first_train_section': 26111, 'first_section': 22454, 'first_departure_time': 1536679500, 'first_arrival_time': 1536685320, 'second_train_section': 27543, 'second_section': 22495, 'second_departure_time': 1536688380, 'second_arrival_time': 1536691260}
1170	{'task_type': 'regular', 'locomotive': 22590, 'train_section': 27543, 'section': 22495, 'departure_time': 1536688380, 'arrival_time': 1536691260}
1171	{'task_type': 'deadhead', 'locomotive': 22590, 'first_train_section': 27543, 'first_section': 22495, 'first_departure_time': 1536688380, 'first_arrival_time': 1536691260, 'second_train_section': 26236, 'second_section': 22479, 'second_departure_time': 1536695460, 'second_arrival_time': 1536697320}
1172	{'task_type': 'regular', 'locomotive': 22590, 'train_section': 26236, 'section': 22479, 'departure_time': 1536695460, 'arrival_time': 1536697320}
1173	{'task_type': 'regular', 'locomotive': 22590, 'train_section': 25406, 'section': 22259, 'departure_time': 1536700500, 'arrival_time': 1536700920}
1174	{'task_type': 'deadhead', 'locomotive': 22590, 'first_train_section': 25406, 'first_section': 22259, 'first_departure_time': 1536700500, 'first_arrival_time': 1536700920, 'second_train_section': 26027, 'second_section': 22496, 'second_departure_time': 1536708060, 'second_arrival_time': 1536711960}
1175	{'task_type': 'regular', 'locomotive': 22590, 'train_section': 26027, 'section': 22496, 'departure_time': 1536708060, 'arrival_time': 1536711960}
1176	{'task_type': 'deadhead', 'locomotive': 22590, 'first_train_section': 26027, 'first_section': 22496, 'first_departure_time': 1536708060, 'first_arrival_time': 1536711960, 'second_train_section': 27035, 'second_section': 22303, 'second_departure_time': 1536722640, 'second_arrival_time': 1536728520}
1177	{'task_type': 'regular', 'locomotive': 22590, 'train_section': 27035, 'section': 22303, 'departure_time': 1536722640, 'arrival_time': 1536728520}
1178	{'task_type': 'regular', 'locomotive': 22590, 'train_section': 28459, 'section': 22456, 'departure_time': 1536730500, 'arrival_time': 1536732000}
1179	{'task_type': 'deadhead', 'locomotive': 22590, 'first_train_section': 28980, 'first_section': 22417, 'first_departure_time': 1536732000, 'first_arrival_time': 1536759000, 'second_train_section': 26754, 'second_section': 22496, 'second_departure_time': 1536766680, 'second_arrival_time': 1536771600}
1180	{'task_type': 'regular', 'locomotive': 22590, 'train_section': 26754, 'section': 22496, 'departure_time': 1536766680, 'arrival_time': 1536771600}
1181	{'task_type': 'deadhead', 'locomotive': 22590, 'first_train_section': 26754, 'first_section': 22496, 'first_departure_time': 1536766680, 'first_arrival_time': 1536771600, 'second_train_section': 25872, 'second_section': 22496, 'second_departure_time': 1536780540, 'second_arrival_time': 1536784860}
1182	{'task_type': 'regular', 'locomotive': 22590, 'train_section': 25872, 'section': 22496, 'departure_time': 1536780540, 'arrival_time': 1536784860}
1183	{'task_type': 'deadhead', 'locomotive': 22590, 'first_train_section': 25872, 'first_section': 22496, 'first_departure_time': 1536780540, 'first_arrival_time': 1536784860, 'second_train_section': 23006, 'second_section': 22385, 'second_departure_time': 1536786540, 'second_arrival_time': 1536787440}
1184	{'task_type': 'regular', 'locomotive': 22590, 'train_section': 23006, 'section': 22385, 'departure_time': 1536786540, 'arrival_time': 1536787440}
1185	{'task_type': 'deadhead', 'locomotive': 22590, 'first_train_section': 23496, 'first_section': 22417, 'first_departure_time': 1536789600, 'first_arrival_time': 1536807240, 'second_train_section': 28313, 'second_section': 22251, 'second_departure_time': 1536812940, 'second_arrival_time': 1536816660}
1186	{'task_type': 'regular', 'locomotive': 22590, 'train_section': 28313, 'section': 22251, 'departure_time': 1536812940, 'arrival_time': 1536816660}
1187	{'task_type': 'deadhead', 'locomotive': 22590, 'first_train_section': 28313, 'first_section': 22251, 'first_departure_time': 1536812940, 'first_arrival_time': 1536816660, 'second_train_section': 25578, 'second_section': 22416, 'second_departure_time': 1536818040, 'second_arrival_time': 1536821700}
1188	{'task_type': 'regular', 'locomotive': 22590, 'train_section': 25578, 'section': 22416, 'departure_time': 1536818040, 'arrival_time': 1536821700}
1189	{'task_type': 'regular', 'locomotive': 22590, 'train_section': 23859, 'section': 22378, 'departure_time': 1536822300, 'arrival_time': 1536825960}
1190	{'task_type': 'deadhead', 'locomotive': 22590, 'first_train_section': 23859, 'first_section': 22378, 'first_departure_time': 1536822300, 'first_arrival_time': 1536825960, 'second_train_section': 25326, 'second_section': 22496, 'second_departure_time': 1536832680, 'second_arrival_time': 1536837660}
1191	{'task_type': 'regular', 'locomotive': 22590, 'train_section': 25326, 'section': 22496, 'departure_time': 1536832680, 'arrival_time': 1536837660}
1192	{'task_type': 'deadhead', 'locomotive': 22590, 'first_train_section': 25326, 'first_section': 22496, 'first_departure_time': 1536832680, 'first_arrival_time': 1536837660, 'second_train_section': 25032, 'second_section': 22308, 'second_departure_time': 1536848400, 'second_arrival_time': 1536851220}
1193	{'task_type': 'regular', 'locomotive': 22590, 'train_section': 25032, 'section': 22308, 'departure_time': 1536848400, 'arrival_time': 1536851220}
1194	{'task_type': 'deadhead', 'locomotive': 22590, 'first_train_section': 25032, 'first_section': 22308, 'first_departure_time': 1536848400, 'first_arrival_time': 1536851220, 'second_train_section': 26338, 'second_section': 22483, 'second_departure_time': 1536858840, 'second_arrival_time': 1536861960}
1195	{'task_type': 'regular', 'locomotive': 22590, 'train_section': 26338, 'section': 22483, 'departure_time': 1536858840, 'arrival_time': 1536861960}
1196	{'task_type': 'deadhead', 'locomotive': 22590, 'first_train_section': 23203, 'first_section': 22502, 'first_departure_time': 1536876060, 'first_arrival_time': 1536900300, 'second_train_section': 28386, 'second_section': 22508, 'second_departure_time': 1536903180, 'second_arrival_time': 1536906120}
1197	{'task_type': 'regular', 'locomotive': 22590, 'train_section': 28386, 'section': 22508, 'departure_time': 1536903180, 'arrival_time': 1536906120}
1198	{'task_type': 'deadhead', 'locomotive': 22590, 'first_train_section': 28386, 'first_section': 22508, 'first_departure_time': 1536903180, 'first_arrival_time': 1536906120, 'second_train_section': 28093, 'second_section': 22258, 'second_departure_time': 1536907860, 'second_arrival_time': 1536910260}
1199	{'task_type': 'regular', 'locomotive': 22590, 'train_section': 28093, 'section': 22258, 'departure_time': 1536907860, 'arrival_time': 1536910260}
1200	{'task_type': 'deadhead', 'locomotive': 22590, 'first_train_section': 28093, 'first_section': 22258, 'first_departure_time': 1536907860, 'first_arrival_time': 1536910260, 'second_train_section': 28278, 'second_section': 22479, 'second_departure_time': 1536911340, 'second_arrival_time': 1536912960}
1201	{'task_type': 'regular', 'locomotive': 22590, 'train_section': 28278, 'section': 22479, 'departure_time': 1536911340, 'arrival_time': 1536912960}
1202	{'task_type': 'regular', 'locomotive': 22590, 'train_section': 27864, 'section': 22259, 'departure_time': 1536923400, 'arrival_time': 1536923760}
1203	{'task_type': 'deadhead', 'locomotive': 22590, 'first_train_section': 27864, 'first_section': 22259, 'first_departure_time': 1536923400, 'first_arrival_time': 1536923760, 'second_train_section': 25055, 'second_section': 22261, 'second_departure_time': 1536925080, 'second_arrival_time': 1536926820}
1204	{'task_type': 'regular', 'locomotive': 22590, 'train_section': 25055, 'section': 22261, 'departure_time': 1536925080, 'arrival_time': 1536926820}
1205	{'task_type': 'deadhead', 'locomotive': 22590, 'first_train_section': 25055, 'first_section': 22261, 'first_departure_time': 1536925080, 'first_arrival_time': 1536926820, 'second_train_section': 24290, 'second_section': 22500, 'second_departure_time': 1536932280, 'second_arrival_time': 1536935400}
1206	{'task_type': 'regular', 'locomotive': 22590, 'train_section': 24290, 'section': 22500, 'departure_time': 1536932280, 'arrival_time': 1536935400}
1207	{'task_type': 'regular', 'locomotive': 22590, 'train_section': 27553, 'section': 22361, 'departure_time': 1536935940, 'arrival_time': 1536938940}
1208	{'task_type': 'regular', 'locomotive': 22590, 'train_section': 26790, 'section': 22500, 'departure_time': 1536939480, 'arrival_time': 1536942600}
1209	{'task_type': 'deadhead', 'locomotive': 22590, 'first_train_section': 26790, 'first_section': 22500, 'first_departure_time': 1536939480, 'first_arrival_time': 1536942600, 'second_train_section': 27877, 'second_section': 22308, 'second_departure_time': 1536953100, 'second_arrival_time': 1536955860}
1210	{'task_type': 'regular', 'locomotive': 22590, 'train_section': 27877, 'section': 22308, 'departure_time': 1536953100, 'arrival_time': 1536955860}
1211	{'task_type': 'deadhead', 'locomotive': 22590, 'first_train_section': 27925, 'first_section': 22302, 'first_departure_time': 1536962460, 'first_arrival_time': 1537048740, 'second_train_section': 22840, 'second_section': 22336, 'second_departure_time': 1537064580, 'second_arrival_time': 1537070700}
1212	{'task_type': 'regular', 'locomotive': 22590, 'train_section': 22840, 'section': 22336, 'departure_time': 1537064580, 'arrival_time': 1537070700}
1213	{'task_type': 'deadhead', 'locomotive': 22590, 'first_train_section': 22840, 'first_section': 22336, 'first_departure_time': 1537064580, 'first_arrival_time': 1537070700, 'second_train_section': 23758, 'second_section': 22320, 'second_departure_time': 1537081500, 'second_arrival_time': 1537087860}
1214	{'task_type': 'regular', 'locomotive': 22590, 'train_section': 23758, 'section': 22320, 'departure_time': 1537081500, 'arrival_time': 1537087860}
1215	{'task_type': 'deadhead', 'locomotive': 22590, 'first_train_section': 23758, 'first_section': 22320, 'first_departure_time': 1537081500, 'first_arrival_time': 1537087860, 'second_train_section': 29049, 'second_section': 22434, 'second_departure_time': 1537119360, 'second_arrival_time': 1537124640}
1216	{'task_type': 'regular', 'locomotive': 22590, 'train_section': 29049, 'section': 22434, 'departure_time': 1537119360, 'arrival_time': 1537124640}
1217	{'task_type': 'deadhead', 'locomotive': 22590, 'first_train_section': 29049, 'first_section': 22434, 'first_departure_time': 1537119360, 'first_arrival_time': 1537124640, 'second_train_section': 29053, 'second_section': 22305, 'second_departure_time': 1537128900, 'second_arrival_time': 1537133940}
1218	{'task_type': 'regular', 'locomotive': 22590, 'train_section': 29053, 'section': 22305, 'departure_time': 1537128900, 'arrival_time': 1537133940}
1219	{'task_type': 'regular', 'locomotive': 22591, 'train_section': 24818, 'section': 22512, 'departure_time': 1536640140, 'arrival_time': 1536643500}
1220	{'task_type': 'regular', 'locomotive': 22591, 'train_section': 24507, 'section': 22456, 'departure_time': 1536644100, 'arrival_time': 1536645600}
1221	{'task_type': 'regular', 'locomotive': 22591, 'train_section': 23835, 'section': 22416, 'departure_time': 1536661440, 'arrival_time': 1536665100}
1222	{'task_type': 'regular', 'locomotive': 22591, 'train_section': 23470, 'section': 22378, 'departure_time': 1536669300, 'arrival_time': 1536672960}
1223	{'task_type': 'deadhead', 'locomotive': 22591, 'first_train_section': 23470, 'first_section': 22378, 'first_departure_time': 1536669300, 'first_arrival_time': 1536672960, 'second_train_section': 25260, 'second_section': 22459, 'second_departure_time': 1536675480, 'second_arrival_time': 1536678960}
1224	{'task_type': 'regular', 'locomotive': 22591, 'train_section': 25260, 'section': 22459, 'departure_time': 1536675480, 'arrival_time': 1536678960}
1225	{'task_type': 'deadhead', 'locomotive': 22591, 'first_train_section': 24389, 'first_section': 22473, 'first_departure_time': 1536703260, 'first_arrival_time': 1536722400, 'second_train_section': 23222, 'second_section': 22512, 'second_departure_time': 1536726540, 'second_arrival_time': 1536729900}
1226	{'task_type': 'regular', 'locomotive': 22591, 'train_section': 23222, 'section': 22512, 'departure_time': 1536726540, 'arrival_time': 1536729900}
1227	{'task_type': 'deadhead', 'locomotive': 22591, 'first_train_section': 23222, 'first_section': 22512, 'first_departure_time': 1536726540, 'first_arrival_time': 1536729900, 'second_train_section': 24783, 'second_section': 22416, 'second_departure_time': 1536731640, 'second_arrival_time': 1536735300}
1228	{'task_type': 'regular', 'locomotive': 22591, 'train_section': 24783, 'section': 22416, 'departure_time': 1536731640, 'arrival_time': 1536735300}
1229	{'task_type': 'deadhead', 'locomotive': 22591, 'first_train_section': 24783, 'first_section': 22416, 'first_departure_time': 1536731640, 'first_arrival_time': 1536735300, 'second_train_section': 28620, 'second_section': 22496, 'second_departure_time': 1536746280, 'second_arrival_time': 1536751260}
1230	{'task_type': 'regular', 'locomotive': 22591, 'train_section': 28620, 'section': 22496, 'departure_time': 1536746280, 'arrival_time': 1536751260}
1231	{'task_type': 'deadhead', 'locomotive': 22591, 'first_train_section': 28620, 'first_section': 22496, 'first_departure_time': 1536746280, 'first_arrival_time': 1536751260, 'second_train_section': 25068, 'second_section': 22378, 'second_departure_time': 1536757500, 'second_arrival_time': 1536761160}
1232	{'task_type': 'regular', 'locomotive': 22591, 'train_section': 25068, 'section': 22378, 'departure_time': 1536757500, 'arrival_time': 1536761160}
1233	{'task_type': 'deadhead', 'locomotive': 22591, 'first_train_section': 25068, 'first_section': 22378, 'first_departure_time': 1536757500, 'first_arrival_time': 1536761160, 'second_train_section': 24305, 'second_section': 22496, 'second_departure_time': 1536767640, 'second_arrival_time': 1536771480}
1234	{'task_type': 'regular', 'locomotive': 22591, 'train_section': 24305, 'section': 22496, 'departure_time': 1536767640, 'arrival_time': 1536771480}
1235	{'task_type': 'deadhead', 'locomotive': 22591, 'first_train_section': 24305, 'first_section': 22496, 'first_departure_time': 1536767640, 'first_arrival_time': 1536771480, 'second_train_section': 28639, 'second_section': 22386, 'second_departure_time': 1536780120, 'second_arrival_time': 1536785160}
1236	{'task_type': 'regular', 'locomotive': 22591, 'train_section': 28639, 'section': 22386, 'departure_time': 1536780120, 'arrival_time': 1536785160}
1237	{'task_type': 'deadhead', 'locomotive': 22591, 'first_train_section': 28639, 'first_section': 22386, 'first_departure_time': 1536780120, 'first_arrival_time': 1536785160, 'second_train_section': 27632, 'second_section': 22304, 'second_departure_time': 1536787920, 'second_arrival_time': 1536792480}
1238	{'task_type': 'regular', 'locomotive': 22591, 'train_section': 27632, 'section': 22304, 'departure_time': 1536787920, 'arrival_time': 1536792480}
1239	{'task_type': 'regular', 'locomotive': 22591, 'train_section': 22927, 'section': 22247, 'departure_time': 1536793980, 'arrival_time': 1536803340}
1240	{'task_type': 'deadhead', 'locomotive': 22591, 'first_train_section': 22927, 'first_section': 22247, 'first_departure_time': 1536793980, 'first_arrival_time': 1536803340, 'second_train_section': 28750, 'second_section': 22404, 'second_departure_time': 1536805260, 'second_arrival_time': 1536814500}
1241	{'task_type': 'regular', 'locomotive': 22591, 'train_section': 28750, 'section': 22404, 'departure_time': 1536805260, 'arrival_time': 1536814500}
1242	{'task_type': 'deadhead', 'locomotive': 22591, 'first_train_section': 28750, 'first_section': 22404, 'first_departure_time': 1536805260, 'first_arrival_time': 1536814500, 'second_train_section': 27713, 'second_section': 22258, 'second_departure_time': 1536821460, 'second_arrival_time': 1536823860}
1243	{'task_type': 'regular', 'locomotive': 22591, 'train_section': 27713, 'section': 22258, 'departure_time': 1536821460, 'arrival_time': 1536823860}
1244	{'task_type': 'deadhead', 'locomotive': 22591, 'first_train_section': 27713, 'first_section': 22258, 'first_departure_time': 1536821460, 'first_arrival_time': 1536823860, 'second_train_section': 23946, 'second_section': 22479, 'second_departure_time': 1536824940, 'second_arrival_time': 1536826560}
1245	{'task_type': 'regular', 'locomotive': 22591, 'train_section': 23946, 'section': 22479, 'departure_time': 1536824940, 'arrival_time': 1536826560}
1246	{'task_type': 'deadhead', 'locomotive': 22591, 'first_train_section': 23946, 'first_section': 22479, 'first_departure_time': 1536824940, 'first_arrival_time': 1536826560, 'second_train_section': 28293, 'second_section': 22282, 'second_departure_time': 1536840240, 'second_arrival_time': 1536845640}
1247	{'task_type': 'regular', 'locomotive': 22591, 'train_section': 28293, 'section': 22282, 'departure_time': 1536840240, 'arrival_time': 1536845640}
1248	{'task_type': 'deadhead', 'locomotive': 22591, 'first_train_section': 28293, 'first_section': 22282, 'first_departure_time': 1536840240, 'first_arrival_time': 1536845640, 'second_train_section': 28937, 'second_section': 22281, 'second_departure_time': 1536851640, 'second_arrival_time': 1536856800}
1249	{'task_type': 'regular', 'locomotive': 22591, 'train_section': 28937, 'section': 22281, 'departure_time': 1536851640, 'arrival_time': 1536856800}
1250	{'task_type': 'regular', 'locomotive': 22591, 'train_section': 25782, 'section': 22351, 'departure_time': 1536857280, 'arrival_time': 1536862440}
1251	{'task_type': 'deadhead', 'locomotive': 22591, 'first_train_section': 25782, 'first_section': 22351, 'first_departure_time': 1536857280, 'first_arrival_time': 1536862440, 'second_train_section': 28409, 'second_section': 22261, 'second_departure_time': 1536867900, 'second_arrival_time': 1536869460}
1252	{'task_type': 'regular', 'locomotive': 22591, 'train_section': 28409, 'section': 22261, 'departure_time': 1536867900, 'arrival_time': 1536869460}
1253	{'task_type': 'deadhead', 'locomotive': 22591, 'first_train_section': 28409, 'first_section': 22261, 'first_departure_time': 1536867900, 'first_arrival_time': 1536869460, 'second_train_section': 27013, 'second_section': 22259, 'second_departure_time': 1536872820, 'second_arrival_time': 1536873240}
1254	{'task_type': 'regular', 'locomotive': 22591, 'train_section': 27013, 'section': 22259, 'departure_time': 1536872820, 'arrival_time': 1536873240}
1255	{'task_type': 'regular', 'locomotive': 22591, 'train_section': 23820, 'section': 22266, 'departure_time': 1536873900, 'arrival_time': 1536880440}
1256	{'task_type': 'deadhead', 'locomotive': 22591, 'first_train_section': 23820, 'first_section': 22266, 'first_departure_time': 1536873900, 'first_arrival_time': 1536880440, 'second_train_section': 29028, 'second_section': 22372, 'second_departure_time': 1536890940, 'second_arrival_time': 1536894900}
1257	{'task_type': 'regular', 'locomotive': 22591, 'train_section': 29028, 'section': 22372, 'departure_time': 1536890940, 'arrival_time': 1536894900}
1258	{'task_type': 'deadhead', 'locomotive': 22591, 'first_train_section': 29028, 'first_section': 22372, 'first_departure_time': 1536890940, 'first_arrival_time': 1536894900, 'second_train_section': 26825, 'second_section': 22431, 'second_departure_time': 1536904980, 'second_arrival_time': 1536909660}
1259	{'task_type': 'regular', 'locomotive': 22591, 'train_section': 26825, 'section': 22431, 'departure_time': 1536904980, 'arrival_time': 1536909660}
1260	{'task_type': 'regular', 'locomotive': 22591, 'train_section': 26225, 'section': 22495, 'departure_time': 1536911280, 'arrival_time': 1536914160}
1261	{'task_type': 'deadhead', 'locomotive': 22591, 'first_train_section': 26225, 'first_section': 22495, 'first_departure_time': 1536911280, 'first_arrival_time': 1536914160, 'second_train_section': 26455, 'second_section': 22416, 'second_departure_time': 1536922440, 'second_arrival_time': 1536926100}
1262	{'task_type': 'regular', 'locomotive': 22591, 'train_section': 26455, 'section': 22416, 'departure_time': 1536922440, 'arrival_time': 1536926100}
1263	{'task_type': 'deadhead', 'locomotive': 22591, 'first_train_section': 26455, 'first_section': 22416, 'first_departure_time': 1536922440, 'first_arrival_time': 1536926100, 'second_train_section': 24686, 'second_section': 22338, 'second_departure_time': 1536935040, 'second_arrival_time': 1536947160}
1264	{'task_type': 'regular', 'locomotive': 22591, 'train_section': 24686, 'section': 22338, 'departure_time': 1536935040, 'arrival_time': 1536947160}
1265	{'task_type': 'deadhead', 'locomotive': 22591, 'first_train_section': 24686, 'first_section': 22338, 'first_departure_time': 1536935040, 'first_arrival_time': 1536947160, 'second_train_section': 22677, 'second_section': 22427, 'second_departure_time': 1536950700, 'second_arrival_time': 1536953940}
1266	{'task_type': 'regular', 'locomotive': 22591, 'train_section': 22677, 'section': 22427, 'departure_time': 1536950700, 'arrival_time': 1536953940}
1267	{'task_type': 'deadhead', 'locomotive': 22591, 'first_train_section': 22677, 'first_section': 22427, 'first_departure_time': 1536950700, 'first_arrival_time': 1536953940, 'second_train_section': 22681, 'second_section': 22495, 'second_departure_time': 1536957240, 'second_arrival_time': 1536959940}
1268	{'task_type': 'regular', 'locomotive': 22591, 'train_section': 22681, 'section': 22495, 'departure_time': 1536957240, 'arrival_time': 1536959940}
1269	{'task_type': 'deadhead', 'locomotive': 22591, 'first_train_section': 22681, 'first_section': 22495, 'first_departure_time': 1536957240, 'first_arrival_time': 1536959940, 'second_train_section': 24113, 'second_section': 22495, 'second_departure_time': 1536963900, 'second_arrival_time': 1536966840}
1270	{'task_type': 'regular', 'locomotive': 22591, 'train_section': 24113, 'section': 22495, 'departure_time': 1536963900, 'arrival_time': 1536966840}
1271	{'task_type': 'deadhead', 'locomotive': 22591, 'first_train_section': 24113, 'first_section': 22495, 'first_departure_time': 1536963900, 'first_arrival_time': 1536966840, 'second_train_section': 26446, 'second_section': 22496, 'second_departure_time': 1536976800, 'second_arrival_time': 1536981600}
1272	{'task_type': 'regular', 'locomotive': 22591, 'train_section': 26446, 'section': 22496, 'departure_time': 1536976800, 'arrival_time': 1536981600}
1273	{'task_type': 'deadhead', 'locomotive': 22591, 'first_train_section': 28357, 'first_section': 22300, 'first_departure_time': 1536988980, 'first_arrival_time': 1536992400, 'second_train_section': 26185, 'second_section': 22293, 'second_departure_time': 1537005840, 'second_arrival_time': 1537011300}
1274	{'task_type': 'regular', 'locomotive': 22591, 'train_section': 26185, 'section': 22293, 'departure_time': 1537005840, 'arrival_time': 1537011300}
1275	{'task_type': 'deadhead', 'locomotive': 22591, 'first_train_section': 24566, 'first_section': 22502, 'first_departure_time': 1537048860, 'first_arrival_time': 1537074900, 'second_train_section': 29051, 'second_section': 22495, 'second_departure_time': 1537125300, 'second_arrival_time': 1537128300}
1276	{'task_type': 'regular', 'locomotive': 22591, 'train_section': 29051, 'section': 22495, 'departure_time': 1537125300, 'arrival_time': 1537128300}
1277	{'task_type': 'regular', 'locomotive': 22593, 'train_section': 22740, 'section': 22511, 'departure_time': 1536635760, 'arrival_time': 1536638400}
1278	{'task_type': 'deadhead', 'locomotive': 22593, 'first_train_section': 22740, 'first_section': 22511, 'first_departure_time': 1536635760, 'first_arrival_time': 1536638400, 'second_train_section': 28345, 'second_section': 22355, 'second_departure_time': 1536653160, 'second_arrival_time': 1536655020}
1279	{'task_type': 'regular', 'locomotive': 22593, 'train_section': 28345, 'section': 22355, 'departure_time': 1536653160, 'arrival_time': 1536655020}
1280	{'task_type': 'deadhead', 'locomotive': 22593, 'first_train_section': 28345, 'first_section': 22355, 'first_departure_time': 1536653160, 'first_arrival_time': 1536655020, 'second_train_section': 28946, 'second_section': 22401, 'second_departure_time': 1536665700, 'second_arrival_time': 1536667080}
1281	{'task_type': 'regular', 'locomotive': 22593, 'train_section': 28946, 'section': 22401, 'departure_time': 1536665700, 'arrival_time': 1536667080}
1282	{'task_type': 'regular', 'locomotive': 22594, 'train_section': 24490, 'section': 22279, 'departure_time': 1536663000, 'arrival_time': 1536668580}
1283	{'task_type': 'deadhead', 'locomotive': 22594, 'first_train_section': 28808, 'first_section': 22470, 'first_departure_time': 1536675120, 'first_arrival_time': 1536679020, 'second_train_section': 26289, 'second_section': 22288, 'second_departure_time': 1536684960, 'second_arrival_time': 1536693840}
1284	{'task_type': 'regular', 'locomotive': 22594, 'train_section': 26289, 'section': 22288, 'departure_time': 1536684960, 'arrival_time': 1536693840}
1285	{'task_type': 'deadhead', 'locomotive': 22594, 'first_train_section': 24845, 'first_section': 22411, 'first_departure_time': 1536703200, 'first_arrival_time': 1536722820, 'second_train_section': 24643, 'second_section': 22256, 'second_departure_time': 1536727320, 'second_arrival_time': 1536730260}
1286	{'task_type': 'regular', 'locomotive': 22594, 'train_section': 24643, 'section': 22256, 'departure_time': 1536727320, 'arrival_time': 1536730260}
1287	{'task_type': 'deadhead', 'locomotive': 22594, 'first_train_section': 24643, 'first_section': 22256, 'first_departure_time': 1536727320, 'first_arrival_time': 1536730260, 'second_train_section': 28176, 'second_section': 22288, 'second_departure_time': 1536741720, 'second_arrival_time': 1536748080}
1288	{'task_type': 'regular', 'locomotive': 22594, 'train_section': 28176, 'section': 22288, 'departure_time': 1536741720, 'arrival_time': 1536748080}
1289	{'task_type': 'deadhead', 'locomotive': 22594, 'first_train_section': 28176, 'first_section': 22288, 'first_departure_time': 1536741720, 'first_arrival_time': 1536748080, 'second_train_section': 26051, 'second_section': 22275, 'second_departure_time': 1536757500, 'second_arrival_time': 1536764580}
1290	{'task_type': 'regular', 'locomotive': 22594, 'train_section': 26051, 'section': 22275, 'departure_time': 1536757500, 'arrival_time': 1536764580}
1291	{'task_type': 'regular', 'locomotive': 22594, 'train_section': 24980, 'section': 22281, 'departure_time': 1536765240, 'arrival_time': 1536770400}
1292	{'task_type': 'regular', 'locomotive': 22594, 'train_section': 25349, 'section': 22351, 'departure_time': 1536770880, 'arrival_time': 1536776040}
1293	{'task_type': 'deadhead', 'locomotive': 22594, 'first_train_section': 24977, 'first_section': 22502, 'first_departure_time': 1536789660, 'first_arrival_time': 1536813900, 'second_train_section': 29016, 'second_section': 22507, 'second_departure_time': 1536828360, 'second_arrival_time': 1536831960}
1294	{'task_type': 'regular', 'locomotive': 22594, 'train_section': 29016, 'section': 22507, 'departure_time': 1536828360, 'arrival_time': 1536831960}
1295	{'task_type': 'deadhead', 'locomotive': 22594, 'first_train_section': 29016, 'first_section': 22507, 'first_departure_time': 1536828360, 'first_arrival_time': 1536831960, 'second_train_section': 23609, 'second_section': 22479, 'second_departure_time': 1536844560, 'second_arrival_time': 1536846180}
1296	{'task_type': 'regular', 'locomotive': 22594, 'train_section': 23609, 'section': 22479, 'departure_time': 1536844560, 'arrival_time': 1536846180}
1297	{'task_type': 'deadhead', 'locomotive': 22594, 'first_train_section': 23609, 'first_section': 22479, 'first_departure_time': 1536844560, 'first_arrival_time': 1536846180, 'second_train_section': 23283, 'second_section': 22264, 'second_departure_time': 1536848940, 'second_arrival_time': 1536849360}
1298	{'task_type': 'regular', 'locomotive': 22594, 'train_section': 23283, 'section': 22264, 'departure_time': 1536848940, 'arrival_time': 1536849360}
1299	{'task_type': 'deadhead', 'locomotive': 22594, 'first_train_section': 23283, 'first_section': 22264, 'first_departure_time': 1536848940, 'first_arrival_time': 1536849360, 'second_train_section': 28130, 'second_section': 22343, 'second_departure_time': 1536854700, 'second_arrival_time': 1536864840}
1300	{'task_type': 'regular', 'locomotive': 22594, 'train_section': 28130, 'section': 22343, 'departure_time': 1536854700, 'arrival_time': 1536864840}
1301	{'task_type': 'deadhead', 'locomotive': 22594, 'first_train_section': 27119, 'first_section': 22411, 'first_departure_time': 1536876000, 'first_arrival_time': 1536895620, 'second_train_section': 23656, 'second_section': 22290, 'second_departure_time': 1536905160, 'second_arrival_time': 1536912300}
1302	{'task_type': 'regular', 'locomotive': 22594, 'train_section': 23656, 'section': 22290, 'departure_time': 1536905160, 'arrival_time': 1536912300}
1303	{'task_type': 'regular', 'locomotive': 22594, 'train_section': 28392, 'section': 22343, 'departure_time': 1536921600, 'arrival_time': 1536930120}
1304	{'task_type': 'deadhead', 'locomotive': 22594, 'first_train_section': 28392, 'first_section': 22343, 'first_departure_time': 1536921600, 'first_arrival_time': 1536930120, 'second_train_section': 28727, 'second_section': 22276, 'second_departure_time': 1536937440, 'second_arrival_time': 1536937860}
1305	{'task_type': 'regular', 'locomotive': 22594, 'train_section': 28727, 'section': 22276, 'departure_time': 1536937440, 'arrival_time': 1536937860}
1306	{'task_type': 'regular', 'locomotive': 22594, 'train_section': 27434, 'section': 22342, 'departure_time': 1536938340, 'arrival_time': 1536943620}
1307	{'task_type': 'deadhead', 'locomotive': 22594, 'first_train_section': 27434, 'first_section': 22342, 'first_departure_time': 1536938340, 'first_arrival_time': 1536943620, 'second_train_section': 29009, 'second_section': 22446, 'second_departure_time': 1536945660, 'second_arrival_time': 1536946740}
1308	{'task_type': 'regular', 'locomotive': 22594, 'train_section': 29009, 'section': 22446, 'departure_time': 1536945660, 'arrival_time': 1536946740}
1309	{'task_type': 'deadhead', 'locomotive': 22594, 'first_train_section': 29009, 'first_section': 22446, 'first_departure_time': 1536945660, 'first_arrival_time': 1536946740, 'second_train_section': 25138, 'second_section': 22337, 'second_departure_time': 1536958920, 'second_arrival_time': 1536965580}
1310	{'task_type': 'regular', 'locomotive': 22594, 'train_section': 25138, 'section': 22337, 'departure_time': 1536958920, 'arrival_time': 1536965580}
1311	{'task_type': 'deadhead', 'locomotive': 22594, 'first_train_section': 25138, 'first_section': 22337, 'first_departure_time': 1536958920, 'first_arrival_time': 1536965580, 'second_train_section': 26039, 'second_section': 22372, 'second_departure_time': 1536977340, 'second_arrival_time': 1536981300}
1312	{'task_type': 'regular', 'locomotive': 22594, 'train_section': 26039, 'section': 22372, 'departure_time': 1536977340, 'arrival_time': 1536981300}
1313	{'task_type': 'deadhead', 'locomotive': 22594, 'first_train_section': 26039, 'first_section': 22372, 'first_departure_time': 1536977340, 'first_arrival_time': 1536981300, 'second_train_section': 25979, 'second_section': 22495, 'second_departure_time': 1536997680, 'second_arrival_time': 1537000560}
1314	{'task_type': 'regular', 'locomotive': 22594, 'train_section': 25979, 'section': 22495, 'departure_time': 1536997680, 'arrival_time': 1537000560}
1315	{'task_type': 'regular', 'locomotive': 22594, 'train_section': 23653, 'section': 22306, 'departure_time': 1537001640, 'arrival_time': 1537005300}
1316	{'task_type': 'deadhead', 'locomotive': 22594, 'first_train_section': 23653, 'first_section': 22306, 'first_departure_time': 1537001640, 'first_arrival_time': 1537005300, 'second_train_section': 24248, 'second_section': 22264, 'second_departure_time': 1537006800, 'second_arrival_time': 1537007220}
1317	{'task_type': 'regular', 'locomotive': 22594, 'train_section': 24248, 'section': 22264, 'departure_time': 1537006800, 'arrival_time': 1537007220}
1318	{'task_type': 'deadhead', 'locomotive': 22594, 'first_train_section': 24248, 'first_section': 22264, 'first_departure_time': 1537006800, 'first_arrival_time': 1537007220, 'second_train_section': 24792, 'second_section': 22499, 'second_departure_time': 1537011900, 'second_arrival_time': 1537017060}
1319	{'task_type': 'regular', 'locomotive': 22594, 'train_section': 24792, 'section': 22499, 'departure_time': 1537011900, 'arrival_time': 1537017060}
1320	{'task_type': 'deadhead', 'locomotive': 22594, 'first_train_section': 24792, 'first_section': 22499, 'first_departure_time': 1537011900, 'first_arrival_time': 1537017060, 'second_train_section': 23955, 'second_section': 22249, 'second_departure_time': 1537022880, 'second_arrival_time': 1537028400}
1321	{'task_type': 'regular', 'locomotive': 22594, 'train_section': 23955, 'section': 22249, 'departure_time': 1537022880, 'arrival_time': 1537028400}
1322	{'task_type': 'deadhead', 'locomotive': 22594, 'first_train_section': 23955, 'first_section': 22249, 'first_departure_time': 1537022880, 'first_arrival_time': 1537028400, 'second_train_section': 25772, 'second_section': 22415, 'second_departure_time': 1537038840, 'second_arrival_time': 1537040400}
1323	{'task_type': 'regular', 'locomotive': 22594, 'train_section': 25772, 'section': 22415, 'departure_time': 1537038840, 'arrival_time': 1537040400}
1324	{'task_type': 'regular', 'locomotive': 22595, 'train_section': 26540, 'section': 22426, 'departure_time': 1536636780, 'arrival_time': 1536639000}
1325	{'task_type': 'deadhead', 'locomotive': 22595, 'first_train_section': 23260, 'first_section': 22417, 'first_departure_time': 1536642360, 'first_arrival_time': 1536661440, 'second_train_section': 24483, 'second_section': 22378, 'second_departure_time': 1536667500, 'second_arrival_time': 1536671160}
1326	{'task_type': 'regular', 'locomotive': 22595, 'train_section': 24483, 'section': 22378, 'departure_time': 1536667500, 'arrival_time': 1536671160}
1327	{'task_type': 'deadhead', 'locomotive': 22595, 'first_train_section': 24483, 'first_section': 22378, 'first_departure_time': 1536667500, 'first_arrival_time': 1536671160, 'second_train_section': 27931, 'second_section': 22414, 'second_departure_time': 1536676080, 'second_arrival_time': 1536680460}
1328	{'task_type': 'regular', 'locomotive': 22595, 'train_section': 27931, 'section': 22414, 'departure_time': 1536676080, 'arrival_time': 1536680460}
1329	{'task_type': 'regular', 'locomotive': 22595, 'train_section': 24627, 'section': 22354, 'departure_time': 1536723540, 'arrival_time': 1536728160}
1330	{'task_type': 'deadhead', 'locomotive': 22595, 'first_train_section': 25922, 'first_section': 22417, 'first_departure_time': 1536732360, 'first_arrival_time': 1536744240, 'second_train_section': 23419, 'second_section': 22424, 'second_departure_time': 1536752880, 'second_arrival_time': 1536757740}
1331	{'task_type': 'regular', 'locomotive': 22595, 'train_section': 23419, 'section': 22424, 'departure_time': 1536752880, 'arrival_time': 1536757740}
1332	{'task_type': 'deadhead', 'locomotive': 22595, 'first_train_section': 23419, 'first_section': 22424, 'first_departure_time': 1536752880, 'first_arrival_time': 1536757740, 'second_train_section': 24087, 'second_section': 22378, 'second_departure_time': 1536761100, 'second_arrival_time': 1536764760}
1333	{'task_type': 'regular', 'locomotive': 22595, 'train_section': 24087, 'section': 22378, 'departure_time': 1536761100, 'arrival_time': 1536764760}
1334	{'task_type': 'regular', 'locomotive': 22595, 'train_section': 28366, 'section': 22416, 'departure_time': 1536765840, 'arrival_time': 1536769500}
1335	{'task_type': 'regular', 'locomotive': 22595, 'train_section': 23578, 'section': 22378, 'departure_time': 1536770100, 'arrival_time': 1536773760}
1336	{'task_type': 'deadhead', 'locomotive': 22595, 'first_train_section': 23578, 'first_section': 22378, 'first_departure_time': 1536770100, 'first_arrival_time': 1536773760, 'second_train_section': 25147, 'second_section': 22431, 'second_departure_time': 1536775380, 'second_arrival_time': 1536779340}
1337	{'task_type': 'regular', 'locomotive': 22595, 'train_section': 25147, 'section': 22431, 'departure_time': 1536775380, 'arrival_time': 1536779340}
1338	{'task_type': 'regular', 'locomotive': 22595, 'train_section': 25149, 'section': 22495, 'departure_time': 1536780480, 'arrival_time': 1536783420}
1339	{'task_type': 'regular', 'locomotive': 22595, 'train_section': 25151, 'section': 22307, 'departure_time': 1536784260, 'arrival_time': 1536786300}
1340	{'task_type': 'regular', 'locomotive': 22595, 'train_section': 22924, 'section': 22478, 'departure_time': 1536790860, 'arrival_time': 1536793380}
1341	{'task_type': 'deadhead', 'locomotive': 22595, 'first_train_section': 22924, 'first_section': 22478, 'first_departure_time': 1536790860, 'first_arrival_time': 1536793380, 'second_train_section': 23984, 'second_section': 22309, 'second_departure_time': 1536799380, 'second_arrival_time': 1536804000}
1342	{'task_type': 'regular', 'locomotive': 22595, 'train_section': 23984, 'section': 22309, 'departure_time': 1536799380, 'arrival_time': 1536804000}
1343	{'task_type': 'deadhead', 'locomotive': 22595, 'first_train_section': 23984, 'first_section': 22309, 'first_departure_time': 1536799380, 'first_arrival_time': 1536804000, 'second_train_section': 23434, 'second_section': 22429, 'second_departure_time': 1536814920, 'second_arrival_time': 1536817080}
1344	{'task_type': 'regular', 'locomotive': 22595, 'train_section': 23434, 'section': 22429, 'departure_time': 1536814920, 'arrival_time': 1536817080}
1345	{'task_type': 'deadhead', 'locomotive': 22595, 'first_train_section': 23434, 'first_section': 22429, 'first_departure_time': 1536814920, 'first_arrival_time': 1536817080, 'second_train_section': 26155, 'second_section': 22423, 'second_departure_time': 1536823980, 'second_arrival_time': 1536836520}
1346	{'task_type': 'regular', 'locomotive': 22595, 'train_section': 26155, 'section': 22423, 'departure_time': 1536823980, 'arrival_time': 1536836520}
1347	{'task_type': 'deadhead', 'locomotive': 22595, 'first_train_section': 26155, 'first_section': 22423, 'first_departure_time': 1536823980, 'first_arrival_time': 1536836520, 'second_train_section': 23273, 'second_section': 22418, 'second_departure_time': 1536845400, 'second_arrival_time': 1536846900}
1348	{'task_type': 'regular', 'locomotive': 22595, 'train_section': 23273, 'section': 22418, 'departure_time': 1536845400, 'arrival_time': 1536846900}
1349	{'task_type': 'deadhead', 'locomotive': 22595, 'first_train_section': 23273, 'first_section': 22418, 'first_departure_time': 1536845400, 'first_arrival_time': 1536846900, 'second_train_section': 28454, 'second_section': 22433, 'second_departure_time': 1536857760, 'second_arrival_time': 1536858240}
1350	{'task_type': 'regular', 'locomotive': 22595, 'train_section': 28454, 'section': 22433, 'departure_time': 1536857760, 'arrival_time': 1536858240}
1351	{'task_type': 'deadhead', 'locomotive': 22595, 'first_train_section': 28454, 'first_section': 22433, 'first_departure_time': 1536857760, 'first_arrival_time': 1536858240, 'second_train_section': 23572, 'second_section': 22416, 'second_departure_time': 1536861240, 'second_arrival_time': 1536864900}
1352	{'task_type': 'regular', 'locomotive': 22595, 'train_section': 23572, 'section': 22416, 'departure_time': 1536861240, 'arrival_time': 1536864900}
1353	{'task_type': 'deadhead', 'locomotive': 22595, 'first_train_section': 23572, 'first_section': 22416, 'first_departure_time': 1536861240, 'first_arrival_time': 1536864900, 'second_train_section': 26911, 'second_section': 22376, 'second_departure_time': 1536867900, 'second_arrival_time': 1536873600}
1354	{'task_type': 'regular', 'locomotive': 22595, 'train_section': 26911, 'section': 22376, 'departure_time': 1536867900, 'arrival_time': 1536873600}
1355	{'task_type': 'regular', 'locomotive': 22595, 'train_section': 24213, 'section': 22416, 'departure_time': 1536895440, 'arrival_time': 1536899100}
1356	{'task_type': 'regular', 'locomotive': 22595, 'train_section': 23071, 'section': 22378, 'departure_time': 1536899700, 'arrival_time': 1536903360}
1357	{'task_type': 'regular', 'locomotive': 22595, 'train_section': 26757, 'section': 22416, 'departure_time': 1536904440, 'arrival_time': 1536908100}
1358	{'task_type': 'regular', 'locomotive': 22595, 'train_section': 24949, 'section': 22378, 'departure_time': 1536908700, 'arrival_time': 1536912360}
1359	{'task_type': 'deadhead', 'locomotive': 22595, 'first_train_section': 26624, 'first_section': 22417, 'first_departure_time': 1536912360, 'first_arrival_time': 1536924240, 'second_train_section': 29037, 'second_section': 22378, 'second_departure_time': 1536928500, 'second_arrival_time': 1536932160}
1360	{'task_type': 'regular', 'locomotive': 22595, 'train_section': 29037, 'section': 22378, 'departure_time': 1536928500, 'arrival_time': 1536932160}
1361	{'task_type': 'regular', 'locomotive': 22595, 'train_section': 28971, 'section': 22416, 'departure_time': 1536933240, 'arrival_time': 1536936900}
1362	{'task_type': 'regular', 'locomotive': 22595, 'train_section': 26954, 'section': 22378, 'departure_time': 1536939300, 'arrival_time': 1536942960}
1363	{'task_type': 'regular', 'locomotive': 22595, 'train_section': 28090, 'section': 22416, 'departure_time': 1536944040, 'arrival_time': 1536947700}
1364	{'task_type': 'regular', 'locomotive': 22595, 'train_section': 23422, 'section': 22378, 'departure_time': 1536948300, 'arrival_time': 1536951960}
1365	{'task_type': 'deadhead', 'locomotive': 22595, 'first_train_section': 23422, 'first_section': 22378, 'first_departure_time': 1536948300, 'first_arrival_time': 1536951960, 'second_train_section': 24854, 'second_section': 22431, 'second_departure_time': 1536954060, 'second_arrival_time': 1536958260}
1366	{'task_type': 'regular', 'locomotive': 22595, 'train_section': 24854, 'section': 22431, 'departure_time': 1536954060, 'arrival_time': 1536958260}
1367	{'task_type': 'deadhead', 'locomotive': 22595, 'first_train_section': 24854, 'first_section': 22431, 'first_departure_time': 1536954060, 'first_arrival_time': 1536958260, 'second_train_section': 23265, 'second_section': 22308, 'second_departure_time': 1536963720, 'second_arrival_time': 1536966420}
1368	{'task_type': 'regular', 'locomotive': 22595, 'train_section': 23265, 'section': 22308, 'departure_time': 1536963720, 'arrival_time': 1536966420}
1369	{'task_type': 'regular', 'locomotive': 22595, 'train_section': 27210, 'section': 22496, 'departure_time': 1536971640, 'arrival_time': 1536975360}
1370	{'task_type': 'deadhead', 'locomotive': 22595, 'first_train_section': 27210, 'first_section': 22496, 'first_departure_time': 1536971640, 'first_arrival_time': 1536975360, 'second_train_section': 25670, 'second_section': 22386, 'second_departure_time': 1536976680, 'second_arrival_time': 1536981480}
1371	{'task_type': 'regular', 'locomotive': 22595, 'train_section': 25670, 'section': 22386, 'departure_time': 1536976680, 'arrival_time': 1536981480}
1372	{'task_type': 'regular', 'locomotive': 22595, 'train_section': 25673, 'section': 22495, 'departure_time': 1536982860, 'arrival_time': 1536985860}
1373	{'task_type': 'deadhead', 'locomotive': 22595, 'first_train_section': 25673, 'first_section': 22495, 'first_departure_time': 1536982860, 'first_arrival_time': 1536985860, 'second_train_section': 25515, 'second_section': 22416, 'second_departure_time': 1537001640, 'second_arrival_time': 1537005300}
1374	{'task_type': 'regular', 'locomotive': 22595, 'train_section': 25515, 'section': 22416, 'departure_time': 1537001640, 'arrival_time': 1537005300}
1375	{'task_type': 'regular', 'locomotive': 22595, 'train_section': 24383, 'section': 22378, 'departure_time': 1537005900, 'arrival_time': 1537009560}
1376	{'task_type': 'deadhead', 'locomotive': 22595, 'first_train_section': 24383, 'first_section': 22378, 'first_departure_time': 1537005900, 'first_arrival_time': 1537009560, 'second_train_section': 23770, 'second_section': 22458, 'second_departure_time': 1537019880, 'second_arrival_time': 1537029180}
1377	{'task_type': 'regular', 'locomotive': 22595, 'train_section': 23770, 'section': 22458, 'departure_time': 1537019880, 'arrival_time': 1537029180}
1378	{'task_type': 'deadhead', 'locomotive': 22595, 'first_train_section': 23770, 'first_section': 22458, 'first_departure_time': 1537019880, 'first_arrival_time': 1537029180, 'second_train_section': 27976, 'second_section': 22495, 'second_departure_time': 1537038240, 'second_arrival_time': 1537041060}
1379	{'task_type': 'regular', 'locomotive': 22595, 'train_section': 27976, 'section': 22495, 'departure_time': 1537038240, 'arrival_time': 1537041060}
1380	{'task_type': 'regular', 'locomotive': 22595, 'train_section': 27978, 'section': 22309, 'departure_time': 1537042140, 'arrival_time': 1537046880}
1381	{'task_type': 'deadhead', 'locomotive': 22595, 'first_train_section': 27978, 'first_section': 22309, 'first_departure_time': 1537042140, 'first_arrival_time': 1537046880, 'second_train_section': 28198, 'second_section': 22379, 'second_departure_time': 1537073160, 'second_arrival_time': 1537074600}
1382	{'task_type': 'regular', 'locomotive': 22595, 'train_section': 28198, 'section': 22379, 'departure_time': 1537073160, 'arrival_time': 1537074600}
1383	{'task_type': 'regular', 'locomotive': 22597, 'train_section': 28547, 'section': 22396, 'departure_time': 1536670560, 'arrival_time': 1536672420}
1384	{'task_type': 'regular', 'locomotive': 22597, 'train_section': 25131, 'section': 22318, 'departure_time': 1536672900, 'arrival_time': 1536677400}
1385	{'task_type': 'regular', 'locomotive': 22597, 'train_section': 23214, 'section': 22383, 'departure_time': 1536724680, 'arrival_time': 1536728880}
1386	{'task_type': 'deadhead', 'locomotive': 22597, 'first_train_section': 23214, 'first_section': 22383, 'first_departure_time': 1536724680, 'first_arrival_time': 1536728880, 'second_train_section': 23142, 'second_section': 22236, 'second_departure_time': 1536732180, 'second_arrival_time': 1536734880}
1387	{'task_type': 'regular', 'locomotive': 22597, 'train_section': 23142, 'section': 22236, 'departure_time': 1536732180, 'arrival_time': 1536734880}
1388	{'task_type': 'deadhead', 'locomotive': 22597, 'first_train_section': 23142, 'first_section': 22236, 'first_departure_time': 1536732180, 'first_arrival_time': 1536734880, 'second_train_section': 24842, 'second_section': 22395, 'second_departure_time': 1536740640, 'second_arrival_time': 1536743280}
1389	{'task_type': 'regular', 'locomotive': 22597, 'train_section': 24842, 'section': 22395, 'departure_time': 1536740640, 'arrival_time': 1536743280}
1390	{'task_type': 'deadhead', 'locomotive': 22597, 'first_train_section': 24842, 'first_section': 22395, 'first_departure_time': 1536740640, 'first_arrival_time': 1536743280, 'second_train_section': 24299, 'second_section': 22404, 'second_departure_time': 1536749040, 'second_arrival_time': 1536758880}
1391	{'task_type': 'regular', 'locomotive': 22597, 'train_section': 24299, 'section': 22404, 'departure_time': 1536749040, 'arrival_time': 1536758880}
1392	{'task_type': 'deadhead', 'locomotive': 22597, 'first_train_section': 24299, 'first_section': 22404, 'first_departure_time': 1536749040, 'first_arrival_time': 1536758880, 'second_train_section': 24454, 'second_section': 22261, 'second_departure_time': 1536763080, 'second_arrival_time': 1536764700}
1393	{'task_type': 'regular', 'locomotive': 22597, 'train_section': 24454, 'section': 22261, 'departure_time': 1536763080, 'arrival_time': 1536764700}
1394	{'task_type': 'regular', 'locomotive': 22597, 'train_section': 24126, 'section': 22480, 'departure_time': 1536767700, 'arrival_time': 1536769860}
1395	{'task_type': 'regular', 'locomotive': 22597, 'train_section': 24128, 'section': 22308, 'departure_time': 1536770880, 'arrival_time': 1536773820}
1396	{'task_type': 'deadhead', 'locomotive': 22597, 'first_train_section': 24128, 'first_section': 22308, 'first_departure_time': 1536770880, 'first_arrival_time': 1536773820, 'second_train_section': 27395, 'second_section': 22308, 'second_departure_time': 1536780300, 'second_arrival_time': 1536783060}
1397	{'task_type': 'regular', 'locomotive': 22597, 'train_section': 27395, 'section': 22308, 'departure_time': 1536780300, 'arrival_time': 1536783060}
1398	{'task_type': 'regular', 'locomotive': 22597, 'train_section': 27397, 'section': 22496, 'departure_time': 1536784020, 'arrival_time': 1536789120}
1399	{'task_type': 'deadhead', 'locomotive': 22597, 'first_train_section': 27397, 'first_section': 22496, 'first_departure_time': 1536784020, 'first_arrival_time': 1536789120, 'second_train_section': 24032, 'second_section': 22496, 'second_departure_time': 1536804000, 'second_arrival_time': 1536808800}
1400	{'task_type': 'regular', 'locomotive': 22597, 'train_section': 24032, 'section': 22496, 'departure_time': 1536804000, 'arrival_time': 1536808800}
1401	{'task_type': 'deadhead', 'locomotive': 22597, 'first_train_section': 24032, 'first_section': 22496, 'first_departure_time': 1536804000, 'first_arrival_time': 1536808800, 'second_train_section': 24181, 'second_section': 22281, 'second_departure_time': 1536822840, 'second_arrival_time': 1536828000}
1402	{'task_type': 'regular', 'locomotive': 22597, 'train_section': 24181, 'section': 22281, 'departure_time': 1536822840, 'arrival_time': 1536828000}
1403	{'task_type': 'deadhead', 'locomotive': 22597, 'first_train_section': 24181, 'first_section': 22281, 'first_departure_time': 1536822840, 'first_arrival_time': 1536828000, 'second_train_section': 25388, 'second_section': 22279, 'second_departure_time': 1536835800, 'second_arrival_time': 1536841380}
1404	{'task_type': 'regular', 'locomotive': 22597, 'train_section': 25388, 'section': 22279, 'departure_time': 1536835800, 'arrival_time': 1536841380}
1405	{'task_type': 'deadhead', 'locomotive': 22597, 'first_train_section': 25388, 'first_section': 22279, 'first_departure_time': 1536835800, 'first_arrival_time': 1536841380, 'second_train_section': 25821, 'second_section': 22257, 'second_departure_time': 1536847200, 'second_arrival_time': 1536847920}
1406	{'task_type': 'regular', 'locomotive': 22597, 'train_section': 25821, 'section': 22257, 'departure_time': 1536847200, 'arrival_time': 1536847920}
1407	{'task_type': 'deadhead', 'locomotive': 22597, 'first_train_section': 25821, 'first_section': 22257, 'first_departure_time': 1536847200, 'first_arrival_time': 1536847920, 'second_train_section': 24493, 'second_section': 22297, 'second_departure_time': 1536852600, 'second_arrival_time': 1536853620}
1408	{'task_type': 'regular', 'locomotive': 22597, 'train_section': 24493, 'section': 22297, 'departure_time': 1536852600, 'arrival_time': 1536853620}
1409	{'task_type': 'deadhead', 'locomotive': 22597, 'first_train_section': 24493, 'first_section': 22297, 'first_departure_time': 1536852600, 'first_arrival_time': 1536853620, 'second_train_section': 23764, 'second_section': 22254, 'second_departure_time': 1536857280, 'second_arrival_time': 1536857940}
1410	{'task_type': 'regular', 'locomotive': 22597, 'train_section': 23764, 'section': 22254, 'departure_time': 1536857280, 'arrival_time': 1536857940}
1411	{'task_type': 'deadhead', 'locomotive': 22597, 'first_train_section': 23764, 'first_section': 22254, 'first_departure_time': 1536857280, 'first_arrival_time': 1536857940, 'second_train_section': 23056, 'second_section': 22487, 'second_departure_time': 1536863220, 'second_arrival_time': 1536865620}
1412	{'task_type': 'regular', 'locomotive': 22597, 'train_section': 23056, 'section': 22487, 'departure_time': 1536863220, 'arrival_time': 1536865620}
1413	{'task_type': 'deadhead', 'locomotive': 22597, 'first_train_section': 23056, 'first_section': 22487, 'first_departure_time': 1536863220, 'first_arrival_time': 1536865620, 'second_train_section': 27231, 'second_section': 22294, 'second_departure_time': 1536869280, 'second_arrival_time': 1536872520}
1414	{'task_type': 'regular', 'locomotive': 22597, 'train_section': 27231, 'section': 22294, 'departure_time': 1536869280, 'arrival_time': 1536872520}
1415	{'task_type': 'deadhead', 'locomotive': 22597, 'first_train_section': 27231, 'first_section': 22294, 'first_departure_time': 1536869280, 'first_arrival_time': 1536872520, 'second_train_section': 23195, 'second_section': 22308, 'second_departure_time': 1536888960, 'second_arrival_time': 1536891600}
1416	{'task_type': 'regular', 'locomotive': 22597, 'train_section': 23195, 'section': 22308, 'departure_time': 1536888960, 'arrival_time': 1536891600}
1417	{'task_type': 'deadhead', 'locomotive': 22597, 'first_train_section': 23195, 'first_section': 22308, 'first_departure_time': 1536888960, 'first_arrival_time': 1536891600, 'second_train_section': 25689, 'second_section': 22304, 'second_departure_time': 1536894840, 'second_arrival_time': 1536899220}
1418	{'task_type': 'regular', 'locomotive': 22597, 'train_section': 25689, 'section': 22304, 'departure_time': 1536894840, 'arrival_time': 1536899220}
1419	{'task_type': 'regular', 'locomotive': 22597, 'train_section': 26313, 'section': 22245, 'departure_time': 1536901080, 'arrival_time': 1536906540}
1420	{'task_type': 'deadhead', 'locomotive': 22597, 'first_train_section': 26313, 'first_section': 22245, 'first_departure_time': 1536901080, 'first_arrival_time': 1536906540, 'second_train_section': 28389, 'second_section': 22481, 'second_departure_time': 1536909360, 'second_arrival_time': 1536914280}
1421	{'task_type': 'regular', 'locomotive': 22597, 'train_section': 28389, 'section': 22481, 'departure_time': 1536909360, 'arrival_time': 1536914280}
1422	{'task_type': 'deadhead', 'locomotive': 22597, 'first_train_section': 28389, 'first_section': 22481, 'first_departure_time': 1536909360, 'first_arrival_time': 1536914280, 'second_train_section': 26010, 'second_section': 22447, 'second_departure_time': 1536923520, 'second_arrival_time': 1536926400}
1423	{'task_type': 'regular', 'locomotive': 22597, 'train_section': 26010, 'section': 22447, 'departure_time': 1536923520, 'arrival_time': 1536926400}
1424	{'task_type': 'deadhead', 'locomotive': 22597, 'first_train_section': 26010, 'first_section': 22447, 'first_departure_time': 1536923520, 'first_arrival_time': 1536926400, 'second_train_section': 25231, 'second_section': 22294, 'second_departure_time': 1536931380, 'second_arrival_time': 1536933540}
1425	{'task_type': 'regular', 'locomotive': 22597, 'train_section': 25231, 'section': 22294, 'departure_time': 1536931380, 'arrival_time': 1536933540}
1426	{'task_type': 'deadhead', 'locomotive': 22597, 'first_train_section': 25231, 'first_section': 22294, 'first_departure_time': 1536931380, 'first_arrival_time': 1536933540, 'second_train_section': 28836, 'second_section': 22315, 'second_departure_time': 1536943680, 'second_arrival_time': 1536948180}
1427	{'task_type': 'regular', 'locomotive': 22597, 'train_section': 28836, 'section': 22315, 'departure_time': 1536943680, 'arrival_time': 1536948180}
1428	{'task_type': 'deadhead', 'locomotive': 22597, 'first_train_section': 28836, 'first_section': 22315, 'first_departure_time': 1536943680, 'first_arrival_time': 1536948180, 'second_train_section': 29013, 'second_section': 22468, 'second_departure_time': 1536952260, 'second_arrival_time': 1536956400}
1429	{'task_type': 'regular', 'locomotive': 22597, 'train_section': 29013, 'section': 22468, 'departure_time': 1536952260, 'arrival_time': 1536956400}
1430	{'task_type': 'deadhead', 'locomotive': 22597, 'first_train_section': 29013, 'first_section': 22468, 'first_departure_time': 1536952260, 'first_arrival_time': 1536956400, 'second_train_section': 27122, 'second_section': 22397, 'second_departure_time': 1536969000, 'second_arrival_time': 1536977040}
1431	{'task_type': 'regular', 'locomotive': 22597, 'train_section': 27122, 'section': 22397, 'departure_time': 1536969000, 'arrival_time': 1536977040}
1432	{'task_type': 'deadhead', 'locomotive': 22597, 'first_train_section': 27122, 'first_section': 22397, 'first_departure_time': 1536969000, 'first_arrival_time': 1536977040, 'second_train_section': 24668, 'second_section': 22322, 'second_departure_time': 1536983820, 'second_arrival_time': 1536993480}
1433	{'task_type': 'regular', 'locomotive': 22597, 'train_section': 24668, 'section': 22322, 'departure_time': 1536983820, 'arrival_time': 1536993480}
1434	{'task_type': 'deadhead', 'locomotive': 22597, 'first_train_section': 24668, 'first_section': 22322, 'first_departure_time': 1536983820, 'first_arrival_time': 1536993480, 'second_train_section': 23569, 'second_section': 22329, 'second_departure_time': 1537001880, 'second_arrival_time': 1537003320}
1435	{'task_type': 'regular', 'locomotive': 22597, 'train_section': 23569, 'section': 22329, 'departure_time': 1537001880, 'arrival_time': 1537003320}
1436	{'task_type': 'deadhead', 'locomotive': 22597, 'first_train_section': 23569, 'first_section': 22329, 'first_departure_time': 1537001880, 'first_arrival_time': 1537003320, 'second_train_section': 27804, 'second_section': 22320, 'second_departure_time': 1537110300, 'second_arrival_time': 1537116660}
1437	{'task_type': 'regular', 'locomotive': 22597, 'train_section': 27804, 'section': 22320, 'departure_time': 1537110300, 'arrival_time': 1537116660}
1438	{'task_type': 'deadhead', 'locomotive': 22597, 'first_train_section': 27804, 'first_section': 22320, 'first_departure_time': 1537110300, 'first_arrival_time': 1537116660, 'second_train_section': 27260, 'second_section': 22352, 'second_departure_time': 1537131720, 'second_arrival_time': 1537135199}
1439	{'task_type': 'regular', 'locomotive': 22597, 'train_section': 27260, 'section': 22352, 'departure_time': 1537131720, 'arrival_time': 1537135199}
1440	{'task_type': 'regular', 'locomotive': 22598, 'train_section': 23666, 'section': 22257, 'departure_time': 1536674400, 'arrival_time': 1536675120}
1441	{'task_type': 'deadhead', 'locomotive': 22598, 'first_train_section': 23666, 'first_section': 22257, 'first_departure_time': 1536674400, 'first_arrival_time': 1536675120, 'second_train_section': 27373, 'second_section': 22281, 'second_departure_time': 1536678840, 'second_arrival_time': 1536684000}
1442	{'task_type': 'regular', 'locomotive': 22598, 'train_section': 27373, 'section': 22281, 'departure_time': 1536678840, 'arrival_time': 1536684000}
1443	{'task_type': 'deadhead', 'locomotive': 22598, 'first_train_section': 27373, 'first_section': 22281, 'first_departure_time': 1536678840, 'first_arrival_time': 1536684000, 'second_train_section': 25141, 'second_section': 22284, 'second_departure_time': 1536691920, 'second_arrival_time': 1536695580}
1444	{'task_type': 'regular', 'locomotive': 22598, 'train_section': 25141, 'section': 22284, 'departure_time': 1536691920, 'arrival_time': 1536695580}
1445	{'task_type': 'deadhead', 'locomotive': 22598, 'first_train_section': 24683, 'first_section': 22237, 'first_departure_time': 1536703200, 'first_arrival_time': 1536726300, 'second_train_section': 26481, 'second_section': 22294, 'second_departure_time': 1536758580, 'second_arrival_time': 1536760740}
1446	{'task_type': 'regular', 'locomotive': 22598, 'train_section': 26481, 'section': 22294, 'departure_time': 1536758580, 'arrival_time': 1536760740}
1447	{'task_type': 'deadhead', 'locomotive': 22598, 'first_train_section': 26481, 'first_section': 22294, 'first_departure_time': 1536758580, 'first_arrival_time': 1536760740, 'second_train_section': 24078, 'second_section': 22449, 'second_departure_time': 1536765120, 'second_arrival_time': 1536768300}
1448	{'task_type': 'regular', 'locomotive': 22598, 'train_section': 24078, 'section': 22449, 'departure_time': 1536765120, 'arrival_time': 1536768300}
1449	{'task_type': 'deadhead', 'locomotive': 22598, 'first_train_section': 28146, 'first_section': 22464, 'first_departure_time': 1536774780, 'first_arrival_time': 1536789540, 'second_train_section': 26383, 'second_section': 22495, 'second_departure_time': 1536804480, 'second_arrival_time': 1536807420}
1450	{'task_type': 'regular', 'locomotive': 22598, 'train_section': 26383, 'section': 22495, 'departure_time': 1536804480, 'arrival_time': 1536807420}
1451	{'task_type': 'regular', 'locomotive': 22598, 'train_section': 26394, 'section': 22308, 'departure_time': 1536810900, 'arrival_time': 1536813600}
1452	{'task_type': 'deadhead', 'locomotive': 22598, 'first_train_section': 26394, 'first_section': 22308, 'first_departure_time': 1536810900, 'first_arrival_time': 1536813600, 'second_train_section': 28814, 'second_section': 22431, 'second_departure_time': 1536818580, 'second_arrival_time': 1536823260}
1453	{'task_type': 'regular', 'locomotive': 22598, 'train_section': 28814, 'section': 22431, 'departure_time': 1536818580, 'arrival_time': 1536823260}
1454	{'task_type': 'deadhead', 'locomotive': 22598, 'first_train_section': 28814, 'first_section': 22431, 'first_departure_time': 1536818580, 'first_arrival_time': 1536823260, 'second_train_section': 23646, 'second_section': 22378, 'second_departure_time': 1536834900, 'second_arrival_time': 1536838560}
1455	{'task_type': 'regular', 'locomotive': 22598, 'train_section': 23646, 'section': 22378, 'departure_time': 1536834900, 'arrival_time': 1536838560}
1456	{'task_type': 'regular', 'locomotive': 22598, 'train_section': 27838, 'section': 22416, 'departure_time': 1536843240, 'arrival_time': 1536846900}
1457	{'task_type': 'deadhead', 'locomotive': 22598, 'first_train_section': 27838, 'first_section': 22416, 'first_departure_time': 1536843240, 'first_arrival_time': 1536846900, 'second_train_section': 28452, 'second_section': 22442, 'second_departure_time': 1536854160, 'second_arrival_time': 1536856920}
1458	{'task_type': 'regular', 'locomotive': 22598, 'train_section': 28452, 'section': 22442, 'departure_time': 1536854160, 'arrival_time': 1536856920}
1459	{'task_type': 'deadhead', 'locomotive': 22598, 'first_train_section': 28452, 'first_section': 22442, 'first_departure_time': 1536854160, 'first_arrival_time': 1536856920, 'second_train_section': 28456, 'second_section': 22432, 'second_departure_time': 1536859680, 'second_arrival_time': 1536861300}
1460	{'task_type': 'regular', 'locomotive': 22598, 'train_section': 28456, 'section': 22432, 'departure_time': 1536859680, 'arrival_time': 1536861300}
1461	{'task_type': 'deadhead', 'locomotive': 22598, 'first_train_section': 28456, 'first_section': 22432, 'first_departure_time': 1536859680, 'first_arrival_time': 1536861300, 'second_train_section': 26526, 'second_section': 22301, 'second_departure_time': 1536863460, 'second_arrival_time': 1536865560}
1462	{'task_type': 'regular', 'locomotive': 22598, 'train_section': 26526, 'section': 22301, 'departure_time': 1536863460, 'arrival_time': 1536865560}
1463	{'task_type': 'deadhead', 'locomotive': 22598, 'first_train_section': 23428, 'first_section': 22377, 'first_departure_time': 1536875700, 'first_arrival_time': 1536875940, 'second_train_section': 28730, 'second_section': 22293, 'second_departure_time': 1536891480, 'second_arrival_time': 1536899940}
1464	{'task_type': 'regular', 'locomotive': 22598, 'train_section': 28730, 'section': 22293, 'departure_time': 1536891480, 'arrival_time': 1536899940}
1465	{'task_type': 'deadhead', 'locomotive': 22598, 'first_train_section': 28730, 'first_section': 22293, 'first_departure_time': 1536891480, 'first_arrival_time': 1536899940, 'second_train_section': 23509, 'second_section': 22281, 'second_departure_time': 1536909240, 'second_arrival_time': 1536914400}
1466	{'task_type': 'regular', 'locomotive': 22598, 'train_section': 23509, 'section': 22281, 'departure_time': 1536909240, 'arrival_time': 1536914400}
1467	{'task_type': 'deadhead', 'locomotive': 22598, 'first_train_section': 23509, 'first_section': 22281, 'first_departure_time': 1536909240, 'first_arrival_time': 1536914400, 'second_train_section': 26980, 'second_section': 22482, 'second_departure_time': 1536922080, 'second_arrival_time': 1536923700}
1468	{'task_type': 'regular', 'locomotive': 22598, 'train_section': 26980, 'section': 22482, 'departure_time': 1536922080, 'arrival_time': 1536923700}
1469	{'task_type': 'deadhead', 'locomotive': 22598, 'first_train_section': 26980, 'first_section': 22482, 'first_departure_time': 1536922080, 'first_arrival_time': 1536923700, 'second_train_section': 25724, 'second_section': 22383, 'second_departure_time': 1536934320, 'second_arrival_time': 1536937740}
1470	{'task_type': 'regular', 'locomotive': 22598, 'train_section': 25724, 'section': 22383, 'departure_time': 1536934320, 'arrival_time': 1536937740}
1471	{'task_type': 'deadhead', 'locomotive': 22598, 'first_train_section': 25724, 'first_section': 22383, 'first_departure_time': 1536934320, 'first_arrival_time': 1536937740, 'second_train_section': 23815, 'second_section': 22317, 'second_departure_time': 1536942720, 'second_arrival_time': 1536944460}
1472	{'task_type': 'regular', 'locomotive': 22598, 'train_section': 23815, 'section': 22317, 'departure_time': 1536942720, 'arrival_time': 1536944460}
1473	{'task_type': 'deadhead', 'locomotive': 22598, 'first_train_section': 23815, 'first_section': 22317, 'first_departure_time': 1536942720, 'first_arrival_time': 1536944460, 'second_train_section': 28248, 'second_section': 22404, 'second_departure_time': 1536950280, 'second_arrival_time': 1536959100}
1474	{'task_type': 'regular', 'locomotive': 22598, 'train_section': 28248, 'section': 22404, 'departure_time': 1536950280, 'arrival_time': 1536959100}
1475	{'task_type': 'regular', 'locomotive': 22598, 'train_section': 28250, 'section': 22246, 'departure_time': 1536959520, 'arrival_time': 1536960780}
1476	{'task_type': 'deadhead', 'locomotive': 22598, 'first_train_section': 28250, 'first_section': 22246, 'first_departure_time': 1536959520, 'first_arrival_time': 1536960780, 'second_train_section': 27565, 'second_section': 22288, 'second_departure_time': 1536973620, 'second_arrival_time': 1536980160}
1477	{'task_type': 'regular', 'locomotive': 22598, 'train_section': 27565, 'section': 22288, 'departure_time': 1536973620, 'arrival_time': 1536980160}
1478	{'task_type': 'deadhead', 'locomotive': 22598, 'first_train_section': 27565, 'first_section': 22288, 'first_departure_time': 1536973620, 'first_arrival_time': 1536980160, 'second_train_section': 24968, 'second_section': 22256, 'second_departure_time': 1536986520, 'second_arrival_time': 1536989460}
1479	{'task_type': 'regular', 'locomotive': 22598, 'train_section': 24968, 'section': 22256, 'departure_time': 1536986520, 'arrival_time': 1536989460}
1480	{'task_type': 'deadhead', 'locomotive': 22598, 'first_train_section': 24968, 'first_section': 22256, 'first_departure_time': 1536986520, 'first_arrival_time': 1536989460, 'second_train_section': 23928, 'second_section': 22281, 'second_departure_time': 1536995640, 'second_arrival_time': 1537000800}
1481	{'task_type': 'regular', 'locomotive': 22598, 'train_section': 23928, 'section': 22281, 'departure_time': 1536995640, 'arrival_time': 1537000800}
1482	{'task_type': 'deadhead', 'locomotive': 22598, 'first_train_section': 23928, 'first_section': 22281, 'first_departure_time': 1536995640, 'first_arrival_time': 1537000800, 'second_train_section': 25910, 'second_section': 22281, 'second_departure_time': 1537009080, 'second_arrival_time': 1537015140}
1483	{'task_type': 'regular', 'locomotive': 22598, 'train_section': 25910, 'section': 22281, 'departure_time': 1537009080, 'arrival_time': 1537015140}
1484	{'task_type': 'regular', 'locomotive': 22598, 'train_section': 28161, 'section': 22342, 'departure_time': 1537017660, 'arrival_time': 1537023780}
1485	{'task_type': 'deadhead', 'locomotive': 22598, 'first_train_section': 28161, 'first_section': 22342, 'first_departure_time': 1537017660, 'first_arrival_time': 1537023780, 'second_train_section': 24904, 'second_section': 22501, 'second_departure_time': 1537043040, 'second_arrival_time': 1537045260}
1486	{'task_type': 'regular', 'locomotive': 22598, 'train_section': 24904, 'section': 22501, 'departure_time': 1537043040, 'arrival_time': 1537045260}
1487	{'task_type': 'regular', 'locomotive': 22598, 'train_section': 24906, 'section': 22476, 'departure_time': 1537046220, 'arrival_time': 1537049820}
1488	{'task_type': 'deadhead', 'locomotive': 22598, 'first_train_section': 24906, 'first_section': 22476, 'first_departure_time': 1537046220, 'first_arrival_time': 1537049820, 'second_train_section': 23563, 'second_section': 22455, 'second_departure_time': 1537077480, 'second_arrival_time': 1537088880}
1489	{'task_type': 'regular', 'locomotive': 22598, 'train_section': 23563, 'section': 22455, 'departure_time': 1537077480, 'arrival_time': 1537088880}
1490	{'task_type': 'deadhead', 'locomotive': 22598, 'first_train_section': 23563, 'first_section': 22455, 'first_departure_time': 1537077480, 'first_arrival_time': 1537088880, 'second_train_section': 25272, 'second_section': 22340, 'second_departure_time': 1537103940, 'second_arrival_time': 1537119600}
1491	{'task_type': 'regular', 'locomotive': 22598, 'train_section': 25272, 'section': 22340, 'departure_time': 1537103940, 'arrival_time': 1537119600}
1492	{'task_type': 'regular', 'locomotive': 22599, 'train_section': 22915, 'section': 22416, 'departure_time': 1536638040, 'arrival_time': 1536641700}
1493	{'task_type': 'deadhead', 'locomotive': 22599, 'first_train_section': 22915, 'first_section': 22416, 'first_departure_time': 1536638040, 'first_arrival_time': 1536641700, 'second_train_section': 25063, 'second_section': 22495, 'second_departure_time': 1536652440, 'second_arrival_time': 1536655320}
1494	{'task_type': 'regular', 'locomotive': 22599, 'train_section': 25063, 'section': 22495, 'departure_time': 1536652440, 'arrival_time': 1536655320}
1495	{'task_type': 'deadhead', 'locomotive': 22599, 'first_train_section': 25063, 'first_section': 22495, 'first_departure_time': 1536652440, 'first_arrival_time': 1536655320, 'second_train_section': 22752, 'second_section': 22441, 'second_departure_time': 1536659640, 'second_arrival_time': 1536663600}
1496	{'task_type': 'regular', 'locomotive': 22599, 'train_section': 22752, 'section': 22441, 'departure_time': 1536659640, 'arrival_time': 1536663600}
1497	{'task_type': 'deadhead', 'locomotive': 22599, 'first_train_section': 22752, 'first_section': 22441, 'first_departure_time': 1536659640, 'first_arrival_time': 1536663600, 'second_train_section': 25203, 'second_section': 22416, 'second_departure_time': 1536670440, 'second_arrival_time': 1536674100}
1498	{'task_type': 'regular', 'locomotive': 22599, 'train_section': 25203, 'section': 22416, 'departure_time': 1536670440, 'arrival_time': 1536674100}
1499	{'task_type': 'regular', 'locomotive': 22599, 'train_section': 23336, 'section': 22378, 'departure_time': 1536678300, 'arrival_time': 1536681960}
1500	{'task_type': 'deadhead', 'locomotive': 22599, 'first_train_section': 23336, 'first_section': 22378, 'first_departure_time': 1536678300, 'first_arrival_time': 1536681960, 'second_train_section': 24602, 'second_section': 22243, 'second_departure_time': 1536683760, 'second_arrival_time': 1536684420}
1501	{'task_type': 'regular', 'locomotive': 22599, 'train_section': 24602, 'section': 22243, 'departure_time': 1536683760, 'arrival_time': 1536684420}
1502	{'task_type': 'deadhead', 'locomotive': 22599, 'first_train_section': 24602, 'first_section': 22243, 'first_departure_time': 1536683760, 'first_arrival_time': 1536684420, 'second_train_section': 28253, 'second_section': 22445, 'second_departure_time': 1536690840, 'second_arrival_time': 1536696600}
1503	{'task_type': 'regular', 'locomotive': 22599, 'train_section': 28253, 'section': 22445, 'departure_time': 1536690840, 'arrival_time': 1536696600}
1504	{'task_type': 'deadhead', 'locomotive': 22599, 'first_train_section': 28253, 'first_section': 22445, 'first_departure_time': 1536690840, 'first_arrival_time': 1536696600, 'second_train_section': 26867, 'second_section': 22385, 'second_departure_time': 1536700140, 'second_arrival_time': 1536701040}
1505	{'task_type': 'regular', 'locomotive': 22599, 'train_section': 26867, 'section': 22385, 'departure_time': 1536700140, 'arrival_time': 1536701040}
1506	{'task_type': 'deadhead', 'locomotive': 22599, 'first_train_section': 26867, 'first_section': 22385, 'first_departure_time': 1536700140, 'first_arrival_time': 1536701040, 'second_train_section': 23145, 'second_section': 22427, 'second_departure_time': 1536702540, 'second_arrival_time': 1536705480}
1507	{'task_type': 'regular', 'locomotive': 22599, 'train_section': 23145, 'section': 22427, 'departure_time': 1536702540, 'arrival_time': 1536705480}
1508	{'task_type': 'regular', 'locomotive': 22599, 'train_section': 23147, 'section': 22443, 'departure_time': 1536706500, 'arrival_time': 1536708180}
1509	{'task_type': 'deadhead', 'locomotive': 22599, 'first_train_section': 23147, 'first_section': 22443, 'first_departure_time': 1536706500, 'first_arrival_time': 1536708180, 'second_train_section': 25627, 'second_section': 22309, 'second_departure_time': 1536712980, 'second_arrival_time': 1536717600}
1510	{'task_type': 'regular', 'locomotive': 22599, 'train_section': 25627, 'section': 22309, 'departure_time': 1536712980, 'arrival_time': 1536717600}
1511	{'task_type': 'deadhead', 'locomotive': 22599, 'first_train_section': 25627, 'first_section': 22309, 'first_departure_time': 1536712980, 'first_arrival_time': 1536717600, 'second_train_section': 22731, 'second_section': 22361, 'second_departure_time': 1536726240, 'second_arrival_time': 1536729240}
1512	{'task_type': 'regular', 'locomotive': 22599, 'train_section': 22731, 'section': 22361, 'departure_time': 1536726240, 'arrival_time': 1536729240}
1513	{'task_type': 'deadhead', 'locomotive': 22599, 'first_train_section': 22731, 'first_section': 22361, 'first_departure_time': 1536726240, 'first_arrival_time': 1536729240, 'second_train_section': 23590, 'second_section': 22247, 'second_departure_time': 1536735720, 'second_arrival_time': 1536744960}
1514	{'task_type': 'regular', 'locomotive': 22599, 'train_section': 23590, 'section': 22247, 'departure_time': 1536735720, 'arrival_time': 1536744960}
1515	{'task_type': 'deadhead', 'locomotive': 22599, 'first_train_section': 23590, 'first_section': 22247, 'first_departure_time': 1536735720, 'first_arrival_time': 1536744960, 'second_train_section': 24555, 'second_section': 22400, 'second_departure_time': 1536745800, 'second_arrival_time': 1536749220}
1516	{'task_type': 'regular', 'locomotive': 22599, 'train_section': 24555, 'section': 22400, 'departure_time': 1536745800, 'arrival_time': 1536749220}
1517	{'task_type': 'deadhead', 'locomotive': 22599, 'first_train_section': 24555, 'first_section': 22400, 'first_departure_time': 1536745800, 'first_arrival_time': 1536749220, 'second_train_section': 24754, 'second_section': 22466, 'second_departure_time': 1536753900, 'second_arrival_time': 1536755040}
1518	{'task_type': 'regular', 'locomotive': 22599, 'train_section': 24754, 'section': 22466, 'departure_time': 1536753900, 'arrival_time': 1536755040}
1519	{'task_type': 'deadhead', 'locomotive': 22599, 'first_train_section': 24754, 'first_section': 22466, 'first_departure_time': 1536753900, 'first_arrival_time': 1536755040, 'second_train_section': 25866, 'second_section': 22404, 'second_departure_time': 1536760560, 'second_arrival_time': 1536770100}
1520	{'task_type': 'regular', 'locomotive': 22599, 'train_section': 25866, 'section': 22404, 'departure_time': 1536760560, 'arrival_time': 1536770100}
1521	{'task_type': 'deadhead', 'locomotive': 22599, 'first_train_section': 25866, 'first_section': 22404, 'first_departure_time': 1536760560, 'first_arrival_time': 1536770100, 'second_train_section': 26299, 'second_section': 22479, 'second_departure_time': 1536781860, 'second_arrival_time': 1536783720}
1522	{'task_type': 'regular', 'locomotive': 22599, 'train_section': 26299, 'section': 22479, 'departure_time': 1536781860, 'arrival_time': 1536783720}
1523	{'task_type': 'deadhead', 'locomotive': 22599, 'first_train_section': 26299, 'first_section': 22479, 'first_departure_time': 1536781860, 'first_arrival_time': 1536783720, 'second_train_section': 27772, 'second_section': 22246, 'second_departure_time': 1536786720, 'second_arrival_time': 1536787980}
1524	{'task_type': 'regular', 'locomotive': 22599, 'train_section': 27772, 'section': 22246, 'departure_time': 1536786720, 'arrival_time': 1536787980}
1525	{'task_type': 'deadhead', 'locomotive': 22599, 'first_train_section': 27772, 'first_section': 22246, 'first_departure_time': 1536786720, 'first_arrival_time': 1536787980, 'second_train_section': 27634, 'second_section': 22247, 'second_departure_time': 1536793140, 'second_arrival_time': 1536801960}
1526	{'task_type': 'regular', 'locomotive': 22599, 'train_section': 27634, 'section': 22247, 'departure_time': 1536793140, 'arrival_time': 1536801960}
1527	{'task_type': 'deadhead', 'locomotive': 22599, 'first_train_section': 27634, 'first_section': 22247, 'first_departure_time': 1536793140, 'first_arrival_time': 1536801960, 'second_train_section': 27192, 'second_section': 22402, 'second_departure_time': 1536807840, 'second_arrival_time': 1536810360}
1528	{'task_type': 'regular', 'locomotive': 22599, 'train_section': 27192, 'section': 22402, 'departure_time': 1536807840, 'arrival_time': 1536810360}
1529	{'task_type': 'deadhead', 'locomotive': 22599, 'first_train_section': 27192, 'first_section': 22402, 'first_departure_time': 1536807840, 'first_arrival_time': 1536810360, 'second_train_section': 26466, 'second_section': 22393, 'second_departure_time': 1536814740, 'second_arrival_time': 1536816480}
1530	{'task_type': 'regular', 'locomotive': 22599, 'train_section': 26466, 'section': 22393, 'departure_time': 1536814740, 'arrival_time': 1536816480}
1531	{'task_type': 'deadhead', 'locomotive': 22599, 'first_train_section': 26466, 'first_section': 22393, 'first_departure_time': 1536814740, 'first_arrival_time': 1536816480, 'second_train_section': 27299, 'second_section': 22270, 'second_departure_time': 1536830160, 'second_arrival_time': 1536832080}
1532	{'task_type': 'regular', 'locomotive': 22599, 'train_section': 27299, 'section': 22270, 'departure_time': 1536830160, 'arrival_time': 1536832080}
1533	{'task_type': 'deadhead', 'locomotive': 22599, 'first_train_section': 27299, 'first_section': 22270, 'first_departure_time': 1536830160, 'first_arrival_time': 1536832080, 'second_train_section': 27431, 'second_section': 22272, 'second_departure_time': 1536841920, 'second_arrival_time': 1536842640}
1534	{'task_type': 'regular', 'locomotive': 22599, 'train_section': 27431, 'section': 22272, 'departure_time': 1536841920, 'arrival_time': 1536842640}
1535	{'task_type': 'deadhead', 'locomotive': 22599, 'first_train_section': 27431, 'first_section': 22272, 'first_departure_time': 1536841920, 'first_arrival_time': 1536842640, 'second_train_section': 24704, 'second_section': 22488, 'second_departure_time': 1536851640, 'second_arrival_time': 1536856020}
1536	{'task_type': 'regular', 'locomotive': 22599, 'train_section': 24704, 'section': 22488, 'departure_time': 1536851640, 'arrival_time': 1536856020}
1537	{'task_type': 'deadhead', 'locomotive': 22599, 'first_train_section': 24704, 'first_section': 22488, 'first_departure_time': 1536851640, 'first_arrival_time': 1536856020, 'second_train_section': 26701, 'second_section': 22407, 'second_departure_time': 1536862680, 'second_arrival_time': 1536869340}
1538	{'task_type': 'regular', 'locomotive': 22599, 'train_section': 26701, 'section': 22407, 'departure_time': 1536862680, 'arrival_time': 1536869340}
1539	{'task_type': 'deadhead', 'locomotive': 22599, 'first_train_section': 26701, 'first_section': 22407, 'first_departure_time': 1536862680, 'first_arrival_time': 1536869340, 'second_train_section': 22975, 'second_section': 22343, 'second_departure_time': 1536883260, 'second_arrival_time': 1536891660}
1540	{'task_type': 'regular', 'locomotive': 22599, 'train_section': 22975, 'section': 22343, 'departure_time': 1536883260, 'arrival_time': 1536891660}
1541	{'task_type': 'deadhead', 'locomotive': 22599, 'first_train_section': 22975, 'first_section': 22343, 'first_departure_time': 1536883260, 'first_arrival_time': 1536891660, 'second_train_section': 28544, 'second_section': 22295, 'second_departure_time': 1536892620, 'second_arrival_time': 1536894000}
1542	{'task_type': 'regular', 'locomotive': 22599, 'train_section': 28544, 'section': 22295, 'departure_time': 1536892620, 'arrival_time': 1536894000}
1543	{'task_type': 'deadhead', 'locomotive': 22599, 'first_train_section': 28544, 'first_section': 22295, 'first_departure_time': 1536892620, 'first_arrival_time': 1536894000, 'second_train_section': 24184, 'second_section': 22463, 'second_departure_time': 1536898380, 'second_arrival_time': 1536907260}
1544	{'task_type': 'regular', 'locomotive': 22599, 'train_section': 24184, 'section': 22463, 'departure_time': 1536898380, 'arrival_time': 1536907260}
1545	{'task_type': 'regular', 'locomotive': 22599, 'train_section': 23339, 'section': 22314, 'departure_time': 1536910440, 'arrival_time': 1536913140}
1546	{'task_type': 'regular', 'locomotive': 22599, 'train_section': 23874, 'section': 22311, 'departure_time': 1536918000, 'arrival_time': 1536920760}
1547	{'task_type': 'regular', 'locomotive': 22599, 'train_section': 23082, 'section': 22313, 'departure_time': 1536922080, 'arrival_time': 1536927000}
1548	{'task_type': 'deadhead', 'locomotive': 22599, 'first_train_section': 23082, 'first_section': 22313, 'first_departure_time': 1536922080, 'first_arrival_time': 1536927000, 'second_train_section': 28256, 'second_section': 22447, 'second_departure_time': 1536932400, 'second_arrival_time': 1536935280}
1549	{'task_type': 'regular', 'locomotive': 22599, 'train_section': 28256, 'section': 22447, 'departure_time': 1536932400, 'arrival_time': 1536935280}
1550	{'task_type': 'deadhead', 'locomotive': 22599, 'first_train_section': 28256, 'first_section': 22447, 'first_departure_time': 1536932400, 'first_arrival_time': 1536935280, 'second_train_section': 23726, 'second_section': 22327, 'second_departure_time': 1536939780, 'second_arrival_time': 1536946860}
1551	{'task_type': 'regular', 'locomotive': 22599, 'train_section': 23726, 'section': 22327, 'departure_time': 1536939780, 'arrival_time': 1536946860}
1552	{'task_type': 'deadhead', 'locomotive': 22599, 'first_train_section': 24227, 'first_section': 22319, 'first_departure_time': 1536946860, 'first_arrival_time': 1536962340, 'second_train_section': 27567, 'second_section': 22323, 'second_departure_time': 1536980820, 'second_arrival_time': 1536984180}
1553	{'task_type': 'regular', 'locomotive': 22599, 'train_section': 27567, 'section': 22323, 'departure_time': 1536980820, 'arrival_time': 1536984180}
1554	{'task_type': 'deadhead', 'locomotive': 22599, 'first_train_section': 27567, 'first_section': 22323, 'first_departure_time': 1536980820, 'first_arrival_time': 1536984180, 'second_train_section': 24368, 'second_section': 22329, 'second_departure_time': 1536994680, 'second_arrival_time': 1536996120}
1555	{'task_type': 'regular', 'locomotive': 22599, 'train_section': 24368, 'section': 22329, 'departure_time': 1536994680, 'arrival_time': 1536996120}
1556	{'task_type': 'deadhead', 'locomotive': 22599, 'first_train_section': 24368, 'first_section': 22329, 'first_departure_time': 1536994680, 'first_arrival_time': 1536996120, 'second_train_section': 24638, 'second_section': 22334, 'second_departure_time': 1537007880, 'second_arrival_time': 1537012080}
1557	{'task_type': 'regular', 'locomotive': 22599, 'train_section': 24638, 'section': 22334, 'departure_time': 1537007880, 'arrival_time': 1537012080}
1558	{'task_type': 'deadhead', 'locomotive': 22599, 'first_train_section': 24638, 'first_section': 22334, 'first_departure_time': 1537007880, 'first_arrival_time': 1537012080, 'second_train_section': 28842, 'second_section': 22331, 'second_departure_time': 1537031280, 'second_arrival_time': 1537042200}
1559	{'task_type': 'regular', 'locomotive': 22599, 'train_section': 28842, 'section': 22331, 'departure_time': 1537031280, 'arrival_time': 1537042200}
1560	{'task_type': 'deadhead', 'locomotive': 22599, 'first_train_section': 28842, 'first_section': 22331, 'first_departure_time': 1537031280, 'first_arrival_time': 1537042200, 'second_train_section': 23455, 'second_section': 22314, 'second_departure_time': 1537083240, 'second_arrival_time': 1537085940}
1561	{'task_type': 'regular', 'locomotive': 22599, 'train_section': 23455, 'section': 22314, 'departure_time': 1537083240, 'arrival_time': 1537085940}
1562	{'task_type': 'deadhead', 'locomotive': 22599, 'first_train_section': 23455, 'first_section': 22314, 'first_departure_time': 1537083240, 'first_arrival_time': 1537085940, 'second_train_section': 25735, 'second_section': 22404, 'second_departure_time': 1537123620, 'second_arrival_time': 1537132560}
1563	{'task_type': 'regular', 'locomotive': 22599, 'train_section': 25735, 'section': 22404, 'departure_time': 1537123620, 'arrival_time': 1537132560}
1564	{'task_type': 'regular', 'locomotive': 22601, 'train_section': 23236, 'section': 22449, 'departure_time': 1536678720, 'arrival_time': 1536681900}
1565	{'task_type': 'deadhead', 'locomotive': 22601, 'first_train_section': 23236, 'first_section': 22449, 'first_departure_time': 1536678720, 'first_arrival_time': 1536681900, 'second_train_section': 25614, 'second_section': 22280, 'second_departure_time': 1536685320, 'second_arrival_time': 1536693720}
1566	{'task_type': 'regular', 'locomotive': 22601, 'train_section': 25614, 'section': 22280, 'departure_time': 1536685320, 'arrival_time': 1536693720}
1567	{'task_type': 'deadhead', 'locomotive': 22601, 'first_train_section': 25614, 'first_section': 22280, 'first_departure_time': 1536685320, 'first_arrival_time': 1536693720, 'second_train_section': 26291, 'second_section': 22323, 'second_departure_time': 1536695340, 'second_arrival_time': 1536698580}
1568	{'task_type': 'regular', 'locomotive': 22601, 'train_section': 26291, 'section': 22323, 'departure_time': 1536695340, 'arrival_time': 1536698580}
1569	{'task_type': 'deadhead', 'locomotive': 22601, 'first_train_section': 26291, 'first_section': 22323, 'first_departure_time': 1536695340, 'first_arrival_time': 1536698580, 'second_train_section': 25709, 'second_section': 22330, 'second_departure_time': 1536709200, 'second_arrival_time': 1536717420}
1570	{'task_type': 'regular', 'locomotive': 22601, 'train_section': 25709, 'section': 22330, 'departure_time': 1536709200, 'arrival_time': 1536717420}
1571	{'task_type': 'deadhead', 'locomotive': 22601, 'first_train_section': 25709, 'first_section': 22330, 'first_departure_time': 1536709200, 'first_arrival_time': 1536717420, 'second_train_section': 28403, 'second_section': 22273, 'second_departure_time': 1536724080, 'second_arrival_time': 1536728460}
1572	{'task_type': 'regular', 'locomotive': 22601, 'train_section': 28403, 'section': 22273, 'departure_time': 1536724080, 'arrival_time': 1536728460}
1573	{'task_type': 'regular', 'locomotive': 22601, 'train_section': 23216, 'section': 22401, 'departure_time': 1536728940, 'arrival_time': 1536730260}
1574	{'task_type': 'deadhead', 'locomotive': 22601, 'first_train_section': 23216, 'first_section': 22401, 'first_departure_time': 1536728940, 'first_arrival_time': 1536730260, 'second_train_section': 27813, 'second_section': 22409, 'second_departure_time': 1536731940, 'second_arrival_time': 1536739440}
1575	{'task_type': 'regular', 'locomotive': 22601, 'train_section': 27813, 'section': 22409, 'departure_time': 1536731940, 'arrival_time': 1536739440}
1576	{'task_type': 'deadhead', 'locomotive': 22601, 'first_train_section': 27813, 'first_section': 22409, 'first_departure_time': 1536731940, 'first_arrival_time': 1536739440, 'second_train_section': 23228, 'second_section': 22404, 'second_departure_time': 1536747600, 'second_arrival_time': 1536756360}
1577	{'task_type': 'regular', 'locomotive': 22601, 'train_section': 23228, 'section': 22404, 'departure_time': 1536747600, 'arrival_time': 1536756360}
1578	{'task_type': 'regular', 'locomotive': 22601, 'train_section': 23230, 'section': 22248, 'departure_time': 1536756960, 'arrival_time': 1536759600}
1579	{'task_type': 'deadhead', 'locomotive': 22601, 'first_train_section': 26158, 'first_section': 22359, 'first_departure_time': 1536786000, 'first_arrival_time': 1536809400, 'second_train_section': 28756, 'second_section': 22496, 'second_departure_time': 1536824460, 'second_arrival_time': 1536829260}
1580	{'task_type': 'regular', 'locomotive': 22601, 'train_section': 28756, 'section': 22496, 'departure_time': 1536824460, 'arrival_time': 1536829260}
1581	{'task_type': 'deadhead', 'locomotive': 22601, 'first_train_section': 28756, 'first_section': 22496, 'first_departure_time': 1536824460, 'first_arrival_time': 1536829260, 'second_train_section': 25030, 'second_section': 22505, 'second_departure_time': 1536841140, 'second_arrival_time': 1536847020}
1582	{'task_type': 'regular', 'locomotive': 22601, 'train_section': 25030, 'section': 22505, 'departure_time': 1536841140, 'arrival_time': 1536847020}
1583	{'task_type': 'deadhead', 'locomotive': 22601, 'first_train_section': 25030, 'first_section': 22505, 'first_departure_time': 1536841140, 'first_arrival_time': 1536847020, 'second_train_section': 26059, 'second_section': 22264, 'second_departure_time': 1536853980, 'second_arrival_time': 1536854400}
1584	{'task_type': 'regular', 'locomotive': 22601, 'train_section': 26059, 'section': 22264, 'departure_time': 1536853980, 'arrival_time': 1536854400}
1585	{'task_type': 'deadhead', 'locomotive': 22601, 'first_train_section': 26059, 'first_section': 22264, 'first_departure_time': 1536853980, 'first_arrival_time': 1536854400, 'second_train_section': 23697, 'second_section': 22500, 'second_departure_time': 1536860280, 'second_arrival_time': 1536863400}
1586	{'task_type': 'regular', 'locomotive': 22601, 'train_section': 23697, 'section': 22500, 'departure_time': 1536860280, 'arrival_time': 1536863400}
1587	{'task_type': 'deadhead', 'locomotive': 22601, 'first_train_section': 23697, 'first_section': 22500, 'first_departure_time': 1536860280, 'first_arrival_time': 1536863400, 'second_train_section': 22970, 'second_section': 22508, 'second_departure_time': 1536867420, 'second_arrival_time': 1536870960}
1588	{'task_type': 'regular', 'locomotive': 22601, 'train_section': 22970, 'section': 22508, 'departure_time': 1536867420, 'arrival_time': 1536870960}
1589	{'task_type': 'deadhead', 'locomotive': 22601, 'first_train_section': 22970, 'first_section': 22508, 'first_departure_time': 1536867420, 'first_arrival_time': 1536870960, 'second_train_section': 23818, 'second_section': 22259, 'second_departure_time': 1536873300, 'second_arrival_time': 1536873720}
1590	{'task_type': 'regular', 'locomotive': 22601, 'train_section': 23818, 'section': 22259, 'departure_time': 1536873300, 'arrival_time': 1536873720}
1591	{'task_type': 'deadhead', 'locomotive': 22601, 'first_train_section': 23818, 'first_section': 22259, 'first_departure_time': 1536873300, 'first_arrival_time': 1536873720, 'second_train_section': 28588, 'second_section': 22505, 'second_departure_time': 1536880500, 'second_arrival_time': 1536885240}
1592	{'task_type': 'regular', 'locomotive': 22601, 'train_section': 28588, 'section': 22505, 'departure_time': 1536880500, 'arrival_time': 1536885240}
1593	{'task_type': 'regular', 'locomotive': 22601, 'train_section': 29000, 'section': 22309, 'departure_time': 1536885780, 'arrival_time': 1536890400}
1594	{'task_type': 'deadhead', 'locomotive': 22601, 'first_train_section': 29000, 'first_section': 22309, 'first_departure_time': 1536885780, 'first_arrival_time': 1536890400, 'second_train_section': 26787, 'second_section': 22248, 'second_departure_time': 1536897000, 'second_arrival_time': 1536899760}
1595	{'task_type': 'regular', 'locomotive': 22601, 'train_section': 26787, 'section': 22248, 'departure_time': 1536897000, 'arrival_time': 1536899760}
1596	{'task_type': 'deadhead', 'locomotive': 22601, 'first_train_section': 26787, 'first_section': 22248, 'first_departure_time': 1536897000, 'first_arrival_time': 1536899760, 'second_train_section': 25085, 'second_section': 22304, 'second_departure_time': 1536903300, 'second_arrival_time': 1536908340}
1597	{'task_type': 'regular', 'locomotive': 22601, 'train_section': 25085, 'section': 22304, 'departure_time': 1536903300, 'arrival_time': 1536908340}
1598	{'task_type': 'deadhead', 'locomotive': 22601, 'first_train_section': 25085, 'first_section': 22304, 'first_departure_time': 1536903300, 'first_arrival_time': 1536908340, 'second_train_section': 26227, 'second_section': 22309, 'second_departure_time': 1536914760, 'second_arrival_time': 1536919320}
1599	{'task_type': 'regular', 'locomotive': 22601, 'train_section': 26227, 'section': 22309, 'departure_time': 1536914760, 'arrival_time': 1536919320}
1600	{'task_type': 'deadhead', 'locomotive': 22601, 'first_train_section': 26227, 'first_section': 22309, 'first_departure_time': 1536914760, 'first_arrival_time': 1536919320, 'second_train_section': 26013, 'second_section': 22262, 'second_departure_time': 1536930480, 'second_arrival_time': 1536930780}
1601	{'task_type': 'regular', 'locomotive': 22601, 'train_section': 26013, 'section': 22262, 'departure_time': 1536930480, 'arrival_time': 1536930780}
1602	{'task_type': 'regular', 'locomotive': 22601, 'train_section': 26015, 'section': 22263, 'departure_time': 1536932280, 'arrival_time': 1536934080}
1603	{'task_type': 'regular', 'locomotive': 22601, 'train_section': 25100, 'section': 22247, 'departure_time': 1536942660, 'arrival_time': 1536951660}
1604	{'task_type': 'deadhead', 'locomotive': 22601, 'first_train_section': 25100, 'first_section': 22247, 'first_departure_time': 1536942660, 'first_arrival_time': 1536951660, 'second_train_section': 22900, 'second_section': 22337, 'second_departure_time': 1536968100, 'second_arrival_time': 1536975840}
1605	{'task_type': 'regular', 'locomotive': 22601, 'train_section': 22900, 'section': 22337, 'departure_time': 1536968100, 'arrival_time': 1536975840}
1606	{'task_type': 'deadhead', 'locomotive': 22601, 'first_train_section': 22900, 'first_section': 22337, 'first_departure_time': 1536968100, 'first_arrival_time': 1536975840, 'second_train_section': 25679, 'second_section': 22506, 'second_departure_time': 1536993240, 'second_arrival_time': 1536994020}
1607	{'task_type': 'regular', 'locomotive': 22601, 'train_section': 25679, 'section': 22506, 'departure_time': 1536993240, 'arrival_time': 1536994020}
1608	{'task_type': 'deadhead', 'locomotive': 22601, 'first_train_section': 25679, 'first_section': 22506, 'first_departure_time': 1536993240, 'first_arrival_time': 1536994020, 'second_train_section': 24640, 'second_section': 22324, 'second_departure_time': 1537014180, 'second_arrival_time': 1537019580}
1609	{'task_type': 'regular', 'locomotive': 22601, 'train_section': 24640, 'section': 22324, 'departure_time': 1537014180, 'arrival_time': 1537019580}
1610	{'task_type': 'deadhead', 'locomotive': 22601, 'first_train_section': 24640, 'first_section': 22324, 'first_departure_time': 1537014180, 'first_arrival_time': 1537019580, 'second_train_section': 24471, 'second_section': 22431, 'second_departure_time': 1537037100, 'second_arrival_time': 1537042380}
1611	{'task_type': 'regular', 'locomotive': 22601, 'train_section': 24471, 'section': 22431, 'departure_time': 1537037100, 'arrival_time': 1537042380}
1612	{'task_type': 'deadhead', 'locomotive': 22601, 'first_train_section': 24471, 'first_section': 22431, 'first_departure_time': 1537037100, 'first_arrival_time': 1537042380, 'second_train_section': 26864, 'second_section': 22360, 'second_departure_time': 1537116480, 'second_arrival_time': 1537128120}
1613	{'task_type': 'regular', 'locomotive': 22601, 'train_section': 26864, 'section': 22360, 'departure_time': 1537116480, 'arrival_time': 1537128120}
1614	{'task_type': 'regular', 'locomotive': 22602, 'train_section': 28474, 'section': 22463, 'departure_time': 1536639180, 'arrival_time': 1536648060}
1615	{'task_type': 'regular', 'locomotive': 22602, 'train_section': 25596, 'section': 22314, 'departure_time': 1536651240, 'arrival_time': 1536653940}
1616	{'task_type': 'deadhead', 'locomotive': 22602, 'first_train_section': 25596, 'first_section': 22314, 'first_departure_time': 1536651240, 'first_arrival_time': 1536653940, 'second_train_section': 27050, 'second_section': 22313, 'second_departure_time': 1536662880, 'second_arrival_time': 1536667800}
1617	{'task_type': 'regular', 'locomotive': 22602, 'train_section': 27050, 'section': 22313, 'departure_time': 1536662880, 'arrival_time': 1536667800}
1618	{'task_type': 'deadhead', 'locomotive': 22602, 'first_train_section': 27050, 'first_section': 22313, 'first_departure_time': 1536662880, 'first_arrival_time': 1536667800, 'second_train_section': 26621, 'second_section': 22447, 'second_departure_time': 1536673200, 'second_arrival_time': 1536676080}
1619	{'task_type': 'regular', 'locomotive': 22602, 'train_section': 26621, 'section': 22447, 'departure_time': 1536673200, 'arrival_time': 1536676080}
1620	{'task_type': 'deadhead', 'locomotive': 22602, 'first_train_section': 26621, 'first_section': 22447, 'first_departure_time': 1536673200, 'first_arrival_time': 1536676080, 'second_train_section': 28916, 'second_section': 22387, 'second_departure_time': 1536680280, 'second_arrival_time': 1536681720}
1621	{'task_type': 'regular', 'locomotive': 22602, 'train_section': 28916, 'section': 22387, 'departure_time': 1536680280, 'arrival_time': 1536681720}
1622	{'task_type': 'deadhead', 'locomotive': 22602, 'first_train_section': 28916, 'first_section': 22387, 'first_departure_time': 1536680280, 'first_arrival_time': 1536681720, 'second_train_section': 24243, 'second_section': 22471, 'second_departure_time': 1536685020, 'second_arrival_time': 1536687840}
1623	{'task_type': 'regular', 'locomotive': 22602, 'train_section': 24243, 'section': 22471, 'departure_time': 1536685020, 'arrival_time': 1536687840}
1624	{'task_type': 'deadhead', 'locomotive': 22602, 'first_train_section': 24243, 'first_section': 22471, 'first_departure_time': 1536685020, 'first_arrival_time': 1536687840, 'second_train_section': 27428, 'second_section': 22322, 'second_departure_time': 1536700380, 'second_arrival_time': 1536708600}
1625	{'task_type': 'regular', 'locomotive': 22602, 'train_section': 27428, 'section': 22322, 'departure_time': 1536700380, 'arrival_time': 1536708600}
1626	{'task_type': 'deadhead', 'locomotive': 22602, 'first_train_section': 27428, 'first_section': 22322, 'first_departure_time': 1536700380, 'first_arrival_time': 1536708600, 'second_train_section': 24575, 'second_section': 22295, 'second_departure_time': 1536719820, 'second_arrival_time': 1536721200}
1627	{'task_type': 'regular', 'locomotive': 22602, 'train_section': 24575, 'section': 22295, 'departure_time': 1536719820, 'arrival_time': 1536721200}
1628	{'task_type': 'deadhead', 'locomotive': 22602, 'first_train_section': 24575, 'first_section': 22295, 'first_departure_time': 1536719820, 'first_arrival_time': 1536721200, 'second_train_section': 23805, 'second_section': 22431, 'second_departure_time': 1536732600, 'second_arrival_time': 1536737220}
1629	{'task_type': 'regular', 'locomotive': 22602, 'train_section': 23805, 'section': 22431, 'departure_time': 1536732600, 'arrival_time': 1536737220}
1630	{'task_type': 'deadhead', 'locomotive': 22602, 'first_train_section': 23805, 'first_section': 22431, 'first_departure_time': 1536732600, 'first_arrival_time': 1536737220, 'second_train_section': 23809, 'second_section': 22309, 'second_departure_time': 1536741960, 'second_arrival_time': 1536746520}
1631	{'task_type': 'regular', 'locomotive': 22602, 'train_section': 23809, 'section': 22309, 'departure_time': 1536741960, 'arrival_time': 1536746520}
1632	{'task_type': 'deadhead', 'locomotive': 22602, 'first_train_section': 23809, 'first_section': 22309, 'first_departure_time': 1536741960, 'first_arrival_time': 1536746520, 'second_train_section': 28153, 'second_section': 22304, 'second_departure_time': 1536753720, 'second_arrival_time': 1536758580}
1633	{'task_type': 'regular', 'locomotive': 22602, 'train_section': 28153, 'section': 22304, 'departure_time': 1536753720, 'arrival_time': 1536758580}
1634	{'task_type': 'regular', 'locomotive': 22602, 'train_section': 28155, 'section': 22247, 'departure_time': 1536758820, 'arrival_time': 1536770220}
1635	{'task_type': 'deadhead', 'locomotive': 22602, 'first_train_section': 28155, 'first_section': 22247, 'first_departure_time': 1536758820, 'first_arrival_time': 1536770220, 'second_train_section': 27770, 'second_section': 22404, 'second_departure_time': 1536777480, 'second_arrival_time': 1536786300}
1636	{'task_type': 'regular', 'locomotive': 22602, 'train_section': 27770, 'section': 22404, 'departure_time': 1536777480, 'arrival_time': 1536786300}
1637	{'task_type': 'deadhead', 'locomotive': 22602, 'first_train_section': 27770, 'first_section': 22404, 'first_departure_time': 1536777480, 'first_arrival_time': 1536786300, 'second_train_section': 25118, 'second_section': 22352, 'second_departure_time': 1536792720, 'second_arrival_time': 1536799440}
1638	{'task_type': 'regular', 'locomotive': 22602, 'train_section': 25118, 'section': 22352, 'departure_time': 1536792720, 'arrival_time': 1536799440}
1639	{'task_type': 'deadhead', 'locomotive': 22602, 'first_train_section': 25118, 'first_section': 22352, 'first_departure_time': 1536792720, 'first_arrival_time': 1536799440, 'second_train_section': 27056, 'second_section': 22416, 'second_departure_time': 1536810840, 'second_arrival_time': 1536814500}
1640	{'task_type': 'regular', 'locomotive': 22602, 'train_section': 27056, 'section': 22416, 'departure_time': 1536810840, 'arrival_time': 1536814500}
1641	{'task_type': 'deadhead', 'locomotive': 22602, 'first_train_section': 27056, 'first_section': 22416, 'first_departure_time': 1536810840, 'first_arrival_time': 1536814500, 'second_train_section': 24151, 'second_section': 22438, 'second_departure_time': 1536839520, 'second_arrival_time': 1536850260}
1642	{'task_type': 'regular', 'locomotive': 22602, 'train_section': 24151, 'section': 22438, 'departure_time': 1536839520, 'arrival_time': 1536850260}
1643	{'task_type': 'deadhead', 'locomotive': 22602, 'first_train_section': 24151, 'first_section': 22438, 'first_departure_time': 1536839520, 'first_arrival_time': 1536850260, 'second_train_section': 25456, 'second_section': 22404, 'second_departure_time': 1536864420, 'second_arrival_time': 1536873360}
1644	{'task_type': 'regular', 'locomotive': 22602, 'train_section': 25456, 'section': 22404, 'departure_time': 1536864420, 'arrival_time': 1536873360}
1645	{'task_type': 'regular', 'locomotive': 22602, 'train_section': 24023, 'section': 22244, 'departure_time': 1536874320, 'arrival_time': 1536875880}
1646	{'task_type': 'deadhead', 'locomotive': 22602, 'first_train_section': 24023, 'first_section': 22244, 'first_departure_time': 1536874320, 'first_arrival_time': 1536875880, 'second_train_section': 26311, 'second_section': 22404, 'second_departure_time': 1536891660, 'second_arrival_time': 1536900900}
1647	{'task_type': 'regular', 'locomotive': 22602, 'train_section': 26311, 'section': 22404, 'departure_time': 1536891660, 'arrival_time': 1536900900}
1648	{'task_type': 'deadhead', 'locomotive': 22602, 'first_train_section': 26311, 'first_section': 22404, 'first_departure_time': 1536891660, 'first_arrival_time': 1536900900, 'second_train_section': 28028, 'second_section': 22347, 'second_departure_time': 1536909540, 'second_arrival_time': 1536914880}
1649	{'task_type': 'regular', 'locomotive': 22602, 'train_section': 28028, 'section': 22347, 'departure_time': 1536909540, 'arrival_time': 1536914880}
1650	{'task_type': 'deadhead', 'locomotive': 22602, 'first_train_section': 28028, 'first_section': 22347, 'first_departure_time': 1536909540, 'first_arrival_time': 1536914880, 'second_train_section': 27737, 'second_section': 22391, 'second_departure_time': 1536931560, 'second_arrival_time': 1536932280}
1651	{'task_type': 'regular', 'locomotive': 22602, 'train_section': 27737, 'section': 22391, 'departure_time': 1536931560, 'arrival_time': 1536932280}
1652	{'task_type': 'deadhead', 'locomotive': 22602, 'first_train_section': 27737, 'first_section': 22391, 'first_departure_time': 1536931560, 'first_arrival_time': 1536932280, 'second_train_section': 26657, 'second_section': 22242, 'second_departure_time': 1536945840, 'second_arrival_time': 1536949020}
1653	{'task_type': 'regular', 'locomotive': 22602, 'train_section': 26657, 'section': 22242, 'departure_time': 1536945840, 'arrival_time': 1536949020}
1654	{'task_type': 'deadhead', 'locomotive': 22602, 'first_train_section': 26657, 'first_section': 22242, 'first_departure_time': 1536945840, 'first_arrival_time': 1536949020, 'second_train_section': 27790, 'second_section': 22233, 'second_departure_time': 1536992460, 'second_arrival_time': 1537007940}
1655	{'task_type': 'regular', 'locomotive': 22602, 'train_section': 27790, 'section': 22233, 'departure_time': 1536992460, 'arrival_time': 1537007940}
1656	{'task_type': 'regular', 'locomotive': 22603, 'train_section': 24923, 'section': 22438, 'departure_time': 1536666720, 'arrival_time': 1536677460}
1657	{'task_type': 'regular', 'locomotive': 22603, 'train_section': 28887, 'section': 22331, 'departure_time': 1536678480, 'arrival_time': 1536689340}
1658	{'task_type': 'regular', 'locomotive': 22603, 'train_section': 27274, 'section': 22439, 'departure_time': 1536691920, 'arrival_time': 1536699000}
1659	{'task_type': 'regular', 'locomotive': 22603, 'train_section': 26293, 'section': 22337, 'departure_time': 1536699720, 'arrival_time': 1536706380}
1660	{'task_type': 'deadhead', 'locomotive': 22603, 'first_train_section': 26293, 'first_section': 22337, 'first_departure_time': 1536699720, 'first_arrival_time': 1536706380, 'second_train_section': 28066, 'second_section': 22404, 'second_departure_time': 1536710580, 'second_arrival_time': 1536719220}
1661	{'task_type': 'regular', 'locomotive': 22603, 'train_section': 28066, 'section': 22404, 'departure_time': 1536710580, 'arrival_time': 1536719220}
1662	{'task_type': 'regular', 'locomotive': 22603, 'train_section': 25849, 'section': 22248, 'departure_time': 1536724200, 'arrival_time': 1536726960}
1663	{'task_type': 'deadhead', 'locomotive': 22603, 'first_train_section': 25849, 'first_section': 22248, 'first_departure_time': 1536724200, 'first_arrival_time': 1536726960, 'second_train_section': 27915, 'second_section': 22258, 'second_departure_time': 1536735060, 'second_arrival_time': 1536737460}
1664	{'task_type': 'regular', 'locomotive': 22603, 'train_section': 27915, 'section': 22258, 'departure_time': 1536735060, 'arrival_time': 1536737460}
1665	{'task_type': 'deadhead', 'locomotive': 22603, 'first_train_section': 27915, 'first_section': 22258, 'first_departure_time': 1536735060, 'first_arrival_time': 1536737460, 'second_train_section': 23729, 'second_section': 22479, 'second_departure_time': 1536738540, 'second_arrival_time': 1536740160}
1666	{'task_type': 'regular', 'locomotive': 22603, 'train_section': 23729, 'section': 22479, 'departure_time': 1536738540, 'arrival_time': 1536740160}
1667	{'task_type': 'deadhead', 'locomotive': 22603, 'first_train_section': 23729, 'first_section': 22479, 'first_departure_time': 1536738540, 'first_arrival_time': 1536740160, 'second_train_section': 26469, 'second_section': 22344, 'second_departure_time': 1536745320, 'second_arrival_time': 1536746640}
1668	{'task_type': 'regular', 'locomotive': 22603, 'train_section': 26469, 'section': 22344, 'departure_time': 1536745320, 'arrival_time': 1536746640}
1669	{'task_type': 'deadhead', 'locomotive': 22603, 'first_train_section': 26469, 'first_section': 22344, 'first_departure_time': 1536745320, 'first_arrival_time': 1536746640, 'second_train_section': 22773, 'second_section': 22343, 'second_departure_time': 1536748800, 'second_arrival_time': 1536757320}
1670	{'task_type': 'regular', 'locomotive': 22603, 'train_section': 22773, 'section': 22343, 'departure_time': 1536748800, 'arrival_time': 1536757320}
1671	{'task_type': 'deadhead', 'locomotive': 22603, 'first_train_section': 22773, 'first_section': 22343, 'first_departure_time': 1536748800, 'first_arrival_time': 1536757320, 'second_train_section': 25009, 'second_section': 22279, 'second_departure_time': 1536760200, 'second_arrival_time': 1536765120}
1672	{'task_type': 'regular', 'locomotive': 22603, 'train_section': 25009, 'section': 22279, 'departure_time': 1536760200, 'arrival_time': 1536765120}
1673	{'task_type': 'deadhead', 'locomotive': 22603, 'first_train_section': 25009, 'first_section': 22279, 'first_departure_time': 1536760200, 'first_arrival_time': 1536765120, 'second_train_section': 25206, 'second_section': 22446, 'second_departure_time': 1536772860, 'second_arrival_time': 1536773940}
1674	{'task_type': 'regular', 'locomotive': 22603, 'train_section': 25206, 'section': 22446, 'departure_time': 1536772860, 'arrival_time': 1536773940}
1675	{'task_type': 'deadhead', 'locomotive': 22603, 'first_train_section': 25971, 'first_section': 22411, 'first_departure_time': 1536789600, 'first_arrival_time': 1536809220, 'second_train_section': 23634, 'second_section': 22492, 'second_departure_time': 1536819840, 'second_arrival_time': 1536829080}
1676	{'task_type': 'regular', 'locomotive': 22603, 'train_section': 23634, 'section': 22492, 'departure_time': 1536819840, 'arrival_time': 1536829080}
1677	{'task_type': 'deadhead', 'locomotive': 22603, 'first_train_section': 23634, 'first_section': 22492, 'first_departure_time': 1536819840, 'first_arrival_time': 1536829080, 'second_train_section': 22892, 'second_section': 22351, 'second_departure_time': 1536835680, 'second_arrival_time': 1536840840}
1678	{'task_type': 'regular', 'locomotive': 22603, 'train_section': 22892, 'section': 22351, 'departure_time': 1536835680, 'arrival_time': 1536840840}
1679	{'task_type': 'regular', 'locomotive': 22603, 'train_section': 26882, 'section': 22500, 'departure_time': 1536845880, 'arrival_time': 1536849000}
1680	{'task_type': 'regular', 'locomotive': 22603, 'train_section': 26998, 'section': 22361, 'departure_time': 1536849540, 'arrival_time': 1536852540}
1681	{'task_type': 'deadhead', 'locomotive': 22603, 'first_train_section': 25314, 'first_section': 22302, 'first_departure_time': 1536860700, 'first_arrival_time': 1536875940, 'second_train_section': 24500, 'second_section': 22496, 'second_departure_time': 1536880860, 'second_arrival_time': 1536884760}
1682	{'task_type': 'regular', 'locomotive': 22603, 'train_section': 24500, 'section': 22496, 'departure_time': 1536880860, 'arrival_time': 1536884760}
1683	{'task_type': 'deadhead', 'locomotive': 22603, 'first_train_section': 24500, 'first_section': 22496, 'first_departure_time': 1536880860, 'first_arrival_time': 1536884760, 'second_train_section': 24050, 'second_section': 22386, 'second_departure_time': 1536890280, 'second_arrival_time': 1536895080}
1684	{'task_type': 'regular', 'locomotive': 22603, 'train_section': 24050, 'section': 22386, 'departure_time': 1536890280, 'arrival_time': 1536895080}
1685	{'task_type': 'regular', 'locomotive': 22603, 'train_section': 26777, 'section': 22495, 'departure_time': 1536895320, 'arrival_time': 1536898260}
1686	{'task_type': 'regular', 'locomotive': 22603, 'train_section': 26779, 'section': 22307, 'departure_time': 1536900000, 'arrival_time': 1536902340}
1687	{'task_type': 'deadhead', 'locomotive': 22603, 'first_train_section': 26779, 'first_section': 22307, 'first_departure_time': 1536900000, 'first_arrival_time': 1536902340, 'second_train_section': 26315, 'second_section': 22308, 'second_departure_time': 1536907260, 'second_arrival_time': 1536909960}
1688	{'task_type': 'regular', 'locomotive': 22603, 'train_section': 26315, 'section': 22308, 'departure_time': 1536907260, 'arrival_time': 1536909960}
1689	{'task_type': 'regular', 'locomotive': 22603, 'train_section': 26827, 'section': 22495, 'departure_time': 1536911640, 'arrival_time': 1536914520}
1690	{'task_type': 'deadhead', 'locomotive': 22603, 'first_train_section': 26827, 'first_section': 22495, 'first_departure_time': 1536911640, 'first_arrival_time': 1536914520, 'second_train_section': 24543, 'second_section': 22264, 'second_departure_time': 1536920400, 'second_arrival_time': 1536920820}
1691	{'task_type': 'regular', 'locomotive': 22603, 'train_section': 24543, 'section': 22264, 'departure_time': 1536920400, 'arrival_time': 1536920820}
1692	{'task_type': 'deadhead', 'locomotive': 22603, 'first_train_section': 24543, 'first_section': 22264, 'first_departure_time': 1536920400, 'first_arrival_time': 1536920820, 'second_train_section': 23252, 'second_section': 22499, 'second_departure_time': 1536925500, 'second_arrival_time': 1536930660}
1693	{'task_type': 'regular', 'locomotive': 22603, 'train_section': 23252, 'section': 22499, 'departure_time': 1536925500, 'arrival_time': 1536930660}
1694	{'task_type': 'deadhead', 'locomotive': 22603, 'first_train_section': 23252, 'first_section': 22499, 'first_departure_time': 1536925500, 'first_arrival_time': 1536930660, 'second_train_section': 24946, 'second_section': 22264, 'second_departure_time': 1536935340, 'second_arrival_time': 1536935760}
1695	{'task_type': 'regular', 'locomotive': 22603, 'train_section': 24946, 'section': 22264, 'departure_time': 1536935340, 'arrival_time': 1536935760}
1696	{'task_type': 'regular', 'locomotive': 22603, 'train_section': 27400, 'section': 22261, 'departure_time': 1536935880, 'arrival_time': 1536937500}
1697	{'task_type': 'deadhead', 'locomotive': 22603, 'first_train_section': 25792, 'first_section': 22302, 'first_departure_time': 1536947100, 'first_arrival_time': 1536962340, 'second_train_section': 23172, 'second_section': 22495, 'second_departure_time': 1536968040, 'second_arrival_time': 1536970920}
1698	{'task_type': 'regular', 'locomotive': 22603, 'train_section': 23172, 'section': 22495, 'departure_time': 1536968040, 'arrival_time': 1536970920}
1699	{'task_type': 'regular', 'locomotive': 22603, 'train_section': 26374, 'section': 22308, 'departure_time': 1536975360, 'arrival_time': 1536978000}
1700	{'task_type': 'regular', 'locomotive': 22603, 'train_section': 28234, 'section': 22496, 'departure_time': 1536983400, 'arrival_time': 1536989580}
1701	{'task_type': 'deadhead', 'locomotive': 22603, 'first_train_section': 28234, 'first_section': 22496, 'first_departure_time': 1536983400, 'first_arrival_time': 1536989580, 'second_train_section': 25376, 'second_section': 22431, 'second_departure_time': 1536999480, 'second_arrival_time': 1537003440}
1702	{'task_type': 'regular', 'locomotive': 22603, 'train_section': 25376, 'section': 22431, 'departure_time': 1536999480, 'arrival_time': 1537003440}
1703	{'task_type': 'deadhead', 'locomotive': 22603, 'first_train_section': 25376, 'first_section': 22431, 'first_departure_time': 1536999480, 'first_arrival_time': 1537003440, 'second_train_section': 26683, 'second_section': 22435, 'second_departure_time': 1537006980, 'second_arrival_time': 1537012320}
1704	{'task_type': 'regular', 'locomotive': 22603, 'train_section': 26683, 'section': 22435, 'departure_time': 1537006980, 'arrival_time': 1537012320}
1705	{'task_type': 'deadhead', 'locomotive': 22603, 'first_train_section': 26683, 'first_section': 22435, 'first_departure_time': 1537006980, 'first_arrival_time': 1537012320, 'second_train_section': 27974, 'second_section': 22431, 'second_departure_time': 1537031940, 'second_arrival_time': 1537036800}
1706	{'task_type': 'regular', 'locomotive': 22603, 'train_section': 27974, 'section': 22431, 'departure_time': 1537031940, 'arrival_time': 1537036800}
1707	{'task_type': 'regular', 'locomotive': 22603, 'train_section': 24473, 'section': 22495, 'departure_time': 1537042920, 'arrival_time': 1537045620}
1708	{'task_type': 'deadhead', 'locomotive': 22603, 'first_train_section': 24473, 'first_section': 22495, 'first_departure_time': 1537042920, 'first_arrival_time': 1537045620, 'second_train_section': 28787, 'second_section': 22348, 'second_departure_time': 1537067580, 'second_arrival_time': 1537071120}
1709	{'task_type': 'regular', 'locomotive': 22603, 'train_section': 28787, 'section': 22348, 'departure_time': 1537067580, 'arrival_time': 1537071120}
1710	{'task_type': 'deadhead', 'locomotive': 22603, 'first_train_section': 28787, 'first_section': 22348, 'first_departure_time': 1537067580, 'first_arrival_time': 1537071120, 'second_train_section': 27717, 'second_section': 22499, 'second_departure_time': 1537083900, 'second_arrival_time': 1537089060}
1711	{'task_type': 'regular', 'locomotive': 22603, 'train_section': 27717, 'section': 22499, 'departure_time': 1537083900, 'arrival_time': 1537089060}
1712	{'task_type': 'regular', 'locomotive': 22603, 'train_section': 26879, 'section': 22342, 'departure_time': 1537104060, 'arrival_time': 1537110180}
1713	{'task_type': 'regular', 'locomotive': 22603, 'train_section': 25225, 'section': 22284, 'departure_time': 1537116720, 'arrival_time': 1537120380}
1714	{'task_type': 'regular', 'locomotive': 22604, 'train_section': 23025, 'section': 22308, 'departure_time': 1536629760, 'arrival_time': 1536632400}
1715	{'task_type': 'regular', 'locomotive': 22604, 'train_section': 23027, 'section': 22496, 'departure_time': 1536633060, 'arrival_time': 1536639420}
1716	{'task_type': 'regular', 'locomotive': 22604, 'train_section': 26364, 'section': 22418, 'departure_time': 1536672600, 'arrival_time': 1536674100}
1717	{'task_type': 'deadhead', 'locomotive': 22604, 'first_train_section': 26364, 'first_section': 22418, 'first_departure_time': 1536672600, 'first_arrival_time': 1536674100, 'second_train_section': 24771, 'second_section': 22416, 'second_departure_time': 1536679440, 'second_arrival_time': 1536683100}
1718	{'task_type': 'regular', 'locomotive': 22604, 'train_section': 24771, 'section': 22416, 'departure_time': 1536679440, 'arrival_time': 1536683100}
1719	{'task_type': 'deadhead', 'locomotive': 22604, 'first_train_section': 24771, 'first_section': 22416, 'first_departure_time': 1536679440, 'first_arrival_time': 1536683100, 'second_train_section': 24861, 'second_section': 22301, 'second_departure_time': 1536690660, 'second_arrival_time': 1536692760}
1720	{'task_type': 'regular', 'locomotive': 22604, 'train_section': 24861, 'section': 22301, 'departure_time': 1536690660, 'arrival_time': 1536692760}
1721	{'task_type': 'deadhead', 'locomotive': 22604, 'first_train_section': 24861, 'first_section': 22301, 'first_departure_time': 1536690660, 'first_arrival_time': 1536692760, 'second_train_section': 26669, 'second_section': 22427, 'second_departure_time': 1536697500, 'second_arrival_time': 1536700380}
1722	{'task_type': 'regular', 'locomotive': 22604, 'train_section': 26669, 'section': 22427, 'departure_time': 1536697500, 'arrival_time': 1536700380}
1723	{'task_type': 'regular', 'locomotive': 22604, 'train_section': 26671, 'section': 22443, 'departure_time': 1536701460, 'arrival_time': 1536703260}
1724	{'task_type': 'regular', 'locomotive': 22604, 'train_section': 26673, 'section': 22495, 'departure_time': 1536704700, 'arrival_time': 1536707640}
1725	{'task_type': 'deadhead', 'locomotive': 22604, 'first_train_section': 26673, 'first_section': 22495, 'first_departure_time': 1536704700, 'first_arrival_time': 1536707640, 'second_train_section': 25806, 'second_section': 22496, 'second_departure_time': 1536712440, 'second_arrival_time': 1536716160}
1726	{'task_type': 'regular', 'locomotive': 22604, 'train_section': 25806, 'section': 22496, 'departure_time': 1536712440, 'arrival_time': 1536716160}
1727	{'task_type': 'deadhead', 'locomotive': 22604, 'first_train_section': 25806, 'first_section': 22496, 'first_departure_time': 1536712440, 'first_arrival_time': 1536716160, 'second_train_section': 28498, 'second_section': 22378, 'second_departure_time': 1536725100, 'second_arrival_time': 1536728760}
1728	{'task_type': 'regular', 'locomotive': 22604, 'train_section': 28498, 'section': 22378, 'departure_time': 1536725100, 'arrival_time': 1536728760}
1729	{'task_type': 'deadhead', 'locomotive': 22604, 'first_train_section': 28781, 'first_section': 22417, 'first_departure_time': 1536728760, 'first_arrival_time': 1536747840, 'second_train_section': 22713, 'second_section': 22445, 'second_departure_time': 1536754320, 'second_arrival_time': 1536760440}
1730	{'task_type': 'regular', 'locomotive': 22604, 'train_section': 22713, 'section': 22445, 'departure_time': 1536754320, 'arrival_time': 1536760440}
1731	{'task_type': 'deadhead', 'locomotive': 22604, 'first_train_section': 22713, 'first_section': 22445, 'first_departure_time': 1536754320, 'first_arrival_time': 1536760440, 'second_train_section': 26191, 'second_section': 22414, 'second_departure_time': 1536762480, 'second_arrival_time': 1536766860}
1732	{'task_type': 'regular', 'locomotive': 22604, 'train_section': 26191, 'section': 22414, 'departure_time': 1536762480, 'arrival_time': 1536766860}
1733	{'task_type': 'deadhead', 'locomotive': 22604, 'first_train_section': 26108, 'first_section': 22417, 'first_departure_time': 1536782760, 'first_arrival_time': 1536789540, 'second_train_section': 25197, 'second_section': 22496, 'second_departure_time': 1536798840, 'second_arrival_time': 1536802560}
1734	{'task_type': 'regular', 'locomotive': 22604, 'train_section': 25197, 'section': 22496, 'departure_time': 1536798840, 'arrival_time': 1536802560}
1735	{'task_type': 'deadhead', 'locomotive': 22604, 'first_train_section': 25197, 'first_section': 22496, 'first_departure_time': 1536798840, 'first_arrival_time': 1536802560, 'second_train_section': 27664, 'second_section': 22431, 'second_departure_time': 1536803640, 'second_arrival_time': 1536807780}
1736	{'task_type': 'regular', 'locomotive': 22604, 'train_section': 27664, 'section': 22431, 'departure_time': 1536803640, 'arrival_time': 1536807780}
1737	{'task_type': 'deadhead', 'locomotive': 22604, 'first_train_section': 27664, 'first_section': 22431, 'first_departure_time': 1536803640, 'first_arrival_time': 1536807780, 'second_train_section': 26501, 'second_section': 22508, 'second_departure_time': 1536816780, 'second_arrival_time': 1536819720}
1738	{'task_type': 'regular', 'locomotive': 22604, 'train_section': 26501, 'section': 22508, 'departure_time': 1536816780, 'arrival_time': 1536819720}
1739	{'task_type': 'deadhead', 'locomotive': 22604, 'first_train_section': 26501, 'first_section': 22508, 'first_departure_time': 1536816780, 'first_arrival_time': 1536819720, 'second_train_section': 25324, 'second_section': 22308, 'second_departure_time': 1536829440, 'second_arrival_time': 1536832080}
1740	{'task_type': 'regular', 'locomotive': 22604, 'train_section': 25324, 'section': 22308, 'departure_time': 1536829440, 'arrival_time': 1536832080}
1741	{'task_type': 'deadhead', 'locomotive': 22604, 'first_train_section': 25324, 'first_section': 22308, 'first_departure_time': 1536829440, 'first_arrival_time': 1536832080, 'second_train_section': 25125, 'second_section': 22378, 'second_departure_time': 1536842100, 'second_arrival_time': 1536845760}
1742	{'task_type': 'regular', 'locomotive': 22604, 'train_section': 25125, 'section': 22378, 'departure_time': 1536842100, 'arrival_time': 1536845760}
1743	{'task_type': 'deadhead', 'locomotive': 22604, 'first_train_section': 25125, 'first_section': 22378, 'first_departure_time': 1536842100, 'first_arrival_time': 1536845760, 'second_train_section': 26074, 'second_section': 22427, 'second_departure_time': 1536854400, 'second_arrival_time': 1536857280}
1744	{'task_type': 'regular', 'locomotive': 22604, 'train_section': 26074, 'section': 22427, 'departure_time': 1536854400, 'arrival_time': 1536857280}
1745	{'task_type': 'deadhead', 'locomotive': 22604, 'first_train_section': 26074, 'first_section': 22427, 'first_departure_time': 1536854400, 'first_arrival_time': 1536857280, 'second_train_section': 25936, 'second_section': 22431, 'second_departure_time': 1536861780, 'second_arrival_time': 1536865740}
1746	{'task_type': 'regular', 'locomotive': 22604, 'train_section': 25936, 'section': 22431, 'departure_time': 1536861780, 'arrival_time': 1536865740}
1747	{'task_type': 'deadhead', 'locomotive': 22604, 'first_train_section': 25936, 'first_section': 22431, 'first_departure_time': 1536861780, 'first_arrival_time': 1536865740, 'second_train_section': 25940, 'second_section': 22307, 'second_departure_time': 1536870660, 'second_arrival_time': 1536872700}
1748	{'task_type': 'regular', 'locomotive': 22604, 'train_section': 25940, 'section': 22307, 'departure_time': 1536870660, 'arrival_time': 1536872700}
1749	{'task_type': 'deadhead', 'locomotive': 22604, 'first_train_section': 25940, 'first_section': 22307, 'first_departure_time': 1536870660, 'first_arrival_time': 1536872700, 'second_train_section': 23910, 'second_section': 22476, 'second_departure_time': 1536873420, 'second_arrival_time': 1536877020}
1750	{'task_type': 'regular', 'locomotive': 22604, 'train_section': 23910, 'section': 22476, 'departure_time': 1536873420, 'arrival_time': 1536877020}
1751	{'task_type': 'deadhead', 'locomotive': 22604, 'first_train_section': 23910, 'first_section': 22476, 'first_departure_time': 1536873420, 'first_arrival_time': 1536877020, 'second_train_section': 25521, 'second_section': 22368, 'second_departure_time': 1536882480, 'second_arrival_time': 1536886200}
1752	{'task_type': 'regular', 'locomotive': 22604, 'train_section': 25521, 'section': 22368, 'departure_time': 1536882480, 'arrival_time': 1536886200}
1753	{'task_type': 'deadhead', 'locomotive': 22604, 'first_train_section': 25521, 'first_section': 22368, 'first_departure_time': 1536882480, 'first_arrival_time': 1536886200, 'second_train_section': 25687, 'second_section': 22495, 'second_departure_time': 1536890880, 'second_arrival_time': 1536893820}
1754	{'task_type': 'regular', 'locomotive': 22604, 'train_section': 25687, 'section': 22495, 'departure_time': 1536890880, 'arrival_time': 1536893820}
1755	{'task_type': 'deadhead', 'locomotive': 22604, 'first_train_section': 25687, 'first_section': 22495, 'first_departure_time': 1536890880, 'first_arrival_time': 1536893820, 'second_train_section': 27509, 'second_section': 22496, 'second_departure_time': 1536900780, 'second_arrival_time': 1536904980}
1756	{'task_type': 'regular', 'locomotive': 22604, 'train_section': 27509, 'section': 22496, 'departure_time': 1536900780, 'arrival_time': 1536904980}
1757	{'task_type': 'deadhead', 'locomotive': 22604, 'first_train_section': 27509, 'first_section': 22496, 'first_departure_time': 1536900780, 'first_arrival_time': 1536904980, 'second_train_section': 28097, 'second_section': 22423, 'second_departure_time': 1536910380, 'second_arrival_time': 1536922920}
1758	{'task_type': 'regular', 'locomotive': 22604, 'train_section': 28097, 'section': 22423, 'departure_time': 1536910380, 'arrival_time': 1536922920}
1759	{'task_type': 'deadhead', 'locomotive': 22604, 'first_train_section': 28097, 'first_section': 22423, 'first_departure_time': 1536910380, 'first_arrival_time': 1536922920, 'second_train_section': 27361, 'second_section': 22418, 'second_departure_time': 1536931800, 'second_arrival_time': 1536933300}
1760	{'task_type': 'regular', 'locomotive': 22604, 'train_section': 27361, 'section': 22418, 'departure_time': 1536931800, 'arrival_time': 1536933300}
1761	{'task_type': 'deadhead', 'locomotive': 22604, 'first_train_section': 27361, 'first_section': 22418, 'first_departure_time': 1536931800, 'first_arrival_time': 1536933300, 'second_train_section': 26973, 'second_section': 22416, 'second_departure_time': 1536938640, 'second_arrival_time': 1536942300}
1762	{'task_type': 'regular', 'locomotive': 22604, 'train_section': 26973, 'section': 22416, 'departure_time': 1536938640, 'arrival_time': 1536942300}
1763	{'task_type': 'deadhead', 'locomotive': 22604, 'first_train_section': 26973, 'first_section': 22416, 'first_departure_time': 1536938640, 'first_arrival_time': 1536942300, 'second_train_section': 24611, 'second_section': 22431, 'second_departure_time': 1536948180, 'second_arrival_time': 1536952140}
1764	{'task_type': 'regular', 'locomotive': 22604, 'train_section': 24611, 'section': 22431, 'departure_time': 1536948180, 'arrival_time': 1536952140}
1765	{'task_type': 'deadhead', 'locomotive': 22604, 'first_train_section': 24611, 'first_section': 22431, 'first_departure_time': 1536948180, 'first_arrival_time': 1536952140, 'second_train_section': 23749, 'second_section': 22309, 'second_departure_time': 1536955740, 'second_arrival_time': 1536960480}
1766	{'task_type': 'regular', 'locomotive': 22604, 'train_section': 23749, 'section': 22309, 'departure_time': 1536955740, 'arrival_time': 1536960480}
1767	{'task_type': 'deadhead', 'locomotive': 22604, 'first_train_section': 23749, 'first_section': 22309, 'first_departure_time': 1536955740, 'first_arrival_time': 1536960480, 'second_train_section': 25469, 'second_section': 22343, 'second_departure_time': 1536969660, 'second_arrival_time': 1536978060}
1768	{'task_type': 'regular', 'locomotive': 22604, 'train_section': 25469, 'section': 22343, 'departure_time': 1536969660, 'arrival_time': 1536978060}
1769	{'task_type': 'deadhead', 'locomotive': 22604, 'first_train_section': 25469, 'first_section': 22343, 'first_departure_time': 1536969660, 'first_arrival_time': 1536978060, 'second_train_section': 28667, 'second_section': 22493, 'second_departure_time': 1536988740, 'second_arrival_time': 1536989460}
1770	{'task_type': 'regular', 'locomotive': 22604, 'train_section': 28667, 'section': 22493, 'departure_time': 1536988740, 'arrival_time': 1536989460}
1771	{'task_type': 'deadhead', 'locomotive': 22604, 'first_train_section': 28667, 'first_section': 22493, 'first_departure_time': 1536988740, 'first_arrival_time': 1536989460, 'second_train_section': 26361, 'second_section': 22492, 'second_departure_time': 1536992640, 'second_arrival_time': 1537001880}
1772	{'task_type': 'regular', 'locomotive': 22604, 'train_section': 26361, 'section': 22492, 'departure_time': 1536992640, 'arrival_time': 1537001880}
1773	{'task_type': 'deadhead', 'locomotive': 22604, 'first_train_section': 26361, 'first_section': 22492, 'first_departure_time': 1536992640, 'first_arrival_time': 1537001880, 'second_train_section': 22988, 'second_section': 22378, 'second_departure_time': 1537016700, 'second_arrival_time': 1537020360}
1774	{'task_type': 'regular', 'locomotive': 22604, 'train_section': 22988, 'section': 22378, 'departure_time': 1537016700, 'arrival_time': 1537020360}
1775	{'task_type': 'regular', 'locomotive': 22604, 'train_section': 26766, 'section': 22378, 'departure_time': 1537103100, 'arrival_time': 1537106760}
1776	{'task_type': 'regular', 'locomotive': 22604, 'train_section': 25630, 'section': 22416, 'departure_time': 1537120440, 'arrival_time': 1537124100}
1777	{'task_type': 'regular', 'locomotive': 22605, 'train_section': 27004, 'section': 22438, 'departure_time': 1536673920, 'arrival_time': 1536684660}
1778	{'task_type': 'deadhead', 'locomotive': 22605, 'first_train_section': 27004, 'first_section': 22438, 'first_departure_time': 1536673920, 'first_arrival_time': 1536684660, 'second_train_section': 23937, 'second_section': 22280, 'second_departure_time': 1536692520, 'second_arrival_time': 1536700920}
1779	{'task_type': 'regular', 'locomotive': 22605, 'train_section': 23937, 'section': 22280, 'departure_time': 1536692520, 'arrival_time': 1536700920}
1780	{'task_type': 'deadhead', 'locomotive': 22605, 'first_train_section': 23937, 'first_section': 22280, 'first_departure_time': 1536692520, 'first_arrival_time': 1536700920, 'second_train_section': 24123, 'second_section': 22320, 'second_departure_time': 1536721080, 'second_arrival_time': 1536727500}
1781	{'task_type': 'regular', 'locomotive': 22605, 'train_section': 24123, 'section': 22320, 'departure_time': 1536721080, 'arrival_time': 1536727500}
1782	{'task_type': 'regular', 'locomotive': 22605, 'train_section': 27364, 'section': 22331, 'departure_time': 1536736080, 'arrival_time': 1536746880}
1783	{'task_type': 'regular', 'locomotive': 22605, 'train_section': 22671, 'section': 22438, 'departure_time': 1536753120, 'arrival_time': 1536763860}
1784	{'task_type': 'deadhead', 'locomotive': 22605, 'first_train_section': 22671, 'first_section': 22438, 'first_departure_time': 1536753120, 'first_arrival_time': 1536763860, 'second_train_section': 23832, 'second_section': 22492, 'second_departure_time': 1536765840, 'second_arrival_time': 1536775080}
1785	{'task_type': 'regular', 'locomotive': 22605, 'train_section': 23832, 'section': 22492, 'departure_time': 1536765840, 'arrival_time': 1536775080}
1786	{'task_type': 'deadhead', 'locomotive': 22605, 'first_train_section': 23832, 'first_section': 22492, 'first_departure_time': 1536765840, 'first_arrival_time': 1536775080, 'second_train_section': 25210, 'second_section': 22468, 'second_departure_time': 1536779460, 'second_arrival_time': 1536783600}
1787	{'task_type': 'regular', 'locomotive': 22605, 'train_section': 25210, 'section': 22468, 'departure_time': 1536779460, 'arrival_time': 1536783600}
1788	{'task_type': 'deadhead', 'locomotive': 22605, 'first_train_section': 25210, 'first_section': 22468, 'first_departure_time': 1536779460, 'first_arrival_time': 1536783600, 'second_train_section': 23546, 'second_section': 22322, 'second_departure_time': 1536786780, 'second_arrival_time': 1536795000}
1789	{'task_type': 'regular', 'locomotive': 22605, 'train_section': 23546, 'section': 22322, 'departure_time': 1536786780, 'arrival_time': 1536795000}
1790	{'task_type': 'deadhead', 'locomotive': 22605, 'first_train_section': 23546, 'first_section': 22322, 'first_departure_time': 1536786780, 'first_arrival_time': 1536795000, 'second_train_section': 26068, 'second_section': 22292, 'second_departure_time': 1536800100, 'second_arrival_time': 1536802380}
1791	{'task_type': 'regular', 'locomotive': 22605, 'train_section': 26068, 'section': 22292, 'departure_time': 1536800100, 'arrival_time': 1536802380}
1792	{'task_type': 'deadhead', 'locomotive': 22605, 'first_train_section': 26068, 'first_section': 22292, 'first_departure_time': 1536800100, 'first_arrival_time': 1536802380, 'second_train_section': 23761, 'second_section': 22447, 'second_departure_time': 1536806700, 'second_arrival_time': 1536809400}
1793	{'task_type': 'regular', 'locomotive': 22605, 'train_section': 23761, 'section': 22447, 'departure_time': 1536806700, 'arrival_time': 1536809400}
1794	{'task_type': 'deadhead', 'locomotive': 22605, 'first_train_section': 23761, 'first_section': 22447, 'first_departure_time': 1536806700, 'first_arrival_time': 1536809400, 'second_train_section': 26549, 'second_section': 22329, 'second_departure_time': 1536814680, 'second_arrival_time': 1536816120}
1795	{'task_type': 'regular', 'locomotive': 22605, 'train_section': 26549, 'section': 22329, 'departure_time': 1536814680, 'arrival_time': 1536816120}
1796	{'task_type': 'regular', 'locomotive': 22605, 'train_section': 23392, 'section': 22387, 'departure_time': 1536821520, 'arrival_time': 1536823320}
1797	{'task_type': 'deadhead', 'locomotive': 22605, 'first_train_section': 23392, 'first_section': 22387, 'first_departure_time': 1536821520, 'first_arrival_time': 1536823320, 'second_train_section': 26711, 'second_section': 22438, 'second_departure_time': 1536832320, 'second_arrival_time': 1536843060}
1798	{'task_type': 'regular', 'locomotive': 22605, 'train_section': 26711, 'section': 22438, 'departure_time': 1536832320, 'arrival_time': 1536843060}
1799	{'task_type': 'deadhead', 'locomotive': 22605, 'first_train_section': 26711, 'first_section': 22438, 'first_departure_time': 1536832320, 'first_arrival_time': 1536843060, 'second_train_section': 25700, 'second_section': 22387, 'second_departure_time': 1536853080, 'second_arrival_time': 1536854520}
1800	{'task_type': 'regular', 'locomotive': 22605, 'train_section': 25700, 'section': 22387, 'departure_time': 1536853080, 'arrival_time': 1536854520}
1801	{'task_type': 'deadhead', 'locomotive': 22605, 'first_train_section': 25700, 'first_section': 22387, 'first_departure_time': 1536853080, 'first_arrival_time': 1536854520, 'second_train_section': 25900, 'second_section': 22255, 'second_departure_time': 1536861900, 'second_arrival_time': 1536862800}
1802	{'task_type': 'regular', 'locomotive': 22605, 'train_section': 25900, 'section': 22255, 'departure_time': 1536861900, 'arrival_time': 1536862800}
1803	{'task_type': 'regular', 'locomotive': 22605, 'train_section': 25902, 'section': 22468, 'departure_time': 1536865860, 'arrival_time': 1536870000}
1804	{'task_type': 'deadhead', 'locomotive': 22605, 'first_train_section': 25902, 'first_section': 22468, 'first_departure_time': 1536865860, 'first_arrival_time': 1536870000, 'second_train_section': 26207, 'second_section': 22407, 'second_departure_time': 1536885120, 'second_arrival_time': 1536892560}
1805	{'task_type': 'regular', 'locomotive': 22605, 'train_section': 26207, 'section': 22407, 'departure_time': 1536885120, 'arrival_time': 1536892560}
1806	{'task_type': 'regular', 'locomotive': 22605, 'train_section': 26209, 'section': 22334, 'departure_time': 1536893160, 'arrival_time': 1536896400}
1807	{'task_type': 'regular', 'locomotive': 22605, 'train_section': 26211, 'section': 22322, 'departure_time': 1536897420, 'arrival_time': 1536907080}
1808	{'task_type': 'deadhead', 'locomotive': 22605, 'first_train_section': 26211, 'first_section': 22322, 'first_departure_time': 1536897420, 'first_arrival_time': 1536907080, 'second_train_section': 23316, 'second_section': 22351, 'second_departure_time': 1536914880, 'second_arrival_time': 1536920040}
1809	{'task_type': 'regular', 'locomotive': 22605, 'train_section': 23316, 'section': 22351, 'departure_time': 1536914880, 'arrival_time': 1536920040}
1810	{'task_type': 'deadhead', 'locomotive': 22605, 'first_train_section': 23316, 'first_section': 22351, 'first_departure_time': 1536914880, 'first_arrival_time': 1536920040, 'second_train_section': 27778, 'second_section': 22503, 'second_departure_time': 1536922200, 'second_arrival_time': 1536923220}
1811	{'task_type': 'regular', 'locomotive': 22605, 'train_section': 27778, 'section': 22503, 'departure_time': 1536922200, 'arrival_time': 1536923220}
1812	{'task_type': 'deadhead', 'locomotive': 22605, 'first_train_section': 27778, 'first_section': 22503, 'first_departure_time': 1536922200, 'first_arrival_time': 1536923220, 'second_train_section': 23000, 'second_section': 22479, 'second_departure_time': 1536930960, 'second_arrival_time': 1536932580}
1813	{'task_type': 'regular', 'locomotive': 22605, 'train_section': 23000, 'section': 22479, 'departure_time': 1536930960, 'arrival_time': 1536932580}
1814	{'task_type': 'deadhead', 'locomotive': 22605, 'first_train_section': 23000, 'first_section': 22479, 'first_departure_time': 1536930960, 'first_arrival_time': 1536932580, 'second_train_section': 25096, 'second_section': 22482, 'second_departure_time': 1536935100, 'second_arrival_time': 1536937020}
1815	{'task_type': 'regular', 'locomotive': 22605, 'train_section': 25096, 'section': 22482, 'departure_time': 1536935100, 'arrival_time': 1536937020}
1816	{'task_type': 'deadhead', 'locomotive': 22605, 'first_train_section': 25096, 'first_section': 22482, 'first_departure_time': 1536935100, 'first_arrival_time': 1536937020, 'second_train_section': 24433, 'second_section': 22500, 'second_departure_time': 1536946680, 'second_arrival_time': 1536949800}
1817	{'task_type': 'regular', 'locomotive': 22605, 'train_section': 24433, 'section': 22500, 'departure_time': 1536946680, 'arrival_time': 1536949800}
1818	{'task_type': 'deadhead', 'locomotive': 22605, 'first_train_section': 24433, 'first_section': 22500, 'first_departure_time': 1536946680, 'first_arrival_time': 1536949800, 'second_train_section': 27114, 'second_section': 22501, 'second_departure_time': 1536956640, 'second_arrival_time': 1536958860}
1819	{'task_type': 'regular', 'locomotive': 22605, 'train_section': 27114, 'section': 22501, 'departure_time': 1536956640, 'arrival_time': 1536958860}
1820	{'task_type': 'deadhead', 'locomotive': 22605, 'first_train_section': 27114, 'first_section': 22501, 'first_departure_time': 1536956640, 'first_arrival_time': 1536958860, 'second_train_section': 27206, 'second_section': 22245, 'second_departure_time': 1536962940, 'second_arrival_time': 1536967440}
1821	{'task_type': 'regular', 'locomotive': 22605, 'train_section': 27206, 'section': 22245, 'departure_time': 1536962940, 'arrival_time': 1536967440}
1822	{'task_type': 'regular', 'locomotive': 22605, 'train_section': 24115, 'section': 22304, 'departure_time': 1536967500, 'arrival_time': 1536971880}
1823	{'task_type': 'deadhead', 'locomotive': 22605, 'first_train_section': 24115, 'first_section': 22304, 'first_departure_time': 1536967500, 'first_arrival_time': 1536971880, 'second_train_section': 23717, 'second_section': 22404, 'second_departure_time': 1536986220, 'second_arrival_time': 1536996420}
1824	{'task_type': 'regular', 'locomotive': 22605, 'train_section': 23717, 'section': 22404, 'departure_time': 1536986220, 'arrival_time': 1536996420}
1825	{'task_type': 'deadhead', 'locomotive': 22605, 'first_train_section': 23717, 'first_section': 22404, 'first_departure_time': 1536986220, 'first_arrival_time': 1536996420, 'second_train_section': 23723, 'second_section': 22496, 'second_departure_time': 1537005480, 'second_arrival_time': 1537010460}
1826	{'task_type': 'regular', 'locomotive': 22605, 'train_section': 23723, 'section': 22496, 'departure_time': 1537005480, 'arrival_time': 1537010460}
1827	{'task_type': 'deadhead', 'locomotive': 22605, 'first_train_section': 23723, 'first_section': 22496, 'first_departure_time': 1537005480, 'first_arrival_time': 1537010460, 'second_train_section': 27602, 'second_section': 22416, 'second_departure_time': 1537016040, 'second_arrival_time': 1537019700}
1828	{'task_type': 'regular', 'locomotive': 22605, 'train_section': 27602, 'section': 22416, 'departure_time': 1537016040, 'arrival_time': 1537019700}
1829	{'task_type': 'deadhead', 'locomotive': 22605, 'first_train_section': 27602, 'first_section': 22416, 'first_departure_time': 1537016040, 'first_arrival_time': 1537019700, 'second_train_section': 26660, 'second_section': 22342, 'second_departure_time': 1537032060, 'second_arrival_time': 1537038180}
1830	{'task_type': 'regular', 'locomotive': 22605, 'train_section': 26660, 'section': 22342, 'departure_time': 1537032060, 'arrival_time': 1537038180}
1831	{'task_type': 'deadhead', 'locomotive': 22605, 'first_train_section': 24608, 'first_section': 22237, 'first_departure_time': 1537043580, 'first_arrival_time': 1537048740, 'second_train_section': 28623, 'second_section': 22333, 'second_departure_time': 1537078500, 'second_arrival_time': 1537081320}
1832	{'task_type': 'regular', 'locomotive': 22605, 'train_section': 28623, 'section': 22333, 'departure_time': 1537078500, 'arrival_time': 1537081320}
1833	{'task_type': 'deadhead', 'locomotive': 22605, 'first_train_section': 28623, 'first_section': 22333, 'first_departure_time': 1537078500, 'first_arrival_time': 1537081320, 'second_train_section': 25925, 'second_section': 22406, 'second_departure_time': 1537106160, 'second_arrival_time': 1537120980}
1834	{'task_type': 'regular', 'locomotive': 22605, 'train_section': 25925, 'section': 22406, 'departure_time': 1537106160, 'arrival_time': 1537120980}
1835	{'task_type': 'regular', 'locomotive': 22606, 'train_section': 24314, 'section': 22383, 'departure_time': 1536675120, 'arrival_time': 1536678540}
1836	{'task_type': 'deadhead', 'locomotive': 22606, 'first_train_section': 24314, 'first_section': 22383, 'first_departure_time': 1536675120, 'first_arrival_time': 1536678540, 'second_train_section': 28078, 'second_section': 22402, 'second_departure_time': 1536681060, 'second_arrival_time': 1536683520}
1837	{'task_type': 'regular', 'locomotive': 22606, 'train_section': 28078, 'section': 22402, 'departure_time': 1536681060, 'arrival_time': 1536683520}
1838	{'task_type': 'deadhead', 'locomotive': 22606, 'first_train_section': 28078, 'first_section': 22402, 'first_departure_time': 1536681060, 'first_arrival_time': 1536683520, 'second_train_section': 25800, 'second_section': 22404, 'second_departure_time': 1536695040, 'second_arrival_time': 1536703560}
1839	{'task_type': 'regular', 'locomotive': 22606, 'train_section': 25800, 'section': 22404, 'departure_time': 1536695040, 'arrival_time': 1536703560}
1840	{'task_type': 'regular', 'locomotive': 22606, 'train_section': 26720, 'section': 22247, 'departure_time': 1536707580, 'arrival_time': 1536716940}
1841	{'task_type': 'deadhead', 'locomotive': 22606, 'first_train_section': 26720, 'first_section': 22247, 'first_departure_time': 1536707580, 'first_arrival_time': 1536716940, 'second_train_section': 28990, 'second_section': 22403, 'second_departure_time': 1536723660, 'second_arrival_time': 1536726060}
1842	{'task_type': 'regular', 'locomotive': 22606, 'train_section': 28990, 'section': 22403, 'departure_time': 1536723660, 'arrival_time': 1536726060}
1843	{'task_type': 'deadhead', 'locomotive': 22606, 'first_train_section': 28990, 'first_section': 22403, 'first_departure_time': 1536723660, 'first_arrival_time': 1536726060, 'second_train_section': 24986, 'second_section': 22465, 'second_departure_time': 1536730860, 'second_arrival_time': 1536732060}
1844	{'task_type': 'regular', 'locomotive': 22606, 'train_section': 24986, 'section': 22465, 'departure_time': 1536730860, 'arrival_time': 1536732060}
1845	{'task_type': 'deadhead', 'locomotive': 22606, 'first_train_section': 24986, 'first_section': 22465, 'first_departure_time': 1536730860, 'first_arrival_time': 1536732060, 'second_train_section': 27341, 'second_section': 22407, 'second_departure_time': 1536740760, 'second_arrival_time': 1536747600}
1846	{'task_type': 'regular', 'locomotive': 22606, 'train_section': 27341, 'section': 22407, 'departure_time': 1536740760, 'arrival_time': 1536747600}
1847	{'task_type': 'regular', 'locomotive': 22606, 'train_section': 27343, 'section': 22334, 'departure_time': 1536748680, 'arrival_time': 1536752880}
1848	{'task_type': 'regular', 'locomotive': 22606, 'train_section': 27345, 'section': 22324, 'departure_time': 1536754980, 'arrival_time': 1536760380}
1849	{'task_type': 'deadhead', 'locomotive': 22606, 'first_train_section': 27345, 'first_section': 22324, 'first_departure_time': 1536754980, 'first_arrival_time': 1536760380, 'second_train_section': 22723, 'second_section': 22469, 'second_departure_time': 1536765420, 'second_arrival_time': 1536767820}
1850	{'task_type': 'regular', 'locomotive': 22606, 'train_section': 22723, 'section': 22469, 'departure_time': 1536765420, 'arrival_time': 1536767820}
1851	{'task_type': 'deadhead', 'locomotive': 22606, 'first_train_section': 22723, 'first_section': 22469, 'first_departure_time': 1536765420, 'first_arrival_time': 1536767820, 'second_train_section': 25208, 'second_section': 22255, 'second_departure_time': 1536775500, 'second_arrival_time': 1536776400}
1852	{'task_type': 'regular', 'locomotive': 22606, 'train_section': 25208, 'section': 22255, 'departure_time': 1536775500, 'arrival_time': 1536776400}
1853	{'task_type': 'regular', 'locomotive': 22606, 'train_section': 22822, 'section': 22238, 'departure_time': 1536812700, 'arrival_time': 1536816300}
1854	{'task_type': 'deadhead', 'locomotive': 22606, 'first_train_section': 22822, 'first_section': 22238, 'first_departure_time': 1536812700, 'first_arrival_time': 1536816300, 'second_train_section': 27590, 'second_section': 22290, 'second_departure_time': 1536818760, 'second_arrival_time': 1536825900}
1855	{'task_type': 'regular', 'locomotive': 22606, 'train_section': 27590, 'section': 22290, 'departure_time': 1536818760, 'arrival_time': 1536825900}
1856	{'task_type': 'regular', 'locomotive': 22606, 'train_section': 27593, 'section': 22349, 'departure_time': 1536827520, 'arrival_time': 1536833100}
1857	{'task_type': 'deadhead', 'locomotive': 22606, 'first_train_section': 27593, 'first_section': 22349, 'first_departure_time': 1536827520, 'first_arrival_time': 1536833100, 'second_train_section': 28516, 'second_section': 22259, 'second_departure_time': 1536837000, 'second_arrival_time': 1536837360}
1858	{'task_type': 'regular', 'locomotive': 22606, 'train_section': 28516, 'section': 22259, 'departure_time': 1536837000, 'arrival_time': 1536837360}
1859	{'task_type': 'regular', 'locomotive': 22606, 'train_section': 28518, 'section': 22268, 'departure_time': 1536837540, 'arrival_time': 1536844620}
1860	{'task_type': 'deadhead', 'locomotive': 22606, 'first_train_section': 28518, 'first_section': 22268, 'first_departure_time': 1536837540, 'first_arrival_time': 1536844620, 'second_train_section': 25852, 'second_section': 22475, 'second_departure_time': 1536849060, 'second_arrival_time': 1536853080}
1861	{'task_type': 'regular', 'locomotive': 22606, 'train_section': 25852, 'section': 22475, 'departure_time': 1536849060, 'arrival_time': 1536853080}
1862	{'task_type': 'deadhead', 'locomotive': 22606, 'first_train_section': 25852, 'first_section': 22475, 'first_departure_time': 1536849060, 'first_arrival_time': 1536853080, 'second_train_section': 28880, 'second_section': 22434, 'second_departure_time': 1536860160, 'second_arrival_time': 1536865440}
1863	{'task_type': 'regular', 'locomotive': 22606, 'train_section': 28880, 'section': 22434, 'departure_time': 1536860160, 'arrival_time': 1536865440}
1864	{'task_type': 'regular', 'locomotive': 22606, 'train_section': 28985, 'section': 22495, 'departure_time': 1536870420, 'arrival_time': 1536873180}
1865	{'task_type': 'regular', 'locomotive': 22606, 'train_section': 27701, 'section': 22303, 'departure_time': 1536895440, 'arrival_time': 1536901320}
1866	{'task_type': 'deadhead', 'locomotive': 22606, 'first_train_section': 27701, 'first_section': 22303, 'first_departure_time': 1536895440, 'first_arrival_time': 1536901320, 'second_train_section': 22660, 'second_section': 22308, 'second_departure_time': 1536911280, 'second_arrival_time': 1536914100}
1867	{'task_type': 'regular', 'locomotive': 22606, 'train_section': 22660, 'section': 22308, 'departure_time': 1536911280, 'arrival_time': 1536914100}
1868	{'task_type': 'deadhead', 'locomotive': 22606, 'first_train_section': 22660, 'first_section': 22308, 'first_departure_time': 1536911280, 'first_arrival_time': 1536914100, 'second_train_section': 27866, 'second_section': 22267, 'second_departure_time': 1536923940, 'second_arrival_time': 1536931320}
1869	{'task_type': 'regular', 'locomotive': 22606, 'train_section': 27866, 'section': 22267, 'departure_time': 1536923940, 'arrival_time': 1536931320}
1870	{'task_type': 'deadhead', 'locomotive': 22606, 'first_train_section': 27866, 'first_section': 22267, 'first_departure_time': 1536923940, 'first_arrival_time': 1536931320, 'second_train_section': 27059, 'second_section': 22436, 'second_departure_time': 1536933840, 'second_arrival_time': 1536935820}
1871	{'task_type': 'regular', 'locomotive': 22606, 'train_section': 27059, 'section': 22436, 'departure_time': 1536933840, 'arrival_time': 1536935820}
1872	{'task_type': 'regular', 'locomotive': 22606, 'train_section': 25237, 'section': 22454, 'departure_time': 1536938700, 'arrival_time': 1536944520}
1873	{'task_type': 'deadhead', 'locomotive': 22606, 'first_train_section': 25237, 'first_section': 22454, 'first_departure_time': 1536938700, 'first_arrival_time': 1536944520, 'second_train_section': 24720, 'second_section': 22495, 'second_departure_time': 1536947580, 'second_arrival_time': 1536950460}
1874	{'task_type': 'regular', 'locomotive': 22606, 'train_section': 24720, 'section': 22495, 'departure_time': 1536947580, 'arrival_time': 1536950460}
1875	{'task_type': 'deadhead', 'locomotive': 22606, 'first_train_section': 24720, 'first_section': 22495, 'first_departure_time': 1536947580, 'first_arrival_time': 1536950460, 'second_train_section': 23048, 'second_section': 22496, 'second_departure_time': 1536953340, 'second_arrival_time': 1536957660}
1876	{'task_type': 'regular', 'locomotive': 22606, 'train_section': 23048, 'section': 22496, 'departure_time': 1536953340, 'arrival_time': 1536957660}
1877	{'task_type': 'deadhead', 'locomotive': 22606, 'first_train_section': 23048, 'first_section': 22496, 'first_departure_time': 1536953340, 'first_arrival_time': 1536957660, 'second_train_section': 27283, 'second_section': 22356, 'second_departure_time': 1536973320, 'second_arrival_time': 1536981060}
1878	{'task_type': 'regular', 'locomotive': 22606, 'train_section': 27283, 'section': 22356, 'departure_time': 1536973320, 'arrival_time': 1536981060}
1879	{'task_type': 'deadhead', 'locomotive': 22606, 'first_train_section': 27283, 'first_section': 22356, 'first_departure_time': 1536973320, 'first_arrival_time': 1536981060, 'second_train_section': 26560, 'second_section': 22477, 'second_departure_time': 1536985200, 'second_arrival_time': 1536987600}
1880	{'task_type': 'regular', 'locomotive': 22606, 'train_section': 26560, 'section': 22477, 'departure_time': 1536985200, 'arrival_time': 1536987600}
1881	{'task_type': 'regular', 'locomotive': 22606, 'train_section': 27895, 'section': 22499, 'departure_time': 1536990300, 'arrival_time': 1536995460}
1882	{'task_type': 'regular', 'locomotive': 22606, 'train_section': 27898, 'section': 22347, 'departure_time': 1536995940, 'arrival_time': 1537001280}
1883	{'task_type': 'deadhead', 'locomotive': 22606, 'first_train_section': 27898, 'first_section': 22347, 'first_departure_time': 1536995940, 'first_arrival_time': 1537001280, 'second_train_section': 25293, 'second_section': 22378, 'second_departure_time': 1537031100, 'second_arrival_time': 1537034760}
1884	{'task_type': 'regular', 'locomotive': 22606, 'train_section': 25293, 'section': 22378, 'departure_time': 1537031100, 'arrival_time': 1537034760}
1885	{'task_type': 'deadhead', 'locomotive': 22606, 'first_train_section': 28908, 'first_section': 22377, 'first_departure_time': 1537041300, 'first_arrival_time': 1537048740, 'second_train_section': 23159, 'second_section': 22311, 'second_departure_time': 1537090800, 'second_arrival_time': 1537093560}
1886	{'task_type': 'regular', 'locomotive': 22606, 'train_section': 23159, 'section': 22311, 'departure_time': 1537090800, 'arrival_time': 1537093560}
1887	{'task_type': 'deadhead', 'locomotive': 22606, 'first_train_section': 23159, 'first_section': 22311, 'first_departure_time': 1537090800, 'first_arrival_time': 1537093560, 'second_train_section': 25927, 'second_section': 22308, 'second_departure_time': 1537122000, 'second_arrival_time': 1537124760}
1888	{'task_type': 'regular', 'locomotive': 22606, 'train_section': 25927, 'section': 22308, 'departure_time': 1537122000, 'arrival_time': 1537124760}
1889	{'task_type': 'regular', 'locomotive': 22607, 'train_section': 26045, 'section': 22416, 'departure_time': 1536636240, 'arrival_time': 1536639900}
1890	{'task_type': 'regular', 'locomotive': 22607, 'train_section': 23640, 'section': 22378, 'departure_time': 1536642300, 'arrival_time': 1536645960}
1891	{'task_type': 'regular', 'locomotive': 22607, 'train_section': 27734, 'section': 22416, 'departure_time': 1536663240, 'arrival_time': 1536666900}
1892	{'task_type': 'deadhead', 'locomotive': 22607, 'first_train_section': 27734, 'first_section': 22416, 'first_departure_time': 1536663240, 'first_arrival_time': 1536666900, 'second_train_section': 27463, 'second_section': 22416, 'second_departure_time': 1536672240, 'second_arrival_time': 1536675900}
1893	{'task_type': 'regular', 'locomotive': 22607, 'train_section': 27463, 'section': 22416, 'departure_time': 1536672240, 'arrival_time': 1536675900}
1894	{'task_type': 'regular', 'locomotive': 22607, 'train_section': 26415, 'section': 22378, 'departure_time': 1536685500, 'arrival_time': 1536689160}
1895	{'task_type': 'deadhead', 'locomotive': 22607, 'first_train_section': 26415, 'first_section': 22378, 'first_departure_time': 1536685500, 'first_arrival_time': 1536689160, 'second_train_section': 27968, 'second_section': 22385, 'second_departure_time': 1536691620, 'second_arrival_time': 1536692400}
1896	{'task_type': 'regular', 'locomotive': 22607, 'train_section': 27968, 'section': 22385, 'departure_time': 1536691620, 'arrival_time': 1536692400}
1897	{'task_type': 'deadhead', 'locomotive': 22607, 'first_train_section': 27968, 'first_section': 22385, 'first_departure_time': 1536691620, 'first_arrival_time': 1536692400, 'second_train_section': 23323, 'second_section': 22386, 'second_departure_time': 1536693720, 'second_arrival_time': 1536698760}
1898	{'task_type': 'regular', 'locomotive': 22607, 'train_section': 23323, 'section': 22386, 'departure_time': 1536693720, 'arrival_time': 1536698760}
1899	{'task_type': 'regular', 'locomotive': 22607, 'train_section': 23326, 'section': 22495, 'departure_time': 1536700320, 'arrival_time': 1536703260}
1900	{'task_type': 'regular', 'locomotive': 22607, 'train_section': 23329, 'section': 22309, 'departure_time': 1536703740, 'arrival_time': 1536708600}
1901	{'task_type': 'deadhead', 'locomotive': 22607, 'first_train_section': 23329, 'first_section': 22309, 'first_departure_time': 1536703740, 'first_arrival_time': 1536708600, 'second_train_section': 25758, 'second_section': 22372, 'second_departure_time': 1536718140, 'second_arrival_time': 1536722100}
1902	{'task_type': 'regular', 'locomotive': 22607, 'train_section': 25758, 'section': 22372, 'departure_time': 1536718140, 'arrival_time': 1536722100}
1903	{'task_type': 'deadhead', 'locomotive': 22607, 'first_train_section': 25758, 'first_section': 22372, 'first_departure_time': 1536718140, 'first_arrival_time': 1536722100, 'second_train_section': 25721, 'second_section': 22422, 'second_departure_time': 1536731700, 'second_arrival_time': 1536742740}
1904	{'task_type': 'regular', 'locomotive': 22607, 'train_section': 25721, 'section': 22422, 'departure_time': 1536731700, 'arrival_time': 1536742740}
1905	{'task_type': 'deadhead', 'locomotive': 22607, 'first_train_section': 25721, 'first_section': 22422, 'first_departure_time': 1536731700, 'first_arrival_time': 1536742740, 'second_train_section': 23593, 'second_section': 22416, 'second_departure_time': 1536751440, 'second_arrival_time': 1536755100}
1906	{'task_type': 'regular', 'locomotive': 22607, 'train_section': 23593, 'section': 22416, 'departure_time': 1536751440, 'arrival_time': 1536755100}
1907	{'task_type': 'regular', 'locomotive': 22607, 'train_section': 22949, 'section': 22378, 'departure_time': 1536762900, 'arrival_time': 1536766560}
1908	{'task_type': 'deadhead', 'locomotive': 22607, 'first_train_section': 22949, 'first_section': 22378, 'first_departure_time': 1536762900, 'first_arrival_time': 1536766560, 'second_train_section': 23003, 'second_section': 22378, 'second_departure_time': 1536773700, 'second_arrival_time': 1536777360}
1909	{'task_type': 'regular', 'locomotive': 22607, 'train_section': 23003, 'section': 22378, 'departure_time': 1536773700, 'arrival_time': 1536777360}
1910	{'task_type': 'deadhead', 'locomotive': 22607, 'first_train_section': 27580, 'first_section': 22417, 'first_departure_time': 1536777360, 'first_arrival_time': 1536789540, 'second_train_section': 26381, 'second_section': 22443, 'second_departure_time': 1536801900, 'second_arrival_time': 1536803580}
1911	{'task_type': 'regular', 'locomotive': 22607, 'train_section': 26381, 'section': 22443, 'departure_time': 1536801900, 'arrival_time': 1536803580}
1912	{'task_type': 'regular', 'locomotive': 22607, 'train_section': 27666, 'section': 22495, 'departure_time': 1536808920, 'arrival_time': 1536811860}
1913	{'task_type': 'deadhead', 'locomotive': 22607, 'first_train_section': 24680, 'first_section': 22417, 'first_departure_time': 1536825960, 'first_arrival_time': 1536837840, 'second_train_section': 23360, 'second_section': 22378, 'second_departure_time': 1536843900, 'second_arrival_time': 1536847560}
1914	{'task_type': 'regular', 'locomotive': 22607, 'train_section': 23360, 'section': 22378, 'departure_time': 1536843900, 'arrival_time': 1536847560}
1915	{'task_type': 'deadhead', 'locomotive': 22607, 'first_train_section': 23360, 'first_section': 22378, 'first_departure_time': 1536843900, 'first_arrival_time': 1536847560, 'second_train_section': 23790, 'second_section': 22513, 'second_departure_time': 1536853080, 'second_arrival_time': 1536854700}
1916	{'task_type': 'regular', 'locomotive': 22607, 'train_section': 23790, 'section': 22513, 'departure_time': 1536853080, 'arrival_time': 1536854700}
1917	{'task_type': 'deadhead', 'locomotive': 22607, 'first_train_section': 26853, 'first_section': 22473, 'first_departure_time': 1536876060, 'first_arrival_time': 1536895200, 'second_train_section': 22658, 'second_section': 22505, 'second_departure_time': 1536904680, 'second_arrival_time': 1536909600}
1918	{'task_type': 'regular', 'locomotive': 22607, 'train_section': 22658, 'section': 22505, 'departure_time': 1536904680, 'arrival_time': 1536909600}
1919	{'task_type': 'regular', 'locomotive': 22607, 'train_section': 22798, 'section': 22304, 'departure_time': 1536914100, 'arrival_time': 1536919020}
1920	{'task_type': 'regular', 'locomotive': 22607, 'train_section': 22800, 'section': 22247, 'departure_time': 1536919200, 'arrival_time': 1536928620}
1921	{'task_type': 'deadhead', 'locomotive': 22607, 'first_train_section': 22800, 'first_section': 22247, 'first_departure_time': 1536919200, 'first_arrival_time': 1536928620, 'second_train_section': 24563, 'second_section': 22396, 'second_departure_time': 1536929760, 'second_arrival_time': 1536931620}
1922	{'task_type': 'regular', 'locomotive': 22607, 'train_section': 24563, 'section': 22396, 'departure_time': 1536929760, 'arrival_time': 1536931620}
1923	{'task_type': 'deadhead', 'locomotive': 22607, 'first_train_section': 24563, 'first_section': 22396, 'first_departure_time': 1536929760, 'first_arrival_time': 1536931620, 'second_train_section': 24272, 'second_section': 22488, 'second_departure_time': 1536938040, 'second_arrival_time': 1536942420}
1924	{'task_type': 'regular', 'locomotive': 22607, 'train_section': 24272, 'section': 22488, 'departure_time': 1536938040, 'arrival_time': 1536942420}
1925	{'task_type': 'deadhead', 'locomotive': 22607, 'first_train_section': 24272, 'first_section': 22488, 'first_departure_time': 1536938040, 'first_arrival_time': 1536942420, 'second_train_section': 28741, 'second_section': 22242, 'second_departure_time': 1536949560, 'second_arrival_time': 1536952680}
1926	{'task_type': 'regular', 'locomotive': 22607, 'train_section': 28741, 'section': 22242, 'departure_time': 1536949560, 'arrival_time': 1536952680}
1927	{'task_type': 'deadhead', 'locomotive': 22607, 'first_train_section': 28741, 'first_section': 22242, 'first_departure_time': 1536949560, 'first_arrival_time': 1536952680, 'second_train_section': 26370, 'second_section': 22404, 'second_departure_time': 1536960780, 'second_arrival_time': 1536969720}
1928	{'task_type': 'regular', 'locomotive': 22607, 'train_section': 26370, 'section': 22404, 'departure_time': 1536960780, 'arrival_time': 1536969720}
1929	{'task_type': 'regular', 'locomotive': 22607, 'train_section': 26372, 'section': 22245, 'departure_time': 1536969960, 'arrival_time': 1536974640}
1930	{'task_type': 'deadhead', 'locomotive': 22607, 'first_train_section': 26372, 'first_section': 22245, 'first_departure_time': 1536969960, 'first_arrival_time': 1536974640, 'second_train_section': 27153, 'second_section': 22495, 'second_departure_time': 1536983460, 'second_arrival_time': 1536986460}
1931	{'task_type': 'regular', 'locomotive': 22607, 'train_section': 27153, 'section': 22495, 'departure_time': 1536983460, 'arrival_time': 1536986460}
1932	{'task_type': 'regular', 'locomotive': 22607, 'train_section': 27156, 'section': 22304, 'departure_time': 1536987600, 'arrival_time': 1536992700}
1933	{'task_type': 'regular', 'locomotive': 22607, 'train_section': 27158, 'section': 22247, 'departure_time': 1536992880, 'arrival_time': 1537003080}
1934	{'task_type': 'deadhead', 'locomotive': 22607, 'first_train_section': 27158, 'first_section': 22247, 'first_departure_time': 1536992880, 'first_arrival_time': 1537003080, 'second_train_section': 24516, 'second_section': 22416, 'second_departure_time': 1537026840, 'second_arrival_time': 1537030500}
1935	{'task_type': 'regular', 'locomotive': 22607, 'train_section': 24516, 'section': 22416, 'departure_time': 1537026840, 'arrival_time': 1537030500}
1936	{'task_type': 'regular', 'locomotive': 22607, 'train_section': 26472, 'section': 22416, 'departure_time': 1537088040, 'arrival_time': 1537091700}
1937	{'task_type': 'deadhead', 'locomotive': 22607, 'first_train_section': 26472, 'first_section': 22416, 'first_departure_time': 1537088040, 'first_arrival_time': 1537091700, 'second_train_section': 28566, 'second_section': 22347, 'second_departure_time': 1537111140, 'second_arrival_time': 1537116480}
1938	{'task_type': 'regular', 'locomotive': 22607, 'train_section': 28566, 'section': 22347, 'departure_time': 1537111140, 'arrival_time': 1537116480}
1939	{'task_type': 'deadhead', 'locomotive': 22607, 'first_train_section': 28566, 'first_section': 22347, 'first_departure_time': 1537111140, 'first_arrival_time': 1537116480, 'second_train_section': 22945, 'second_section': 22290, 'second_departure_time': 1537131060, 'second_arrival_time': 1537135199}
1940	{'task_type': 'regular', 'locomotive': 22607, 'train_section': 22945, 'section': 22290, 'departure_time': 1537131060, 'arrival_time': 1537135199}
1941	{'task_type': 'regular', 'locomotive': 22609, 'train_section': 27317, 'section': 22248, 'departure_time': 1536637800, 'arrival_time': 1536640560}
1942	{'task_type': 'deadhead', 'locomotive': 22609, 'first_train_section': 27317, 'first_section': 22248, 'first_departure_time': 1536637800, 'first_arrival_time': 1536640560, 'second_train_section': 23782, 'second_section': 22304, 'second_departure_time': 1536644100, 'second_arrival_time': 1536649140}
1943	{'task_type': 'regular', 'locomotive': 22609, 'train_section': 23782, 'section': 22304, 'departure_time': 1536644100, 'arrival_time': 1536649140}
1944	{'task_type': 'deadhead', 'locomotive': 22609, 'first_train_section': 23782, 'first_section': 22304, 'first_departure_time': 1536644100, 'first_arrival_time': 1536649140, 'second_train_section': 24066, 'second_section': 22507, 'second_departure_time': 1536655560, 'second_arrival_time': 1536659160}
1945	{'task_type': 'regular', 'locomotive': 22609, 'train_section': 24066, 'section': 22507, 'departure_time': 1536655560, 'arrival_time': 1536659160}
1946	{'task_type': 'deadhead', 'locomotive': 22609, 'first_train_section': 24066, 'first_section': 22507, 'first_departure_time': 1536655560, 'first_arrival_time': 1536659160, 'second_train_section': 22726, 'second_section': 22499, 'second_departure_time': 1536666300, 'second_arrival_time': 1536671460}
1947	{'task_type': 'regular', 'locomotive': 22609, 'train_section': 22726, 'section': 22499, 'departure_time': 1536666300, 'arrival_time': 1536671460}
1948	{'task_type': 'deadhead', 'locomotive': 22609, 'first_train_section': 22726, 'first_section': 22499, 'first_departure_time': 1536666300, 'first_arrival_time': 1536671460, 'second_train_section': 28536, 'second_section': 22264, 'second_departure_time': 1536676140, 'second_arrival_time': 1536676560}
1949	{'task_type': 'regular', 'locomotive': 22609, 'train_section': 28536, 'section': 22264, 'departure_time': 1536676140, 'arrival_time': 1536676560}
1950	{'task_type': 'deadhead', 'locomotive': 22609, 'first_train_section': 28536, 'first_section': 22264, 'first_departure_time': 1536676140, 'first_arrival_time': 1536676560, 'second_train_section': 26861, 'second_section': 22264, 'second_departure_time': 1536681180, 'second_arrival_time': 1536681600}
1951	{'task_type': 'regular', 'locomotive': 22609, 'train_section': 26861, 'section': 22264, 'departure_time': 1536681180, 'arrival_time': 1536681600}
1952	{'task_type': 'regular', 'locomotive': 22609, 'train_section': 27437, 'section': 22259, 'departure_time': 1536686640, 'arrival_time': 1536686940}
1953	{'task_type': 'deadhead', 'locomotive': 22609, 'first_train_section': 27437, 'first_section': 22259, 'first_departure_time': 1536686640, 'first_arrival_time': 1536686940, 'second_train_section': 27545, 'second_section': 22304, 'second_departure_time': 1536692340, 'second_arrival_time': 1536696780}
1954	{'task_type': 'regular', 'locomotive': 22609, 'train_section': 27545, 'section': 22304, 'departure_time': 1536692340, 'arrival_time': 1536696780}
1955	{'task_type': 'deadhead', 'locomotive': 22609, 'first_train_section': 27545, 'first_section': 22304, 'first_departure_time': 1536692340, 'first_arrival_time': 1536696780, 'second_train_section': 25408, 'second_section': 22266, 'second_departure_time': 1536701100, 'second_arrival_time': 1536707640}
1956	{'task_type': 'regular', 'locomotive': 22609, 'train_section': 25408, 'section': 22266, 'departure_time': 1536701100, 'arrival_time': 1536707640}
1957	{'task_type': 'regular', 'locomotive': 22609, 'train_section': 26308, 'section': 22361, 'departure_time': 1536719460, 'arrival_time': 1536722460}
1958	{'task_type': 'regular', 'locomotive': 22609, 'train_section': 25368, 'section': 22499, 'departure_time': 1536731100, 'arrival_time': 1536736260}
1959	{'task_type': 'deadhead', 'locomotive': 22609, 'first_train_section': 25368, 'first_section': 22499, 'first_departure_time': 1536731100, 'first_arrival_time': 1536736260, 'second_train_section': 23894, 'second_section': 22292, 'second_departure_time': 1536744000, 'second_arrival_time': 1536748080}
1960	{'task_type': 'regular', 'locomotive': 22609, 'train_section': 23894, 'section': 22292, 'departure_time': 1536744000, 'arrival_time': 1536748080}
1961	{'task_type': 'deadhead', 'locomotive': 22609, 'first_train_section': 23894, 'first_section': 22292, 'first_departure_time': 1536744000, 'first_arrival_time': 1536748080, 'second_train_section': 25528, 'second_section': 22282, 'second_departure_time': 1536753840, 'second_arrival_time': 1536759240}
1962	{'task_type': 'regular', 'locomotive': 22609, 'train_section': 25528, 'section': 22282, 'departure_time': 1536753840, 'arrival_time': 1536759240}
1963	{'task_type': 'regular', 'locomotive': 22609, 'train_section': 25359, 'section': 22363, 'departure_time': 1536763380, 'arrival_time': 1536769440}
1964	{'task_type': 'regular', 'locomotive': 22609, 'train_section': 28784, 'section': 22284, 'departure_time': 1536771120, 'arrival_time': 1536774780}
1965	{'task_type': 'deadhead', 'locomotive': 22609, 'first_train_section': 24552, 'first_section': 22464, 'first_departure_time': 1536781980, 'first_arrival_time': 1536789540, 'second_train_section': 22755, 'second_section': 22452, 'second_departure_time': 1536799920, 'second_arrival_time': 1536802620}
1966	{'task_type': 'regular', 'locomotive': 22609, 'train_section': 22755, 'section': 22452, 'departure_time': 1536799920, 'arrival_time': 1536802620}
1967	{'task_type': 'deadhead', 'locomotive': 22609, 'first_train_section': 22755, 'first_section': 22452, 'first_departure_time': 1536799920, 'first_arrival_time': 1536802620, 'second_train_section': 23348, 'second_section': 22326, 'second_departure_time': 1536808560, 'second_arrival_time': 1536814620}
1968	{'task_type': 'regular', 'locomotive': 22609, 'train_section': 23348, 'section': 22326, 'departure_time': 1536808560, 'arrival_time': 1536814620}
1969	{'task_type': 'deadhead', 'locomotive': 22609, 'first_train_section': 23348, 'first_section': 22326, 'first_departure_time': 1536808560, 'first_arrival_time': 1536814620, 'second_train_section': 27201, 'second_section': 22310, 'second_departure_time': 1536819960, 'second_arrival_time': 1536821700}
1970	{'task_type': 'regular', 'locomotive': 22609, 'train_section': 27201, 'section': 22310, 'departure_time': 1536819960, 'arrival_time': 1536821700}
1971	{'task_type': 'deadhead', 'locomotive': 22609, 'first_train_section': 27201, 'first_section': 22310, 'first_departure_time': 1536819960, 'first_arrival_time': 1536821700, 'second_train_section': 23054, 'second_section': 22296, 'second_departure_time': 1536825600, 'second_arrival_time': 1536826500}
1972	{'task_type': 'regular', 'locomotive': 22609, 'train_section': 23054, 'section': 22296, 'departure_time': 1536825600, 'arrival_time': 1536826500}
1973	{'task_type': 'deadhead', 'locomotive': 22609, 'first_train_section': 23054, 'first_section': 22296, 'first_departure_time': 1536825600, 'first_arrival_time': 1536826500, 'second_train_section': 25440, 'second_section': 22278, 'second_departure_time': 1536836280, 'second_arrival_time': 1536843060}
1974	{'task_type': 'regular', 'locomotive': 22609, 'train_section': 25440, 'section': 22278, 'departure_time': 1536836280, 'arrival_time': 1536843060}
1975	{'task_type': 'regular', 'locomotive': 22609, 'train_section': 27384, 'section': 22275, 'departure_time': 1536843900, 'arrival_time': 1536850980}
1976	{'task_type': 'deadhead', 'locomotive': 22609, 'first_train_section': 27384, 'first_section': 22275, 'first_departure_time': 1536843900, 'first_arrival_time': 1536850980, 'second_train_section': 25512, 'second_section': 22256, 'second_departure_time': 1536858600, 'second_arrival_time': 1536860880}
1977	{'task_type': 'regular', 'locomotive': 22609, 'train_section': 25512, 'section': 22256, 'departure_time': 1536858600, 'arrival_time': 1536860880}
1978	{'task_type': 'deadhead', 'locomotive': 22609, 'first_train_section': 25512, 'first_section': 22256, 'first_departure_time': 1536858600, 'first_arrival_time': 1536860880, 'second_train_section': 28943, 'second_section': 22452, 'second_departure_time': 1536862560, 'second_arrival_time': 1536864360}
1979	{'task_type': 'regular', 'locomotive': 22609, 'train_section': 28943, 'section': 22452, 'departure_time': 1536862560, 'arrival_time': 1536864360}
1980	{'task_type': 'deadhead', 'locomotive': 22609, 'first_train_section': 22777, 'first_section': 22470, 'first_departure_time': 1536874800, 'first_arrival_time': 1536875940, 'second_train_section': 27912, 'second_section': 22330, 'second_departure_time': 1536882000, 'second_arrival_time': 1536890220}
1981	{'task_type': 'regular', 'locomotive': 22609, 'train_section': 27912, 'section': 22330, 'departure_time': 1536882000, 'arrival_time': 1536890220}
1982	{'task_type': 'deadhead', 'locomotive': 22609, 'first_train_section': 27912, 'first_section': 22330, 'first_departure_time': 1536882000, 'first_arrival_time': 1536890220, 'second_train_section': 23943, 'second_section': 22273, 'second_departure_time': 1536896880, 'second_arrival_time': 1536901260}
1983	{'task_type': 'regular', 'locomotive': 22609, 'train_section': 23943, 'section': 22273, 'departure_time': 1536896880, 'arrival_time': 1536901260}
1984	{'task_type': 'regular', 'locomotive': 22609, 'train_section': 24459, 'section': 22401, 'departure_time': 1536901740, 'arrival_time': 1536903060}
1985	{'task_type': 'regular', 'locomotive': 22609, 'train_section': 28462, 'section': 22465, 'departure_time': 1536903660, 'arrival_time': 1536904860}
1986	{'task_type': 'deadhead', 'locomotive': 22609, 'first_train_section': 28462, 'first_section': 22465, 'first_departure_time': 1536903660, 'first_arrival_time': 1536904860, 'second_train_section': 27620, 'second_section': 22270, 'second_departure_time': 1536916560, 'second_arrival_time': 1536918480}
1987	{'task_type': 'regular', 'locomotive': 22609, 'train_section': 27620, 'section': 22270, 'departure_time': 1536916560, 'arrival_time': 1536918480}
1988	{'task_type': 'deadhead', 'locomotive': 22609, 'first_train_section': 27620, 'first_section': 22270, 'first_departure_time': 1536916560, 'first_arrival_time': 1536918480, 'second_train_section': 26132, 'second_section': 22400, 'second_departure_time': 1536929400, 'second_arrival_time': 1536932820}
1989	{'task_type': 'regular', 'locomotive': 22609, 'train_section': 26132, 'section': 22400, 'departure_time': 1536929400, 'arrival_time': 1536932820}
1990	{'task_type': 'deadhead', 'locomotive': 22609, 'first_train_section': 26132, 'first_section': 22400, 'first_departure_time': 1536929400, 'first_arrival_time': 1536932820, 'second_train_section': 22955, 'second_section': 22274, 'second_departure_time': 1536943740, 'second_arrival_time': 1536951000}
1991	{'task_type': 'regular', 'locomotive': 22609, 'train_section': 22955, 'section': 22274, 'departure_time': 1536943740, 'arrival_time': 1536951000}
1992	{'task_type': 'deadhead', 'locomotive': 22609, 'first_train_section': 22955, 'first_section': 22274, 'first_departure_time': 1536943740, 'first_arrival_time': 1536951000, 'second_train_section': 22743, 'second_section': 22398, 'second_departure_time': 1536960000, 'second_arrival_time': 1536965880}
1993	{'task_type': 'regular', 'locomotive': 22609, 'train_section': 22743, 'section': 22398, 'departure_time': 1536960000, 'arrival_time': 1536965880}
1994	{'task_type': 'deadhead', 'locomotive': 22609, 'first_train_section': 22743, 'first_section': 22398, 'first_departure_time': 1536960000, 'first_arrival_time': 1536965880, 'second_train_section': 27512, 'second_section': 22404, 'second_departure_time': 1536978060, 'second_arrival_time': 1536987300}
1995	{'task_type': 'regular', 'locomotive': 22609, 'train_section': 27512, 'section': 22404, 'departure_time': 1536978060, 'arrival_time': 1536987300}
1996	{'task_type': 'deadhead', 'locomotive': 22609, 'first_train_section': 27512, 'first_section': 22404, 'first_departure_time': 1536978060, 'first_arrival_time': 1536987300, 'second_train_section': 27683, 'second_section': 22311, 'second_departure_time': 1537004400, 'second_arrival_time': 1537007160}
1997	{'task_type': 'regular', 'locomotive': 22609, 'train_section': 27683, 'section': 22311, 'departure_time': 1537004400, 'arrival_time': 1537007160}
1998	{'task_type': 'deadhead', 'locomotive': 22609, 'first_train_section': 27683, 'first_section': 22311, 'first_departure_time': 1537004400, 'first_arrival_time': 1537007160, 'second_train_section': 23703, 'second_section': 22416, 'second_departure_time': 1537109640, 'second_arrival_time': 1537113300}
1999	{'task_type': 'regular', 'locomotive': 22609, 'train_section': 23703, 'section': 22416, 'departure_time': 1537109640, 'arrival_time': 1537113300}
2000	{'task_type': 'regular', 'locomotive': 22612, 'train_section': 28219, 'section': 22479, 'departure_time': 1536652140, 'arrival_time': 1536653760}
2001	{'task_type': 'deadhead', 'locomotive': 22612, 'first_train_section': 28219, 'first_section': 22479, 'first_departure_time': 1536652140, 'first_arrival_time': 1536653760, 'second_train_section': 28437, 'second_section': 22500, 'second_departure_time': 1536680280, 'second_arrival_time': 1536683400}
2002	{'task_type': 'regular', 'locomotive': 22612, 'train_section': 28437, 'section': 22500, 'departure_time': 1536680280, 'arrival_time': 1536683400}
2003	{'task_type': 'deadhead', 'locomotive': 22612, 'first_train_section': 27556, 'first_section': 22502, 'first_departure_time': 1536703260, 'first_arrival_time': 1536727500, 'second_train_section': 22767, 'second_section': 22508, 'second_departure_time': 1536730380, 'second_arrival_time': 1536733320}
2004	{'task_type': 'regular', 'locomotive': 22612, 'train_section': 22767, 'section': 22508, 'departure_time': 1536730380, 'arrival_time': 1536733320}
2005	{'task_type': 'deadhead', 'locomotive': 22612, 'first_train_section': 22767, 'first_section': 22508, 'first_departure_time': 1536730380, 'first_arrival_time': 1536733320, 'second_train_section': 23807, 'second_section': 22495, 'second_departure_time': 1536738480, 'second_arrival_time': 1536741360}
2006	{'task_type': 'regular', 'locomotive': 22612, 'train_section': 23807, 'section': 22495, 'departure_time': 1536738480, 'arrival_time': 1536741360}
2007	{'task_type': 'deadhead', 'locomotive': 22612, 'first_train_section': 23807, 'first_section': 22495, 'first_departure_time': 1536738480, 'first_arrival_time': 1536741360, 'second_train_section': 22906, 'second_section': 22416, 'second_departure_time': 1536749640, 'second_arrival_time': 1536753300}
2008	{'task_type': 'regular', 'locomotive': 22612, 'train_section': 22906, 'section': 22416, 'departure_time': 1536749640, 'arrival_time': 1536753300}
2009	{'task_type': 'regular', 'locomotive': 22612, 'train_section': 29006, 'section': 22378, 'departure_time': 1536755700, 'arrival_time': 1536759360}
2010	{'task_type': 'deadhead', 'locomotive': 22612, 'first_train_section': 29006, 'first_section': 22378, 'first_departure_time': 1536755700, 'first_arrival_time': 1536759360, 'second_train_section': 24658, 'second_section': 22454, 'second_departure_time': 1536765900, 'second_arrival_time': 1536771720}
2011	{'task_type': 'regular', 'locomotive': 22612, 'train_section': 24658, 'section': 22454, 'departure_time': 1536765900, 'arrival_time': 1536771720}
2012	{'task_type': 'deadhead', 'locomotive': 22612, 'first_train_section': 24658, 'first_section': 22454, 'first_departure_time': 1536765900, 'first_arrival_time': 1536771720, 'second_train_section': 24130, 'second_section': 22496, 'second_departure_time': 1536774540, 'second_arrival_time': 1536779160}
2013	{'task_type': 'regular', 'locomotive': 22612, 'train_section': 24130, 'section': 22496, 'departure_time': 1536774540, 'arrival_time': 1536779160}
2014	{'task_type': 'deadhead', 'locomotive': 22612, 'first_train_section': 24130, 'first_section': 22496, 'first_departure_time': 1536774540, 'first_arrival_time': 1536779160, 'second_train_section': 27264, 'second_section': 22431, 'second_departure_time': 1536781260, 'second_arrival_time': 1536785460}
2015	{'task_type': 'regular', 'locomotive': 22612, 'train_section': 27264, 'section': 22431, 'departure_time': 1536781260, 'arrival_time': 1536785460}
2016	{'task_type': 'regular', 'locomotive': 22612, 'train_section': 28642, 'section': 22495, 'departure_time': 1536786720, 'arrival_time': 1536789660}
2017	{'task_type': 'deadhead', 'locomotive': 22612, 'first_train_section': 28642, 'first_section': 22495, 'first_departure_time': 1536786720, 'first_arrival_time': 1536789660, 'second_train_section': 23982, 'second_section': 22495, 'second_departure_time': 1536795840, 'second_arrival_time': 1536798720}
2018	{'task_type': 'regular', 'locomotive': 22612, 'train_section': 23982, 'section': 22495, 'departure_time': 1536795840, 'arrival_time': 1536798720}
2019	{'task_type': 'regular', 'locomotive': 22612, 'train_section': 28432, 'section': 22308, 'departure_time': 1536799560, 'arrival_time': 1536802320}
2020	{'task_type': 'deadhead', 'locomotive': 22612, 'first_train_section': 28432, 'first_section': 22308, 'first_departure_time': 1536799560, 'first_arrival_time': 1536802320, 'second_train_section': 28137, 'second_section': 22474, 'second_departure_time': 1536808800, 'second_arrival_time': 1536810480}
2021	{'task_type': 'regular', 'locomotive': 22612, 'train_section': 28137, 'section': 22474, 'departure_time': 1536808800, 'arrival_time': 1536810480}
2022	{'task_type': 'regular', 'locomotive': 22612, 'train_section': 28201, 'section': 22512, 'departure_time': 1536812940, 'arrival_time': 1536816300}
2023	{'task_type': 'deadhead', 'locomotive': 22612, 'first_train_section': 28201, 'first_section': 22512, 'first_departure_time': 1536812940, 'first_arrival_time': 1536816300, 'second_train_section': 28816, 'second_section': 22495, 'second_departure_time': 1536825240, 'second_arrival_time': 1536828120}
2024	{'task_type': 'regular', 'locomotive': 22612, 'train_section': 28816, 'section': 22495, 'departure_time': 1536825240, 'arrival_time': 1536828120}
2025	{'task_type': 'deadhead', 'locomotive': 22612, 'first_train_section': 28816, 'first_section': 22495, 'first_departure_time': 1536825240, 'first_arrival_time': 1536828120, 'second_train_section': 23622, 'second_section': 22416, 'second_departure_time': 1536836040, 'second_arrival_time': 1536839700}
2026	{'task_type': 'regular', 'locomotive': 22612, 'train_section': 23622, 'section': 22416, 'departure_time': 1536836040, 'arrival_time': 1536839700}
2027	{'task_type': 'regular', 'locomotive': 22612, 'train_section': 28440, 'section': 22378, 'departure_time': 1536847500, 'arrival_time': 1536851160}
2028	{'task_type': 'regular', 'locomotive': 22612, 'train_section': 25305, 'section': 22416, 'departure_time': 1536857640, 'arrival_time': 1536861300}
2029	{'task_type': 'regular', 'locomotive': 22612, 'train_section': 25703, 'section': 22378, 'departure_time': 1536861900, 'arrival_time': 1536865560}
2030	{'task_type': 'deadhead', 'locomotive': 22612, 'first_train_section': 27183, 'first_section': 22417, 'first_departure_time': 1536865620, 'first_arrival_time': 1536870480, 'second_train_section': 23968, 'second_section': 22429, 'second_departure_time': 1536872040, 'second_arrival_time': 1536874680}
2031	{'task_type': 'regular', 'locomotive': 22612, 'train_section': 23968, 'section': 22429, 'departure_time': 1536872040, 'arrival_time': 1536874680}
2032	{'task_type': 'deadhead', 'locomotive': 22612, 'first_train_section': 23968, 'first_section': 22429, 'first_departure_time': 1536872040, 'first_arrival_time': 1536874680, 'second_train_section': 28996, 'second_section': 22431, 'second_departure_time': 1536877140, 'second_arrival_time': 1536881340}
2033	{'task_type': 'regular', 'locomotive': 22612, 'train_section': 28996, 'section': 22431, 'departure_time': 1536877140, 'arrival_time': 1536881340}
2034	{'task_type': 'regular', 'locomotive': 22612, 'train_section': 23197, 'section': 22496, 'departure_time': 1536892260, 'arrival_time': 1536898620}
2035	{'task_type': 'deadhead', 'locomotive': 22612, 'first_train_section': 23197, 'first_section': 22496, 'first_departure_time': 1536892260, 'first_arrival_time': 1536898620, 'second_train_section': 27180, 'second_section': 22456, 'second_departure_time': 1536903300, 'second_arrival_time': 1536904800}
2036	{'task_type': 'regular', 'locomotive': 22612, 'train_section': 27180, 'section': 22456, 'departure_time': 1536903300, 'arrival_time': 1536904800}
2037	{'task_type': 'deadhead', 'locomotive': 22612, 'first_train_section': 22688, 'first_section': 22417, 'first_departure_time': 1536904800, 'first_arrival_time': 1536931800, 'second_train_section': 25740, 'second_section': 22378, 'second_departure_time': 1536935700, 'second_arrival_time': 1536939360}
2038	{'task_type': 'regular', 'locomotive': 22612, 'train_section': 25740, 'section': 22378, 'departure_time': 1536935700, 'arrival_time': 1536939360}
2039	{'task_type': 'regular', 'locomotive': 22612, 'train_section': 27749, 'section': 22416, 'departure_time': 1536940440, 'arrival_time': 1536944100}
2040	{'task_type': 'regular', 'locomotive': 22612, 'train_section': 28940, 'section': 22378, 'departure_time': 1536944700, 'arrival_time': 1536948360}
2041	{'task_type': 'deadhead', 'locomotive': 22612, 'first_train_section': 28940, 'first_section': 22378, 'first_departure_time': 1536944700, 'first_arrival_time': 1536948360, 'second_train_section': 23850, 'second_section': 22460, 'second_departure_time': 1536949260, 'second_arrival_time': 1536951600}
2042	{'task_type': 'regular', 'locomotive': 22612, 'train_section': 23850, 'section': 22460, 'departure_time': 1536949260, 'arrival_time': 1536951600}
2043	{'task_type': 'deadhead', 'locomotive': 22612, 'first_train_section': 23850, 'first_section': 22460, 'first_departure_time': 1536949260, 'first_arrival_time': 1536951600, 'second_train_section': 27879, 'second_section': 22496, 'second_departure_time': 1536956820, 'second_arrival_time': 1536961920}
2044	{'task_type': 'regular', 'locomotive': 22612, 'train_section': 27879, 'section': 22496, 'departure_time': 1536956820, 'arrival_time': 1536961920}
2045	{'task_type': 'deadhead', 'locomotive': 22612, 'first_train_section': 27879, 'first_section': 22496, 'first_departure_time': 1536956820, 'first_arrival_time': 1536961920, 'second_train_section': 23174, 'second_section': 22304, 'second_departure_time': 1536971580, 'second_arrival_time': 1536976020}
2046	{'task_type': 'regular', 'locomotive': 22612, 'train_section': 23174, 'section': 22304, 'departure_time': 1536971580, 'arrival_time': 1536976020}
2047	{'task_type': 'regular', 'locomotive': 22612, 'train_section': 27514, 'section': 22245, 'departure_time': 1536987480, 'arrival_time': 1536992940}
2048	{'task_type': 'deadhead', 'locomotive': 22612, 'first_train_section': 27514, 'first_section': 22245, 'first_departure_time': 1536987480, 'first_arrival_time': 1536992940, 'second_train_section': 23651, 'second_section': 22495, 'second_departure_time': 1536998040, 'second_arrival_time': 1537000920}
2049	{'task_type': 'regular', 'locomotive': 22612, 'train_section': 23651, 'section': 22495, 'departure_time': 1536998040, 'arrival_time': 1537000920}
2050	{'task_type': 'deadhead', 'locomotive': 22612, 'first_train_section': 23651, 'first_section': 22495, 'first_departure_time': 1536998040, 'first_arrival_time': 1537000920, 'second_train_section': 24529, 'second_section': 22431, 'second_departure_time': 1537013160, 'second_arrival_time': 1537018200}
2051	{'task_type': 'regular', 'locomotive': 22612, 'train_section': 24529, 'section': 22431, 'departure_time': 1537013160, 'arrival_time': 1537018200}
2052	{'task_type': 'regular', 'locomotive': 22612, 'train_section': 24531, 'section': 22495, 'departure_time': 1537019280, 'arrival_time': 1537022040}
2053	{'task_type': 'regular', 'locomotive': 22612, 'train_section': 24533, 'section': 22304, 'departure_time': 1537022640, 'arrival_time': 1537027200}
2054	{'task_type': 'deadhead', 'locomotive': 22612, 'first_train_section': 24533, 'first_section': 22304, 'first_departure_time': 1537022640, 'first_arrival_time': 1537027200, 'second_train_section': 23868, 'second_section': 22277, 'second_departure_time': 1537040100, 'second_arrival_time': 1537043580}
2055	{'task_type': 'regular', 'locomotive': 22612, 'train_section': 23868, 'section': 22277, 'departure_time': 1537040100, 'arrival_time': 1537043580}
2056	{'task_type': 'deadhead', 'locomotive': 22612, 'first_train_section': 23868, 'first_section': 22277, 'first_departure_time': 1537040100, 'first_arrival_time': 1537043580, 'second_train_section': 23596, 'second_section': 22330, 'second_departure_time': 1537054800, 'second_arrival_time': 1537063020}
2057	{'task_type': 'regular', 'locomotive': 22612, 'train_section': 23596, 'section': 22330, 'departure_time': 1537054800, 'arrival_time': 1537063020}
2058	{'task_type': 'deadhead', 'locomotive': 22612, 'first_train_section': 23596, 'first_section': 22330, 'first_departure_time': 1537054800, 'first_arrival_time': 1537063020, 'second_train_section': 23370, 'second_section': 22327, 'second_departure_time': 1537103280, 'second_arrival_time': 1537109640}
2059	{'task_type': 'regular', 'locomotive': 22612, 'train_section': 23370, 'section': 22327, 'departure_time': 1537103280, 'arrival_time': 1537109640}
2060	{'task_type': 'deadhead', 'locomotive': 22612, 'first_train_section': 23370, 'first_section': 22327, 'first_departure_time': 1537103280, 'first_arrival_time': 1537109640, 'second_train_section': 24160, 'second_section': 22322, 'second_departure_time': 1537116720, 'second_arrival_time': 1537126620}
2061	{'task_type': 'regular', 'locomotive': 22612, 'train_section': 24160, 'section': 22322, 'departure_time': 1537116720, 'arrival_time': 1537126620}
2062	{'task_type': 'regular', 'locomotive': 22616, 'train_section': 23467, 'section': 22378, 'departure_time': 1536635340, 'arrival_time': 1536639000}
2063	{'task_type': 'deadhead', 'locomotive': 22616, 'first_train_section': 23467, 'first_section': 22378, 'first_departure_time': 1536635340, 'first_arrival_time': 1536639000, 'second_train_section': 28747, 'second_section': 22378, 'second_departure_time': 1536644100, 'second_arrival_time': 1536647760}
2064	{'task_type': 'regular', 'locomotive': 22616, 'train_section': 28747, 'section': 22378, 'departure_time': 1536644100, 'arrival_time': 1536647760}
2065	{'task_type': 'deadhead', 'locomotive': 22616, 'first_train_section': 28747, 'first_section': 22378, 'first_departure_time': 1536644100, 'first_arrival_time': 1536647760, 'second_train_section': 24238, 'second_section': 22499, 'second_departure_time': 1536673500, 'second_arrival_time': 1536678660}
2066	{'task_type': 'regular', 'locomotive': 22616, 'train_section': 24238, 'section': 22499, 'departure_time': 1536673500, 'arrival_time': 1536678660}
2067	{'task_type': 'deadhead', 'locomotive': 22616, 'first_train_section': 24238, 'first_section': 22499, 'first_departure_time': 1536673500, 'first_arrival_time': 1536678660, 'second_train_section': 22909, 'second_section': 22472, 'second_departure_time': 1536685980, 'second_arrival_time': 1536691140}
2068	{'task_type': 'regular', 'locomotive': 22616, 'train_section': 22909, 'section': 22472, 'departure_time': 1536685980, 'arrival_time': 1536691140}
2069	{'task_type': 'deadhead', 'locomotive': 22616, 'first_train_section': 22909, 'first_section': 22472, 'first_departure_time': 1536685980, 'first_arrival_time': 1536691140, 'second_train_section': 28723, 'second_section': 22247, 'second_departure_time': 1536700440, 'second_arrival_time': 1536711300}
2070	{'task_type': 'regular', 'locomotive': 22616, 'train_section': 28723, 'section': 22247, 'departure_time': 1536700440, 'arrival_time': 1536711300}
2071	{'task_type': 'deadhead', 'locomotive': 22616, 'first_train_section': 28723, 'first_section': 22247, 'first_departure_time': 1536700440, 'first_arrival_time': 1536711300, 'second_train_section': 25847, 'second_section': 22404, 'second_departure_time': 1536714060, 'second_arrival_time': 1536723060}
2072	{'task_type': 'regular', 'locomotive': 22616, 'train_section': 25847, 'section': 22404, 'departure_time': 1536714060, 'arrival_time': 1536723060}
2073	{'task_type': 'regular', 'locomotive': 22616, 'train_section': 24920, 'section': 22247, 'departure_time': 1536726600, 'arrival_time': 1536736740}
2074	{'task_type': 'deadhead', 'locomotive': 22616, 'first_train_section': 24920, 'first_section': 22247, 'first_departure_time': 1536726600, 'first_arrival_time': 1536736740, 'second_train_section': 24063, 'second_section': 22383, 'second_departure_time': 1536746160, 'second_arrival_time': 1536750300}
2075	{'task_type': 'regular', 'locomotive': 22616, 'train_section': 24063, 'section': 22383, 'departure_time': 1536746160, 'arrival_time': 1536750300}
2076	{'task_type': 'deadhead', 'locomotive': 22616, 'first_train_section': 24063, 'first_section': 22383, 'first_departure_time': 1536746160, 'first_arrival_time': 1536750300, 'second_train_section': 27500, 'second_section': 22391, 'second_departure_time': 1536758760, 'second_arrival_time': 1536759480}
2077	{'task_type': 'regular', 'locomotive': 22616, 'train_section': 27500, 'section': 22391, 'departure_time': 1536758760, 'arrival_time': 1536759480}
2078	{'task_type': 'regular', 'locomotive': 22616, 'train_section': 22869, 'section': 22365, 'departure_time': 1536777420, 'arrival_time': 1536780960}
2079	{'task_type': 'deadhead', 'locomotive': 22616, 'first_train_section': 22869, 'first_section': 22365, 'first_departure_time': 1536777420, 'first_arrival_time': 1536780960, 'second_train_section': 26200, 'second_section': 22407, 'second_departure_time': 1536798720, 'second_arrival_time': 1536806160}
2080	{'task_type': 'regular', 'locomotive': 22616, 'train_section': 26200, 'section': 22407, 'departure_time': 1536798720, 'arrival_time': 1536806160}
2081	{'task_type': 'regular', 'locomotive': 22616, 'train_section': 26593, 'section': 22337, 'departure_time': 1536813120, 'arrival_time': 1536819960}
2082	{'task_type': 'deadhead', 'locomotive': 22616, 'first_train_section': 26593, 'first_section': 22337, 'first_departure_time': 1536813120, 'first_arrival_time': 1536819960, 'second_train_section': 23897, 'second_section': 22404, 'second_departure_time': 1536821220, 'second_arrival_time': 1536831120}
2083	{'task_type': 'regular', 'locomotive': 22616, 'train_section': 23897, 'section': 22404, 'departure_time': 1536821220, 'arrival_time': 1536831120}
2084	{'task_type': 'deadhead', 'locomotive': 22616, 'first_train_section': 23897, 'first_section': 22404, 'first_departure_time': 1536821220, 'first_arrival_time': 1536831120, 'second_train_section': 26057, 'second_section': 22485, 'second_departure_time': 1536843540, 'second_arrival_time': 1536852180}
2085	{'task_type': 'regular', 'locomotive': 22616, 'train_section': 26057, 'section': 22485, 'departure_time': 1536843540, 'arrival_time': 1536852180}
2086	{'task_type': 'deadhead', 'locomotive': 22616, 'first_train_section': 26057, 'first_section': 22485, 'first_departure_time': 1536843540, 'first_arrival_time': 1536852180, 'second_train_section': 23439, 'second_section': 22245, 'second_departure_time': 1536856740, 'second_arrival_time': 1536861780}
2087	{'task_type': 'regular', 'locomotive': 22616, 'train_section': 23439, 'section': 22245, 'departure_time': 1536856740, 'arrival_time': 1536861780}
2088	{'task_type': 'deadhead', 'locomotive': 22616, 'first_train_section': 23439, 'first_section': 22245, 'first_departure_time': 1536856740, 'first_arrival_time': 1536861780, 'second_train_section': 23443, 'second_section': 22496, 'second_departure_time': 1536866940, 'second_arrival_time': 1536871260}
2089	{'task_type': 'regular', 'locomotive': 22616, 'train_section': 23443, 'section': 22496, 'departure_time': 1536866940, 'arrival_time': 1536871260}
2090	{'task_type': 'regular', 'locomotive': 22616, 'train_section': 23389, 'section': 22378, 'departure_time': 1536897900, 'arrival_time': 1536901560}
2091	{'task_type': 'deadhead', 'locomotive': 22616, 'first_train_section': 24707, 'first_section': 22417, 'first_departure_time': 1536906960, 'first_arrival_time': 1536922440, 'second_train_section': 24069, 'second_section': 22424, 'second_departure_time': 1536925680, 'second_arrival_time': 1536930540}
2092	{'task_type': 'regular', 'locomotive': 22616, 'train_section': 24069, 'section': 22424, 'departure_time': 1536925680, 'arrival_time': 1536930540}
2093	{'task_type': 'deadhead', 'locomotive': 22616, 'first_train_section': 24069, 'first_section': 22424, 'first_departure_time': 1536925680, 'first_arrival_time': 1536930540, 'second_train_section': 26197, 'second_section': 22413, 'second_departure_time': 1536935520, 'second_arrival_time': 1536939360}
2094	{'task_type': 'regular', 'locomotive': 22616, 'train_section': 26197, 'section': 22413, 'departure_time': 1536935520, 'arrival_time': 1536939360}
2095	{'task_type': 'deadhead', 'locomotive': 22616, 'first_train_section': 26197, 'first_section': 22413, 'first_departure_time': 1536935520, 'first_arrival_time': 1536939360, 'second_train_section': 23745, 'second_section': 22431, 'second_departure_time': 1536945540, 'second_arrival_time': 1536950400}
2096	{'task_type': 'regular', 'locomotive': 22616, 'train_section': 23745, 'section': 22431, 'departure_time': 1536945540, 'arrival_time': 1536950400}
2097	{'task_type': 'deadhead', 'locomotive': 22616, 'first_train_section': 23745, 'first_section': 22431, 'first_departure_time': 1536945540, 'first_arrival_time': 1536950400, 'second_train_section': 22679, 'second_section': 22443, 'second_departure_time': 1536954840, 'second_arrival_time': 1536956520}
2098	{'task_type': 'regular', 'locomotive': 22616, 'train_section': 22679, 'section': 22443, 'departure_time': 1536954840, 'arrival_time': 1536956520}
2099	{'task_type': 'regular', 'locomotive': 22616, 'train_section': 24856, 'section': 22495, 'departure_time': 1536960180, 'arrival_time': 1536963120}
2100	{'task_type': 'deadhead', 'locomotive': 22616, 'first_train_section': 24856, 'first_section': 22495, 'first_departure_time': 1536960180, 'first_arrival_time': 1536963120, 'second_train_section': 23267, 'second_section': 22496, 'second_departure_time': 1536967260, 'second_arrival_time': 1536971160}
2101	{'task_type': 'regular', 'locomotive': 22616, 'train_section': 23267, 'section': 22496, 'departure_time': 1536967260, 'arrival_time': 1536971160}
2102	{'task_type': 'deadhead', 'locomotive': 22616, 'first_train_section': 23267, 'first_section': 22496, 'first_departure_time': 1536967260, 'first_arrival_time': 1536971160, 'second_train_section': 26376, 'second_section': 22496, 'second_departure_time': 1536978660, 'second_arrival_time': 1536982980}
2103	{'task_type': 'regular', 'locomotive': 22616, 'train_section': 26376, 'section': 22496, 'departure_time': 1536978660, 'arrival_time': 1536982980}
2104	{'task_type': 'deadhead', 'locomotive': 22616, 'first_train_section': 26376, 'first_section': 22496, 'first_departure_time': 1536978660, 'first_arrival_time': 1536982980, 'second_train_section': 26523, 'second_section': 22416, 'second_departure_time': 1536985440, 'second_arrival_time': 1536989100}
2105	{'task_type': 'regular', 'locomotive': 22616, 'train_section': 26523, 'section': 22416, 'departure_time': 1536985440, 'arrival_time': 1536989100}
2106	{'task_type': 'deadhead', 'locomotive': 22616, 'first_train_section': 26523, 'first_section': 22416, 'first_departure_time': 1536985440, 'first_arrival_time': 1536989100, 'second_train_section': 23721, 'second_section': 22308, 'second_departure_time': 1537002240, 'second_arrival_time': 1537004880}
2107	{'task_type': 'regular', 'locomotive': 22616, 'train_section': 23721, 'section': 22308, 'departure_time': 1537002240, 'arrival_time': 1537004880}
2108	{'task_type': 'regular', 'locomotive': 22616, 'train_section': 25378, 'section': 22495, 'departure_time': 1537005000, 'arrival_time': 1537007820}
2109	{'task_type': 'deadhead', 'locomotive': 22616, 'first_train_section': 25378, 'first_section': 22495, 'first_departure_time': 1537005000, 'first_arrival_time': 1537007820, 'second_train_section': 25382, 'second_section': 22247, 'second_departure_time': 1537014720, 'second_arrival_time': 1537025820}
2110	{'task_type': 'regular', 'locomotive': 22616, 'train_section': 25382, 'section': 22247, 'departure_time': 1537014720, 'arrival_time': 1537025820}
2111	{'task_type': 'deadhead', 'locomotive': 22616, 'first_train_section': 25382, 'first_section': 22247, 'first_departure_time': 1537014720, 'first_arrival_time': 1537025820, 'second_train_section': 25222, 'second_section': 22398, 'second_departure_time': 1537046400, 'second_arrival_time': 1537052280}
2112	{'task_type': 'regular', 'locomotive': 22616, 'train_section': 25222, 'section': 22398, 'departure_time': 1537046400, 'arrival_time': 1537052280}
2113	{'task_type': 'deadhead', 'locomotive': 22616, 'first_train_section': 25222, 'first_section': 22398, 'first_departure_time': 1537046400, 'first_arrival_time': 1537052280, 'second_train_section': 28186, 'second_section': 22281, 'second_departure_time': 1537082040, 'second_arrival_time': 1537087200}
2114	{'task_type': 'regular', 'locomotive': 22616, 'train_section': 28186, 'section': 22281, 'departure_time': 1537082040, 'arrival_time': 1537087200}
2115	{'task_type': 'deadhead', 'locomotive': 22616, 'first_train_section': 28186, 'first_section': 22281, 'first_departure_time': 1537082040, 'first_arrival_time': 1537087200, 'second_train_section': 25930, 'second_section': 22496, 'second_departure_time': 1537126140, 'second_arrival_time': 1537131120}
2116	{'task_type': 'regular', 'locomotive': 22616, 'train_section': 25930, 'section': 22496, 'departure_time': 1537126140, 'arrival_time': 1537131120}
2117	{'task_type': 'regular', 'locomotive': 22617, 'train_section': 27984, 'section': 22242, 'departure_time': 1536672060, 'arrival_time': 1536674820}
2118	{'task_type': 'deadhead', 'locomotive': 22617, 'first_train_section': 27984, 'first_section': 22242, 'first_departure_time': 1536672060, 'first_arrival_time': 1536674820, 'second_train_section': 25166, 'second_section': 22488, 'second_departure_time': 1536678840, 'second_arrival_time': 1536683220}
2119	{'task_type': 'regular', 'locomotive': 22617, 'train_section': 25166, 'section': 22488, 'departure_time': 1536678840, 'arrival_time': 1536683220}
2120	{'task_type': 'deadhead', 'locomotive': 22617, 'first_train_section': 25166, 'first_section': 22488, 'first_departure_time': 1536678840, 'first_arrival_time': 1536683220, 'second_train_section': 26347, 'second_section': 22404, 'second_departure_time': 1536691080, 'second_arrival_time': 1536699900}
2121	{'task_type': 'regular', 'locomotive': 22617, 'train_section': 26347, 'section': 22404, 'departure_time': 1536691080, 'arrival_time': 1536699900}
2122	{'task_type': 'regular', 'locomotive': 22617, 'train_section': 23397, 'section': 22249, 'departure_time': 1536700980, 'arrival_time': 1536705780}
2123	{'task_type': 'deadhead', 'locomotive': 22617, 'first_train_section': 23397, 'first_section': 22249, 'first_departure_time': 1536700980, 'first_arrival_time': 1536705780, 'second_train_section': 23151, 'second_section': 22304, 'second_departure_time': 1536712380, 'second_arrival_time': 1536716820}
2124	{'task_type': 'regular', 'locomotive': 22617, 'train_section': 23151, 'section': 22304, 'departure_time': 1536712380, 'arrival_time': 1536716820}
2125	{'task_type': 'regular', 'locomotive': 22617, 'train_section': 23153, 'section': 22247, 'departure_time': 1536717000, 'arrival_time': 1536727560}
2126	{'task_type': 'deadhead', 'locomotive': 22617, 'first_train_section': 23153, 'first_section': 22247, 'first_departure_time': 1536717000, 'first_arrival_time': 1536727560, 'second_train_section': 22698, 'second_section': 22393, 'second_departure_time': 1536728340, 'second_arrival_time': 1536730080}
2127	{'task_type': 'regular', 'locomotive': 22617, 'train_section': 22698, 'section': 22393, 'departure_time': 1536728340, 'arrival_time': 1536730080}
2128	{'task_type': 'deadhead', 'locomotive': 22617, 'first_train_section': 22698, 'first_section': 22393, 'first_departure_time': 1536728340, 'first_arrival_time': 1536730080, 'second_train_section': 26843, 'second_section': 22247, 'second_departure_time': 1536746400, 'second_arrival_time': 1536755820}
2129	{'task_type': 'regular', 'locomotive': 22617, 'train_section': 26843, 'section': 22247, 'departure_time': 1536746400, 'arrival_time': 1536755820}
2130	{'task_type': 'deadhead', 'locomotive': 22617, 'first_train_section': 26843, 'first_section': 22247, 'first_departure_time': 1536746400, 'first_arrival_time': 1536755820, 'second_train_section': 23304, 'second_section': 22383, 'second_departure_time': 1536761520, 'second_arrival_time': 1536764940}
2131	{'task_type': 'regular', 'locomotive': 22617, 'train_section': 23304, 'section': 22383, 'departure_time': 1536761520, 'arrival_time': 1536764940}
2132	{'task_type': 'deadhead', 'locomotive': 22617, 'first_train_section': 28919, 'first_section': 22382, 'first_departure_time': 1536774420, 'first_arrival_time': 1536789540, 'second_train_section': 26390, 'second_section': 22404, 'second_departure_time': 1536796980, 'second_arrival_time': 1536805620}
2133	{'task_type': 'regular', 'locomotive': 22617, 'train_section': 26390, 'section': 22404, 'departure_time': 1536796980, 'arrival_time': 1536805620}
2134	{'task_type': 'regular', 'locomotive': 22617, 'train_section': 26387, 'section': 22247, 'departure_time': 1536813000, 'arrival_time': 1536823140}
2135	{'task_type': 'deadhead', 'locomotive': 22617, 'first_train_section': 26387, 'first_section': 22247, 'first_departure_time': 1536813000, 'first_arrival_time': 1536823140, 'second_train_section': 24403, 'second_section': 22404, 'second_departure_time': 1536834000, 'second_arrival_time': 1536842760}
2136	{'task_type': 'regular', 'locomotive': 22617, 'train_section': 24403, 'section': 22404, 'departure_time': 1536834000, 'arrival_time': 1536842760}
2137	{'task_type': 'deadhead', 'locomotive': 22617, 'first_train_section': 24403, 'first_section': 22404, 'first_departure_time': 1536834000, 'first_arrival_time': 1536842760, 'second_train_section': 25071, 'second_section': 22482, 'second_departure_time': 1536848700, 'second_arrival_time': 1536850620}
2138	{'task_type': 'regular', 'locomotive': 22617, 'train_section': 25071, 'section': 22482, 'departure_time': 1536848700, 'arrival_time': 1536850620}
2139	{'task_type': 'regular', 'locomotive': 22617, 'train_section': 25073, 'section': 22367, 'departure_time': 1536853980, 'arrival_time': 1536855240}
2140	{'task_type': 'regular', 'locomotive': 22617, 'train_section': 25075, 'section': 22247, 'departure_time': 1536856260, 'arrival_time': 1536865260}
2141	{'task_type': 'deadhead', 'locomotive': 22617, 'first_train_section': 25075, 'first_section': 22247, 'first_departure_time': 1536856260, 'first_arrival_time': 1536865260, 'second_train_section': 27503, 'second_section': 22404, 'second_departure_time': 1536883380, 'second_arrival_time': 1536892020}
2142	{'task_type': 'regular', 'locomotive': 22617, 'train_section': 27503, 'section': 22404, 'departure_time': 1536883380, 'arrival_time': 1536892020}
2143	{'task_type': 'deadhead', 'locomotive': 22617, 'first_train_section': 27503, 'first_section': 22404, 'first_departure_time': 1536883380, 'first_arrival_time': 1536892020, 'second_train_section': 26252, 'second_section': 22409, 'second_departure_time': 1536904740, 'second_arrival_time': 1536912240}
2144	{'task_type': 'regular', 'locomotive': 22617, 'train_section': 26252, 'section': 22409, 'departure_time': 1536904740, 'arrival_time': 1536912240}
2145	{'task_type': 'deadhead', 'locomotive': 22617, 'first_train_section': 26252, 'first_section': 22409, 'first_departure_time': 1536904740, 'first_arrival_time': 1536912240, 'second_train_section': 25503, 'second_section': 22404, 'second_departure_time': 1536921840, 'second_arrival_time': 1536931680}
2146	{'task_type': 'regular', 'locomotive': 22617, 'train_section': 25503, 'section': 22404, 'departure_time': 1536921840, 'arrival_time': 1536931680}
2147	{'task_type': 'deadhead', 'locomotive': 22617, 'first_train_section': 25503, 'first_section': 22404, 'first_departure_time': 1536921840, 'first_arrival_time': 1536931680, 'second_train_section': 25098, 'second_section': 22367, 'second_departure_time': 1536940380, 'second_arrival_time': 1536941640}
2148	{'task_type': 'regular', 'locomotive': 22617, 'train_section': 25098, 'section': 22367, 'departure_time': 1536940380, 'arrival_time': 1536941640}
2149	{'task_type': 'deadhead', 'locomotive': 22617, 'first_train_section': 25098, 'first_section': 22367, 'first_departure_time': 1536940380, 'first_arrival_time': 1536941640, 'second_train_section': 25464, 'second_section': 22508, 'second_departure_time': 1536953820, 'second_arrival_time': 1536957360}
2150	{'task_type': 'regular', 'locomotive': 22617, 'train_section': 25464, 'section': 22508, 'departure_time': 1536953820, 'arrival_time': 1536957360}
2151	{'task_type': 'regular', 'locomotive': 22617, 'train_section': 25466, 'section': 22481, 'departure_time': 1536961080, 'arrival_time': 1536966000}
2152	{'task_type': 'deadhead', 'locomotive': 22617, 'first_train_section': 25466, 'first_section': 22481, 'first_departure_time': 1536961080, 'first_arrival_time': 1536966000, 'second_train_section': 22655, 'second_section': 22412, 'second_departure_time': 1536982020, 'second_arrival_time': 1536989280}
2153	{'task_type': 'regular', 'locomotive': 22617, 'train_section': 22655, 'section': 22412, 'departure_time': 1536982020, 'arrival_time': 1536989280}
2154	{'task_type': 'regular', 'locomotive': 22618, 'train_section': 26986, 'section': 22499, 'departure_time': 1536651900, 'arrival_time': 1536657060}
2155	{'task_type': 'deadhead', 'locomotive': 22618, 'first_train_section': 26986, 'first_section': 22499, 'first_departure_time': 1536651900, 'first_arrival_time': 1536657060, 'second_train_section': 28532, 'second_section': 22486, 'second_departure_time': 1536666720, 'second_arrival_time': 1536670320}
2156	{'task_type': 'regular', 'locomotive': 22618, 'train_section': 28532, 'section': 22486, 'departure_time': 1536666720, 'arrival_time': 1536670320}
2157	{'task_type': 'regular', 'locomotive': 22618, 'train_section': 22728, 'section': 22340, 'departure_time': 1536671940, 'arrival_time': 1536687600}
2158	{'task_type': 'regular', 'locomotive': 22618, 'train_section': 25789, 'section': 22438, 'departure_time': 1536723720, 'arrival_time': 1536735060}
2159	{'task_type': 'regular', 'locomotive': 22618, 'train_section': 23482, 'section': 22331, 'departure_time': 1536764880, 'arrival_time': 1536775740}
2160	{'task_type': 'regular', 'locomotive': 22618, 'train_section': 27960, 'section': 22439, 'departure_time': 1536778320, 'arrival_time': 1536785400}
2161	{'task_type': 'regular', 'locomotive': 22618, 'train_section': 22866, 'section': 22320, 'departure_time': 1536807480, 'arrival_time': 1536813900}
2162	{'task_type': 'deadhead', 'locomotive': 22618, 'first_train_section': 22866, 'first_section': 22320, 'first_departure_time': 1536807480, 'first_arrival_time': 1536813900, 'second_train_section': 28374, 'second_section': 22388, 'second_departure_time': 1536817080, 'second_arrival_time': 1536819180}
2163	{'task_type': 'regular', 'locomotive': 22618, 'train_section': 28374, 'section': 22388, 'departure_time': 1536817080, 'arrival_time': 1536819180}
2164	{'task_type': 'deadhead', 'locomotive': 22618, 'first_train_section': 28374, 'first_section': 22388, 'first_departure_time': 1536817080, 'first_arrival_time': 1536819180, 'second_train_section': 25860, 'second_section': 22472, 'second_departure_time': 1536822780, 'second_arrival_time': 1536827940}
2165	{'task_type': 'regular', 'locomotive': 22618, 'train_section': 25860, 'section': 22472, 'departure_time': 1536822780, 'arrival_time': 1536827940}
2166	{'task_type': 'deadhead', 'locomotive': 22618, 'first_train_section': 25860, 'first_section': 22472, 'first_departure_time': 1536822780, 'first_arrival_time': 1536827940, 'second_train_section': 28962, 'second_section': 22337, 'second_departure_time': 1536839880, 'second_arrival_time': 1536846600}
2167	{'task_type': 'regular', 'locomotive': 22618, 'train_section': 28962, 'section': 22337, 'departure_time': 1536839880, 'arrival_time': 1536846600}
2168	{'task_type': 'deadhead', 'locomotive': 22618, 'first_train_section': 28962, 'first_section': 22337, 'first_departure_time': 1536839880, 'first_arrival_time': 1536846600, 'second_train_section': 24021, 'second_section': 22404, 'second_departure_time': 1536865440, 'second_arrival_time': 1536874020}
2169	{'task_type': 'regular', 'locomotive': 22618, 'train_section': 24021, 'section': 22404, 'departure_time': 1536865440, 'arrival_time': 1536874020}
2170	{'task_type': 'deadhead', 'locomotive': 22618, 'first_train_section': 24021, 'first_section': 22404, 'first_departure_time': 1536865440, 'first_arrival_time': 1536874020, 'second_train_section': 27015, 'second_section': 22265, 'second_departure_time': 1536876060, 'second_arrival_time': 1536879780}
2171	{'task_type': 'regular', 'locomotive': 22618, 'train_section': 27015, 'section': 22265, 'departure_time': 1536876060, 'arrival_time': 1536879780}
2172	{'task_type': 'deadhead', 'locomotive': 22618, 'first_train_section': 27015, 'first_section': 22265, 'first_departure_time': 1536876060, 'first_arrival_time': 1536879780, 'second_train_section': 28327, 'second_section': 22247, 'second_departure_time': 1536887580, 'second_arrival_time': 1536897060}
2173	{'task_type': 'regular', 'locomotive': 22618, 'train_section': 28327, 'section': 22247, 'departure_time': 1536887580, 'arrival_time': 1536897060}
2174	{'task_type': 'deadhead', 'locomotive': 22618, 'first_train_section': 28327, 'first_section': 22247, 'first_departure_time': 1536887580, 'first_arrival_time': 1536897060, 'second_train_section': 26885, 'second_section': 22400, 'second_departure_time': 1536900180, 'second_arrival_time': 1536904080}
2175	{'task_type': 'regular', 'locomotive': 22618, 'train_section': 26885, 'section': 22400, 'departure_time': 1536900180, 'arrival_time': 1536904080}
2176	{'task_type': 'deadhead', 'locomotive': 22618, 'first_train_section': 26885, 'first_section': 22400, 'first_departure_time': 1536900180, 'first_arrival_time': 1536904080, 'second_train_section': 24359, 'second_section': 22410, 'second_departure_time': 1536908460, 'second_arrival_time': 1536911280}
2177	{'task_type': 'regular', 'locomotive': 22618, 'train_section': 24359, 'section': 22410, 'departure_time': 1536908460, 'arrival_time': 1536911280}
2178	{'task_type': 'regular', 'locomotive': 22618, 'train_section': 23133, 'section': 22489, 'departure_time': 1536918420, 'arrival_time': 1536921420}
2179	{'task_type': 'deadhead', 'locomotive': 22618, 'first_train_section': 23133, 'first_section': 22489, 'first_departure_time': 1536918420, 'first_arrival_time': 1536921420, 'second_train_section': 24789, 'second_section': 22401, 'second_departure_time': 1536924900, 'second_arrival_time': 1536926280}
2180	{'task_type': 'regular', 'locomotive': 22618, 'train_section': 24789, 'section': 22401, 'departure_time': 1536924900, 'arrival_time': 1536926280}
2181	{'task_type': 'deadhead', 'locomotive': 22618, 'first_train_section': 26876, 'first_section': 22366, 'first_departure_time': 1536939240, 'first_arrival_time': 1536950220, 'second_train_section': 27204, 'second_section': 22404, 'second_departure_time': 1536954240, 'second_arrival_time': 1536962760}
2182	{'task_type': 'regular', 'locomotive': 22618, 'train_section': 27204, 'section': 22404, 'departure_time': 1536954240, 'arrival_time': 1536962760}
2183	{'task_type': 'regular', 'locomotive': 22618, 'train_section': 22685, 'section': 22247, 'departure_time': 1536965940, 'arrival_time': 1536974760}
2184	{'task_type': 'deadhead', 'locomotive': 22618, 'first_train_section': 22685, 'first_section': 22247, 'first_departure_time': 1536965940, 'first_arrival_time': 1536974760, 'second_train_section': 24806, 'second_section': 22329, 'second_departure_time': 1536987480, 'second_arrival_time': 1536988920}
2185	{'task_type': 'regular', 'locomotive': 22618, 'train_section': 24806, 'section': 22329, 'departure_time': 1536987480, 'arrival_time': 1536988920}
2186	{'task_type': 'regular', 'locomotive': 22618, 'train_section': 27189, 'section': 22387, 'departure_time': 1536989880, 'arrival_time': 1536991320}
2187	{'task_type': 'deadhead', 'locomotive': 22618, 'first_train_section': 27189, 'first_section': 22387, 'first_departure_time': 1536989880, 'first_arrival_time': 1536991320, 'second_train_section': 22783, 'second_section': 22313, 'second_departure_time': 1537001280, 'second_arrival_time': 1537006200}
2188	{'task_type': 'regular', 'locomotive': 22618, 'train_section': 22783, 'section': 22313, 'departure_time': 1537001280, 'arrival_time': 1537006200}
2189	{'task_type': 'regular', 'locomotive': 22619, 'train_section': 23376, 'section': 22381, 'departure_time': 1536665520, 'arrival_time': 1536667440}
2190	{'task_type': 'deadhead', 'locomotive': 22619, 'first_train_section': 23376, 'first_section': 22381, 'first_departure_time': 1536665520, 'first_arrival_time': 1536667440, 'second_train_section': 25216, 'second_section': 22279, 'second_departure_time': 1536673800, 'second_arrival_time': 1536678720}
2191	{'task_type': 'regular', 'locomotive': 22619, 'train_section': 25216, 'section': 22279, 'departure_time': 1536673800, 'arrival_time': 1536678720}
2192	{'task_type': 'deadhead', 'locomotive': 22619, 'first_train_section': 25855, 'first_section': 22411, 'first_departure_time': 1536688980, 'first_arrival_time': 1536703140, 'second_train_section': 25755, 'second_section': 22345, 'second_departure_time': 1536714360, 'second_arrival_time': 1536717300}
2193	{'task_type': 'regular', 'locomotive': 22619, 'train_section': 25755, 'section': 22345, 'departure_time': 1536714360, 'arrival_time': 1536717300}
2194	{'task_type': 'deadhead', 'locomotive': 22619, 'first_train_section': 25755, 'first_section': 22345, 'first_departure_time': 1536714360, 'first_arrival_time': 1536717300, 'second_train_section': 22991, 'second_section': 22342, 'second_departure_time': 1536724020, 'second_arrival_time': 1536730500}
2195	{'task_type': 'regular', 'locomotive': 22619, 'train_section': 22991, 'section': 22342, 'departure_time': 1536724020, 'arrival_time': 1536730500}
2196	{'task_type': 'deadhead', 'locomotive': 22619, 'first_train_section': 22991, 'first_section': 22342, 'first_departure_time': 1536724020, 'first_arrival_time': 1536730500, 'second_train_section': 25373, 'second_section': 22471, 'second_departure_time': 1536742620, 'second_arrival_time': 1536745440}
2197	{'task_type': 'regular', 'locomotive': 22619, 'train_section': 25373, 'section': 22471, 'departure_time': 1536742620, 'arrival_time': 1536745440}
2198	{'task_type': 'deadhead', 'locomotive': 22619, 'first_train_section': 25373, 'first_section': 22471, 'first_departure_time': 1536742620, 'first_arrival_time': 1536745440, 'second_train_section': 24438, 'second_section': 22341, 'second_departure_time': 1536757020, 'second_arrival_time': 1536760920}
2199	{'task_type': 'regular', 'locomotive': 22619, 'train_section': 24438, 'section': 22341, 'departure_time': 1536757020, 'arrival_time': 1536760920}
2200	{'task_type': 'deadhead', 'locomotive': 22619, 'first_train_section': 24438, 'first_section': 22341, 'first_departure_time': 1536757020, 'first_arrival_time': 1536760920, 'second_train_section': 23499, 'second_section': 22500, 'second_departure_time': 1536766020, 'second_arrival_time': 1536768420}
2201	{'task_type': 'regular', 'locomotive': 22619, 'train_section': 23499, 'section': 22500, 'departure_time': 1536766020, 'arrival_time': 1536768420}
2202	{'task_type': 'regular', 'locomotive': 22619, 'train_section': 28598, 'section': 22360, 'departure_time': 1536770880, 'arrival_time': 1536782520}
2203	{'task_type': 'deadhead', 'locomotive': 22619, 'first_train_section': 28598, 'first_section': 22360, 'first_departure_time': 1536770880, 'first_arrival_time': 1536782520, 'second_train_section': 22846, 'second_section': 22427, 'second_departure_time': 1536783900, 'second_arrival_time': 1536786780}
2204	{'task_type': 'regular', 'locomotive': 22619, 'train_section': 22846, 'section': 22427, 'departure_time': 1536783900, 'arrival_time': 1536786780}
2205	{'task_type': 'deadhead', 'locomotive': 22619, 'first_train_section': 22846, 'first_section': 22427, 'first_departure_time': 1536783900, 'first_arrival_time': 1536786780, 'second_train_section': 26202, 'second_section': 22334, 'second_departure_time': 1536806760, 'second_arrival_time': 1536810000}
2206	{'task_type': 'regular', 'locomotive': 22619, 'train_section': 26202, 'section': 22334, 'departure_time': 1536806760, 'arrival_time': 1536810000}
2207	{'task_type': 'regular', 'locomotive': 22619, 'train_section': 26204, 'section': 22322, 'departure_time': 1536811020, 'arrival_time': 1536820680}
2208	{'task_type': 'deadhead', 'locomotive': 22619, 'first_train_section': 26204, 'first_section': 22322, 'first_departure_time': 1536811020, 'first_arrival_time': 1536820680, 'second_train_section': 24451, 'second_section': 22331, 'second_departure_time': 1536829680, 'second_arrival_time': 1536840480}
2209	{'task_type': 'regular', 'locomotive': 22619, 'train_section': 24451, 'section': 22331, 'departure_time': 1536829680, 'arrival_time': 1536840480}
2210	{'task_type': 'regular', 'locomotive': 22619, 'train_section': 24100, 'section': 22438, 'departure_time': 1536853920, 'arrival_time': 1536864660}
2211	{'task_type': 'deadhead', 'locomotive': 22619, 'first_train_section': 24100, 'first_section': 22438, 'first_departure_time': 1536853920, 'first_arrival_time': 1536864660, 'second_train_section': 26703, 'second_section': 22334, 'second_departure_time': 1536869820, 'second_arrival_time': 1536873000}
2212	{'task_type': 'regular', 'locomotive': 22619, 'train_section': 26703, 'section': 22334, 'departure_time': 1536869820, 'arrival_time': 1536873000}
2213	{'task_type': 'deadhead', 'locomotive': 22619, 'first_train_section': 26703, 'first_section': 22334, 'first_departure_time': 1536869820, 'first_arrival_time': 1536873000, 'second_train_section': 28539, 'second_section': 22408, 'second_departure_time': 1536890280, 'second_arrival_time': 1536892740}
2214	{'task_type': 'regular', 'locomotive': 22619, 'train_section': 28539, 'section': 22408, 'departure_time': 1536890280, 'arrival_time': 1536892740}
2215	{'task_type': 'regular', 'locomotive': 22619, 'train_section': 28541, 'section': 22365, 'departure_time': 1536892980, 'arrival_time': 1536896160}
2216	{'task_type': 'regular', 'locomotive': 22619, 'train_section': 27254, 'section': 22270, 'departure_time': 1536897900, 'arrival_time': 1536899760}
2217	{'task_type': 'deadhead', 'locomotive': 22619, 'first_train_section': 27254, 'first_section': 22270, 'first_departure_time': 1536897900, 'first_arrival_time': 1536899760, 'second_train_section': 28030, 'second_section': 22471, 'second_departure_time': 1536915420, 'second_arrival_time': 1536918240}
2218	{'task_type': 'regular', 'locomotive': 22619, 'train_section': 28030, 'section': 22471, 'departure_time': 1536915420, 'arrival_time': 1536918240}
2219	{'task_type': 'deadhead', 'locomotive': 22619, 'first_train_section': 28030, 'first_section': 22471, 'first_departure_time': 1536915420, 'first_arrival_time': 1536918240, 'second_train_section': 24142, 'second_section': 22285, 'second_departure_time': 1536926520, 'second_arrival_time': 1536935640}
2220	{'task_type': 'regular', 'locomotive': 22619, 'train_section': 24142, 'section': 22285, 'departure_time': 1536926520, 'arrival_time': 1536935640}
2221	{'task_type': 'deadhead', 'locomotive': 22619, 'first_train_section': 24142, 'first_section': 22285, 'first_departure_time': 1536926520, 'first_arrival_time': 1536935640, 'second_train_section': 27146, 'second_section': 22331, 'second_departure_time': 1536937680, 'second_arrival_time': 1536948540}
2222	{'task_type': 'regular', 'locomotive': 22619, 'train_section': 27146, 'section': 22331, 'departure_time': 1536937680, 'arrival_time': 1536948540}
2223	{'task_type': 'regular', 'locomotive': 22619, 'train_section': 28167, 'section': 22437, 'departure_time': 1536964620, 'arrival_time': 1536969420}
2224	{'task_type': 'regular', 'locomotive': 22619, 'train_section': 23549, 'section': 22320, 'departure_time': 1536980280, 'arrival_time': 1536986700}
2225	{'task_type': 'deadhead', 'locomotive': 22619, 'first_train_section': 23549, 'first_section': 22320, 'first_departure_time': 1536980280, 'first_arrival_time': 1536986700, 'second_train_section': 22997, 'second_section': 22320, 'second_departure_time': 1537002300, 'second_arrival_time': 1537008660}
2226	{'task_type': 'regular', 'locomotive': 22619, 'train_section': 22997, 'section': 22320, 'departure_time': 1537002300, 'arrival_time': 1537008660}
2227	{'task_type': 'regular', 'locomotive': 22620, 'train_section': 23812, 'section': 22287, 'departure_time': 1536667680, 'arrival_time': 1536669060}
2228	{'task_type': 'deadhead', 'locomotive': 22620, 'first_train_section': 23812, 'first_section': 22287, 'first_departure_time': 1536667680, 'first_arrival_time': 1536669060, 'second_train_section': 27810, 'second_section': 22492, 'second_departure_time': 1536679440, 'second_arrival_time': 1536688680}
2229	{'task_type': 'regular', 'locomotive': 22620, 'train_section': 27810, 'section': 22492, 'departure_time': 1536679440, 'arrival_time': 1536688680}
2230	{'task_type': 'deadhead', 'locomotive': 22620, 'first_train_section': 27810, 'first_section': 22492, 'first_departure_time': 1536679440, 'first_arrival_time': 1536688680, 'second_train_section': 27083, 'second_section': 22344, 'second_departure_time': 1536710100, 'second_arrival_time': 1536711120}
2231	{'task_type': 'regular', 'locomotive': 22620, 'train_section': 27083, 'section': 22344, 'departure_time': 1536710100, 'arrival_time': 1536711120}
2232	{'task_type': 'deadhead', 'locomotive': 22620, 'first_train_section': 27083, 'first_section': 22344, 'first_departure_time': 1536710100, 'first_arrival_time': 1536711120, 'second_train_section': 28081, 'second_section': 22447, 'second_departure_time': 1536720300, 'second_arrival_time': 1536723000}
2233	{'task_type': 'regular', 'locomotive': 22620, 'train_section': 28081, 'section': 22447, 'departure_time': 1536720300, 'arrival_time': 1536723000}
2234	{'task_type': 'deadhead', 'locomotive': 22620, 'first_train_section': 28081, 'first_section': 22447, 'first_departure_time': 1536720300, 'first_arrival_time': 1536723000, 'second_train_section': 23612, 'second_section': 22290, 'second_departure_time': 1536732360, 'second_arrival_time': 1536739500}
2235	{'task_type': 'regular', 'locomotive': 22620, 'train_section': 23612, 'section': 22290, 'departure_time': 1536732360, 'arrival_time': 1536739500}
2236	{'task_type': 'deadhead', 'locomotive': 22620, 'first_train_section': 23612, 'first_section': 22290, 'first_departure_time': 1536732360, 'first_arrival_time': 1536739500, 'second_train_section': 24260, 'second_section': 22503, 'second_departure_time': 1536749400, 'second_arrival_time': 1536750420}
2237	{'task_type': 'regular', 'locomotive': 22620, 'train_section': 24260, 'section': 22503, 'departure_time': 1536749400, 'arrival_time': 1536750420}
2238	{'task_type': 'regular', 'locomotive': 22620, 'train_section': 25240, 'section': 22508, 'departure_time': 1536756540, 'arrival_time': 1536759900}
2239	{'task_type': 'regular', 'locomotive': 22620, 'train_section': 25242, 'section': 22481, 'departure_time': 1536762840, 'arrival_time': 1536767940}
2240	{'task_type': 'deadhead', 'locomotive': 22620, 'first_train_section': 25242, 'first_section': 22481, 'first_departure_time': 1536762840, 'first_arrival_time': 1536767940, 'second_train_section': 26102, 'second_section': 22487, 'second_departure_time': 1536776820, 'second_arrival_time': 1536779220}
2241	{'task_type': 'regular', 'locomotive': 22620, 'train_section': 26102, 'section': 22487, 'departure_time': 1536776820, 'arrival_time': 1536779220}
2242	{'task_type': 'deadhead', 'locomotive': 22620, 'first_train_section': 26102, 'first_section': 22487, 'first_departure_time': 1536776820, 'first_arrival_time': 1536779220, 'second_train_section': 28715, 'second_section': 22281, 'second_departure_time': 1536786480, 'second_arrival_time': 1536793200}
2243	{'task_type': 'regular', 'locomotive': 22620, 'train_section': 28715, 'section': 22281, 'departure_time': 1536786480, 'arrival_time': 1536793200}
2244	{'task_type': 'deadhead', 'locomotive': 22620, 'first_train_section': 28715, 'first_section': 22281, 'first_departure_time': 1536786480, 'first_arrival_time': 1536793200, 'second_train_section': 26589, 'second_section': 22288, 'second_departure_time': 1536800820, 'second_arrival_time': 1536807360}
2245	{'task_type': 'regular', 'locomotive': 22620, 'train_section': 26589, 'section': 22288, 'departure_time': 1536800820, 'arrival_time': 1536807360}
2246	{'task_type': 'regular', 'locomotive': 22620, 'train_section': 26591, 'section': 22323, 'departure_time': 1536808020, 'arrival_time': 1536811380}
2247	{'task_type': 'deadhead', 'locomotive': 22620, 'first_train_section': 26591, 'first_section': 22323, 'first_departure_time': 1536808020, 'first_arrival_time': 1536811380, 'second_train_section': 28890, 'second_section': 22342, 'second_departure_time': 1536823140, 'second_arrival_time': 1536828420}
2248	{'task_type': 'regular', 'locomotive': 22620, 'train_section': 28890, 'section': 22342, 'departure_time': 1536823140, 'arrival_time': 1536828420}
2249	{'task_type': 'deadhead', 'locomotive': 22620, 'first_train_section': 28890, 'first_section': 22342, 'first_departure_time': 1536823140, 'first_arrival_time': 1536828420, 'second_train_section': 23165, 'second_section': 22331, 'second_departure_time': 1536836880, 'second_arrival_time': 1536847680}
2250	{'task_type': 'regular', 'locomotive': 22620, 'train_section': 23165, 'section': 22331, 'departure_time': 1536836880, 'arrival_time': 1536847680}
2251	{'task_type': 'deadhead', 'locomotive': 22620, 'first_train_section': 23165, 'first_section': 22331, 'first_departure_time': 1536836880, 'first_arrival_time': 1536847680, 'second_train_section': 26495, 'second_section': 22471, 'second_departure_time': 1536857820, 'second_arrival_time': 1536860640}
2252	{'task_type': 'regular', 'locomotive': 22620, 'train_section': 26495, 'section': 22471, 'departure_time': 1536857820, 'arrival_time': 1536860640}
2253	{'task_type': 'deadhead', 'locomotive': 22620, 'first_train_section': 26495, 'first_section': 22471, 'first_departure_time': 1536857820, 'first_arrival_time': 1536860640, 'second_train_section': 28952, 'second_section': 22345, 'second_departure_time': 1536870300, 'second_arrival_time': 1536873240}
2254	{'task_type': 'regular', 'locomotive': 22620, 'train_section': 28952, 'section': 22345, 'departure_time': 1536870300, 'arrival_time': 1536873240}
2255	{'task_type': 'deadhead', 'locomotive': 22620, 'first_train_section': 28952, 'first_section': 22345, 'first_departure_time': 1536870300, 'first_arrival_time': 1536873240, 'second_train_section': 26967, 'second_section': 22309, 'second_departure_time': 1536877560, 'second_arrival_time': 1536882420}
2256	{'task_type': 'regular', 'locomotive': 22620, 'train_section': 26967, 'section': 22309, 'departure_time': 1536877560, 'arrival_time': 1536882420}
2257	{'task_type': 'deadhead', 'locomotive': 22620, 'first_train_section': 26967, 'first_section': 22309, 'first_departure_time': 1536877560, 'first_arrival_time': 1536882420, 'second_train_section': 25729, 'second_section': 22356, 'second_departure_time': 1536886920, 'second_arrival_time': 1536894660}
2258	{'task_type': 'regular', 'locomotive': 22620, 'train_section': 25729, 'section': 22356, 'departure_time': 1536886920, 'arrival_time': 1536894660}
2259	{'task_type': 'deadhead', 'locomotive': 22620, 'first_train_section': 25729, 'first_section': 22356, 'first_departure_time': 1536886920, 'first_arrival_time': 1536894660, 'second_train_section': 25645, 'second_section': 22342, 'second_departure_time': 1536902460, 'second_arrival_time': 1536908580}
2260	{'task_type': 'regular', 'locomotive': 22620, 'train_section': 25645, 'section': 22342, 'departure_time': 1536902460, 'arrival_time': 1536908580}
2261	{'task_type': 'deadhead', 'locomotive': 22620, 'first_train_section': 25645, 'first_section': 22342, 'first_departure_time': 1536902460, 'first_arrival_time': 1536908580, 'second_train_section': 22803, 'second_section': 22288, 'second_departure_time': 1536914520, 'second_arrival_time': 1536920880}
2262	{'task_type': 'regular', 'locomotive': 22620, 'train_section': 22803, 'section': 22288, 'departure_time': 1536914520, 'arrival_time': 1536920880}
2263	{'task_type': 'deadhead', 'locomotive': 22620, 'first_train_section': 22803, 'first_section': 22288, 'first_departure_time': 1536914520, 'first_arrival_time': 1536920880, 'second_train_section': 23254, 'second_section': 22340, 'second_departure_time': 1536931140, 'second_arrival_time': 1536946800}
2264	{'task_type': 'regular', 'locomotive': 22620, 'train_section': 23254, 'section': 22340, 'departure_time': 1536931140, 'arrival_time': 1536946800}
2265	{'task_type': 'deadhead', 'locomotive': 22620, 'first_train_section': 23254, 'first_section': 22340, 'first_departure_time': 1536931140, 'first_arrival_time': 1536946800, 'second_train_section': 25342, 'second_section': 22322, 'second_departure_time': 1536959580, 'second_arrival_time': 1536967800}
2266	{'task_type': 'regular', 'locomotive': 22620, 'train_section': 25342, 'section': 22322, 'departure_time': 1536959580, 'arrival_time': 1536967800}
2267	{'task_type': 'deadhead', 'locomotive': 22620, 'first_train_section': 25342, 'first_section': 22322, 'first_departure_time': 1536959580, 'first_arrival_time': 1536967800, 'second_train_section': 28694, 'second_section': 22280, 'second_departure_time': 1536983640, 'second_arrival_time': 1536990240}
2268	{'task_type': 'regular', 'locomotive': 22620, 'train_section': 28694, 'section': 22280, 'departure_time': 1536983640, 'arrival_time': 1536990240}
2269	{'task_type': 'deadhead', 'locomotive': 22620, 'first_train_section': 28694, 'first_section': 22280, 'first_departure_time': 1536983640, 'first_arrival_time': 1536990240, 'second_train_section': 26645, 'second_section': 22387, 'second_departure_time': 1536997080, 'second_arrival_time': 1536998520}
2270	{'task_type': 'regular', 'locomotive': 22620, 'train_section': 26645, 'section': 22387, 'departure_time': 1536997080, 'arrival_time': 1536998520}
2271	{'task_type': 'regular', 'locomotive': 22620, 'train_section': 23802, 'section': 22327, 'departure_time': 1537002480, 'arrival_time': 1537008840}
2272	{'task_type': 'deadhead', 'locomotive': 22620, 'first_train_section': 23802, 'first_section': 22327, 'first_departure_time': 1537002480, 'first_arrival_time': 1537008840, 'second_train_section': 23625, 'second_section': 22387, 'second_departure_time': 1537018680, 'second_arrival_time': 1537020120}
2273	{'task_type': 'regular', 'locomotive': 22620, 'train_section': 23625, 'section': 22387, 'departure_time': 1537018680, 'arrival_time': 1537020120}
2274	{'task_type': 'regular', 'locomotive': 22621, 'train_section': 27186, 'section': 22494, 'departure_time': 1536644700, 'arrival_time': 1536646920}
2275	{'task_type': 'deadhead', 'locomotive': 22621, 'first_train_section': 27186, 'first_section': 22494, 'first_departure_time': 1536644700, 'first_arrival_time': 1536646920, 'second_train_section': 28225, 'second_section': 22313, 'second_departure_time': 1536673020, 'second_arrival_time': 1536678480}
2276	{'task_type': 'regular', 'locomotive': 22621, 'train_section': 28225, 'section': 22313, 'departure_time': 1536673020, 'arrival_time': 1536678480}
2277	{'task_type': 'deadhead', 'locomotive': 22621, 'first_train_section': 28225, 'first_section': 22313, 'first_departure_time': 1536673020, 'first_arrival_time': 1536678480, 'second_train_section': 24546, 'second_section': 22297, 'second_departure_time': 1536679800, 'second_arrival_time': 1536680820}
2278	{'task_type': 'regular', 'locomotive': 22621, 'train_section': 24546, 'section': 22297, 'departure_time': 1536679800, 'arrival_time': 1536680820}
2279	{'task_type': 'deadhead', 'locomotive': 22621, 'first_train_section': 24546, 'first_section': 22297, 'first_departure_time': 1536679800, 'first_arrival_time': 1536680820, 'second_train_section': 25169, 'second_section': 22256, 'second_departure_time': 1536685800, 'second_arrival_time': 1536688080}
2280	{'task_type': 'regular', 'locomotive': 22621, 'train_section': 25169, 'section': 22256, 'departure_time': 1536685800, 'arrival_time': 1536688080}
2281	{'task_type': 'deadhead', 'locomotive': 22621, 'first_train_section': 25169, 'first_section': 22256, 'first_departure_time': 1536685800, 'first_arrival_time': 1536688080, 'second_train_section': 28120, 'second_section': 22255, 'second_departure_time': 1536689100, 'second_arrival_time': 1536690000}
2282	{'task_type': 'regular', 'locomotive': 22621, 'train_section': 28120, 'section': 22255, 'departure_time': 1536689100, 'arrival_time': 1536690000}
2283	{'task_type': 'regular', 'locomotive': 22621, 'train_section': 26924, 'section': 22469, 'departure_time': 1536693600, 'arrival_time': 1536695760}
2284	{'task_type': 'deadhead', 'locomotive': 22621, 'first_train_section': 26924, 'first_section': 22469, 'first_departure_time': 1536693600, 'first_arrival_time': 1536695760, 'second_train_section': 28134, 'second_section': 22324, 'second_departure_time': 1536702360, 'second_arrival_time': 1536707700}
2285	{'task_type': 'regular', 'locomotive': 22621, 'train_section': 28134, 'section': 22324, 'departure_time': 1536702360, 'arrival_time': 1536707700}
2286	{'task_type': 'deadhead', 'locomotive': 22621, 'first_train_section': 28134, 'first_section': 22324, 'first_departure_time': 1536702360, 'first_arrival_time': 1536707700, 'second_train_section': 28770, 'second_section': 22325, 'second_departure_time': 1536719700, 'second_arrival_time': 1536733980}
2287	{'task_type': 'regular', 'locomotive': 22621, 'train_section': 28770, 'section': 22325, 'departure_time': 1536719700, 'arrival_time': 1536733980}
2288	{'task_type': 'regular', 'locomotive': 22621, 'train_section': 24004, 'section': 22234, 'departure_time': 1536735000, 'arrival_time': 1536737760}
2289	{'task_type': 'deadhead', 'locomotive': 22621, 'first_train_section': 24004, 'first_section': 22234, 'first_departure_time': 1536735000, 'first_arrival_time': 1536737760, 'second_train_section': 25584, 'second_section': 22298, 'second_departure_time': 1536748920, 'second_arrival_time': 1536751620}
2290	{'task_type': 'regular', 'locomotive': 22621, 'train_section': 25584, 'section': 22298, 'departure_time': 1536748920, 'arrival_time': 1536751620}
2291	{'task_type': 'deadhead', 'locomotive': 22621, 'first_train_section': 25584, 'first_section': 22298, 'first_departure_time': 1536748920, 'first_arrival_time': 1536751620, 'second_train_section': 27222, 'second_section': 22401, 'second_departure_time': 1536752100, 'second_arrival_time': 1536753480}
2292	{'task_type': 'regular', 'locomotive': 22621, 'train_section': 27222, 'section': 22401, 'departure_time': 1536752100, 'arrival_time': 1536753480}
2293	{'task_type': 'deadhead', 'locomotive': 22621, 'first_train_section': 27222, 'first_section': 22401, 'first_departure_time': 1536752100, 'first_arrival_time': 1536753480, 'second_train_section': 24815, 'second_section': 22396, 'second_departure_time': 1536756960, 'second_arrival_time': 1536758820}
2294	{'task_type': 'regular', 'locomotive': 22621, 'train_section': 24815, 'section': 22396, 'departure_time': 1536756960, 'arrival_time': 1536758820}
2295	{'task_type': 'deadhead', 'locomotive': 22621, 'first_train_section': 24815, 'first_section': 22396, 'first_departure_time': 1536756960, 'first_arrival_time': 1536758820, 'second_train_section': 23306, 'second_section': 22399, 'second_departure_time': 1536765000, 'second_arrival_time': 1536766440}
2296	{'task_type': 'regular', 'locomotive': 22621, 'train_section': 23306, 'section': 22399, 'departure_time': 1536765000, 'arrival_time': 1536766440}
2297	{'task_type': 'deadhead', 'locomotive': 22621, 'first_train_section': 23306, 'first_section': 22399, 'first_departure_time': 1536765000, 'first_arrival_time': 1536766440, 'second_train_section': 27449, 'second_section': 22242, 'second_departure_time': 1536773040, 'second_arrival_time': 1536776220}
2298	{'task_type': 'regular', 'locomotive': 22621, 'train_section': 27449, 'section': 22242, 'departure_time': 1536773040, 'arrival_time': 1536776220}
2299	{'task_type': 'deadhead', 'locomotive': 22621, 'first_train_section': 27449, 'first_section': 22242, 'first_departure_time': 1536773040, 'first_arrival_time': 1536776220, 'second_train_section': 25534, 'second_section': 22404, 'second_departure_time': 1536787980, 'second_arrival_time': 1536796920}
2300	{'task_type': 'regular', 'locomotive': 22621, 'train_section': 25534, 'section': 22404, 'departure_time': 1536787980, 'arrival_time': 1536796920}
2301	{'task_type': 'regular', 'locomotive': 22621, 'train_section': 22854, 'section': 22247, 'departure_time': 1536801180, 'arrival_time': 1536810660}
2302	{'task_type': 'deadhead', 'locomotive': 22621, 'first_train_section': 22854, 'first_section': 22247, 'first_departure_time': 1536801180, 'first_arrival_time': 1536810660, 'second_train_section': 25320, 'second_section': 22404, 'second_departure_time': 1536813420, 'second_arrival_time': 1536823620}
2303	{'task_type': 'regular', 'locomotive': 22621, 'train_section': 25320, 'section': 22404, 'departure_time': 1536813420, 'arrival_time': 1536823620}
2304	{'task_type': 'deadhead', 'locomotive': 22621, 'first_train_section': 25320, 'first_section': 22404, 'first_departure_time': 1536813420, 'first_arrival_time': 1536823620, 'second_train_section': 26727, 'second_section': 22489, 'second_departure_time': 1536832020, 'second_arrival_time': 1536835020}
2305	{'task_type': 'regular', 'locomotive': 22621, 'train_section': 26727, 'section': 22489, 'departure_time': 1536832020, 'arrival_time': 1536835020}
2306	{'task_type': 'deadhead', 'locomotive': 22621, 'first_train_section': 26727, 'first_section': 22489, 'first_departure_time': 1536832020, 'first_arrival_time': 1536835020, 'second_train_section': 24325, 'second_section': 22391, 'second_departure_time': 1536845160, 'second_arrival_time': 1536845880}
2307	{'task_type': 'regular', 'locomotive': 22621, 'train_section': 24325, 'section': 22391, 'departure_time': 1536845160, 'arrival_time': 1536845880}
2308	{'task_type': 'deadhead', 'locomotive': 22621, 'first_train_section': 24325, 'first_section': 22391, 'first_departure_time': 1536845160, 'first_arrival_time': 1536845880, 'second_train_section': 24786, 'second_section': 22317, 'second_departure_time': 1536856320, 'second_arrival_time': 1536858060}
2309	{'task_type': 'regular', 'locomotive': 22621, 'train_section': 24786, 'section': 22317, 'departure_time': 1536856320, 'arrival_time': 1536858060}
2310	{'task_type': 'deadhead', 'locomotive': 22621, 'first_train_section': 24786, 'first_section': 22317, 'first_departure_time': 1536856320, 'first_arrival_time': 1536858060, 'second_train_section': 26082, 'second_section': 22247, 'second_departure_time': 1536869760, 'second_arrival_time': 1536878460}
2311	{'task_type': 'regular', 'locomotive': 22621, 'train_section': 26082, 'section': 22247, 'departure_time': 1536869760, 'arrival_time': 1536878460}
2312	{'task_type': 'deadhead', 'locomotive': 22621, 'first_train_section': 26082, 'first_section': 22247, 'first_departure_time': 1536869760, 'first_arrival_time': 1536878460, 'second_train_section': 27623, 'second_section': 22510, 'second_departure_time': 1536892200, 'second_arrival_time': 1536893760}
2313	{'task_type': 'regular', 'locomotive': 22621, 'train_section': 27623, 'section': 22510, 'departure_time': 1536892200, 'arrival_time': 1536893760}
2314	{'task_type': 'deadhead', 'locomotive': 22621, 'first_train_section': 27623, 'first_section': 22510, 'first_departure_time': 1536892200, 'first_arrival_time': 1536893760, 'second_train_section': 23965, 'second_section': 22403, 'second_departure_time': 1536896460, 'second_arrival_time': 1536898860}
2315	{'task_type': 'regular', 'locomotive': 22621, 'train_section': 23965, 'section': 22403, 'departure_time': 1536896460, 'arrival_time': 1536898860}
2316	{'task_type': 'deadhead', 'locomotive': 22621, 'first_train_section': 23965, 'first_section': 22403, 'first_departure_time': 1536896460, 'first_arrival_time': 1536898860, 'second_train_section': 28697, 'second_section': 22403, 'second_departure_time': 1536903960, 'second_arrival_time': 1536906720}
2317	{'task_type': 'regular', 'locomotive': 22621, 'train_section': 28697, 'section': 22403, 'departure_time': 1536903960, 'arrival_time': 1536906720}
2318	{'task_type': 'deadhead', 'locomotive': 22621, 'first_train_section': 28697, 'first_section': 22403, 'first_departure_time': 1536903960, 'first_arrival_time': 1536906720, 'second_train_section': 25251, 'second_section': 22384, 'second_departure_time': 1536927900, 'second_arrival_time': 1536933300}
2319	{'task_type': 'regular', 'locomotive': 22621, 'train_section': 25251, 'section': 22384, 'departure_time': 1536927900, 'arrival_time': 1536933300}
2320	{'task_type': 'deadhead', 'locomotive': 22621, 'first_train_section': 26188, 'first_section': 22328, 'first_departure_time': 1536947040, 'first_arrival_time': 1536956760, 'second_train_section': 27909, 'second_section': 22324, 'second_departure_time': 1536961560, 'second_arrival_time': 1536966900}
2321	{'task_type': 'regular', 'locomotive': 22621, 'train_section': 27909, 'section': 22324, 'departure_time': 1536961560, 'arrival_time': 1536966900}
2322	{'task_type': 'deadhead', 'locomotive': 22621, 'first_train_section': 27909, 'first_section': 22324, 'first_departure_time': 1536961560, 'first_arrival_time': 1536966900, 'second_train_section': 27574, 'second_section': 22284, 'second_departure_time': 1536970980, 'second_arrival_time': 1536975900}
2323	{'task_type': 'regular', 'locomotive': 22621, 'train_section': 27574, 'section': 22284, 'departure_time': 1536970980, 'arrival_time': 1536975900}
2324	{'task_type': 'deadhead', 'locomotive': 22621, 'first_train_section': 27574, 'first_section': 22284, 'first_departure_time': 1536970980, 'first_arrival_time': 1536975900, 'second_train_section': 26583, 'second_section': 22285, 'second_departure_time': 1536980640, 'second_arrival_time': 1536987900}
2325	{'task_type': 'regular', 'locomotive': 22621, 'train_section': 26583, 'section': 22285, 'departure_time': 1536980640, 'arrival_time': 1536987900}
2326	{'task_type': 'deadhead', 'locomotive': 22621, 'first_train_section': 26583, 'first_section': 22285, 'first_departure_time': 1536980640, 'first_arrival_time': 1536987900, 'second_train_section': 23219, 'second_section': 22387, 'second_departure_time': 1537004280, 'second_arrival_time': 1537005720}
2327	{'task_type': 'regular', 'locomotive': 22621, 'train_section': 23219, 'section': 22387, 'departure_time': 1537004280, 'arrival_time': 1537005720}
2328	{'task_type': 'deadhead', 'locomotive': 22621, 'first_train_section': 23990, 'first_section': 22502, 'first_departure_time': 1537048860, 'first_arrival_time': 1537074900, 'second_train_section': 25590, 'second_section': 22378, 'second_departure_time': 1537113900, 'second_arrival_time': 1537117560}
2329	{'task_type': 'regular', 'locomotive': 22621, 'train_section': 25590, 'section': 22378, 'departure_time': 1537113900, 'arrival_time': 1537117560}
2330	{'task_type': 'deadhead', 'locomotive': 22621, 'first_train_section': 25590, 'first_section': 22378, 'first_departure_time': 1537113900, 'first_arrival_time': 1537117560, 'second_train_section': 28712, 'second_section': 22476, 'second_departure_time': 1537132620, 'second_arrival_time': 1537135199}
2331	{'task_type': 'regular', 'locomotive': 22621, 'train_section': 28712, 'section': 22476, 'departure_time': 1537132620, 'arrival_time': 1537135199}
2332	{'task_type': 'regular', 'locomotive': 22623, 'train_section': 28242, 'section': 22308, 'departure_time': 1536633780, 'arrival_time': 1536636540}
2333	{'task_type': 'regular', 'locomotive': 22623, 'train_section': 27305, 'section': 22495, 'departure_time': 1536637260, 'arrival_time': 1536640260}
2334	{'task_type': 'deadhead', 'locomotive': 22623, 'first_train_section': 27305, 'first_section': 22495, 'first_departure_time': 1536637260, 'first_arrival_time': 1536640260, 'second_train_section': 22837, 'second_section': 22416, 'second_departure_time': 1536657840, 'second_arrival_time': 1536661500}
2335	{'task_type': 'regular', 'locomotive': 22623, 'train_section': 22837, 'section': 22416, 'departure_time': 1536657840, 'arrival_time': 1536661500}
2336	{'task_type': 'regular', 'locomotive': 22623, 'train_section': 27844, 'section': 22378, 'departure_time': 1536665700, 'arrival_time': 1536669360}
2337	{'task_type': 'deadhead', 'locomotive': 22623, 'first_train_section': 27844, 'first_section': 22378, 'first_departure_time': 1536665700, 'first_arrival_time': 1536669360, 'second_train_section': 26129, 'second_section': 22378, 'second_departure_time': 1536674700, 'second_arrival_time': 1536678360}
2338	{'task_type': 'regular', 'locomotive': 22623, 'train_section': 26129, 'section': 22378, 'departure_time': 1536674700, 'arrival_time': 1536678360}
2339	{'task_type': 'deadhead', 'locomotive': 22623, 'first_train_section': 26129, 'first_section': 22378, 'first_departure_time': 1536674700, 'first_arrival_time': 1536678360, 'second_train_section': 27539, 'second_section': 22427, 'second_departure_time': 1536681600, 'second_arrival_time': 1536684480}
2340	{'task_type': 'regular', 'locomotive': 22623, 'train_section': 27539, 'section': 22427, 'departure_time': 1536681600, 'arrival_time': 1536684480}
2341	{'task_type': 'deadhead', 'locomotive': 22623, 'first_train_section': 27539, 'first_section': 22427, 'first_departure_time': 1536681600, 'first_arrival_time': 1536684480, 'second_train_section': 25254, 'second_section': 22416, 'second_departure_time': 1536692040, 'second_arrival_time': 1536695700}
2342	{'task_type': 'regular', 'locomotive': 22623, 'train_section': 25254, 'section': 22416, 'departure_time': 1536692040, 'arrival_time': 1536695700}
2343	{'task_type': 'deadhead', 'locomotive': 22623, 'first_train_section': 25254, 'first_section': 22416, 'first_departure_time': 1536692040, 'first_arrival_time': 1536695700, 'second_train_section': 24863, 'second_section': 22375, 'second_departure_time': 1536698760, 'second_arrival_time': 1536707340}
2344	{'task_type': 'regular', 'locomotive': 22623, 'train_section': 24863, 'section': 22375, 'departure_time': 1536698760, 'arrival_time': 1536707340}
2345	{'task_type': 'deadhead', 'locomotive': 22623, 'first_train_section': 24863, 'first_section': 22375, 'first_departure_time': 1536698760, 'first_arrival_time': 1536707340, 'second_train_section': 23581, 'second_section': 22427, 'second_departure_time': 1536721020, 'second_arrival_time': 1536724020}
2346	{'task_type': 'regular', 'locomotive': 22623, 'train_section': 23581, 'section': 22427, 'departure_time': 1536721020, 'arrival_time': 1536724020}
2347	{'task_type': 'regular', 'locomotive': 22623, 'train_section': 23583, 'section': 22443, 'departure_time': 1536724620, 'arrival_time': 1536726240}
2348	{'task_type': 'regular', 'locomotive': 22623, 'train_section': 28072, 'section': 22496, 'departure_time': 1536727980, 'arrival_time': 1536732180}
2349	{'task_type': 'deadhead', 'locomotive': 22623, 'first_train_section': 28072, 'first_section': 22496, 'first_departure_time': 1536727980, 'first_arrival_time': 1536732180, 'second_train_section': 23074, 'second_section': 22278, 'second_departure_time': 1536749880, 'second_arrival_time': 1536756660}
2350	{'task_type': 'regular', 'locomotive': 22623, 'train_section': 23074, 'section': 22278, 'departure_time': 1536749880, 'arrival_time': 1536756660}
2351	{'task_type': 'deadhead', 'locomotive': 22623, 'first_train_section': 23074, 'first_section': 22278, 'first_departure_time': 1536749880, 'first_arrival_time': 1536756660, 'second_train_section': 27351, 'second_section': 22500, 'second_departure_time': 1536766680, 'second_arrival_time': 1536769800}
2352	{'task_type': 'regular', 'locomotive': 22623, 'train_section': 27351, 'section': 22500, 'departure_time': 1536766680, 'arrival_time': 1536769800}
2353	{'task_type': 'deadhead', 'locomotive': 22623, 'first_train_section': 27351, 'first_section': 22500, 'first_departure_time': 1536766680, 'first_arrival_time': 1536769800, 'second_train_section': 28380, 'second_section': 22500, 'second_departure_time': 1536773880, 'second_arrival_time': 1536777000}
2354	{'task_type': 'regular', 'locomotive': 22623, 'train_section': 28380, 'section': 22500, 'departure_time': 1536773880, 'arrival_time': 1536777000}
2355	{'task_type': 'regular', 'locomotive': 22623, 'train_section': 26003, 'section': 22356, 'departure_time': 1536783360, 'arrival_time': 1536791400}
2356	{'task_type': 'deadhead', 'locomotive': 22623, 'first_train_section': 26003, 'first_section': 22356, 'first_departure_time': 1536783360, 'first_arrival_time': 1536791400, 'second_train_section': 25536, 'second_section': 22245, 'second_departure_time': 1536797160, 'second_arrival_time': 1536801840}
2357	{'task_type': 'regular', 'locomotive': 22623, 'train_section': 25536, 'section': 22245, 'departure_time': 1536797160, 'arrival_time': 1536801840}
2358	{'task_type': 'deadhead', 'locomotive': 22623, 'first_train_section': 25536, 'first_section': 22245, 'first_departure_time': 1536797160, 'first_arrival_time': 1536801840, 'second_train_section': 27403, 'second_section': 22378, 'second_departure_time': 1536813300, 'second_arrival_time': 1536816960}
2359	{'task_type': 'regular', 'locomotive': 22623, 'train_section': 27403, 'section': 22378, 'departure_time': 1536813300, 'arrival_time': 1536816960}
2360	{'task_type': 'deadhead', 'locomotive': 22623, 'first_train_section': 27403, 'first_section': 22378, 'first_departure_time': 1536813300, 'first_arrival_time': 1536816960, 'second_train_section': 25786, 'second_section': 22316, 'second_departure_time': 1536839640, 'second_arrival_time': 1536847860}
2361	{'task_type': 'regular', 'locomotive': 22623, 'train_section': 25786, 'section': 22316, 'departure_time': 1536839640, 'arrival_time': 1536847860}
2362	{'task_type': 'deadhead', 'locomotive': 22623, 'first_train_section': 25786, 'first_section': 22316, 'first_departure_time': 1536839640, 'first_arrival_time': 1536847860, 'second_train_section': 25034, 'second_section': 22496, 'second_departure_time': 1536853080, 'second_arrival_time': 1536858000}
2363	{'task_type': 'regular', 'locomotive': 22623, 'train_section': 25034, 'section': 22496, 'departure_time': 1536853080, 'arrival_time': 1536858000}
2364	{'task_type': 'deadhead', 'locomotive': 22623, 'first_train_section': 25034, 'first_section': 22496, 'first_departure_time': 1536853080, 'first_arrival_time': 1536858000, 'second_train_section': 22979, 'second_section': 22460, 'second_departure_time': 1536862860, 'second_arrival_time': 1536865200}
2365	{'task_type': 'regular', 'locomotive': 22623, 'train_section': 22979, 'section': 22460, 'departure_time': 1536862860, 'arrival_time': 1536865200}
2366	{'task_type': 'deadhead', 'locomotive': 22623, 'first_train_section': 22979, 'first_section': 22460, 'first_departure_time': 1536862860, 'first_arrival_time': 1536865200, 'second_train_section': 28983, 'second_section': 22431, 'second_departure_time': 1536865440, 'second_arrival_time': 1536869280}
2367	{'task_type': 'regular', 'locomotive': 22623, 'train_section': 28983, 'section': 22431, 'departure_time': 1536865440, 'arrival_time': 1536869280}
2368	{'task_type': 'deadhead', 'locomotive': 22623, 'first_train_section': 28983, 'first_section': 22431, 'first_departure_time': 1536865440, 'first_arrival_time': 1536869280, 'second_train_section': 28321, 'second_section': 22443, 'second_departure_time': 1536874260, 'second_arrival_time': 1536876060}
2369	{'task_type': 'regular', 'locomotive': 22623, 'train_section': 28321, 'section': 22443, 'departure_time': 1536874260, 'arrival_time': 1536876060}
2370	{'task_type': 'regular', 'locomotive': 22623, 'train_section': 28323, 'section': 22495, 'departure_time': 1536877500, 'arrival_time': 1536880440}
2371	{'task_type': 'regular', 'locomotive': 22623, 'train_section': 28325, 'section': 22304, 'departure_time': 1536881100, 'arrival_time': 1536885480}
2372	{'task_type': 'deadhead', 'locomotive': 22623, 'first_train_section': 28325, 'first_section': 22304, 'first_departure_time': 1536881100, 'first_arrival_time': 1536885480, 'second_train_section': 26888, 'second_section': 22342, 'second_departure_time': 1536896820, 'second_arrival_time': 1536903300}
2373	{'task_type': 'regular', 'locomotive': 22623, 'train_section': 26888, 'section': 22342, 'departure_time': 1536896820, 'arrival_time': 1536903300}
2374	{'task_type': 'deadhead', 'locomotive': 22623, 'first_train_section': 26888, 'first_section': 22342, 'first_departure_time': 1536896820, 'first_arrival_time': 1536903300, 'second_train_section': 25249, 'second_section': 22392, 'second_departure_time': 1536920700, 'second_arrival_time': 1536922080}
2375	{'task_type': 'regular', 'locomotive': 22623, 'train_section': 25249, 'section': 22392, 'departure_time': 1536920700, 'arrival_time': 1536922080}
2376	{'task_type': 'deadhead', 'locomotive': 22623, 'first_train_section': 25249, 'first_section': 22392, 'first_departure_time': 1536920700, 'first_arrival_time': 1536922080, 'second_train_section': 24764, 'second_section': 22404, 'second_departure_time': 1536927780, 'second_arrival_time': 1536936300}
2377	{'task_type': 'regular', 'locomotive': 22623, 'train_section': 24764, 'section': 22404, 'departure_time': 1536927780, 'arrival_time': 1536936300}
2378	{'task_type': 'deadhead', 'locomotive': 22623, 'first_train_section': 24764, 'first_section': 22404, 'first_departure_time': 1536927780, 'first_arrival_time': 1536936300, 'second_train_section': 28354, 'second_section': 22376, 'second_departure_time': 1536953760, 'second_arrival_time': 1536957960}
2379	{'task_type': 'regular', 'locomotive': 22623, 'train_section': 28354, 'section': 22376, 'departure_time': 1536953760, 'arrival_time': 1536957960}
2380	{'task_type': 'deadhead', 'locomotive': 22623, 'first_train_section': 23242, 'first_section': 22473, 'first_departure_time': 1536962460, 'first_arrival_time': 1537048740, 'second_train_section': 28710, 'second_section': 22501, 'second_departure_time': 1537129440, 'second_arrival_time': 1537131660}
2381	{'task_type': 'regular', 'locomotive': 22623, 'train_section': 28710, 'section': 22501, 'departure_time': 1537129440, 'arrival_time': 1537131660}
2382	{'task_type': 'regular', 'locomotive': 22625, 'train_section': 26543, 'section': 22303, 'departure_time': 1536636240, 'arrival_time': 1536642120}
2383	{'task_type': 'deadhead', 'locomotive': 22625, 'first_train_section': 26543, 'first_section': 22303, 'first_departure_time': 1536636240, 'first_arrival_time': 1536642120, 'second_train_section': 25061, 'second_section': 22431, 'second_departure_time': 1536645780, 'second_arrival_time': 1536650460}
2384	{'task_type': 'regular', 'locomotive': 22625, 'train_section': 25061, 'section': 22431, 'departure_time': 1536645780, 'arrival_time': 1536650460}
2385	{'task_type': 'regular', 'locomotive': 22625, 'train_section': 25998, 'section': 22495, 'departure_time': 1536652080, 'arrival_time': 1536654960}
2386	{'task_type': 'deadhead', 'locomotive': 22625, 'first_train_section': 25998, 'first_section': 22495, 'first_departure_time': 1536652080, 'first_arrival_time': 1536654960, 'second_train_section': 23452, 'second_section': 22445, 'second_departure_time': 1536667920, 'second_arrival_time': 1536674040}
2387	{'task_type': 'regular', 'locomotive': 22625, 'train_section': 23452, 'section': 22445, 'departure_time': 1536667920, 'arrival_time': 1536674040}
2388	{'task_type': 'deadhead', 'locomotive': 22625, 'first_train_section': 23452, 'first_section': 22445, 'first_departure_time': 1536667920, 'first_arrival_time': 1536674040, 'second_train_section': 23225, 'second_section': 22413, 'second_departure_time': 1536676320, 'second_arrival_time': 1536680160}
2389	{'task_type': 'regular', 'locomotive': 22625, 'train_section': 23225, 'section': 22413, 'departure_time': 1536676320, 'arrival_time': 1536680160}
2390	{'task_type': 'deadhead', 'locomotive': 22625, 'first_train_section': 23225, 'first_section': 22413, 'first_departure_time': 1536676320, 'first_arrival_time': 1536680160, 'second_train_section': 24897, 'second_section': 22431, 'second_departure_time': 1536686340, 'second_arrival_time': 1536691200}
2391	{'task_type': 'regular', 'locomotive': 22625, 'train_section': 24897, 'section': 22431, 'departure_time': 1536686340, 'arrival_time': 1536691200}
2392	{'task_type': 'deadhead', 'locomotive': 22625, 'first_train_section': 24897, 'first_section': 22431, 'first_departure_time': 1536686340, 'first_arrival_time': 1536691200, 'second_train_section': 23514, 'second_section': 22308, 'second_departure_time': 1536693900, 'second_arrival_time': 1536696660}
2393	{'task_type': 'regular', 'locomotive': 22625, 'train_section': 23514, 'section': 22308, 'departure_time': 1536693900, 'arrival_time': 1536696660}
2394	{'task_type': 'regular', 'locomotive': 22625, 'train_section': 23879, 'section': 22495, 'departure_time': 1536697620, 'arrival_time': 1536700380}
2395	{'task_type': 'regular', 'locomotive': 22625, 'train_section': 23881, 'section': 22306, 'departure_time': 1536701940, 'arrival_time': 1536705480}
2396	{'task_type': 'regular', 'locomotive': 22625, 'train_section': 24337, 'section': 22367, 'departure_time': 1536707100, 'arrival_time': 1536708360}
2397	{'task_type': 'deadhead', 'locomotive': 22625, 'first_train_section': 24337, 'first_section': 22367, 'first_departure_time': 1536707100, 'first_arrival_time': 1536708360, 'second_train_section': 28170, 'second_section': 22483, 'second_departure_time': 1536713520, 'second_arrival_time': 1536716580}
2398	{'task_type': 'regular', 'locomotive': 22625, 'train_section': 28170, 'section': 22483, 'departure_time': 1536713520, 'arrival_time': 1536716580}
2399	{'task_type': 'deadhead', 'locomotive': 22625, 'first_train_section': 28170, 'first_section': 22483, 'first_departure_time': 1536713520, 'first_arrival_time': 1536716580, 'second_train_section': 28070, 'second_section': 22308, 'second_departure_time': 1536724500, 'second_arrival_time': 1536727200}
2400	{'task_type': 'regular', 'locomotive': 22625, 'train_section': 28070, 'section': 22308, 'departure_time': 1536724500, 'arrival_time': 1536727200}
2401	{'task_type': 'deadhead', 'locomotive': 22625, 'first_train_section': 28070, 'first_section': 22308, 'first_departure_time': 1536724500, 'first_arrival_time': 1536727200, 'second_train_section': 23588, 'second_section': 22304, 'second_departure_time': 1536730500, 'second_arrival_time': 1536735540}
2402	{'task_type': 'regular', 'locomotive': 22625, 'train_section': 23588, 'section': 22304, 'departure_time': 1536730500, 'arrival_time': 1536735540}
2403	{'task_type': 'deadhead', 'locomotive': 22625, 'first_train_section': 23588, 'first_section': 22304, 'first_departure_time': 1536730500, 'first_arrival_time': 1536735540, 'second_train_section': 23615, 'second_section': 22349, 'second_departure_time': 1536741120, 'second_arrival_time': 1536746700}
2404	{'task_type': 'regular', 'locomotive': 22625, 'train_section': 23615, 'section': 22349, 'departure_time': 1536741120, 'arrival_time': 1536746700}
2405	{'task_type': 'deadhead', 'locomotive': 22625, 'first_train_section': 23615, 'first_section': 22349, 'first_departure_time': 1536741120, 'first_arrival_time': 1536746700, 'second_train_section': 26750, 'second_section': 22505, 'second_departure_time': 1536754740, 'second_arrival_time': 1536760620}
2406	{'task_type': 'regular', 'locomotive': 22625, 'train_section': 26750, 'section': 22505, 'departure_time': 1536754740, 'arrival_time': 1536760620}
2407	{'task_type': 'deadhead', 'locomotive': 22625, 'first_train_section': 26750, 'first_section': 22505, 'first_departure_time': 1536754740, 'first_arrival_time': 1536760620, 'second_train_section': 26355, 'second_section': 22378, 'second_departure_time': 1536771900, 'second_arrival_time': 1536775560}
2408	{'task_type': 'regular', 'locomotive': 22625, 'train_section': 26355, 'section': 22378, 'departure_time': 1536771900, 'arrival_time': 1536775560}
2409	{'task_type': 'deadhead', 'locomotive': 22625, 'first_train_section': 26355, 'first_section': 22378, 'first_departure_time': 1536771900, 'first_arrival_time': 1536775560, 'second_train_section': 28043, 'second_section': 22308, 'second_departure_time': 1536787440, 'second_arrival_time': 1536790140}
2410	{'task_type': 'regular', 'locomotive': 22625, 'train_section': 28043, 'section': 22308, 'departure_time': 1536787440, 'arrival_time': 1536790140}
2411	{'task_type': 'regular', 'locomotive': 22625, 'train_section': 22850, 'section': 22495, 'departure_time': 1536791100, 'arrival_time': 1536794040}
2412	{'task_type': 'regular', 'locomotive': 22625, 'train_section': 22852, 'section': 22304, 'departure_time': 1536794700, 'arrival_time': 1536799080}
2413	{'task_type': 'deadhead', 'locomotive': 22625, 'first_train_section': 22852, 'first_section': 22304, 'first_departure_time': 1536794700, 'first_arrival_time': 1536799080, 'second_train_section': 28860, 'second_section': 22342, 'second_departure_time': 1536810420, 'second_arrival_time': 1536816900}
2414	{'task_type': 'regular', 'locomotive': 22625, 'train_section': 28860, 'section': 22342, 'departure_time': 1536810420, 'arrival_time': 1536816900}
2415	{'task_type': 'deadhead', 'locomotive': 22625, 'first_train_section': 28860, 'first_section': 22342, 'first_departure_time': 1536810420, 'first_arrival_time': 1536816900, 'second_train_section': 28922, 'second_section': 22447, 'second_departure_time': 1536821580, 'second_arrival_time': 1536824640}
2416	{'task_type': 'regular', 'locomotive': 22625, 'train_section': 28922, 'section': 22447, 'departure_time': 1536821580, 'arrival_time': 1536824640}
2417	{'task_type': 'deadhead', 'locomotive': 22625, 'first_train_section': 28922, 'first_section': 22447, 'first_departure_time': 1536821580, 'first_arrival_time': 1536824640, 'second_train_section': 23091, 'second_section': 22285, 'second_departure_time': 1536840120, 'second_arrival_time': 1536849240}
2418	{'task_type': 'regular', 'locomotive': 22625, 'train_section': 23091, 'section': 22285, 'departure_time': 1536840120, 'arrival_time': 1536849240}
2419	{'task_type': 'deadhead', 'locomotive': 22625, 'first_train_section': 23091, 'first_section': 22285, 'first_departure_time': 1536840120, 'first_arrival_time': 1536849240, 'second_train_section': 23200, 'second_section': 22331, 'second_departure_time': 1536858480, 'second_arrival_time': 1536869400}
2420	{'task_type': 'regular', 'locomotive': 22625, 'train_section': 23200, 'section': 22331, 'departure_time': 1536858480, 'arrival_time': 1536869400}
2421	{'task_type': 'regular', 'locomotive': 22625, 'train_section': 23793, 'section': 22438, 'departure_time': 1536904200, 'arrival_time': 1536915060}
2422	{'task_type': 'deadhead', 'locomotive': 22625, 'first_train_section': 23793, 'first_section': 22438, 'first_departure_time': 1536904200, 'first_arrival_time': 1536915060, 'second_train_section': 26819, 'second_section': 22381, 'second_departure_time': 1536924720, 'second_arrival_time': 1536926640}
2423	{'task_type': 'regular', 'locomotive': 22625, 'train_section': 26819, 'section': 22381, 'departure_time': 1536924720, 'arrival_time': 1536926640}
2424	{'task_type': 'regular', 'locomotive': 22625, 'train_section': 23865, 'section': 22287, 'departure_time': 1536926880, 'arrival_time': 1536928260}
2425	{'task_type': 'deadhead', 'locomotive': 22625, 'first_train_section': 23865, 'first_section': 22287, 'first_departure_time': 1536926880, 'first_arrival_time': 1536928260, 'second_train_section': 27940, 'second_section': 22281, 'second_departure_time': 1536933480, 'second_arrival_time': 1536939780}
2426	{'task_type': 'regular', 'locomotive': 22625, 'train_section': 27940, 'section': 22281, 'departure_time': 1536933480, 'arrival_time': 1536939780}
2427	{'task_type': 'deadhead', 'locomotive': 22625, 'first_train_section': 27940, 'first_section': 22281, 'first_departure_time': 1536933480, 'first_arrival_time': 1536939780, 'second_train_section': 29011, 'second_section': 22255, 'second_departure_time': 1536948300, 'second_arrival_time': 1536949200}
2428	{'task_type': 'regular', 'locomotive': 22625, 'train_section': 29011, 'section': 22255, 'departure_time': 1536948300, 'arrival_time': 1536949200}
2429	{'task_type': 'deadhead', 'locomotive': 22625, 'first_train_section': 29011, 'first_section': 22255, 'first_departure_time': 1536948300, 'first_arrival_time': 1536949200, 'second_train_section': 25263, 'second_section': 22290, 'second_departure_time': 1536958260, 'second_arrival_time': 1536965100}
2430	{'task_type': 'regular', 'locomotive': 22625, 'train_section': 25263, 'section': 22290, 'departure_time': 1536958260, 'arrival_time': 1536965100}
2431	{'task_type': 'deadhead', 'locomotive': 22625, 'first_train_section': 25263, 'first_section': 22290, 'first_departure_time': 1536958260, 'first_arrival_time': 1536965100, 'second_train_section': 24117, 'second_section': 22247, 'second_departure_time': 1536973980, 'second_arrival_time': 1536983460}
2432	{'task_type': 'regular', 'locomotive': 22625, 'train_section': 24117, 'section': 22247, 'departure_time': 1536973980, 'arrival_time': 1536983460}
2433	{'task_type': 'deadhead', 'locomotive': 22625, 'first_train_section': 24117, 'first_section': 22247, 'first_departure_time': 1536973980, 'first_arrival_time': 1536983460, 'second_train_section': 28204, 'second_section': 22403, 'second_departure_time': 1536999540, 'second_arrival_time': 1537002060}
2434	{'task_type': 'regular', 'locomotive': 22625, 'train_section': 28204, 'section': 22403, 'departure_time': 1536999540, 'arrival_time': 1537002060}
2435	{'task_type': 'deadhead', 'locomotive': 22625, 'first_train_section': 28204, 'first_section': 22403, 'first_departure_time': 1536999540, 'first_arrival_time': 1537002060, 'second_train_section': 23566, 'second_section': 22378, 'second_departure_time': 1537092300, 'second_arrival_time': 1537095960}
2436	{'task_type': 'regular', 'locomotive': 22625, 'train_section': 23566, 'section': 22378, 'departure_time': 1537092300, 'arrival_time': 1537095960}
2437	{'task_type': 'regular', 'locomotive': 22626, 'train_section': 28503, 'section': 22245, 'departure_time': 1536633000, 'arrival_time': 1536637380}
2438	{'task_type': 'regular', 'locomotive': 22626, 'train_section': 23407, 'section': 22307, 'departure_time': 1536640800, 'arrival_time': 1536643140}
2439	{'task_type': 'deadhead', 'locomotive': 22626, 'first_train_section': 23407, 'first_section': 22307, 'first_departure_time': 1536640800, 'first_arrival_time': 1536643140, 'second_train_section': 27311, 'second_section': 22506, 'second_departure_time': 1536647640, 'second_arrival_time': 1536648420}
2440	{'task_type': 'regular', 'locomotive': 22626, 'train_section': 27311, 'section': 22506, 'departure_time': 1536647640, 'arrival_time': 1536648420}
2441	{'task_type': 'deadhead', 'locomotive': 22626, 'first_train_section': 27311, 'first_section': 22506, 'first_departure_time': 1536647640, 'first_arrival_time': 1536648420, 'second_train_section': 25494, 'second_section': 22472, 'second_departure_time': 1536664380, 'second_arrival_time': 1536669540}
2442	{'task_type': 'regular', 'locomotive': 22626, 'train_section': 25494, 'section': 22472, 'departure_time': 1536664380, 'arrival_time': 1536669540}
2443	{'task_type': 'regular', 'locomotive': 22626, 'train_section': 28534, 'section': 22341, 'departure_time': 1536670620, 'arrival_time': 1536674520}
2444	{'task_type': 'deadhead', 'locomotive': 22626, 'first_train_section': 28534, 'first_section': 22341, 'first_departure_time': 1536670620, 'first_arrival_time': 1536674520, 'second_train_section': 28584, 'second_section': 22343, 'second_departure_time': 1536681900, 'second_arrival_time': 1536692040}
2445	{'task_type': 'regular', 'locomotive': 22626, 'train_section': 28584, 'section': 22343, 'departure_time': 1536681900, 'arrival_time': 1536692040}
2446	{'task_type': 'deadhead', 'locomotive': 22626, 'first_train_section': 28584, 'first_section': 22343, 'first_departure_time': 1536681900, 'first_arrival_time': 1536692040, 'second_train_section': 24652, 'second_section': 22291, 'second_departure_time': 1536701160, 'second_arrival_time': 1536707040}
2447	{'task_type': 'regular', 'locomotive': 22626, 'train_section': 24652, 'section': 22291, 'departure_time': 1536701160, 'arrival_time': 1536707040}
2448	{'task_type': 'deadhead', 'locomotive': 22626, 'first_train_section': 24652, 'first_section': 22291, 'first_departure_time': 1536701160, 'first_arrival_time': 1536707040, 'second_train_section': 24912, 'second_section': 22427, 'second_departure_time': 1536711600, 'second_arrival_time': 1536714540}
2449	{'task_type': 'regular', 'locomotive': 22626, 'train_section': 24912, 'section': 22427, 'departure_time': 1536711600, 'arrival_time': 1536714540}
2450	{'task_type': 'deadhead', 'locomotive': 22626, 'first_train_section': 24912, 'first_section': 22427, 'first_departure_time': 1536711600, 'first_arrival_time': 1536714540, 'second_train_section': 24047, 'second_section': 22378, 'second_departure_time': 1536721740, 'second_arrival_time': 1536725400}
2451	{'task_type': 'regular', 'locomotive': 22626, 'train_section': 24047, 'section': 22378, 'departure_time': 1536721740, 'arrival_time': 1536725400}
2452	{'task_type': 'deadhead', 'locomotive': 22626, 'first_train_section': 24047, 'first_section': 22378, 'first_departure_time': 1536721740, 'first_arrival_time': 1536725400, 'second_train_section': 26835, 'second_section': 22427, 'second_departure_time': 1536728280, 'second_arrival_time': 1536731940}
2453	{'task_type': 'regular', 'locomotive': 22626, 'train_section': 26835, 'section': 22427, 'departure_time': 1536728280, 'arrival_time': 1536731940}
2454	{'task_type': 'regular', 'locomotive': 22626, 'train_section': 26837, 'section': 22443, 'departure_time': 1536732660, 'arrival_time': 1536734460}
2455	{'task_type': 'deadhead', 'locomotive': 22626, 'first_train_section': 26837, 'first_section': 22443, 'first_departure_time': 1536732660, 'first_arrival_time': 1536734460, 'second_train_section': 26841, 'second_section': 22304, 'second_departure_time': 1536741300, 'second_arrival_time': 1536746220}
2456	{'task_type': 'regular', 'locomotive': 22626, 'train_section': 26841, 'section': 22304, 'departure_time': 1536741300, 'arrival_time': 1536746220}
2457	{'task_type': 'deadhead', 'locomotive': 22626, 'first_train_section': 26841, 'first_section': 22304, 'first_departure_time': 1536741300, 'first_arrival_time': 1536746220, 'second_train_section': 27378, 'second_section': 22384, 'second_departure_time': 1536755100, 'second_arrival_time': 1536760500}
2458	{'task_type': 'regular', 'locomotive': 22626, 'train_section': 27378, 'section': 22384, 'departure_time': 1536755100, 'arrival_time': 1536760500}
2459	{'task_type': 'deadhead', 'locomotive': 22626, 'first_train_section': 27378, 'first_section': 22384, 'first_departure_time': 1536755100, 'first_arrival_time': 1536760500, 'second_train_section': 22881, 'second_section': 22274, 'second_departure_time': 1536770940, 'second_arrival_time': 1536778200}
2460	{'task_type': 'regular', 'locomotive': 22626, 'train_section': 22881, 'section': 22274, 'departure_time': 1536770940, 'arrival_time': 1536778200}
2461	{'task_type': 'deadhead', 'locomotive': 22626, 'first_train_section': 22881, 'first_section': 22274, 'first_departure_time': 1536770940, 'first_arrival_time': 1536778200, 'second_train_section': 25193, 'second_section': 22245, 'second_departure_time': 1536790140, 'second_arrival_time': 1536794640}
2462	{'task_type': 'regular', 'locomotive': 22626, 'train_section': 25193, 'section': 22245, 'departure_time': 1536790140, 'arrival_time': 1536794640}
2463	{'task_type': 'regular', 'locomotive': 22626, 'train_section': 24030, 'section': 22308, 'departure_time': 1536800400, 'arrival_time': 1536803160}
2464	{'task_type': 'deadhead', 'locomotive': 22626, 'first_train_section': 24030, 'first_section': 22308, 'first_departure_time': 1536800400, 'first_arrival_time': 1536803160, 'second_train_section': 27698, 'second_section': 22416, 'second_departure_time': 1536809040, 'second_arrival_time': 1536812700}
2465	{'task_type': 'regular', 'locomotive': 22626, 'train_section': 27698, 'section': 22416, 'departure_time': 1536809040, 'arrival_time': 1536812700}
2466	{'task_type': 'deadhead', 'locomotive': 22626, 'first_train_section': 27698, 'first_section': 22416, 'first_departure_time': 1536809040, 'first_arrival_time': 1536812700, 'second_train_section': 28664, 'second_section': 22383, 'second_departure_time': 1536837120, 'second_arrival_time': 1536840540}
2467	{'task_type': 'regular', 'locomotive': 22626, 'train_section': 28664, 'section': 22383, 'departure_time': 1536837120, 'arrival_time': 1536840540}
2468	{'task_type': 'deadhead', 'locomotive': 22626, 'first_train_section': 28664, 'first_section': 22383, 'first_departure_time': 1536837120, 'first_arrival_time': 1536840540, 'second_train_section': 25824, 'second_section': 22383, 'second_departure_time': 1536847920, 'second_arrival_time': 1536851340}
2469	{'task_type': 'regular', 'locomotive': 22626, 'train_section': 25824, 'section': 22383, 'departure_time': 1536847920, 'arrival_time': 1536851340}
2470	{'task_type': 'regular', 'locomotive': 22626, 'train_section': 25826, 'section': 22399, 'departure_time': 1536851400, 'arrival_time': 1536852840}
2471	{'task_type': 'deadhead', 'locomotive': 22626, 'first_train_section': 25826, 'first_section': 22399, 'first_departure_time': 1536851400, 'first_arrival_time': 1536852840, 'second_train_section': 24287, 'second_section': 22274, 'second_departure_time': 1536857340, 'second_arrival_time': 1536864600}
2472	{'task_type': 'regular', 'locomotive': 22626, 'train_section': 24287, 'section': 22274, 'departure_time': 1536857340, 'arrival_time': 1536864600}
2473	{'task_type': 'deadhead', 'locomotive': 22626, 'first_train_section': 24287, 'first_section': 22274, 'first_departure_time': 1536857340, 'first_arrival_time': 1536864600, 'second_train_section': 24342, 'second_section': 22467, 'second_departure_time': 1536892800, 'second_arrival_time': 1536895500}
2474	{'task_type': 'regular', 'locomotive': 22626, 'train_section': 24342, 'section': 22467, 'departure_time': 1536892800, 'arrival_time': 1536895500}
2475	{'task_type': 'deadhead', 'locomotive': 22626, 'first_train_section': 24342, 'first_section': 22467, 'first_departure_time': 1536892800, 'first_arrival_time': 1536895500, 'second_train_section': 27096, 'second_section': 22238, 'second_departure_time': 1536899100, 'second_arrival_time': 1536902700}
2476	{'task_type': 'regular', 'locomotive': 22626, 'train_section': 27096, 'section': 22238, 'departure_time': 1536899100, 'arrival_time': 1536902700}
2477	{'task_type': 'deadhead', 'locomotive': 22626, 'first_train_section': 27096, 'first_section': 22238, 'first_departure_time': 1536899100, 'first_arrival_time': 1536902700, 'second_train_section': 23100, 'second_section': 22362, 'second_departure_time': 1536922860, 'second_arrival_time': 1536925500}
2478	{'task_type': 'regular', 'locomotive': 22626, 'train_section': 23100, 'section': 22362, 'departure_time': 1536922860, 'arrival_time': 1536925500}
2479	{'task_type': 'deadhead', 'locomotive': 22626, 'first_train_section': 23100, 'first_section': 22362, 'first_departure_time': 1536922860, 'first_arrival_time': 1536925500, 'second_train_section': 25507, 'second_section': 22308, 'second_departure_time': 1536937440, 'second_arrival_time': 1536939960}
2480	{'task_type': 'regular', 'locomotive': 22626, 'train_section': 25507, 'section': 22308, 'departure_time': 1536937440, 'arrival_time': 1536939960}
2481	{'task_type': 'regular', 'locomotive': 22626, 'train_section': 25509, 'section': 22496, 'departure_time': 1536940440, 'arrival_time': 1536944280}
2482	{'task_type': 'deadhead', 'locomotive': 22626, 'first_train_section': 25509, 'first_section': 22496, 'first_departure_time': 1536940440, 'first_arrival_time': 1536944280, 'second_train_section': 24630, 'second_section': 22416, 'second_departure_time': 1536951240, 'second_arrival_time': 1536954900}
2483	{'task_type': 'regular', 'locomotive': 22626, 'train_section': 24630, 'section': 22416, 'departure_time': 1536951240, 'arrival_time': 1536954900}
2484	{'task_type': 'regular', 'locomotive': 22630, 'train_section': 24880, 'section': 22465, 'departure_time': 1536644460, 'arrival_time': 1536645660}
2485	{'task_type': 'deadhead', 'locomotive': 22630, 'first_train_section': 24880, 'first_section': 22465, 'first_departure_time': 1536644460, 'first_arrival_time': 1536645660, 'second_train_section': 28521, 'second_section': 22404, 'second_departure_time': 1536661200, 'second_arrival_time': 1536669960}
2486	{'task_type': 'regular', 'locomotive': 22630, 'train_section': 28521, 'section': 22404, 'departure_time': 1536661200, 'arrival_time': 1536669960}
2487	{'task_type': 'regular', 'locomotive': 22630, 'train_section': 23506, 'section': 22247, 'departure_time': 1536675120, 'arrival_time': 1536686220}
2488	{'task_type': 'deadhead', 'locomotive': 22630, 'first_train_section': 23506, 'first_section': 22247, 'first_departure_time': 1536675120, 'first_arrival_time': 1536686220, 'second_train_section': 27424, 'second_section': 22407, 'second_departure_time': 1536689880, 'second_arrival_time': 1536696540}
2489	{'task_type': 'regular', 'locomotive': 22630, 'train_section': 27424, 'section': 22407, 'departure_time': 1536689880, 'arrival_time': 1536696540}
2490	{'task_type': 'deadhead', 'locomotive': 22630, 'first_train_section': 26164, 'first_section': 22319, 'first_departure_time': 1536703200, 'first_arrival_time': 1536721080, 'second_train_section': 24094, 'second_section': 22337, 'second_departure_time': 1536726720, 'second_arrival_time': 1536733560}
2491	{'task_type': 'regular', 'locomotive': 22630, 'train_section': 24094, 'section': 22337, 'departure_time': 1536726720, 'arrival_time': 1536733560}
2492	{'task_type': 'deadhead', 'locomotive': 22630, 'first_train_section': 24094, 'first_section': 22337, 'first_departure_time': 1536726720, 'first_arrival_time': 1536733560, 'second_train_section': 24398, 'second_section': 22404, 'second_departure_time': 1536734820, 'second_arrival_time': 1536744720}
2493	{'task_type': 'regular', 'locomotive': 22630, 'train_section': 24398, 'section': 22404, 'departure_time': 1536734820, 'arrival_time': 1536744720}
2494	{'task_type': 'regular', 'locomotive': 22630, 'train_section': 24400, 'section': 22249, 'departure_time': 1536744960, 'arrival_time': 1536752400}
2495	{'task_type': 'deadhead', 'locomotive': 22630, 'first_train_section': 24400, 'first_section': 22249, 'first_departure_time': 1536744960, 'first_arrival_time': 1536752400, 'second_train_section': 27289, 'second_section': 22262, 'second_departure_time': 1536757680, 'second_arrival_time': 1536757980}
2496	{'task_type': 'regular', 'locomotive': 22630, 'train_section': 27289, 'section': 22262, 'departure_time': 1536757680, 'arrival_time': 1536757980}
2497	{'task_type': 'regular', 'locomotive': 22630, 'train_section': 24440, 'section': 22264, 'departure_time': 1536762540, 'arrival_time': 1536762960}
2498	{'task_type': 'deadhead', 'locomotive': 22630, 'first_train_section': 24440, 'first_section': 22264, 'first_departure_time': 1536762540, 'first_arrival_time': 1536762960, 'second_train_section': 25868, 'second_section': 22245, 'second_departure_time': 1536770340, 'second_arrival_time': 1536775380}
2499	{'task_type': 'regular', 'locomotive': 22630, 'train_section': 25868, 'section': 22245, 'departure_time': 1536770340, 'arrival_time': 1536775380}
2500	{'task_type': 'regular', 'locomotive': 22630, 'train_section': 25870, 'section': 22308, 'departure_time': 1536776400, 'arrival_time': 1536779160}
2501	{'task_type': 'regular', 'locomotive': 22630, 'train_section': 27630, 'section': 22495, 'departure_time': 1536784440, 'arrival_time': 1536787140}
2502	{'task_type': 'regular', 'locomotive': 22630, 'train_section': 27268, 'section': 22309, 'departure_time': 1536791160, 'arrival_time': 1536796020}
2503	{'task_type': 'deadhead', 'locomotive': 22630, 'first_train_section': 27268, 'first_section': 22309, 'first_departure_time': 1536791160, 'first_arrival_time': 1536796020, 'second_train_section': 26385, 'second_section': 22304, 'second_departure_time': 1536808440, 'second_arrival_time': 1536812820}
2504	{'task_type': 'regular', 'locomotive': 22630, 'train_section': 26385, 'section': 22304, 'departure_time': 1536808440, 'arrival_time': 1536812820}
2505	{'task_type': 'deadhead', 'locomotive': 22630, 'first_train_section': 26385, 'first_section': 22304, 'first_departure_time': 1536808440, 'first_arrival_time': 1536812820, 'second_train_section': 28958, 'second_section': 22288, 'second_departure_time': 1536828120, 'second_arrival_time': 1536834480}
2506	{'task_type': 'regular', 'locomotive': 22630, 'train_section': 28958, 'section': 22288, 'departure_time': 1536828120, 'arrival_time': 1536834480}
2507	{'task_type': 'deadhead', 'locomotive': 22630, 'first_train_section': 28958, 'first_section': 22288, 'first_departure_time': 1536828120, 'first_arrival_time': 1536834480, 'second_train_section': 27605, 'second_section': 22281, 'second_departure_time': 1536847080, 'second_arrival_time': 1536853380}
2508	{'task_type': 'regular', 'locomotive': 22630, 'train_section': 27605, 'section': 22281, 'departure_time': 1536847080, 'arrival_time': 1536853380}
2509	{'task_type': 'deadhead', 'locomotive': 22630, 'first_train_section': 27605, 'first_section': 22281, 'first_departure_time': 1536847080, 'first_arrival_time': 1536853380, 'second_train_section': 24097, 'second_section': 22284, 'second_departure_time': 1536864720, 'second_arrival_time': 1536868380}
2510	{'task_type': 'regular', 'locomotive': 22630, 'train_section': 24097, 'section': 22284, 'departure_time': 1536864720, 'arrival_time': 1536868380}
2511	{'task_type': 'deadhead', 'locomotive': 22630, 'first_train_section': 28845, 'first_section': 22377, 'first_departure_time': 1536876000, 'first_arrival_time': 1536892500, 'second_train_section': 28526, 'second_section': 22251, 'second_departure_time': 1536897060, 'second_arrival_time': 1536901200}
2512	{'task_type': 'regular', 'locomotive': 22630, 'train_section': 28526, 'section': 22251, 'departure_time': 1536897060, 'arrival_time': 1536901200}
2513	{'task_type': 'deadhead', 'locomotive': 22630, 'first_train_section': 28526, 'first_section': 22251, 'first_departure_time': 1536897060, 'first_arrival_time': 1536901200, 'second_train_section': 26651, 'second_section': 22455, 'second_departure_time': 1536904680, 'second_arrival_time': 1536916080}
2514	{'task_type': 'regular', 'locomotive': 22630, 'train_section': 26651, 'section': 22455, 'departure_time': 1536904680, 'arrival_time': 1536916080}
2515	{'task_type': 'regular', 'locomotive': 22630, 'train_section': 24674, 'section': 22356, 'departure_time': 1536917280, 'arrival_time': 1536924540}
2516	{'task_type': 'deadhead', 'locomotive': 22630, 'first_train_section': 24674, 'first_section': 22356, 'first_departure_time': 1536917280, 'first_arrival_time': 1536924540, 'second_train_section': 24885, 'second_section': 22248, 'second_departure_time': 1536929760, 'second_arrival_time': 1536932400}
2517	{'task_type': 'regular', 'locomotive': 22630, 'train_section': 24885, 'section': 22248, 'departure_time': 1536929760, 'arrival_time': 1536932400}
2518	{'task_type': 'deadhead', 'locomotive': 22630, 'first_train_section': 24885, 'first_section': 22248, 'first_departure_time': 1536929760, 'first_arrival_time': 1536932400, 'second_train_section': 24767, 'second_section': 22249, 'second_departure_time': 1536936480, 'second_arrival_time': 1536942480}
2519	{'task_type': 'regular', 'locomotive': 22630, 'train_section': 24767, 'section': 22249, 'departure_time': 1536936480, 'arrival_time': 1536942480}
2520	{'task_type': 'deadhead', 'locomotive': 22630, 'first_train_section': 24767, 'first_section': 22249, 'first_departure_time': 1536936480, 'first_arrival_time': 1536942480, 'second_train_section': 29003, 'second_section': 22441, 'second_departure_time': 1536949860, 'second_arrival_time': 1536952980}
2521	{'task_type': 'regular', 'locomotive': 22630, 'train_section': 29003, 'section': 22441, 'departure_time': 1536949860, 'arrival_time': 1536952980}
2522	{'task_type': 'deadhead', 'locomotive': 22630, 'first_train_section': 29003, 'first_section': 22441, 'first_departure_time': 1536949860, 'first_arrival_time': 1536952980, 'second_train_section': 22683, 'second_section': 22304, 'second_departure_time': 1536960720, 'second_arrival_time': 1536965280}
2523	{'task_type': 'regular', 'locomotive': 22630, 'train_section': 22683, 'section': 22304, 'departure_time': 1536960720, 'arrival_time': 1536965280}
2524	{'task_type': 'deadhead', 'locomotive': 22630, 'first_train_section': 22683, 'first_section': 22304, 'first_departure_time': 1536960720, 'first_arrival_time': 1536965280, 'second_train_section': 26442, 'second_section': 22368, 'second_departure_time': 1536968880, 'second_arrival_time': 1536972600}
2525	{'task_type': 'regular', 'locomotive': 22630, 'train_section': 26442, 'section': 22368, 'departure_time': 1536968880, 'arrival_time': 1536972600}
2526	{'task_type': 'deadhead', 'locomotive': 22630, 'first_train_section': 26442, 'first_section': 22368, 'first_departure_time': 1536968880, 'first_arrival_time': 1536972600, 'second_train_section': 26612, 'second_section': 22378, 'second_departure_time': 1536986100, 'second_arrival_time': 1536989760}
2527	{'task_type': 'regular', 'locomotive': 22630, 'train_section': 26612, 'section': 22378, 'departure_time': 1536986100, 'arrival_time': 1536989760}
2528	{'task_type': 'deadhead', 'locomotive': 22630, 'first_train_section': 26612, 'first_section': 22378, 'first_departure_time': 1536986100, 'first_arrival_time': 1536989760, 'second_train_section': 25443, 'second_section': 22407, 'second_departure_time': 1537035480, 'second_arrival_time': 1537042140}
2529	{'task_type': 'regular', 'locomotive': 22630, 'train_section': 25443, 'section': 22407, 'departure_time': 1537035480, 'arrival_time': 1537042140}
2530	{'task_type': 'deadhead', 'locomotive': 22630, 'first_train_section': 25443, 'first_section': 22407, 'first_departure_time': 1537035480, 'first_arrival_time': 1537042140, 'second_train_section': 26367, 'second_section': 22260, 'second_departure_time': 1537132500, 'second_arrival_time': 1537135199}
2531	{'task_type': 'regular', 'locomotive': 22630, 'train_section': 26367, 'section': 22260, 'departure_time': 1537132500, 'arrival_time': 1537135199}
2532	{'task_type': 'regular', 'locomotive': 22631, 'train_section': 26277, 'section': 22443, 'departure_time': 1536629100, 'arrival_time': 1536630780}
2533	{'task_type': 'regular', 'locomotive': 22631, 'train_section': 26279, 'section': 22495, 'departure_time': 1536631680, 'arrival_time': 1536634620}
2534	{'task_type': 'regular', 'locomotive': 22631, 'train_section': 26281, 'section': 22304, 'departure_time': 1536635640, 'arrival_time': 1536640020}
2535	{'task_type': 'deadhead', 'locomotive': 22631, 'first_train_section': 26281, 'first_section': 22304, 'first_departure_time': 1536635640, 'first_arrival_time': 1536640020, 'second_train_section': 24835, 'second_section': 22495, 'second_departure_time': 1536649980, 'second_arrival_time': 1536652920}
2536	{'task_type': 'regular', 'locomotive': 22631, 'train_section': 24835, 'section': 22495, 'departure_time': 1536649980, 'arrival_time': 1536652920}
2537	{'task_type': 'deadhead', 'locomotive': 22631, 'first_train_section': 24835, 'first_section': 22495, 'first_departure_time': 1536649980, 'first_arrival_time': 1536652920, 'second_train_section': 27195, 'second_section': 22416, 'second_departure_time': 1536666840, 'second_arrival_time': 1536670500}
2538	{'task_type': 'regular', 'locomotive': 22631, 'train_section': 27195, 'section': 22416, 'departure_time': 1536666840, 'arrival_time': 1536670500}
2539	{'task_type': 'deadhead', 'locomotive': 22631, 'first_train_section': 27195, 'first_section': 22416, 'first_departure_time': 1536666840, 'first_arrival_time': 1536670500, 'second_train_section': 24044, 'second_section': 22513, 'second_departure_time': 1536680280, 'second_arrival_time': 1536681900}
2540	{'task_type': 'regular', 'locomotive': 22631, 'train_section': 24044, 'section': 22513, 'departure_time': 1536680280, 'arrival_time': 1536681900}
2541	{'task_type': 'deadhead', 'locomotive': 22631, 'first_train_section': 24044, 'first_section': 22513, 'first_departure_time': 1536680280, 'first_arrival_time': 1536681900, 'second_train_section': 24395, 'second_section': 22441, 'second_departure_time': 1536690660, 'second_arrival_time': 1536693780}
2542	{'task_type': 'regular', 'locomotive': 22631, 'train_section': 24395, 'section': 22441, 'departure_time': 1536690660, 'arrival_time': 1536693780}
2543	{'task_type': 'deadhead', 'locomotive': 22631, 'first_train_section': 26698, 'first_section': 22417, 'first_departure_time': 1536696360, 'first_arrival_time': 1536703140, 'second_train_section': 23149, 'second_section': 22495, 'second_departure_time': 1536708840, 'second_arrival_time': 1536711720}
2544	{'task_type': 'regular', 'locomotive': 22631, 'train_section': 23149, 'section': 22495, 'departure_time': 1536708840, 'arrival_time': 1536711720}
2545	{'task_type': 'deadhead', 'locomotive': 22631, 'first_train_section': 23149, 'first_section': 22495, 'first_departure_time': 1536708840, 'first_arrival_time': 1536711720, 'second_train_section': 23993, 'second_section': 22348, 'second_departure_time': 1536721980, 'second_arrival_time': 1536725520}
2546	{'task_type': 'regular', 'locomotive': 22631, 'train_section': 23993, 'section': 22348, 'departure_time': 1536721980, 'arrival_time': 1536725520}
2547	{'task_type': 'regular', 'locomotive': 22631, 'train_section': 23995, 'section': 22477, 'departure_time': 1536726000, 'arrival_time': 1536728400}
2548	{'task_type': 'deadhead', 'locomotive': 22631, 'first_train_section': 23995, 'first_section': 22477, 'first_departure_time': 1536726000, 'first_arrival_time': 1536728400, 'second_train_section': 26267, 'second_section': 22308, 'second_departure_time': 1536734460, 'second_arrival_time': 1536737160}
2549	{'task_type': 'regular', 'locomotive': 22631, 'train_section': 26267, 'section': 22308, 'departure_time': 1536734460, 'arrival_time': 1536737160}
2550	{'task_type': 'deadhead', 'locomotive': 22631, 'first_train_section': 26267, 'first_section': 22308, 'first_departure_time': 1536734460, 'first_arrival_time': 1536737160, 'second_train_section': 24189, 'second_section': 22443, 'second_departure_time': 1536743340, 'second_arrival_time': 1536745020}
2551	{'task_type': 'regular', 'locomotive': 22631, 'train_section': 24189, 'section': 22443, 'departure_time': 1536743340, 'arrival_time': 1536745020}
2552	{'task_type': 'regular', 'locomotive': 22631, 'train_section': 28151, 'section': 22495, 'departure_time': 1536749640, 'arrival_time': 1536752640}
2553	{'task_type': 'regular', 'locomotive': 22631, 'train_section': 26752, 'section': 22308, 'departure_time': 1536762000, 'arrival_time': 1536764820}
2554	{'task_type': 'deadhead', 'locomotive': 22631, 'first_train_section': 26752, 'first_section': 22308, 'first_departure_time': 1536762000, 'first_arrival_time': 1536764820, 'second_train_section': 24995, 'second_section': 22259, 'second_departure_time': 1536773040, 'second_arrival_time': 1536773340}
2555	{'task_type': 'regular', 'locomotive': 22631, 'train_section': 24995, 'section': 22259, 'departure_time': 1536773040, 'arrival_time': 1536773340}
2556	{'task_type': 'deadhead', 'locomotive': 22631, 'first_train_section': 24995, 'first_section': 22259, 'first_departure_time': 1536773040, 'first_arrival_time': 1536773340, 'second_train_section': 26654, 'second_section': 22261, 'second_departure_time': 1536781500, 'second_arrival_time': 1536783060}
2557	{'task_type': 'regular', 'locomotive': 22631, 'train_section': 26654, 'section': 22261, 'departure_time': 1536781500, 'arrival_time': 1536783060}
2558	{'task_type': 'deadhead', 'locomotive': 22631, 'first_train_section': 26654, 'first_section': 22261, 'first_departure_time': 1536781500, 'first_arrival_time': 1536783060, 'second_train_section': 25907, 'second_section': 22265, 'second_departure_time': 1536789660, 'second_arrival_time': 1536793380}
2559	{'task_type': 'regular', 'locomotive': 22631, 'train_section': 25907, 'section': 22265, 'departure_time': 1536789660, 'arrival_time': 1536793380}
2560	{'task_type': 'regular', 'locomotive': 22631, 'train_section': 28717, 'section': 22346, 'departure_time': 1536793440, 'arrival_time': 1536795120}
2561	{'task_type': 'deadhead', 'locomotive': 22631, 'first_train_section': 28717, 'first_section': 22346, 'first_departure_time': 1536793440, 'first_arrival_time': 1536795120, 'second_train_section': 25538, 'second_section': 22308, 'second_departure_time': 1536802560, 'second_arrival_time': 1536805200}
2562	{'task_type': 'regular', 'locomotive': 22631, 'train_section': 25538, 'section': 22308, 'departure_time': 1536802560, 'arrival_time': 1536805200}
2563	{'task_type': 'deadhead', 'locomotive': 22631, 'first_train_section': 25538, 'first_section': 22308, 'first_departure_time': 1536802560, 'first_arrival_time': 1536805200, 'second_train_section': 28752, 'second_section': 22245, 'second_departure_time': 1536814680, 'second_arrival_time': 1536820140}
2564	{'task_type': 'regular', 'locomotive': 22631, 'train_section': 28752, 'section': 22245, 'departure_time': 1536814680, 'arrival_time': 1536820140}
2565	{'task_type': 'deadhead', 'locomotive': 22631, 'first_train_section': 28752, 'first_section': 22245, 'first_departure_time': 1536814680, 'first_arrival_time': 1536820140, 'second_train_section': 25479, 'second_section': 22356, 'second_departure_time': 1536830880, 'second_arrival_time': 1536838140}
2566	{'task_type': 'regular', 'locomotive': 22631, 'train_section': 25479, 'section': 22356, 'departure_time': 1536830880, 'arrival_time': 1536838140}
2567	{'task_type': 'deadhead', 'locomotive': 22631, 'first_train_section': 25479, 'first_section': 22356, 'first_departure_time': 1536830880, 'first_arrival_time': 1536838140, 'second_train_section': 24405, 'second_section': 22248, 'second_departure_time': 1536843360, 'second_arrival_time': 1536846000}
2568	{'task_type': 'regular', 'locomotive': 22631, 'train_section': 24405, 'section': 22248, 'departure_time': 1536843360, 'arrival_time': 1536846000}
2569	{'task_type': 'deadhead', 'locomotive': 22631, 'first_train_section': 24405, 'first_section': 22248, 'first_departure_time': 1536843360, 'first_arrival_time': 1536846000, 'second_train_section': 26493, 'second_section': 22347, 'second_departure_time': 1536851940, 'second_arrival_time': 1536857280}
2570	{'task_type': 'regular', 'locomotive': 22631, 'train_section': 26493, 'section': 22347, 'departure_time': 1536851940, 'arrival_time': 1536857280}
2571	{'task_type': 'deadhead', 'locomotive': 22631, 'first_train_section': 26493, 'first_section': 22347, 'first_departure_time': 1536851940, 'first_arrival_time': 1536857280, 'second_train_section': 28281, 'second_section': 22469, 'second_departure_time': 1536866400, 'second_arrival_time': 1536868560}
2572	{'task_type': 'regular', 'locomotive': 22631, 'train_section': 28281, 'section': 22469, 'departure_time': 1536866400, 'arrival_time': 1536868560}
2573	{'task_type': 'regular', 'locomotive': 22631, 'train_section': 29022, 'section': 22451, 'departure_time': 1536879420, 'arrival_time': 1536886320}
2574	{'task_type': 'deadhead', 'locomotive': 22631, 'first_train_section': 29022, 'first_section': 22451, 'first_departure_time': 1536879420, 'first_arrival_time': 1536886320, 'second_train_section': 23905, 'second_section': 22412, 'second_departure_time': 1536895620, 'second_arrival_time': 1536902880}
2575	{'task_type': 'regular', 'locomotive': 22631, 'train_section': 23905, 'section': 22412, 'departure_time': 1536895620, 'arrival_time': 1536902880}
2576	{'task_type': 'regular', 'locomotive': 22631, 'train_section': 27677, 'section': 22492, 'departure_time': 1536906240, 'arrival_time': 1536915480}
2577	{'task_type': 'deadhead', 'locomotive': 22631, 'first_train_section': 27677, 'first_section': 22492, 'first_departure_time': 1536906240, 'first_arrival_time': 1536915480, 'second_train_section': 28931, 'second_section': 22293, 'second_departure_time': 1536919440, 'second_arrival_time': 1536924900}
2578	{'task_type': 'regular', 'locomotive': 22631, 'train_section': 28931, 'section': 22293, 'departure_time': 1536919440, 'arrival_time': 1536924900}
2579	{'task_type': 'regular', 'locomotive': 22631, 'train_section': 27248, 'section': 22389, 'departure_time': 1536931800, 'arrival_time': 1536938520}
2580	{'task_type': 'deadhead', 'locomotive': 22631, 'first_train_section': 27248, 'first_section': 22389, 'first_departure_time': 1536931800, 'first_arrival_time': 1536938520, 'second_train_section': 27919, 'second_section': 22254, 'second_departure_time': 1536943680, 'second_arrival_time': 1536944340}
2581	{'task_type': 'regular', 'locomotive': 22631, 'train_section': 27919, 'section': 22254, 'departure_time': 1536943680, 'arrival_time': 1536944340}
2582	{'task_type': 'deadhead', 'locomotive': 22631, 'first_train_section': 27919, 'first_section': 22254, 'first_departure_time': 1536943680, 'first_arrival_time': 1536944340, 'second_train_section': 28649, 'second_section': 22277, 'second_departure_time': 1536953700, 'second_arrival_time': 1536957180}
2583	{'task_type': 'regular', 'locomotive': 22631, 'train_section': 28649, 'section': 22277, 'departure_time': 1536953700, 'arrival_time': 1536957180}
2584	{'task_type': 'deadhead', 'locomotive': 22631, 'first_train_section': 28649, 'first_section': 22277, 'first_departure_time': 1536953700, 'first_arrival_time': 1536957180, 'second_train_section': 26033, 'second_section': 22451, 'second_departure_time': 1536965820, 'second_arrival_time': 1536972720}
2585	{'task_type': 'regular', 'locomotive': 22631, 'train_section': 26033, 'section': 22451, 'departure_time': 1536965820, 'arrival_time': 1536972720}
2586	{'task_type': 'deadhead', 'locomotive': 22631, 'first_train_section': 26033, 'first_section': 22451, 'first_departure_time': 1536965820, 'first_arrival_time': 1536972720, 'second_train_section': 24751, 'second_section': 22357, 'second_departure_time': 1536988560, 'second_arrival_time': 1536992040}
2587	{'task_type': 'regular', 'locomotive': 22631, 'train_section': 24751, 'section': 22357, 'departure_time': 1536988560, 'arrival_time': 1536992040}
2588	{'task_type': 'deadhead', 'locomotive': 22631, 'first_train_section': 24751, 'first_section': 22357, 'first_departure_time': 1536988560, 'first_arrival_time': 1536992040, 'second_train_section': 28563, 'second_section': 22499, 'second_departure_time': 1537105500, 'second_arrival_time': 1537110660}
2589	{'task_type': 'regular', 'locomotive': 22631, 'train_section': 28563, 'section': 22499, 'departure_time': 1537105500, 'arrival_time': 1537110660}
2590	{'task_type': 'deadhead', 'locomotive': 22631, 'first_train_section': 28563, 'first_section': 22499, 'first_departure_time': 1537105500, 'first_arrival_time': 1537110660, 'second_train_section': 27257, 'second_section': 22451, 'second_departure_time': 1537125420, 'second_arrival_time': 1537131420}
2591	{'task_type': 'regular', 'locomotive': 22631, 'train_section': 27257, 'section': 22451, 'departure_time': 1537125420, 'arrival_time': 1537131420}
2592	{'task_type': 'regular', 'locomotive': 22633, 'train_section': 29056, 'section': 22404, 'departure_time': 1536648420, 'arrival_time': 1536658320}
2593	{'task_type': 'deadhead', 'locomotive': 22633, 'first_train_section': 29056, 'first_section': 22404, 'first_departure_time': 1536648420, 'first_arrival_time': 1536658320, 'second_train_section': 26143, 'second_section': 22344, 'second_departure_time': 1536672780, 'second_arrival_time': 1536673800}
2594	{'task_type': 'regular', 'locomotive': 22633, 'train_section': 26143, 'section': 22344, 'departure_time': 1536672780, 'arrival_time': 1536673800}
2595	{'task_type': 'deadhead', 'locomotive': 22633, 'first_train_section': 26143, 'first_section': 22344, 'first_departure_time': 1536672780, 'first_arrival_time': 1536673800, 'second_train_section': 26065, 'second_section': 22310, 'second_departure_time': 1536678900, 'second_arrival_time': 1536680340}
2596	{'task_type': 'regular', 'locomotive': 22633, 'train_section': 26065, 'section': 22310, 'departure_time': 1536678900, 'arrival_time': 1536680340}
2597	{'task_type': 'deadhead', 'locomotive': 22633, 'first_train_section': 26065, 'first_section': 22310, 'first_departure_time': 1536678900, 'first_arrival_time': 1536680340, 'second_train_section': 24353, 'second_section': 22254, 'second_departure_time': 1536684480, 'second_arrival_time': 1536685140}
2598	{'task_type': 'regular', 'locomotive': 22633, 'train_section': 24353, 'section': 22254, 'departure_time': 1536684480, 'arrival_time': 1536685140}
2599	{'task_type': 'deadhead', 'locomotive': 22633, 'first_train_section': 24157, 'first_section': 22377, 'first_departure_time': 1536703260, 'first_arrival_time': 1536721740, 'second_train_section': 24468, 'second_section': 22461, 'second_departure_time': 1536726240, 'second_arrival_time': 1536729600}
2600	{'task_type': 'regular', 'locomotive': 22633, 'train_section': 24468, 'section': 22461, 'departure_time': 1536726240, 'arrival_time': 1536729600}
2601	{'task_type': 'deadhead', 'locomotive': 22633, 'first_train_section': 24468, 'first_section': 22461, 'first_departure_time': 1536726240, 'first_arrival_time': 1536729600, 'second_train_section': 27704, 'second_section': 22342, 'second_departure_time': 1536736740, 'second_arrival_time': 1536742020}
2602	{'task_type': 'regular', 'locomotive': 22633, 'train_section': 27704, 'section': 22342, 'departure_time': 1536736740, 'arrival_time': 1536742020}
2603	{'task_type': 'deadhead', 'locomotive': 22633, 'first_train_section': 27704, 'first_section': 22342, 'first_departure_time': 1536736740, 'first_arrival_time': 1536742020, 'second_train_section': 26149, 'second_section': 22350, 'second_departure_time': 1536749340, 'second_arrival_time': 1536753000}
2604	{'task_type': 'regular', 'locomotive': 22633, 'train_section': 26149, 'section': 22350, 'departure_time': 1536749340, 'arrival_time': 1536753000}
2605	{'task_type': 'regular', 'locomotive': 22633, 'train_section': 24436, 'section': 22486, 'departure_time': 1536753120, 'arrival_time': 1536756720}
2606	{'task_type': 'regular', 'locomotive': 22633, 'train_section': 22693, 'section': 22344, 'departure_time': 1536759180, 'arrival_time': 1536760200}
2607	{'task_type': 'deadhead', 'locomotive': 22633, 'first_train_section': 22693, 'first_section': 22344, 'first_departure_time': 1536759180, 'first_arrival_time': 1536760200, 'second_train_section': 24821, 'second_section': 22342, 'second_departure_time': 1536765540, 'second_arrival_time': 1536770820}
2608	{'task_type': 'regular', 'locomotive': 22633, 'train_section': 24821, 'section': 22342, 'departure_time': 1536765540, 'arrival_time': 1536770820}
2609	{'task_type': 'deadhead', 'locomotive': 22633, 'first_train_section': 24821, 'first_section': 22342, 'first_departure_time': 1536765540, 'first_arrival_time': 1536770820, 'second_train_section': 25743, 'second_section': 22452, 'second_departure_time': 1536776160, 'second_arrival_time': 1536777960}
2610	{'task_type': 'regular', 'locomotive': 22633, 'train_section': 25743, 'section': 22452, 'departure_time': 1536776160, 'arrival_time': 1536777960}
2611	{'task_type': 'deadhead', 'locomotive': 22633, 'first_train_section': 28576, 'first_section': 22377, 'first_departure_time': 1536789300, 'first_arrival_time': 1536789540, 'second_train_section': 24106, 'second_section': 22281, 'second_departure_time': 1536807960, 'second_arrival_time': 1536814920}
2612	{'task_type': 'regular', 'locomotive': 22633, 'train_section': 24106, 'section': 22281, 'departure_time': 1536807960, 'arrival_time': 1536814920}
2613	{'task_type': 'regular', 'locomotive': 22633, 'train_section': 27761, 'section': 22350, 'departure_time': 1536815040, 'arrival_time': 1536818700}
2614	{'task_type': 'deadhead', 'locomotive': 22633, 'first_train_section': 27761, 'first_section': 22350, 'first_departure_time': 1536815040, 'first_arrival_time': 1536818700, 'second_train_section': 25453, 'second_section': 22279, 'second_departure_time': 1536839400, 'second_arrival_time': 1536844320}
2615	{'task_type': 'regular', 'locomotive': 22633, 'train_section': 25453, 'section': 22279, 'departure_time': 1536839400, 'arrival_time': 1536844320}
2616	{'task_type': 'deadhead', 'locomotive': 22633, 'first_train_section': 25453, 'first_section': 22279, 'first_departure_time': 1536839400, 'first_arrival_time': 1536844320, 'second_train_section': 28606, 'second_section': 22280, 'second_departure_time': 1536858120, 'second_arrival_time': 1536866520}
2617	{'task_type': 'regular', 'locomotive': 22633, 'train_section': 28606, 'section': 22280, 'departure_time': 1536858120, 'arrival_time': 1536866520}
2618	{'task_type': 'deadhead', 'locomotive': 22633, 'first_train_section': 28606, 'first_section': 22280, 'first_departure_time': 1536858120, 'first_arrival_time': 1536866520, 'second_train_section': 26705, 'second_section': 22322, 'second_departure_time': 1536873180, 'second_arrival_time': 1536881400}
2619	{'task_type': 'regular', 'locomotive': 22633, 'train_section': 26705, 'section': 22322, 'departure_time': 1536873180, 'arrival_time': 1536881400}
2620	{'task_type': 'deadhead', 'locomotive': 22633, 'first_train_section': 26705, 'first_section': 22322, 'first_departure_time': 1536873180, 'first_arrival_time': 1536881400, 'second_train_section': 27418, 'second_section': 22447, 'second_departure_time': 1536893100, 'second_arrival_time': 1536895800}
2621	{'task_type': 'regular', 'locomotive': 22633, 'train_section': 27418, 'section': 22447, 'departure_time': 1536893100, 'arrival_time': 1536895800}
2622	{'task_type': 'regular', 'locomotive': 22633, 'train_section': 28109, 'section': 22256, 'departure_time': 1536900120, 'arrival_time': 1536903060}
2623	{'task_type': 'deadhead', 'locomotive': 22633, 'first_train_section': 28109, 'first_section': 22256, 'first_departure_time': 1536900120, 'first_arrival_time': 1536903060, 'second_train_section': 26571, 'second_section': 22279, 'second_departure_time': 1536918600, 'second_arrival_time': 1536923520}
2624	{'task_type': 'regular', 'locomotive': 22633, 'train_section': 26571, 'section': 22279, 'departure_time': 1536918600, 'arrival_time': 1536923520}
2625	{'task_type': 'regular', 'locomotive': 22633, 'train_section': 24154, 'section': 22469, 'departure_time': 1536938220, 'arrival_time': 1536940620}
2626	{'task_type': 'deadhead', 'locomotive': 22633, 'first_train_section': 24154, 'first_section': 22469, 'first_departure_time': 1536938220, 'first_arrival_time': 1536940620, 'second_train_section': 25134, 'second_section': 22288, 'second_departure_time': 1536944160, 'second_arrival_time': 1536953040}
2627	{'task_type': 'regular', 'locomotive': 22633, 'train_section': 25134, 'section': 22288, 'departure_time': 1536944160, 'arrival_time': 1536953040}
2628	{'task_type': 'deadhead', 'locomotive': 22633, 'first_train_section': 25134, 'first_section': 22288, 'first_departure_time': 1536944160, 'first_arrival_time': 1536953040, 'second_train_section': 22828, 'second_section': 22332, 'second_departure_time': 1536957000, 'second_arrival_time': 1536961140}
2629	{'task_type': 'regular', 'locomotive': 22633, 'train_section': 22828, 'section': 22332, 'departure_time': 1536957000, 'arrival_time': 1536961140}
2630	{'task_type': 'deadhead', 'locomotive': 22633, 'first_train_section': 22828, 'first_section': 22332, 'first_departure_time': 1536957000, 'first_arrival_time': 1536961140, 'second_train_section': 27409, 'second_section': 22449, 'second_departure_time': 1536964620, 'second_arrival_time': 1536966840}
2631	{'task_type': 'regular', 'locomotive': 22633, 'train_section': 27409, 'section': 22449, 'departure_time': 1536964620, 'arrival_time': 1536966840}
2632	{'task_type': 'deadhead', 'locomotive': 22633, 'first_train_section': 27409, 'first_section': 22449, 'first_departure_time': 1536964620, 'first_arrival_time': 1536966840, 'second_train_section': 24018, 'second_section': 22281, 'second_departure_time': 1536980760, 'second_arrival_time': 1536987720}
2633	{'task_type': 'regular', 'locomotive': 22633, 'train_section': 24018, 'section': 22281, 'departure_time': 1536980760, 'arrival_time': 1536987720}
2634	{'task_type': 'regular', 'locomotive': 22633, 'train_section': 25818, 'section': 22342, 'departure_time': 1536988860, 'arrival_time': 1536994980}
2635	{'task_type': 'deadhead', 'locomotive': 22633, 'first_train_section': 25818, 'first_section': 22342, 'first_departure_time': 1536988860, 'first_arrival_time': 1536994980, 'second_train_section': 22704, 'second_section': 22472, 'second_departure_time': 1537009980, 'second_arrival_time': 1537015140}
2636	{'task_type': 'regular', 'locomotive': 22633, 'train_section': 22704, 'section': 22472, 'departure_time': 1537009980, 'arrival_time': 1537015140}
2637	{'task_type': 'deadhead', 'locomotive': 22633, 'first_train_section': 22704, 'first_section': 22472, 'first_departure_time': 1537009980, 'first_arrival_time': 1537015140, 'second_train_section': 23755, 'second_section': 22428, 'second_departure_time': 1537111320, 'second_arrival_time': 1537119540}
2638	{'task_type': 'regular', 'locomotive': 22633, 'train_section': 23755, 'section': 22428, 'departure_time': 1537111320, 'arrival_time': 1537119540}
2639	{'task_type': 'regular', 'locomotive': 22638, 'train_section': 24605, 'section': 22447, 'departure_time': 1536633900, 'arrival_time': 1536636600}
2640	{'task_type': 'deadhead', 'locomotive': 22638, 'first_train_section': 24605, 'first_section': 22447, 'first_departure_time': 1536633900, 'first_arrival_time': 1536636600, 'second_train_section': 24362, 'second_section': 22311, 'second_departure_time': 1536658800, 'second_arrival_time': 1536661560}
2641	{'task_type': 'regular', 'locomotive': 22638, 'train_section': 24362, 'section': 22311, 'departure_time': 1536658800, 'arrival_time': 1536661560}
2642	{'task_type': 'deadhead', 'locomotive': 22638, 'first_train_section': 24362, 'first_section': 22311, 'first_departure_time': 1536658800, 'first_arrival_time': 1536661560, 'second_train_section': 25021, 'second_section': 22281, 'second_departure_time': 1536674280, 'second_arrival_time': 1536680580}
2643	{'task_type': 'regular', 'locomotive': 22638, 'train_section': 25021, 'section': 22281, 'departure_time': 1536674280, 'arrival_time': 1536680580}
2644	{'task_type': 'regular', 'locomotive': 22638, 'train_section': 24392, 'section': 22350, 'departure_time': 1536728640, 'arrival_time': 1536732300}
2645	{'task_type': 'regular', 'locomotive': 22639, 'train_section': 25488, 'section': 22315, 'departure_time': 1536684480, 'arrival_time': 1536688980}
2646	{'task_type': 'deadhead', 'locomotive': 22639, 'first_train_section': 25488, 'first_section': 22315, 'first_departure_time': 1536684480, 'first_arrival_time': 1536688980, 'second_train_section': 26117, 'second_section': 22452, 'second_departure_time': 1536689760, 'second_arrival_time': 1536691560}
2647	{'task_type': 'regular', 'locomotive': 22639, 'train_section': 26117, 'section': 22452, 'departure_time': 1536689760, 'arrival_time': 1536691560}
2648	{'task_type': 'deadhead', 'locomotive': 22639, 'first_train_section': 25180, 'first_section': 22237, 'first_departure_time': 1536703200, 'first_arrival_time': 1536723420, 'second_train_section': 27228, 'second_section': 22310, 'second_departure_time': 1536733560, 'second_arrival_time': 1536735300}
2649	{'task_type': 'regular', 'locomotive': 22639, 'train_section': 27228, 'section': 22310, 'departure_time': 1536733560, 'arrival_time': 1536735300}
2650	{'task_type': 'deadhead', 'locomotive': 22639, 'first_train_section': 27228, 'first_section': 22310, 'first_departure_time': 1536733560, 'first_arrival_time': 1536735300, 'second_train_section': 27889, 'second_section': 22416, 'second_departure_time': 1536747840, 'second_arrival_time': 1536751500}
2651	{'task_type': 'regular', 'locomotive': 22639, 'train_section': 27889, 'section': 22416, 'departure_time': 1536747840, 'arrival_time': 1536751500}
2652	{'task_type': 'regular', 'locomotive': 22639, 'train_section': 27767, 'section': 22378, 'departure_time': 1536753900, 'arrival_time': 1536757560}
2653	{'task_type': 'regular', 'locomotive': 22639, 'train_section': 25958, 'section': 22416, 'departure_time': 1536758640, 'arrival_time': 1536762300}
2654	{'task_type': 'deadhead', 'locomotive': 22639, 'first_train_section': 25958, 'first_section': 22416, 'first_departure_time': 1536758640, 'first_arrival_time': 1536762300, 'second_train_section': 27577, 'second_section': 22416, 'second_departure_time': 1536767640, 'second_arrival_time': 1536771300}
2655	{'task_type': 'regular', 'locomotive': 22639, 'train_section': 27577, 'section': 22416, 'departure_time': 1536767640, 'arrival_time': 1536771300}
2656	{'task_type': 'deadhead', 'locomotive': 22639, 'first_train_section': 27577, 'first_section': 22416, 'first_departure_time': 1536767640, 'first_arrival_time': 1536771300, 'second_train_section': 23136, 'second_section': 22460, 'second_departure_time': 1536776460, 'second_arrival_time': 1536778800}
2657	{'task_type': 'regular', 'locomotive': 22639, 'train_section': 23136, 'section': 22460, 'departure_time': 1536776460, 'arrival_time': 1536778800}
2658	{'task_type': 'deadhead', 'locomotive': 22639, 'first_train_section': 23136, 'first_section': 22460, 'first_departure_time': 1536776460, 'first_arrival_time': 1536778800, 'second_train_section': 25955, 'second_section': 22429, 'second_departure_time': 1536785640, 'second_arrival_time': 1536788280}
2659	{'task_type': 'regular', 'locomotive': 22639, 'train_section': 25955, 'section': 22429, 'departure_time': 1536785640, 'arrival_time': 1536788280}
2660	{'task_type': 'deadhead', 'locomotive': 22639, 'first_train_section': 25955, 'first_section': 22429, 'first_departure_time': 1536785640, 'first_arrival_time': 1536788280, 'second_train_section': 23980, 'second_section': 22431, 'second_departure_time': 1536790740, 'second_arrival_time': 1536794940}
2661	{'task_type': 'regular', 'locomotive': 22639, 'train_section': 23980, 'section': 22431, 'departure_time': 1536790740, 'arrival_time': 1536794940}
2662	{'task_type': 'deadhead', 'locomotive': 22639, 'first_train_section': 23980, 'first_section': 22431, 'first_departure_time': 1536790740, 'first_arrival_time': 1536794940, 'second_train_section': 25391, 'second_section': 22419, 'second_departure_time': 1536799620, 'second_arrival_time': 1536805980}
2663	{'task_type': 'regular', 'locomotive': 22639, 'train_section': 25391, 'section': 22419, 'departure_time': 1536799620, 'arrival_time': 1536805980}
2664	{'task_type': 'deadhead', 'locomotive': 22639, 'first_train_section': 25391, 'first_section': 22419, 'first_departure_time': 1536799620, 'first_arrival_time': 1536805980, 'second_train_section': 26930, 'second_section': 22416, 'second_departure_time': 1536812640, 'second_arrival_time': 1536816300}
2665	{'task_type': 'regular', 'locomotive': 22639, 'train_section': 26930, 'section': 22416, 'departure_time': 1536812640, 'arrival_time': 1536816300}
2666	{'task_type': 'regular', 'locomotive': 22639, 'train_section': 25052, 'section': 22416, 'departure_time': 1536839640, 'arrival_time': 1536843300}
2667	{'task_type': 'deadhead', 'locomotive': 22639, 'first_train_section': 25052, 'first_section': 22416, 'first_departure_time': 1536839640, 'first_arrival_time': 1536843300, 'second_train_section': 24278, 'second_section': 22416, 'second_departure_time': 1536848640, 'second_arrival_time': 1536852300}
2668	{'task_type': 'regular', 'locomotive': 22639, 'train_section': 24278, 'section': 22416, 'departure_time': 1536848640, 'arrival_time': 1536852300}
2669	{'task_type': 'deadhead', 'locomotive': 22639, 'first_train_section': 27832, 'first_section': 22464, 'first_departure_time': 1536861180, 'first_arrival_time': 1536875940, 'second_train_section': 25683, 'second_section': 22427, 'second_departure_time': 1536884400, 'second_arrival_time': 1536887340}
2670	{'task_type': 'regular', 'locomotive': 22639, 'train_section': 25683, 'section': 22427, 'departure_time': 1536884400, 'arrival_time': 1536887340}
2671	{'task_type': 'regular', 'locomotive': 22639, 'train_section': 25685, 'section': 22443, 'departure_time': 1536888300, 'arrival_time': 1536889980}
2672	{'task_type': 'regular', 'locomotive': 22639, 'train_section': 24053, 'section': 22495, 'departure_time': 1536896460, 'arrival_time': 1536899460}
2673	{'task_type': 'regular', 'locomotive': 22639, 'train_section': 24056, 'section': 22309, 'departure_time': 1536900960, 'arrival_time': 1536906480}
2674	{'task_type': 'regular', 'locomotive': 22639, 'train_section': 24059, 'section': 22506, 'departure_time': 1536906840, 'arrival_time': 1536907620}
2675	{'task_type': 'deadhead', 'locomotive': 22639, 'first_train_section': 24059, 'first_section': 22506, 'first_departure_time': 1536906840, 'first_arrival_time': 1536907620, 'second_train_section': 27161, 'second_section': 22507, 'second_departure_time': 1536914760, 'second_arrival_time': 1536918360}
2676	{'task_type': 'regular', 'locomotive': 22639, 'train_section': 27161, 'section': 22507, 'departure_time': 1536914760, 'arrival_time': 1536918360}
2677	{'task_type': 'deadhead', 'locomotive': 22639, 'first_train_section': 27161, 'first_section': 22507, 'first_departure_time': 1536914760, 'first_arrival_time': 1536918360, 'second_train_section': 26743, 'second_section': 22505, 'second_departure_time': 1536927540, 'second_arrival_time': 1536933420}
2678	{'task_type': 'regular', 'locomotive': 22639, 'train_section': 26743, 'section': 22505, 'departure_time': 1536927540, 'arrival_time': 1536933420}
2679	{'task_type': 'deadhead', 'locomotive': 22639, 'first_train_section': 26743, 'first_section': 22505, 'first_departure_time': 1536927540, 'first_arrival_time': 1536933420, 'second_train_section': 28703, 'second_section': 22442, 'second_departure_time': 1536940560, 'second_arrival_time': 1536943320}
2680	{'task_type': 'regular', 'locomotive': 22639, 'train_section': 28703, 'section': 22442, 'departure_time': 1536940560, 'arrival_time': 1536943320}
2681	{'task_type': 'regular', 'locomotive': 22639, 'train_section': 28705, 'section': 22433, 'departure_time': 1536944160, 'arrival_time': 1536944640}
2682	{'task_type': 'regular', 'locomotive': 22639, 'train_section': 28707, 'section': 22432, 'departure_time': 1536946080, 'arrival_time': 1536947700}
2683	{'task_type': 'deadhead', 'locomotive': 22639, 'first_train_section': 28707, 'first_section': 22432, 'first_departure_time': 1536946080, 'first_arrival_time': 1536947700, 'second_train_section': 26893, 'second_section': 22385, 'second_departure_time': 1536950820, 'second_arrival_time': 1536951600}
2684	{'task_type': 'regular', 'locomotive': 22639, 'train_section': 26893, 'section': 22385, 'departure_time': 1536950820, 'arrival_time': 1536951600}
2685	{'task_type': 'deadhead', 'locomotive': 22639, 'first_train_section': 25543, 'first_section': 22377, 'first_departure_time': 1536962400, 'first_arrival_time': 1536987900, 'second_train_section': 27518, 'second_section': 22496, 'second_departure_time': 1536997260, 'second_arrival_time': 1537002060}
2686	{'task_type': 'regular', 'locomotive': 22639, 'train_section': 27518, 'section': 22496, 'departure_time': 1536997260, 'arrival_time': 1537002060}
2687	{'task_type': 'deadhead', 'locomotive': 22639, 'first_train_section': 27518, 'first_section': 22496, 'first_departure_time': 1536997260, 'first_arrival_time': 1537002060, 'second_train_section': 22707, 'second_section': 22416, 'second_departure_time': 1537005240, 'second_arrival_time': 1537008900}
2688	{'task_type': 'regular', 'locomotive': 22639, 'train_section': 22707, 'section': 22416, 'departure_time': 1537005240, 'arrival_time': 1537008900}
2689	{'task_type': 'deadhead', 'locomotive': 22639, 'first_train_section': 22707, 'first_section': 22416, 'first_departure_time': 1537005240, 'first_arrival_time': 1537008900, 'second_train_section': 24376, 'second_section': 22288, 'second_departure_time': 1537016340, 'second_arrival_time': 1537025100}
2690	{'task_type': 'regular', 'locomotive': 22639, 'train_section': 24376, 'section': 22288, 'departure_time': 1537016340, 'arrival_time': 1537025100}
2691	{'task_type': 'deadhead', 'locomotive': 22639, 'first_train_section': 24376, 'first_section': 22288, 'first_departure_time': 1537016340, 'first_arrival_time': 1537025100, 'second_train_section': 25445, 'second_section': 22334, 'second_departure_time': 1537042620, 'second_arrival_time': 1537045800}
2692	{'task_type': 'regular', 'locomotive': 22639, 'train_section': 25445, 'section': 22334, 'departure_time': 1537042620, 'arrival_time': 1537045800}
2693	{'task_type': 'deadhead', 'locomotive': 22639, 'first_train_section': 25445, 'first_section': 22334, 'first_departure_time': 1537042620, 'first_arrival_time': 1537045800, 'second_train_section': 28658, 'second_section': 22490, 'second_departure_time': 1537069140, 'second_arrival_time': 1537073340}
2694	{'task_type': 'regular', 'locomotive': 22639, 'train_section': 28658, 'section': 22490, 'departure_time': 1537069140, 'arrival_time': 1537073340}
2695	{'task_type': 'deadhead', 'locomotive': 22639, 'first_train_section': 28658, 'first_section': 22490, 'first_departure_time': 1537069140, 'first_arrival_time': 1537073340, 'second_train_section': 23233, 'second_section': 22360, 'second_departure_time': 1537087680, 'second_arrival_time': 1537099320}
2696	{'task_type': 'regular', 'locomotive': 22639, 'train_section': 23233, 'section': 22360, 'departure_time': 1537087680, 'arrival_time': 1537099320}
2697	{'task_type': 'regular', 'locomotive': 22639, 'train_section': 26399, 'section': 22458, 'departure_time': 1537106280, 'arrival_time': 1537115580}
2698	{'task_type': 'regular', 'locomotive': 22639, 'train_section': 26401, 'section': 22500, 'departure_time': 1537115940, 'arrival_time': 1537117680}
2699	{'task_type': 'deadhead', 'locomotive': 22639, 'first_train_section': 26401, 'first_section': 22500, 'first_departure_time': 1537115940, 'first_arrival_time': 1537117680, 'second_train_section': 26951, 'second_section': 22429, 'second_departure_time': 1537131240, 'second_arrival_time': 1537133880}
2700	{'task_type': 'regular', 'locomotive': 22639, 'train_section': 26951, 'section': 22429, 'departure_time': 1537131240, 'arrival_time': 1537133880}
2701	{'task_type': 'regular', 'locomotive': 22640, 'train_section': 26902, 'section': 22361, 'departure_time': 1536639840, 'arrival_time': 1536642840}
2702	{'task_type': 'deadhead', 'locomotive': 22640, 'first_train_section': 26902, 'first_section': 22361, 'first_departure_time': 1536639840, 'first_arrival_time': 1536642840, 'second_train_section': 28550, 'second_section': 22508, 'second_departure_time': 1536643980, 'second_arrival_time': 1536646920}
2703	{'task_type': 'regular', 'locomotive': 22640, 'train_section': 28550, 'section': 22508, 'departure_time': 1536643980, 'arrival_time': 1536646920}
2704	{'task_type': 'regular', 'locomotive': 22640, 'train_section': 28553, 'section': 22481, 'departure_time': 1536650160, 'arrival_time': 1536655080}
2705	{'task_type': 'deadhead', 'locomotive': 22640, 'first_train_section': 28553, 'first_section': 22481, 'first_departure_time': 1536650160, 'first_arrival_time': 1536655080, 'second_train_section': 27240, 'second_section': 22304, 'second_departure_time': 1536663720, 'second_arrival_time': 1536668880}
2706	{'task_type': 'regular', 'locomotive': 22640, 'train_section': 27240, 'section': 22304, 'departure_time': 1536663720, 'arrival_time': 1536668880}
2707	{'task_type': 'deadhead', 'locomotive': 22640, 'first_train_section': 27240, 'first_section': 22304, 'first_departure_time': 1536663720, 'first_arrival_time': 1536668880, 'second_train_section': 23502, 'second_section': 22262, 'second_departure_time': 1536671280, 'second_arrival_time': 1536671580}
2708	{'task_type': 'regular', 'locomotive': 22640, 'train_section': 23502, 'section': 22262, 'departure_time': 1536671280, 'arrival_time': 1536671580}
2709	{'task_type': 'regular', 'locomotive': 22640, 'train_section': 23504, 'section': 22263, 'departure_time': 1536673080, 'arrival_time': 1536674880}
2710	{'task_type': 'deadhead', 'locomotive': 22640, 'first_train_section': 23504, 'first_section': 22263, 'first_departure_time': 1536673080, 'first_arrival_time': 1536674880, 'second_train_section': 23245, 'second_section': 22480, 'second_departure_time': 1536681300, 'second_arrival_time': 1536683460}
2711	{'task_type': 'regular', 'locomotive': 22640, 'train_section': 23245, 'section': 22480, 'departure_time': 1536681300, 'arrival_time': 1536683460}
2712	{'task_type': 'regular', 'locomotive': 22640, 'train_section': 23247, 'section': 22308, 'departure_time': 1536684480, 'arrival_time': 1536687420}
2713	{'task_type': 'regular', 'locomotive': 22640, 'train_section': 23249, 'section': 22496, 'departure_time': 1536688140, 'arrival_time': 1536692760}
2714	{'task_type': 'deadhead', 'locomotive': 22640, 'first_train_section': 23249, 'first_section': 22496, 'first_departure_time': 1536688140, 'first_arrival_time': 1536692760, 'second_train_section': 24710, 'second_section': 22416, 'second_departure_time': 1536697680, 'second_arrival_time': 1536702900}
2715	{'task_type': 'regular', 'locomotive': 22640, 'train_section': 24710, 'section': 22416, 'departure_time': 1536697680, 'arrival_time': 1536702900}
2716	{'task_type': 'regular', 'locomotive': 22640, 'train_section': 24739, 'section': 22378, 'departure_time': 1536719700, 'arrival_time': 1536723360}
2717	{'task_type': 'deadhead', 'locomotive': 22640, 'first_train_section': 24739, 'first_section': 22378, 'first_departure_time': 1536719700, 'first_arrival_time': 1536723360, 'second_train_section': 27406, 'second_section': 22378, 'second_departure_time': 1536730500, 'second_arrival_time': 1536734160}
2718	{'task_type': 'regular', 'locomotive': 22640, 'train_section': 27406, 'section': 22378, 'departure_time': 1536730500, 'arrival_time': 1536734160}
2719	{'task_type': 'deadhead', 'locomotive': 22640, 'first_train_section': 23018, 'first_section': 22417, 'first_departure_time': 1536739560, 'first_arrival_time': 1536751440, 'second_train_section': 27795, 'second_section': 22338, 'second_departure_time': 1536762240, 'second_arrival_time': 1536774360}
2720	{'task_type': 'regular', 'locomotive': 22640, 'train_section': 27795, 'section': 22338, 'departure_time': 1536762240, 'arrival_time': 1536774360}
2721	{'task_type': 'deadhead', 'locomotive': 22640, 'first_train_section': 27795, 'first_section': 22338, 'first_departure_time': 1536762240, 'first_arrival_time': 1536774360, 'second_train_section': 27626, 'second_section': 22427, 'second_departure_time': 1536777900, 'second_arrival_time': 1536781140}
2722	{'task_type': 'regular', 'locomotive': 22640, 'train_section': 27626, 'section': 22427, 'departure_time': 1536777900, 'arrival_time': 1536781140}
2723	{'task_type': 'deadhead', 'locomotive': 22640, 'first_train_section': 27626, 'first_section': 22427, 'first_departure_time': 1536777900, 'first_arrival_time': 1536781140, 'second_train_section': 27266, 'second_section': 22495, 'second_departure_time': 1536787380, 'second_arrival_time': 1536790320}
2724	{'task_type': 'regular', 'locomotive': 22640, 'train_section': 27266, 'section': 22495, 'departure_time': 1536787380, 'arrival_time': 1536790320}
2725	{'task_type': 'deadhead', 'locomotive': 22640, 'first_train_section': 27266, 'first_section': 22495, 'first_departure_time': 1536787380, 'first_arrival_time': 1536790320, 'second_train_section': 26379, 'second_section': 22427, 'second_departure_time': 1536798000, 'second_arrival_time': 1536800940}
2726	{'task_type': 'regular', 'locomotive': 22640, 'train_section': 26379, 'section': 22427, 'departure_time': 1536798000, 'arrival_time': 1536800940}
2727	{'task_type': 'deadhead', 'locomotive': 22640, 'first_train_section': 26379, 'first_section': 22427, 'first_departure_time': 1536798000, 'first_arrival_time': 1536800940, 'second_train_section': 25540, 'second_section': 22496, 'second_departure_time': 1536805860, 'second_arrival_time': 1536812220}
2728	{'task_type': 'regular', 'locomotive': 22640, 'train_section': 25540, 'section': 22496, 'departure_time': 1536805860, 'arrival_time': 1536812220}
2729	{'task_type': 'deadhead', 'locomotive': 22640, 'first_train_section': 25540, 'first_section': 22496, 'first_departure_time': 1536805860, 'first_arrival_time': 1536812220, 'second_train_section': 27869, 'second_section': 22378, 'second_departure_time': 1536816900, 'second_arrival_time': 1536820560}
2730	{'task_type': 'regular', 'locomotive': 22640, 'train_section': 27869, 'section': 22378, 'departure_time': 1536816900, 'arrival_time': 1536820560}
2731	{'task_type': 'deadhead', 'locomotive': 22640, 'first_train_section': 27869, 'first_section': 22378, 'first_departure_time': 1536816900, 'first_arrival_time': 1536820560, 'second_train_section': 23162, 'second_section': 22441, 'second_departure_time': 1536832440, 'second_arrival_time': 1536836400}
2732	{'task_type': 'regular', 'locomotive': 22640, 'train_section': 23162, 'section': 22441, 'departure_time': 1536832440, 'arrival_time': 1536836400}
2733	{'task_type': 'deadhead', 'locomotive': 22640, 'first_train_section': 23162, 'first_section': 22441, 'first_departure_time': 1536832440, 'first_arrival_time': 1536836400, 'second_train_section': 27559, 'second_section': 22416, 'second_departure_time': 1536837840, 'second_arrival_time': 1536841500}
2734	{'task_type': 'regular', 'locomotive': 22640, 'train_section': 27559, 'section': 22416, 'departure_time': 1536837840, 'arrival_time': 1536841500}
2735	{'task_type': 'deadhead', 'locomotive': 22640, 'first_train_section': 27559, 'first_section': 22416, 'first_departure_time': 1536837840, 'first_arrival_time': 1536841500, 'second_train_section': 23130, 'second_section': 22416, 'second_departure_time': 1536846840, 'second_arrival_time': 1536850500}
2736	{'task_type': 'regular', 'locomotive': 22640, 'train_section': 23130, 'section': 22416, 'departure_time': 1536846840, 'arrival_time': 1536850500}
2737	{'task_type': 'deadhead', 'locomotive': 22640, 'first_train_section': 23130, 'first_section': 22416, 'first_departure_time': 1536846840, 'first_arrival_time': 1536850500, 'second_train_section': 27819, 'second_section': 22416, 'second_departure_time': 1536855840, 'second_arrival_time': 1536859500}
2738	{'task_type': 'regular', 'locomotive': 22640, 'train_section': 27819, 'section': 22416, 'departure_time': 1536855840, 'arrival_time': 1536859500}
2739	{'task_type': 'regular', 'locomotive': 22640, 'train_section': 25990, 'section': 22378, 'departure_time': 1536860100, 'arrival_time': 1536863760}
2740	{'task_type': 'deadhead', 'locomotive': 22640, 'first_train_section': 26085, 'first_section': 22417, 'first_departure_time': 1536863760, 'first_arrival_time': 1536875940, 'second_train_section': 28590, 'second_section': 22308, 'second_departure_time': 1536885960, 'second_arrival_time': 1536888720}
2741	{'task_type': 'regular', 'locomotive': 22640, 'train_section': 28590, 'section': 22308, 'departure_time': 1536885960, 'arrival_time': 1536888720}
2742	{'task_type': 'regular', 'locomotive': 22640, 'train_section': 25525, 'section': 22496, 'departure_time': 1536890400, 'arrival_time': 1536895200}
2743	{'task_type': 'deadhead', 'locomotive': 22640, 'first_train_section': 25525, 'first_section': 22496, 'first_departure_time': 1536890400, 'first_arrival_time': 1536895200, 'second_train_section': 24510, 'second_section': 22416, 'second_departure_time': 1536897240, 'second_arrival_time': 1536900900}
2744	{'task_type': 'regular', 'locomotive': 22640, 'train_section': 24510, 'section': 22416, 'departure_time': 1536897240, 'arrival_time': 1536900900}
2745	{'task_type': 'regular', 'locomotive': 22640, 'train_section': 25648, 'section': 22378, 'departure_time': 1536901500, 'arrival_time': 1536905160}
2746	{'task_type': 'deadhead', 'locomotive': 22640, 'first_train_section': 24163, 'first_section': 22417, 'first_departure_time': 1536905160, 'first_arrival_time': 1536917040, 'second_train_section': 23706, 'second_section': 22378, 'second_departure_time': 1536921300, 'second_arrival_time': 1536924960}
2747	{'task_type': 'regular', 'locomotive': 22640, 'train_section': 23706, 'section': 22378, 'departure_time': 1536921300, 'arrival_time': 1536924960}
2748	{'task_type': 'deadhead', 'locomotive': 22640, 'first_train_section': 23706, 'first_section': 22378, 'first_departure_time': 1536921300, 'first_arrival_time': 1536924960, 'second_train_section': 23485, 'second_section': 22376, 'second_departure_time': 1536933000, 'second_arrival_time': 1536938280}
2749	{'task_type': 'regular', 'locomotive': 22640, 'train_section': 23485, 'section': 22376, 'departure_time': 1536933000, 'arrival_time': 1536938280}
2750	{'task_type': 'deadhead', 'locomotive': 22640, 'first_train_section': 23485, 'first_section': 22376, 'first_departure_time': 1536933000, 'first_arrival_time': 1536938280, 'second_train_section': 24716, 'second_section': 22427, 'second_departure_time': 1536940800, 'second_arrival_time': 1536943680}
2751	{'task_type': 'regular', 'locomotive': 22640, 'train_section': 24716, 'section': 22427, 'departure_time': 1536940800, 'arrival_time': 1536943680}
2752	{'task_type': 'regular', 'locomotive': 22640, 'train_section': 24718, 'section': 22443, 'departure_time': 1536944400, 'arrival_time': 1536946200}
2753	{'task_type': 'deadhead', 'locomotive': 22640, 'first_train_section': 24718, 'first_section': 22443, 'first_departure_time': 1536944400, 'first_arrival_time': 1536946200, 'second_train_section': 24722, 'second_section': 22304, 'second_departure_time': 1536951540, 'second_arrival_time': 1536955980}
2754	{'task_type': 'regular', 'locomotive': 22640, 'train_section': 24722, 'section': 22304, 'departure_time': 1536951540, 'arrival_time': 1536955980}
2755	{'task_type': 'deadhead', 'locomotive': 22640, 'first_train_section': 24722, 'first_section': 22304, 'first_departure_time': 1536951540, 'first_arrival_time': 1536955980, 'second_train_section': 23208, 'second_section': 22266, 'second_departure_time': 1536960300, 'second_arrival_time': 1536966840}
2756	{'task_type': 'regular', 'locomotive': 22640, 'train_section': 23208, 'section': 22266, 'departure_time': 1536960300, 'arrival_time': 1536966840}
2757	{'task_type': 'deadhead', 'locomotive': 22640, 'first_train_section': 23208, 'first_section': 22266, 'first_departure_time': 1536960300, 'first_arrival_time': 1536966840, 'second_train_section': 28231, 'second_section': 22308, 'second_departure_time': 1536979380, 'second_arrival_time': 1536982140}
2758	{'task_type': 'regular', 'locomotive': 22640, 'train_section': 28231, 'section': 22308, 'departure_time': 1536979380, 'arrival_time': 1536982140}
2759	{'task_type': 'deadhead', 'locomotive': 22640, 'first_train_section': 28231, 'first_section': 22308, 'first_departure_time': 1536979380, 'first_arrival_time': 1536982140, 'second_train_section': 25676, 'second_section': 22309, 'second_departure_time': 1536987360, 'second_arrival_time': 1536992880}
2760	{'task_type': 'regular', 'locomotive': 22640, 'train_section': 25676, 'section': 22309, 'departure_time': 1536987360, 'arrival_time': 1536992880}
2761	{'task_type': 'deadhead', 'locomotive': 22640, 'first_train_section': 25676, 'first_section': 22309, 'first_departure_time': 1536987360, 'first_arrival_time': 1536992880, 'second_train_section': 29019, 'second_section': 22499, 'second_departure_time': 1536997500, 'second_arrival_time': 1537002660}
2762	{'task_type': 'regular', 'locomotive': 22640, 'train_section': 29019, 'section': 22499, 'departure_time': 1536997500, 'arrival_time': 1537002660}
2763	{'task_type': 'deadhead', 'locomotive': 22640, 'first_train_section': 29019, 'first_section': 22499, 'first_departure_time': 1536997500, 'first_arrival_time': 1537002660, 'second_train_section': 27671, 'second_section': 22313, 'second_departure_time': 1537015680, 'second_arrival_time': 1537020600}
2764	{'task_type': 'regular', 'locomotive': 22640, 'train_section': 27671, 'section': 22313, 'departure_time': 1537015680, 'arrival_time': 1537020600}
2765	{'task_type': 'deadhead', 'locomotive': 22640, 'first_train_section': 27671, 'first_section': 22313, 'first_departure_time': 1537015680, 'first_arrival_time': 1537020600, 'second_train_section': 23977, 'second_section': 22416, 'second_departure_time': 1537037640, 'second_arrival_time': 1537041300}
2766	{'task_type': 'regular', 'locomotive': 22640, 'train_section': 23977, 'section': 22416, 'departure_time': 1537037640, 'arrival_time': 1537041300}
2767	{'task_type': 'deadhead', 'locomotive': 22640, 'first_train_section': 23977, 'first_section': 22416, 'first_departure_time': 1537037640, 'first_arrival_time': 1537041300, 'second_train_section': 23009, 'second_section': 22313, 'second_departure_time': 1537105020, 'second_arrival_time': 1537110480}
2768	{'task_type': 'regular', 'locomotive': 22640, 'train_section': 23009, 'section': 22313, 'departure_time': 1537105020, 'arrival_time': 1537110480}
